text_id,language,source,task,model,n_words,true,pred,error,confidence,risk_probability
sentiment-te-00001,en-Latn,tweets-english,sentiment,transformer,18,negative,negative,False,0.7349461,
sentiment-te-00002,en-Latn,tweets-english,sentiment,transformer,16,neutral,negative,True,0.64700145,
sentiment-te-00003,en-Latn,tweets-english,sentiment,transformer,13,positive,positive,False,0.70963895,
sentiment-te-00004,en-Latn,tweets-english,sentiment,transformer,20,negative,negative,False,0.8188898,
sentiment-te-00005,en-Latn,tweets-english,sentiment,transformer,8,neutral,positive,True,0.6608919,
sentiment-te-00006,en-Latn,tweets-english,sentiment,transformer,24,positive,positive,False,0.41910517,
sentiment-te-00007,en-Latn,tweets-english,sentiment,transformer,20,negative,negative,False,0.7965856,
sentiment-te-00008,en-Latn,tweets-english,sentiment,transformer,11,neutral,negative,True,0.468941,
sentiment-te-00009,en-Latn,tweets-english,sentiment,transformer,19,positive,neutral,True,0.56729716,
sentiment-te-00010,en-Latn,tweets-english,sentiment,transformer,17,negative,negative,False,0.78800887,
sentiment-te-00011,en-Latn,tweets-english,sentiment,transformer,12,neutral,neutral,False,0.58035403,
sentiment-te-00012,en-Latn,tweets-english,sentiment,transformer,25,positive,positive,False,0.722941,
sentiment-te-00013,en-Latn,tweets-english,sentiment,transformer,13,negative,negative,False,0.6130385,
sentiment-te-00014,en-Latn,tweets-english,sentiment,transformer,18,neutral,neutral,False,0.6320085,
sentiment-te-00015,en-Latn,tweets-english,sentiment,transformer,8,positive,positive,False,0.7367278,
sentiment-te-00016,en-Latn,tweets-english,sentiment,transformer,10,negative,negative,False,0.73217267,
sentiment-te-00017,en-Latn,tweets-english,sentiment,transformer,11,neutral,neutral,False,0.40936238,
sentiment-te-00018,en-Latn,tweets-english,sentiment,transformer,15,positive,positive,False,0.4510961,
sentiment-te-00019,en-Latn,tweets-english,sentiment,transformer,12,negative,negative,False,0.7990362,
sentiment-te-00020,en-Latn,tweets-english,sentiment,transformer,14,neutral,positive,True,0.5329458,
sentiment-te-00021,en-Latn,tweets-english,sentiment,transformer,16,positive,positive,False,0.73115087,
sentiment-te-00022,en-Latn,tweets-english,sentiment,transformer,20,negative,negative,False,0.7309976,
sentiment-te-00023,en-Latn,tweets-english,sentiment,transformer,21,neutral,negative,True,0.48102817,
sentiment-te-00024,en-Latn,tweets-english,sentiment,transformer,12,positive,positive,False,0.7094816,
sentiment-te-00025,en-Latn,tweets-english,sentiment,transformer,16,negative,negative,False,0.7921665,
sentiment-te-00026,en-Latn,tweets-english,sentiment,transformer,8,neutral,neutral,False,0.5257346,
sentiment-te-00027,en-Latn,tweets-english,sentiment,transformer,11,positive,positive,False,0.5140017,
sentiment-te-00028,en-Latn,tweets-english,sentiment,transformer,12,negative,negative,False,0.7694129,
sentiment-te-00029,en-Latn,tweets-english,sentiment,transformer,13,neutral,positive,True,0.5846139,
sentiment-te-00030,en-Latn,tweets-english,sentiment,transformer,13,positive,positive,False,0.71085805,
sentiment-te-00031,en-Latn,tweets-english,sentiment,transformer,14,negative,negative,False,0.8034107,
sentiment-te-00032,en-Latn,tweets-english,sentiment,transformer,6,neutral,negative,True,0.6009293,
sentiment-te-00033,en-Latn,tweets-english,sentiment,transformer,26,positive,negative,True,0.71935,
sentiment-te-00034,en-Latn,tweets-english,sentiment,transformer,21,negative,negative,False,0.8203817,
sentiment-te-00035,en-Latn,tweets-english,sentiment,transformer,9,neutral,neutral,False,0.58391994,
sentiment-te-00036,en-Latn,tweets-english,sentiment,transformer,8,positive,neutral,True,0.4982547,
sentiment-te-00037,en-Latn,tweets-english,sentiment,transformer,5,negative,negative,False,0.6316814,
sentiment-te-00038,en-Latn,tweets-english,sentiment,transformer,9,neutral,neutral,False,0.53797764,
sentiment-te-00039,en-Latn,tweets-english,sentiment,transformer,25,positive,positive,False,0.44765964,
sentiment-te-00040,en-Latn,tweets-english,sentiment,transformer,16,negative,negative,False,0.7972619,
sentiment-te-00041,en-Latn,tweets-english,sentiment,transformer,21,neutral,neutral,False,0.4736199,
sentiment-te-00042,en-Latn,tweets-english,sentiment,transformer,11,positive,positive,False,0.72688276,
sentiment-te-00043,en-Latn,tweets-english,sentiment,transformer,13,negative,negative,False,0.62924504,
sentiment-te-00044,en-Latn,tweets-english,sentiment,transformer,12,neutral,negative,True,0.8064133,
sentiment-te-00045,en-Latn,tweets-english,sentiment,transformer,19,positive,positive,False,0.698978,
sentiment-te-00046,en-Latn,tweets-english,sentiment,transformer,23,negative,negative,False,0.7526624,
sentiment-te-00047,en-Latn,tweets-english,sentiment,transformer,9,neutral,negative,True,0.78854144,
sentiment-te-00048,en-Latn,tweets-english,sentiment,transformer,3,positive,positive,False,0.4952192,
sentiment-te-00049,en-Latn,tweets-english,sentiment,transformer,16,negative,negative,False,0.75269586,
sentiment-te-00050,en-Latn,tweets-english,sentiment,transformer,18,neutral,positive,True,0.56251544,
sentiment-te-00051,en-Latn,tweets-english,sentiment,transformer,20,positive,positive,False,0.69742024,
sentiment-te-00052,en-Latn,tweets-english,sentiment,transformer,11,negative,negative,False,0.7481416,
sentiment-te-00053,en-Latn,tweets-english,sentiment,transformer,16,neutral,neutral,False,0.4077115,
sentiment-te-00054,en-Latn,tweets-english,sentiment,transformer,11,positive,positive,False,0.6938794,
sentiment-te-00055,en-Latn,tweets-english,sentiment,transformer,20,negative,negative,False,0.74761754,
sentiment-te-00056,en-Latn,tweets-english,sentiment,transformer,7,neutral,neutral,False,0.39987636,
sentiment-te-00057,en-Latn,tweets-english,sentiment,transformer,7,positive,positive,False,0.67684966,
sentiment-te-00058,en-Latn,tweets-english,sentiment,transformer,20,negative,negative,False,0.8121382,
sentiment-te-00059,en-Latn,tweets-english,sentiment,transformer,11,neutral,positive,True,0.60080004,
sentiment-te-00060,en-Latn,tweets-english,sentiment,transformer,22,positive,neutral,True,0.58417547,
sentiment-te-00061,en-Latn,tweets-english,sentiment,transformer,24,negative,negative,False,0.76900256,
sentiment-te-00062,en-Latn,tweets-english,sentiment,transformer,14,neutral,neutral,False,0.52986246,
sentiment-te-00063,en-Latn,tweets-english,sentiment,transformer,13,positive,positive,False,0.698594,
sentiment-te-00064,en-Latn,tweets-english,sentiment,transformer,20,negative,neutral,True,0.5145864,
sentiment-te-00065,en-Latn,tweets-english,sentiment,transformer,13,neutral,positive,True,0.690482,
sentiment-te-00066,en-Latn,tweets-english,sentiment,transformer,8,positive,positive,False,0.6537192,
sentiment-te-00067,en-Latn,tweets-english,sentiment,transformer,22,negative,negative,False,0.5703845,
sentiment-te-00068,en-Latn,tweets-english,sentiment,transformer,15,neutral,neutral,False,0.4040135,
sentiment-te-00069,en-Latn,tweets-english,sentiment,transformer,11,positive,neutral,True,0.5176926,
sentiment-te-00070,en-Latn,tweets-english,sentiment,transformer,16,negative,negative,False,0.69119084,
sentiment-te-00071,en-Latn,tweets-english,sentiment,transformer,9,neutral,neutral,False,0.5417379,
sentiment-te-00072,en-Latn,tweets-english,sentiment,transformer,5,positive,positive,False,0.728633,
sentiment-te-00073,en-Latn,tweets-english,sentiment,transformer,17,negative,negative,False,0.42217228,
sentiment-te-00074,en-Latn,tweets-english,sentiment,transformer,20,neutral,negative,True,0.6760462,
sentiment-te-00075,en-Latn,tweets-english,sentiment,transformer,23,positive,positive,False,0.7225332,
sentiment-te-00076,en-Latn,tweets-english,sentiment,transformer,24,negative,negative,False,0.49476063,
sentiment-te-00077,en-Latn,tweets-english,sentiment,transformer,9,neutral,neutral,False,0.37058526,
sentiment-te-00078,en-Latn,tweets-english,sentiment,transformer,17,positive,positive,False,0.6969846,
sentiment-te-00079,en-Latn,tweets-english,sentiment,transformer,15,negative,negative,False,0.79297286,
sentiment-te-00080,en-Latn,tweets-english,sentiment,transformer,9,neutral,neutral,False,0.5637954,
sentiment-te-00081,en-Latn,tweets-english,sentiment,transformer,12,positive,positive,False,0.6249805,
sentiment-te-00082,en-Latn,tweets-english,sentiment,transformer,13,negative,negative,False,0.5630118,
sentiment-te-00083,en-Latn,tweets-english,sentiment,transformer,20,neutral,negative,True,0.69134086,
sentiment-te-00084,en-Latn,tweets-english,sentiment,transformer,20,positive,positive,False,0.5429994,
sentiment-te-00085,en-Latn,tweets-english,sentiment,transformer,19,negative,negative,False,0.79513055,
sentiment-te-00086,en-Latn,tweets-english,sentiment,transformer,7,neutral,neutral,False,0.529649,
sentiment-te-00087,en-Latn,tweets-english,sentiment,transformer,12,positive,positive,False,0.70655394,
sentiment-te-00088,en-Latn,tweets-english,sentiment,transformer,17,negative,negative,False,0.67267936,
sentiment-te-00089,en-Latn,tweets-english,sentiment,transformer,16,neutral,positive,True,0.61772966,
sentiment-te-00090,en-Latn,tweets-english,sentiment,transformer,13,positive,positive,False,0.595368,
sentiment-te-00091,en-Latn,tweets-english,sentiment,transformer,21,negative,negative,False,0.7777507,
sentiment-te-00092,en-Latn,tweets-english,sentiment,transformer,21,neutral,negative,True,0.72786415,
sentiment-te-00093,en-Latn,tweets-english,sentiment,transformer,9,positive,positive,False,0.6744574,
sentiment-te-00094,en-Latn,tweets-english,sentiment,transformer,18,negative,negative,False,0.68668514,
sentiment-te-00095,en-Latn,tweets-english,sentiment,transformer,18,neutral,positive,True,0.5257199,
sentiment-te-00096,en-Latn,tweets-english,sentiment,transformer,6,positive,positive,False,0.6792594,
sentiment-te-00097,en-Latn,tweets-english,sentiment,transformer,19,negative,negative,False,0.776218,
sentiment-te-00098,en-Latn,tweets-english,sentiment,transformer,23,neutral,negative,True,0.7832091,
sentiment-te-00099,en-Latn,tweets-english,sentiment,transformer,22,positive,positive,False,0.6236003,
sentiment-te-00100,en-Latn,tweets-english,sentiment,transformer,21,negative,negative,False,0.76545733,
sentiment-te-00101,en-Latn,tweets-english,sentiment,transformer,21,neutral,neutral,False,0.4729707,
sentiment-te-00102,en-Latn,tweets-english,sentiment,transformer,5,positive,positive,False,0.61368525,
sentiment-te-00103,en-Latn,tweets-english,sentiment,transformer,12,negative,negative,False,0.48367032,
sentiment-te-00104,en-Latn,tweets-english,sentiment,transformer,18,neutral,negative,True,0.63781714,
sentiment-te-00105,en-Latn,tweets-english,sentiment,transformer,12,positive,positive,False,0.4736873,
sentiment-te-00106,en-Latn,tweets-english,sentiment,transformer,27,negative,negative,False,0.7212146,
sentiment-te-00107,en-Latn,tweets-english,sentiment,transformer,12,neutral,neutral,False,0.5974294,
sentiment-te-00108,en-Latn,tweets-english,sentiment,transformer,12,positive,positive,False,0.50668967,
sentiment-te-00109,en-Latn,tweets-english,sentiment,transformer,26,negative,negative,False,0.80276287,
sentiment-te-00110,en-Latn,tweets-english,sentiment,transformer,19,neutral,negative,True,0.629841,
sentiment-te-00111,en-Latn,tweets-english,sentiment,transformer,25,positive,positive,False,0.6633246,
sentiment-te-00112,en-Latn,tweets-english,sentiment,transformer,22,negative,negative,False,0.45192638,
sentiment-te-00113,en-Latn,tweets-english,sentiment,transformer,18,neutral,neutral,False,0.40468067,
sentiment-te-00114,en-Latn,tweets-english,sentiment,transformer,22,positive,positive,False,0.732977,
sentiment-te-00115,en-Latn,tweets-english,sentiment,transformer,22,negative,negative,False,0.61189884,
sentiment-te-00116,en-Latn,tweets-english,sentiment,transformer,18,neutral,positive,True,0.60529685,
sentiment-te-00117,en-Latn,tweets-english,sentiment,transformer,12,positive,negative,True,0.62889254,
sentiment-te-00118,en-Latn,tweets-english,sentiment,transformer,32,negative,neutral,True,0.48903042,
sentiment-te-00119,en-Latn,tweets-english,sentiment,transformer,8,neutral,neutral,False,0.53521365,
sentiment-te-00120,en-Latn,tweets-english,sentiment,transformer,24,positive,neutral,True,0.4414256,
sentiment-te-00121,en-Latn,tweets-english,sentiment,transformer,20,negative,negative,False,0.51091087,
sentiment-te-00122,en-Latn,tweets-english,sentiment,transformer,17,neutral,neutral,False,0.52701646,
sentiment-te-00123,en-Latn,tweets-english,sentiment,transformer,16,positive,neutral,True,0.4878772,
sentiment-te-00124,en-Latn,tweets-english,sentiment,transformer,20,negative,negative,False,0.77008295,
sentiment-te-00125,en-Latn,tweets-english,sentiment,transformer,11,neutral,neutral,False,0.4264215,
sentiment-te-00126,en-Latn,tweets-english,sentiment,transformer,14,positive,positive,False,0.46765795,
sentiment-te-00127,en-Latn,tweets-english,sentiment,transformer,17,negative,positive,True,0.56604475,
sentiment-te-00128,en-Latn,tweets-english,sentiment,transformer,7,neutral,neutral,False,0.47694364,
sentiment-te-00129,en-Latn,tweets-english,sentiment,transformer,9,positive,positive,False,0.72488093,
sentiment-te-00130,en-Latn,tweets-english,sentiment,transformer,7,negative,negative,False,0.8002823,
sentiment-te-00131,en-Latn,tweets-english,sentiment,transformer,20,neutral,neutral,False,0.63851213,
sentiment-te-00132,en-Latn,tweets-english,sentiment,transformer,17,positive,negative,True,0.7044569,
sentiment-te-00133,en-Latn,tweets-english,sentiment,transformer,10,negative,negative,False,0.4383253,
sentiment-te-00134,en-Latn,tweets-english,sentiment,transformer,13,neutral,negative,True,0.7350411,
sentiment-te-00135,en-Latn,tweets-english,sentiment,transformer,22,positive,positive,False,0.4841239,
sentiment-te-00136,en-Latn,tweets-english,sentiment,transformer,23,negative,negative,False,0.7526562,
sentiment-te-00137,en-Latn,tweets-english,sentiment,transformer,11,neutral,neutral,False,0.5279863,
sentiment-te-00138,en-Latn,tweets-english,sentiment,transformer,18,positive,negative,True,0.52977467,
sentiment-te-00139,en-Latn,tweets-english,sentiment,transformer,10,negative,positive,True,0.5731778,
sentiment-te-00140,en-Latn,tweets-english,sentiment,transformer,13,neutral,neutral,False,0.5408545,
sentiment-te-00141,en-Latn,tweets-english,sentiment,transformer,10,positive,positive,False,0.6853955,
sentiment-te-00142,en-Latn,tweets-english,sentiment,transformer,22,negative,negative,False,0.6836502,
sentiment-te-00143,en-Latn,tweets-english,sentiment,transformer,12,neutral,negative,True,0.78653145,
sentiment-te-00144,en-Latn,tweets-english,sentiment,transformer,11,positive,positive,False,0.72029185,
sentiment-te-00145,en-Latn,tweets-english,sentiment,transformer,12,negative,negative,False,0.746438,
sentiment-te-00146,en-Latn,tweets-english,sentiment,transformer,20,neutral,neutral,False,0.5532045,
sentiment-te-00147,en-Latn,tweets-english,sentiment,transformer,10,positive,positive,False,0.5765338,
sentiment-te-00148,en-Latn,tweets-english,sentiment,transformer,8,negative,neutral,True,0.52623487,
sentiment-te-00149,en-Latn,tweets-english,sentiment,transformer,10,neutral,neutral,False,0.60321474,
sentiment-te-00150,en-Latn,tweets-english,sentiment,transformer,19,positive,neutral,True,0.6008309,
sentiment-te-00151,en-Latn,tweets-english,sentiment,transformer,13,negative,negative,False,0.51758814,
sentiment-te-00152,en-Latn,tweets-english,sentiment,transformer,18,neutral,positive,True,0.392588,
sentiment-te-00153,en-Latn,tweets-english,sentiment,transformer,25,positive,negative,True,0.36322787,
sentiment-te-00154,en-Latn,tweets-english,sentiment,transformer,12,negative,negative,False,0.4504129,
sentiment-te-00155,en-Latn,tweets-english,sentiment,transformer,8,neutral,neutral,False,0.506394,
sentiment-te-00156,en-Latn,tweets-english,sentiment,transformer,15,positive,positive,False,0.67143327,
sentiment-te-00157,en-Latn,tweets-english,sentiment,transformer,25,negative,neutral,True,0.41938645,
sentiment-te-00158,en-Latn,tweets-english,sentiment,transformer,19,neutral,neutral,False,0.5769777,
sentiment-te-00159,en-Latn,tweets-english,sentiment,transformer,8,positive,positive,False,0.7172957,
sentiment-te-00160,en-Latn,tweets-english,sentiment,transformer,16,negative,neutral,True,0.42393446,
sentiment-te-00161,en-Latn,tweets-english,sentiment,transformer,17,neutral,neutral,False,0.5898111,
sentiment-te-00162,en-Latn,tweets-english,sentiment,transformer,17,positive,neutral,True,0.41002283,
sentiment-te-00163,en-Latn,tweets-english,sentiment,transformer,25,negative,positive,True,0.6684102,
sentiment-te-00164,en-Latn,tweets-english,sentiment,transformer,8,neutral,neutral,False,0.5559976,
sentiment-te-00165,en-Latn,tweets-english,sentiment,transformer,12,positive,positive,False,0.73960346,
sentiment-te-00166,en-Latn,tweets-english,sentiment,transformer,17,negative,neutral,True,0.46115252,
sentiment-te-00167,en-Latn,tweets-english,sentiment,transformer,14,neutral,negative,True,0.8214748,
sentiment-te-00168,en-Latn,tweets-english,sentiment,transformer,14,positive,positive,False,0.61543936,
sentiment-te-00169,en-Latn,tweets-english,sentiment,transformer,20,negative,negative,False,0.8160906,
sentiment-te-00170,en-Latn,tweets-english,sentiment,transformer,8,neutral,neutral,False,0.47578186,
sentiment-te-00171,en-Latn,tweets-english,sentiment,transformer,23,positive,positive,False,0.71719784,
sentiment-te-00172,en-Latn,tweets-english,sentiment,transformer,6,negative,negative,False,0.7161429,
sentiment-te-00173,en-Latn,tweets-english,sentiment,transformer,21,neutral,positive,True,0.70810884,
sentiment-te-00174,en-Latn,tweets-english,sentiment,transformer,15,positive,negative,True,0.73994976,
sentiment-te-00175,en-Latn,tweets-english,sentiment,transformer,23,negative,negative,False,0.7829925,
sentiment-te-00176,en-Latn,tweets-english,sentiment,transformer,11,neutral,positive,True,0.48461786,
sentiment-te-00177,en-Latn,tweets-english,sentiment,transformer,10,positive,neutral,True,0.5058681,
sentiment-te-00178,en-Latn,tweets-english,sentiment,transformer,16,negative,neutral,True,0.4482995,
sentiment-te-00179,en-Latn,tweets-english,sentiment,transformer,12,neutral,positive,True,0.6396953,
sentiment-te-00180,en-Latn,tweets-english,sentiment,transformer,10,positive,positive,False,0.64880556,
sentiment-te-00181,en-Latn,tweets-english,sentiment,transformer,20,negative,negative,False,0.79643315,
sentiment-te-00182,en-Latn,tweets-english,sentiment,transformer,22,neutral,neutral,False,0.5165079,
sentiment-te-00183,en-Latn,tweets-english,sentiment,transformer,11,positive,neutral,True,0.5009179,
sentiment-te-00184,en-Latn,tweets-english,sentiment,transformer,28,negative,negative,False,0.5982229,
sentiment-te-00185,en-Latn,tweets-english,sentiment,transformer,14,neutral,neutral,False,0.43335345,
sentiment-te-00186,en-Latn,tweets-english,sentiment,transformer,9,positive,positive,False,0.46947613,
sentiment-te-00187,en-Latn,tweets-english,sentiment,transformer,18,negative,negative,False,0.7905619,
sentiment-te-00188,en-Latn,tweets-english,sentiment,transformer,4,neutral,positive,True,0.71148795,
sentiment-te-00189,en-Latn,tweets-english,sentiment,transformer,19,positive,positive,False,0.5037441,
sentiment-te-00190,en-Latn,tweets-english,sentiment,transformer,13,negative,neutral,True,0.5711193,
sentiment-te-00191,en-Latn,tweets-english,sentiment,transformer,13,neutral,negative,True,0.7608061,
sentiment-te-00192,en-Latn,tweets-english,sentiment,transformer,13,positive,positive,False,0.4540256,
sentiment-te-00193,en-Latn,tweets-english,sentiment,transformer,17,negative,negative,False,0.7163528,
sentiment-te-00194,en-Latn,tweets-english,sentiment,transformer,19,neutral,neutral,False,0.5196433,
sentiment-te-00195,en-Latn,tweets-english,sentiment,transformer,17,positive,positive,False,0.6906062,
sentiment-te-00196,en-Latn,tweets-english,sentiment,transformer,23,negative,negative,False,0.7527765,
sentiment-te-00197,en-Latn,tweets-english,sentiment,transformer,13,neutral,neutral,False,0.4753329,
sentiment-te-00198,en-Latn,tweets-english,sentiment,transformer,12,positive,positive,False,0.7081639,
sentiment-te-00199,en-Latn,tweets-english,sentiment,transformer,28,negative,negative,False,0.7628558,
sentiment-te-00200,en-Latn,tweets-english,sentiment,transformer,7,neutral,neutral,False,0.5919248,
sentiment-te-00201,en-Latn,tweets-english,sentiment,transformer,18,positive,positive,False,0.729312,
sentiment-te-00202,en-Latn,tweets-english,sentiment,transformer,18,negative,negative,False,0.69840944,
sentiment-te-00203,en-Latn,tweets-english,sentiment,transformer,27,neutral,negative,True,0.7940738,
sentiment-te-00204,en-Latn,tweets-english,sentiment,transformer,9,positive,positive,False,0.4789892,
sentiment-te-00205,en-Latn,tweets-english,sentiment,transformer,23,negative,negative,False,0.6933384,
sentiment-te-00206,en-Latn,tweets-english,sentiment,transformer,11,neutral,neutral,False,0.5356597,
sentiment-te-00207,en-Latn,tweets-english,sentiment,transformer,7,positive,positive,False,0.629864,
sentiment-te-00208,en-Latn,tweets-english,sentiment,transformer,22,negative,positive,True,0.39397568,
sentiment-te-00209,en-Latn,tweets-english,sentiment,transformer,10,neutral,neutral,False,0.3767058,
sentiment-te-00210,en-Latn,tweets-english,sentiment,transformer,11,positive,positive,False,0.7128235,
sentiment-te-00211,en-Latn,tweets-english,sentiment,transformer,24,negative,negative,False,0.53430474,
sentiment-te-00212,en-Latn,tweets-english,sentiment,transformer,25,neutral,negative,True,0.7312673,
sentiment-te-00213,en-Latn,tweets-english,sentiment,transformer,24,positive,positive,False,0.6675875,
sentiment-te-00214,en-Latn,tweets-english,sentiment,transformer,12,negative,neutral,True,0.40511513,
sentiment-te-00215,en-Latn,tweets-english,sentiment,transformer,13,neutral,neutral,False,0.5738487,
sentiment-te-00216,en-Latn,tweets-english,sentiment,transformer,7,positive,positive,False,0.683472,
sentiment-te-00217,en-Latn,tweets-english,sentiment,transformer,10,negative,negative,False,0.82781494,
sentiment-te-00218,en-Latn,tweets-english,sentiment,transformer,7,neutral,positive,True,0.595388,
sentiment-te-00219,en-Latn,tweets-english,sentiment,transformer,5,positive,neutral,True,0.41725126,
sentiment-te-00220,en-Latn,tweets-english,sentiment,transformer,10,negative,negative,False,0.72588974,
sentiment-te-00221,en-Latn,tweets-english,sentiment,transformer,12,neutral,neutral,False,0.6223687,
sentiment-te-00222,en-Latn,tweets-english,sentiment,transformer,13,positive,positive,False,0.65381885,
sentiment-te-00223,en-Latn,tweets-english,sentiment,transformer,18,negative,negative,False,0.55667365,
sentiment-te-00224,en-Latn,tweets-english,sentiment,transformer,21,neutral,positive,True,0.46341467,
sentiment-te-00225,en-Latn,tweets-english,sentiment,transformer,7,positive,positive,False,0.6717857,
sentiment-te-00226,en-Latn,tweets-english,sentiment,transformer,22,negative,neutral,True,0.43292248,
sentiment-te-00227,en-Latn,tweets-english,sentiment,transformer,21,neutral,positive,True,0.7120468,
sentiment-te-00228,en-Latn,tweets-english,sentiment,transformer,24,positive,positive,False,0.6926834,
sentiment-te-00229,en-Latn,tweets-english,sentiment,transformer,20,negative,negative,False,0.8253827,
sentiment-te-00230,en-Latn,tweets-english,sentiment,transformer,10,neutral,neutral,False,0.5893137,
sentiment-te-00231,en-Latn,tweets-english,sentiment,transformer,19,positive,positive,False,0.5057023,
sentiment-te-00232,en-Latn,tweets-english,sentiment,transformer,16,negative,negative,False,0.7927068,
sentiment-te-00233,en-Latn,tweets-english,sentiment,transformer,10,neutral,neutral,False,0.41942787,
sentiment-te-00234,en-Latn,tweets-english,sentiment,transformer,18,positive,neutral,True,0.5497132,
sentiment-te-00235,en-Latn,tweets-english,sentiment,transformer,16,negative,negative,False,0.565468,
sentiment-te-00236,en-Latn,tweets-english,sentiment,transformer,21,neutral,neutral,False,0.44694328,
sentiment-te-00237,en-Latn,tweets-english,sentiment,transformer,15,positive,positive,False,0.6739015,
sentiment-te-00238,en-Latn,tweets-english,sentiment,transformer,19,negative,negative,False,0.7933345,
sentiment-te-00239,en-Latn,tweets-english,sentiment,transformer,20,neutral,negative,True,0.33755,
sentiment-te-00240,en-Latn,tweets-english,sentiment,transformer,14,positive,positive,False,0.608871,
sentiment-te-00241,en-Latn,tweets-english,sentiment,transformer,23,negative,negative,False,0.72339135,
sentiment-te-00242,en-Latn,tweets-english,sentiment,transformer,22,neutral,neutral,False,0.5295773,
sentiment-te-00243,en-Latn,tweets-english,sentiment,transformer,16,positive,neutral,True,0.4730905,
sentiment-te-00244,en-Latn,tweets-english,sentiment,transformer,19,negative,negative,False,0.6793747,
sentiment-te-00245,en-Latn,tweets-english,sentiment,transformer,5,neutral,neutral,False,0.483438,
sentiment-te-00246,en-Latn,tweets-english,sentiment,transformer,17,positive,neutral,True,0.49844238,
sentiment-te-00247,en-Latn,tweets-english,sentiment,transformer,22,negative,negative,False,0.44522893,
sentiment-te-00248,en-Latn,tweets-english,sentiment,transformer,6,neutral,positive,True,0.7334616,
sentiment-te-00249,en-Latn,tweets-english,sentiment,transformer,10,positive,positive,False,0.44878852,
sentiment-te-00250,en-Latn,tweets-english,sentiment,transformer,18,negative,negative,False,0.7829865,
sentiment-te-00251,en-Latn,tweets-english,sentiment,transformer,18,neutral,negative,True,0.7937508,
sentiment-te-00252,en-Latn,tweets-english,sentiment,transformer,12,positive,neutral,True,0.4635279,
sentiment-te-00253,en-Latn,tweets-english,sentiment,transformer,12,negative,neutral,True,0.46069586,
sentiment-te-00254,en-Latn,tweets-english,sentiment,transformer,10,neutral,neutral,False,0.602348,
sentiment-te-00255,en-Latn,tweets-english,sentiment,transformer,21,positive,positive,False,0.6580872,
sentiment-te-00256,en-Latn,tweets-english,sentiment,transformer,22,negative,neutral,True,0.50768113,
sentiment-te-00257,en-Latn,tweets-english,sentiment,transformer,17,neutral,negative,True,0.76690066,
sentiment-te-00258,en-Latn,tweets-english,sentiment,transformer,16,positive,positive,False,0.64149284,
sentiment-te-00259,en-Latn,tweets-english,sentiment,transformer,11,negative,negative,False,0.81057155,
sentiment-te-00260,en-Latn,tweets-english,sentiment,transformer,27,neutral,neutral,False,0.6074606,
sentiment-te-00261,en-Latn,tweets-english,sentiment,transformer,10,positive,positive,False,0.7133102,
sentiment-te-00262,en-Latn,tweets-english,sentiment,transformer,13,negative,negative,False,0.7998267,
sentiment-te-00263,en-Latn,tweets-english,sentiment,transformer,12,neutral,neutral,False,0.5605553,
sentiment-te-00264,en-Latn,tweets-english,sentiment,transformer,15,positive,positive,False,0.5266075,
sentiment-te-00265,en-Latn,tweets-english,sentiment,transformer,22,negative,negative,False,0.38689837,
sentiment-te-00266,en-Latn,tweets-english,sentiment,transformer,10,neutral,negative,True,0.80690277,
sentiment-te-00267,en-Latn,tweets-english,sentiment,transformer,10,positive,positive,False,0.4436999,
sentiment-te-00268,en-Latn,tweets-english,sentiment,transformer,18,negative,negative,False,0.7730521,
sentiment-te-00269,en-Latn,tweets-english,sentiment,transformer,8,neutral,negative,True,0.5783981,
sentiment-te-00270,en-Latn,tweets-english,sentiment,transformer,22,positive,positive,False,0.74068564,
sentiment-te-00271,en-Latn,tweets-english,sentiment,transformer,14,negative,neutral,True,0.5529136,
sentiment-te-00272,en-Latn,tweets-english,sentiment,transformer,20,neutral,positive,True,0.35925654,
sentiment-te-00273,en-Latn,tweets-english,sentiment,transformer,10,positive,neutral,True,0.43233842,
sentiment-te-00274,en-Latn,tweets-english,sentiment,transformer,18,negative,negative,False,0.6542274,
sentiment-te-00275,en-Latn,tweets-english,sentiment,transformer,8,neutral,neutral,False,0.61576974,
sentiment-te-00276,en-Latn,tweets-english,sentiment,transformer,13,positive,positive,False,0.6965488,
sentiment-te-00277,en-Latn,tweets-english,sentiment,transformer,17,negative,neutral,True,0.38355905,
sentiment-te-00278,en-Latn,tweets-english,sentiment,transformer,11,neutral,neutral,False,0.41103214,
sentiment-te-00279,en-Latn,tweets-english,sentiment,transformer,9,positive,positive,False,0.6871849,
sentiment-te-00280,en-Latn,tweets-english,sentiment,transformer,10,negative,neutral,True,0.47509068,
sentiment-te-00281,en-Latn,tweets-english,sentiment,transformer,13,neutral,neutral,False,0.46492642,
sentiment-te-00282,en-Latn,tweets-english,sentiment,transformer,9,positive,positive,False,0.6169326,
sentiment-te-00283,en-Latn,tweets-english,sentiment,transformer,22,negative,negative,False,0.59138817,
sentiment-te-00284,en-Latn,tweets-english,sentiment,transformer,8,neutral,neutral,False,0.43665296,
sentiment-te-00285,en-Latn,tweets-english,sentiment,transformer,8,positive,positive,False,0.53695107,
sentiment-te-00286,en-Latn,tweets-english,sentiment,transformer,12,negative,negative,False,0.78487694,
sentiment-te-00287,en-Latn,tweets-english,sentiment,transformer,19,neutral,positive,True,0.6879919,
sentiment-te-00288,en-Latn,tweets-english,sentiment,transformer,11,positive,positive,False,0.71139467,
sentiment-te-00289,en-Latn,tweets-english,sentiment,transformer,19,negative,negative,False,0.5993095,
sentiment-te-00290,en-Latn,tweets-english,sentiment,transformer,19,neutral,neutral,False,0.64525306,
sentiment-te-00291,en-Latn,tweets-english,sentiment,transformer,24,positive,positive,False,0.45635048,
sentiment-te-00292,en-Latn,tweets-english,sentiment,transformer,24,negative,negative,False,0.6694977,
sentiment-te-00293,en-Latn,tweets-english,sentiment,transformer,14,neutral,neutral,False,0.57034975,
sentiment-te-00294,en-Latn,tweets-english,sentiment,transformer,7,positive,positive,False,0.5154698,
sentiment-te-00295,en-Latn,tweets-english,sentiment,transformer,20,negative,negative,False,0.7497986,
sentiment-te-00296,en-Latn,tweets-english,sentiment,transformer,8,neutral,positive,True,0.5316177,
sentiment-te-00297,en-Latn,tweets-english,sentiment,transformer,15,positive,positive,False,0.6852602,
sentiment-te-00298,en-Latn,tweets-english,sentiment,transformer,21,negative,negative,False,0.7845477,
sentiment-te-00299,en-Latn,tweets-english,sentiment,transformer,9,neutral,neutral,False,0.5019034,
sentiment-te-00300,en-Latn,tweets-english,sentiment,transformer,11,positive,positive,False,0.73469526,
sentiment-te-00301,en-Latn,tweets-english,sentiment,transformer,21,negative,negative,False,0.7552733,
sentiment-te-00302,en-Latn,tweets-english,sentiment,transformer,13,neutral,negative,True,0.6019543,
sentiment-te-00303,en-Latn,tweets-english,sentiment,transformer,11,positive,positive,False,0.60310143,
sentiment-te-00304,en-Latn,tweets-english,sentiment,transformer,17,negative,positive,True,0.43453726,
sentiment-te-00305,en-Latn,tweets-english,sentiment,transformer,23,neutral,negative,True,0.68429875,
sentiment-te-00306,en-Latn,tweets-english,sentiment,transformer,21,positive,positive,False,0.64443725,
sentiment-te-00307,en-Latn,tweets-english,sentiment,transformer,13,negative,neutral,True,0.4792786,
sentiment-te-00308,en-Latn,tweets-english,sentiment,transformer,17,neutral,neutral,False,0.61021477,
sentiment-te-00309,en-Latn,tweets-english,sentiment,transformer,11,positive,positive,False,0.7255364,
sentiment-te-00310,en-Latn,tweets-english,sentiment,transformer,9,negative,negative,False,0.7685366,
sentiment-te-00311,en-Latn,tweets-english,sentiment,transformer,9,neutral,neutral,False,0.3818725,
sentiment-te-00312,en-Latn,tweets-english,sentiment,transformer,7,positive,positive,False,0.50414497,
sentiment-te-00313,en-Latn,tweets-english,sentiment,transformer,22,negative,neutral,True,0.5007208,
sentiment-te-00314,en-Latn,tweets-english,sentiment,transformer,12,neutral,neutral,False,0.6066497,
sentiment-te-00315,en-Latn,tweets-english,sentiment,transformer,25,positive,positive,False,0.4348785,
sentiment-te-00316,en-Latn,tweets-english,sentiment,transformer,21,negative,negative,False,0.7859524,
sentiment-te-00317,en-Latn,tweets-english,sentiment,transformer,16,neutral,neutral,False,0.6092716,
sentiment-te-00318,en-Latn,tweets-english,sentiment,transformer,11,positive,positive,False,0.7015829,
sentiment-te-00319,en-Latn,tweets-english,sentiment,transformer,11,negative,neutral,True,0.47309166,
sentiment-te-00320,en-Latn,tweets-english,sentiment,transformer,17,neutral,neutral,False,0.5552108,
sentiment-te-00321,en-Latn,tweets-english,sentiment,transformer,14,positive,positive,False,0.74208593,
sentiment-te-00322,en-Latn,tweets-english,sentiment,transformer,21,negative,negative,False,0.69055456,
sentiment-te-00323,en-Latn,tweets-english,sentiment,transformer,22,neutral,neutral,False,0.5515802,
sentiment-te-00324,en-Latn,tweets-english,sentiment,transformer,15,positive,positive,False,0.68508273,
sentiment-te-00325,en-Latn,tweets-english,sentiment,transformer,20,negative,positive,True,0.45809135,
sentiment-te-00326,en-Latn,tweets-english,sentiment,transformer,14,neutral,neutral,False,0.48623073,
sentiment-te-00327,en-Latn,tweets-english,sentiment,transformer,20,positive,positive,False,0.5778048,
sentiment-te-00328,en-Latn,tweets-english,sentiment,transformer,15,negative,negative,False,0.6264569,
sentiment-te-00329,en-Latn,tweets-english,sentiment,transformer,26,neutral,negative,True,0.52764684,
sentiment-te-00330,en-Latn,tweets-english,sentiment,transformer,10,positive,positive,False,0.73471236,
sentiment-te-00331,en-Latn,tweets-english,sentiment,transformer,20,negative,negative,False,0.70910496,
sentiment-te-00332,en-Latn,tweets-english,sentiment,transformer,5,neutral,neutral,False,0.550167,
sentiment-te-00333,en-Latn,tweets-english,sentiment,transformer,6,positive,positive,False,0.39200085,
sentiment-te-00334,en-Latn,tweets-english,sentiment,transformer,11,negative,negative,False,0.44202644,
sentiment-te-00335,en-Latn,tweets-english,sentiment,transformer,11,neutral,positive,True,0.3745992,
sentiment-te-00336,en-Latn,tweets-english,sentiment,transformer,7,positive,positive,False,0.71993726,
sentiment-te-00337,en-Latn,tweets-english,sentiment,transformer,16,negative,negative,False,0.7324365,
sentiment-te-00338,en-Latn,tweets-english,sentiment,transformer,24,neutral,neutral,False,0.46769956,
sentiment-te-00339,en-Latn,tweets-english,sentiment,transformer,5,positive,neutral,True,0.43850216,
sentiment-te-00340,en-Latn,tweets-english,sentiment,transformer,22,negative,negative,False,0.5333167,
sentiment-te-00341,en-Latn,tweets-english,sentiment,transformer,14,neutral,neutral,False,0.5948473,
sentiment-te-00342,en-Latn,tweets-english,sentiment,transformer,14,positive,positive,False,0.61311716,
sentiment-te-00343,en-Latn,tweets-english,sentiment,transformer,13,negative,negative,False,0.7847685,
sentiment-te-00344,en-Latn,tweets-english,sentiment,transformer,18,neutral,neutral,False,0.5225951,
sentiment-te-00345,en-Latn,tweets-english,sentiment,transformer,12,positive,positive,False,0.7225386,
sentiment-te-00346,en-Latn,tweets-english,sentiment,transformer,10,negative,negative,False,0.82160515,
sentiment-te-00347,en-Latn,tweets-english,sentiment,transformer,8,neutral,neutral,False,0.6010599,
sentiment-te-00348,en-Latn,tweets-english,sentiment,transformer,18,positive,positive,False,0.7398518,
sentiment-te-00349,en-Latn,tweets-english,sentiment,transformer,8,negative,negative,False,0.5823622,
sentiment-te-00350,en-Latn,tweets-english,sentiment,transformer,9,neutral,negative,True,0.7716069,
sentiment-te-00351,en-Latn,tweets-english,sentiment,transformer,19,positive,positive,False,0.7433038,
sentiment-te-00352,en-Latn,tweets-english,sentiment,transformer,20,negative,negative,False,0.54390013,
sentiment-te-00353,en-Latn,tweets-english,sentiment,transformer,12,neutral,neutral,False,0.5807507,
sentiment-te-00354,en-Latn,tweets-english,sentiment,transformer,9,positive,positive,False,0.68628633,
sentiment-te-00355,en-Latn,tweets-english,sentiment,transformer,24,negative,negative,False,0.5958531,
sentiment-te-00356,en-Latn,tweets-english,sentiment,transformer,24,neutral,positive,True,0.50766265,
sentiment-te-00357,en-Latn,tweets-english,sentiment,transformer,17,positive,positive,False,0.45844188,
sentiment-te-00358,en-Latn,tweets-english,sentiment,transformer,18,negative,negative,False,0.81490105,
sentiment-te-00359,en-Latn,tweets-english,sentiment,transformer,23,neutral,negative,True,0.66069055,
sentiment-te-00360,en-Latn,tweets-english,sentiment,transformer,20,positive,positive,False,0.62899196,
sentiment-te-00361,en-Latn,tweets-english,sentiment,transformer,18,negative,negative,False,0.7974814,
sentiment-te-00362,en-Latn,tweets-english,sentiment,transformer,19,neutral,neutral,False,0.45839673,
sentiment-te-00363,en-Latn,tweets-english,sentiment,transformer,18,positive,positive,False,0.72341967,
sentiment-te-00364,en-Latn,tweets-english,sentiment,transformer,16,negative,positive,True,0.42904544,
sentiment-te-00365,en-Latn,tweets-english,sentiment,transformer,20,neutral,negative,True,0.6088017,
sentiment-te-00366,en-Latn,tweets-english,sentiment,transformer,8,positive,negative,True,0.7423615,
sentiment-te-00367,en-Latn,tweets-english,sentiment,transformer,10,negative,negative,False,0.7606186,
sentiment-te-00368,en-Latn,tweets-english,sentiment,transformer,15,neutral,positive,True,0.56347424,
sentiment-te-00369,en-Latn,tweets-english,sentiment,transformer,12,positive,positive,False,0.66918033,
sentiment-te-00370,en-Latn,tweets-english,sentiment,transformer,14,negative,negative,False,0.71013623,
sentiment-te-00371,en-Latn,tweets-english,sentiment,transformer,19,neutral,negative,True,0.80042154,
sentiment-te-00372,en-Latn,tweets-english,sentiment,transformer,16,positive,positive,False,0.7256474,
sentiment-te-00373,en-Latn,tweets-english,sentiment,transformer,18,negative,negative,False,0.68996453,
sentiment-te-00374,en-Latn,tweets-english,sentiment,transformer,5,neutral,neutral,False,0.51046115,
sentiment-te-00375,en-Latn,tweets-english,sentiment,transformer,13,positive,positive,False,0.7374217,
sentiment-te-00376,en-Latn,tweets-english,sentiment,transformer,17,negative,negative,False,0.7981851,
sentiment-te-00377,en-Latn,tweets-english,sentiment,transformer,10,neutral,neutral,False,0.595564,
sentiment-te-00378,en-Latn,tweets-english,sentiment,transformer,18,positive,neutral,True,0.6132907,
sentiment-te-00379,en-Latn,tweets-english,sentiment,transformer,9,negative,negative,False,0.39633378,
sentiment-te-00380,en-Latn,tweets-english,sentiment,transformer,22,neutral,positive,True,0.59362394,
sentiment-te-00381,en-Latn,tweets-english,sentiment,transformer,9,positive,positive,False,0.54710525,
sentiment-te-00382,en-Latn,tweets-english,sentiment,transformer,14,negative,neutral,True,0.5066898,
sentiment-te-00383,en-Latn,tweets-english,sentiment,transformer,17,neutral,neutral,False,0.37593484,
sentiment-te-00384,en-Latn,tweets-english,sentiment,transformer,10,positive,positive,False,0.5620244,
sentiment-te-00385,en-Latn,tweets-english,sentiment,transformer,29,negative,negative,False,0.40647957,
sentiment-te-00386,en-Latn,tweets-english,sentiment,transformer,10,neutral,neutral,False,0.4910765,
sentiment-te-00387,en-Latn,tweets-english,sentiment,transformer,10,positive,neutral,True,0.52552915,
sentiment-te-00388,en-Latn,tweets-english,sentiment,transformer,11,negative,negative,False,0.70244604,
sentiment-te-00389,en-Latn,tweets-english,sentiment,transformer,15,neutral,neutral,False,0.53666884,
sentiment-te-00390,en-Latn,tweets-english,sentiment,transformer,15,positive,positive,False,0.6222188,
sentiment-te-00391,en-Latn,tweets-english,sentiment,transformer,17,negative,neutral,True,0.40825996,
sentiment-te-00392,en-Latn,tweets-english,sentiment,transformer,8,neutral,neutral,False,0.5567389,
sentiment-te-00393,en-Latn,tweets-english,sentiment,transformer,23,positive,positive,False,0.67095566,
sentiment-te-00394,en-Latn,tweets-english,sentiment,transformer,10,negative,neutral,True,0.44412485,
sentiment-te-00395,en-Latn,tweets-english,sentiment,transformer,11,neutral,negative,True,0.805144,
sentiment-te-00396,en-Latn,tweets-english,sentiment,transformer,18,positive,neutral,True,0.46097073,
sentiment-te-00397,en-Latn,tweets-english,sentiment,transformer,16,negative,negative,False,0.6555703,
sentiment-te-00398,en-Latn,tweets-english,sentiment,transformer,22,neutral,negative,True,0.5636049,
sentiment-te-00399,en-Latn,tweets-english,sentiment,transformer,22,positive,positive,False,0.73182255,
sentiment-te-00400,en-Latn,tweets-english,sentiment,transformer,17,negative,negative,False,0.63953876,
sentiment-te-00401,en-Latn,tweets-english,sentiment,transformer,8,neutral,neutral,False,0.481279,
sentiment-te-00402,en-Latn,tweets-english,sentiment,transformer,11,positive,positive,False,0.51192313,
sentiment-te-00403,en-Latn,tweets-english,sentiment,transformer,15,negative,negative,False,0.46423733,
sentiment-te-00404,en-Latn,tweets-english,sentiment,transformer,20,neutral,neutral,False,0.5608077,
sentiment-te-00405,en-Latn,tweets-english,sentiment,transformer,17,positive,positive,False,0.72998846,
sentiment-te-00406,en-Latn,tweets-english,sentiment,transformer,17,negative,negative,False,0.8244118,
sentiment-te-00407,en-Latn,tweets-english,sentiment,transformer,18,neutral,positive,True,0.5702386,
sentiment-te-00408,en-Latn,tweets-english,sentiment,transformer,14,positive,positive,False,0.66457766,
sentiment-te-00409,en-Latn,tweets-english,sentiment,transformer,9,negative,negative,False,0.78199315,
sentiment-te-00410,en-Latn,tweets-english,sentiment,transformer,11,neutral,negative,True,0.6119475,
sentiment-te-00411,en-Latn,tweets-english,sentiment,transformer,9,positive,positive,False,0.63858587,
sentiment-te-00412,en-Latn,tweets-english,sentiment,transformer,11,negative,neutral,True,0.50479186,
sentiment-te-00413,en-Latn,tweets-english,sentiment,transformer,9,neutral,neutral,False,0.47586098,
sentiment-te-00414,en-Latn,tweets-english,sentiment,transformer,22,positive,positive,False,0.7374883,
sentiment-te-00415,en-Latn,tweets-english,sentiment,transformer,6,negative,neutral,True,0.46509856,
sentiment-te-00416,en-Latn,tweets-english,sentiment,transformer,13,neutral,neutral,False,0.48222834,
sentiment-te-00417,en-Latn,tweets-english,sentiment,transformer,17,positive,positive,False,0.5296431,
sentiment-te-00418,en-Latn,tweets-english,sentiment,transformer,20,negative,negative,False,0.56509775,
sentiment-te-00419,en-Latn,tweets-english,sentiment,transformer,12,neutral,positive,True,0.4810655,
sentiment-te-00420,en-Latn,tweets-english,sentiment,transformer,21,positive,positive,False,0.7119436,
sentiment-te-00421,en-Latn,tweets-english,sentiment,transformer,9,negative,negative,False,0.7634919,
sentiment-te-00422,en-Latn,tweets-english,sentiment,transformer,12,neutral,neutral,False,0.48715833,
sentiment-te-00423,en-Latn,tweets-english,sentiment,transformer,9,positive,neutral,True,0.49795786,
sentiment-te-00424,en-Latn,tweets-english,sentiment,transformer,14,negative,negative,False,0.7908341,
sentiment-te-00425,en-Latn,tweets-english,sentiment,transformer,10,neutral,negative,True,0.7750139,
sentiment-te-00426,en-Latn,tweets-english,sentiment,transformer,18,positive,positive,False,0.52890843,
sentiment-te-00427,en-Latn,tweets-english,sentiment,transformer,21,negative,negative,False,0.79812545,
sentiment-te-00428,en-Latn,tweets-english,sentiment,transformer,7,neutral,negative,True,0.4206399,
sentiment-te-00429,en-Latn,tweets-english,sentiment,transformer,11,positive,positive,False,0.6964829,
sentiment-te-00430,en-Latn,tweets-english,sentiment,transformer,21,negative,negative,False,0.7684339,
sentiment-te-00431,en-Latn,tweets-english,sentiment,transformer,20,neutral,neutral,False,0.4332196,
sentiment-te-00432,en-Latn,tweets-english,sentiment,transformer,8,positive,positive,False,0.7072918,
sentiment-te-00433,en-Latn,tweets-english,sentiment,transformer,19,negative,negative,False,0.7451707,
sentiment-te-00434,en-Latn,tweets-english,sentiment,transformer,17,neutral,neutral,False,0.56523407,
sentiment-te-00435,en-Latn,tweets-english,sentiment,transformer,9,positive,positive,False,0.57219166,
sentiment-te-00436,en-Latn,tweets-english,sentiment,transformer,18,negative,neutral,True,0.5355922,
sentiment-te-00437,en-Latn,tweets-english,sentiment,transformer,16,neutral,positive,True,0.7049508,
sentiment-te-00438,en-Latn,tweets-english,sentiment,transformer,12,positive,positive,False,0.60551846,
sentiment-te-00439,en-Latn,tweets-english,sentiment,transformer,11,negative,neutral,True,0.438752,
sentiment-te-00440,en-Latn,tweets-english,sentiment,transformer,17,neutral,negative,True,0.6342278,
sentiment-te-00441,en-Latn,tweets-english,sentiment,transformer,15,positive,negative,True,0.4178269,
sentiment-te-00442,en-Latn,tweets-english,sentiment,transformer,19,negative,negative,False,0.7970834,
sentiment-te-00443,en-Latn,tweets-english,sentiment,transformer,14,neutral,negative,True,0.6304861,
sentiment-te-00444,en-Latn,tweets-english,sentiment,transformer,14,positive,neutral,True,0.5515919,
sentiment-te-00445,en-Latn,tweets-english,sentiment,transformer,21,negative,negative,False,0.79256815,
sentiment-te-00446,en-Latn,tweets-english,sentiment,transformer,10,neutral,negative,True,0.57379633,
sentiment-te-00447,en-Latn,tweets-english,sentiment,transformer,5,positive,neutral,True,0.4781314,
sentiment-te-00448,en-Latn,tweets-english,sentiment,transformer,24,negative,negative,False,0.5274844,
sentiment-te-00449,en-Latn,tweets-english,sentiment,transformer,18,neutral,neutral,False,0.5609023,
sentiment-te-00450,en-Latn,tweets-english,sentiment,transformer,21,positive,positive,False,0.7337946,
sentiment-te-00451,en-Latn,tweets-english,sentiment,transformer,19,negative,neutral,True,0.5740655,
sentiment-te-00452,en-Latn,tweets-english,sentiment,transformer,15,neutral,neutral,False,0.59378564,
sentiment-te-00453,en-Latn,tweets-english,sentiment,transformer,6,positive,negative,True,0.45431286,
sentiment-te-00454,en-Latn,tweets-english,sentiment,transformer,5,negative,negative,False,0.79982245,
sentiment-te-00455,en-Latn,tweets-english,sentiment,transformer,23,neutral,negative,True,0.7790097,
sentiment-te-00456,en-Latn,tweets-english,sentiment,transformer,5,positive,positive,False,0.72129,
sentiment-te-00457,en-Latn,tweets-english,sentiment,transformer,17,negative,negative,False,0.7980994,
sentiment-te-00458,en-Latn,tweets-english,sentiment,transformer,10,neutral,neutral,False,0.59808046,
sentiment-te-00459,en-Latn,tweets-english,sentiment,transformer,14,positive,positive,False,0.5339199,
sentiment-te-00460,en-Latn,tweets-english,sentiment,transformer,18,negative,negative,False,0.45734724,
sentiment-te-00461,en-Latn,tweets-english,sentiment,transformer,13,neutral,negative,True,0.71944314,
sentiment-te-00462,en-Latn,tweets-english,sentiment,transformer,11,positive,positive,False,0.69309866,
sentiment-te-00463,en-Latn,tweets-english,sentiment,transformer,24,negative,negative,False,0.7669613,
sentiment-te-00464,en-Latn,tweets-english,sentiment,transformer,14,neutral,positive,True,0.46386942,
sentiment-te-00465,en-Latn,tweets-english,sentiment,transformer,19,positive,positive,False,0.7059403,
sentiment-te-00466,en-Latn,tweets-english,sentiment,transformer,18,negative,negative,False,0.77629185,
sentiment-te-00467,en-Latn,tweets-english,sentiment,transformer,10,neutral,negative,True,0.801267,
sentiment-te-00468,en-Latn,tweets-english,sentiment,transformer,19,positive,neutral,True,0.6088066,
sentiment-te-00469,en-Latn,tweets-english,sentiment,transformer,22,negative,neutral,True,0.41700646,
sentiment-te-00470,en-Latn,tweets-english,sentiment,transformer,9,neutral,neutral,False,0.5674445,
sentiment-te-00471,en-Latn,tweets-english,sentiment,transformer,20,positive,positive,False,0.7366401,
sentiment-te-00472,en-Latn,tweets-english,sentiment,transformer,19,negative,negative,False,0.57952565,
sentiment-te-00473,en-Latn,tweets-english,sentiment,transformer,7,neutral,negative,True,0.40100396,
sentiment-te-00474,en-Latn,tweets-english,sentiment,transformer,22,positive,positive,False,0.6210761,
sentiment-te-00475,en-Latn,tweets-english,sentiment,transformer,21,negative,negative,False,0.82562774,
sentiment-te-00476,en-Latn,tweets-english,sentiment,transformer,12,neutral,neutral,False,0.45582536,
sentiment-te-00477,en-Latn,tweets-english,sentiment,transformer,14,positive,positive,False,0.7310436,
sentiment-te-00478,en-Latn,tweets-english,sentiment,transformer,8,negative,negative,False,0.794595,
sentiment-te-00479,en-Latn,tweets-english,sentiment,transformer,14,neutral,negative,True,0.65581477,
sentiment-te-00480,en-Latn,tweets-english,sentiment,transformer,14,positive,neutral,True,0.47689188,
sentiment-te-00481,en-Latn,tweets-english,sentiment,transformer,16,negative,negative,False,0.4261285,
sentiment-te-00482,en-Latn,tweets-english,sentiment,transformer,19,neutral,neutral,False,0.53565854,
sentiment-te-00483,en-Latn,tweets-english,sentiment,transformer,12,positive,positive,False,0.42099634,
sentiment-te-00484,en-Latn,tweets-english,sentiment,transformer,13,negative,negative,False,0.7099171,
sentiment-te-00485,en-Latn,tweets-english,sentiment,transformer,23,neutral,positive,True,0.6322395,
sentiment-te-00486,en-Latn,tweets-english,sentiment,transformer,12,positive,positive,False,0.6891779,
sentiment-te-00487,en-Latn,tweets-english,sentiment,transformer,20,negative,negative,False,0.7902267,
sentiment-te-00488,en-Latn,tweets-english,sentiment,transformer,15,neutral,neutral,False,0.4694186,
sentiment-te-00489,en-Latn,tweets-english,sentiment,transformer,23,positive,positive,False,0.647703,
sentiment-te-00490,en-Latn,tweets-english,sentiment,transformer,21,negative,negative,False,0.7805192,
sentiment-te-00491,en-Latn,tweets-english,sentiment,transformer,9,neutral,neutral,False,0.61638993,
sentiment-te-00492,en-Latn,tweets-english,sentiment,transformer,8,positive,negative,True,0.37373266,
sentiment-te-00493,en-Latn,tweets-english,sentiment,transformer,14,negative,negative,False,0.6977016,
sentiment-te-00494,en-Latn,tweets-english,sentiment,transformer,20,neutral,negative,True,0.80842584,
sentiment-te-00495,en-Latn,tweets-english,sentiment,transformer,20,positive,positive,False,0.47874478,
sentiment-te-00496,en-Latn,tweets-english,sentiment,transformer,15,negative,positive,True,0.42547262,
sentiment-te-00497,en-Latn,tweets-english,sentiment,transformer,9,neutral,neutral,False,0.5638649,
sentiment-te-00498,en-Latn,tweets-english,sentiment,transformer,12,positive,positive,False,0.6282217,
sentiment-te-00499,en-Latn,tweets-english,sentiment,transformer,24,negative,negative,False,0.64258945,
sentiment-te-00500,en-Latn,tweets-english,sentiment,transformer,11,neutral,positive,True,0.63696367,
sentiment-te-00501,en-Latn,tweets-english,sentiment,transformer,12,positive,neutral,True,0.48621032,
sentiment-te-00502,en-Latn,tweets-english,sentiment,transformer,20,negative,negative,False,0.7879949,
sentiment-te-00503,en-Latn,tweets-english,sentiment,transformer,18,neutral,neutral,False,0.39539158,
sentiment-te-00504,en-Latn,tweets-english,sentiment,transformer,13,positive,positive,False,0.47454366,
sentiment-te-00505,en-Latn,tweets-english,sentiment,transformer,14,negative,negative,False,0.7891423,
sentiment-te-00506,en-Latn,tweets-english,sentiment,transformer,7,neutral,neutral,False,0.5921559,
sentiment-te-00507,en-Latn,tweets-english,sentiment,transformer,22,positive,negative,True,0.6960269,
sentiment-te-00508,en-Latn,tweets-english,sentiment,transformer,15,negative,negative,False,0.71647173,
sentiment-te-00509,en-Latn,tweets-english,sentiment,transformer,24,neutral,neutral,False,0.50034696,
sentiment-te-00510,en-Latn,tweets-english,sentiment,transformer,20,positive,positive,False,0.4669568,
sentiment-te-00511,en-Latn,tweets-english,sentiment,transformer,12,negative,negative,False,0.7824091,
sentiment-te-00512,en-Latn,tweets-english,sentiment,transformer,20,neutral,neutral,False,0.532057,
sentiment-te-00513,en-Latn,tweets-english,sentiment,transformer,9,positive,positive,False,0.73817295,
sentiment-te-00514,en-Latn,tweets-english,sentiment,transformer,16,negative,neutral,True,0.5244242,
sentiment-te-00515,en-Latn,tweets-english,sentiment,transformer,27,neutral,neutral,False,0.49449027,
sentiment-te-00516,en-Latn,tweets-english,sentiment,transformer,14,positive,positive,False,0.66430527,
sentiment-te-00517,en-Latn,tweets-english,sentiment,transformer,21,negative,neutral,True,0.5153037,
sentiment-te-00518,en-Latn,tweets-english,sentiment,transformer,8,neutral,neutral,False,0.46204948,
sentiment-te-00519,en-Latn,tweets-english,sentiment,transformer,7,positive,positive,False,0.50645775,
sentiment-te-00520,en-Latn,tweets-english,sentiment,transformer,11,negative,negative,False,0.80996233,
sentiment-te-00521,en-Latn,tweets-english,sentiment,transformer,16,neutral,neutral,False,0.41837084,
sentiment-te-00522,en-Latn,tweets-english,sentiment,transformer,25,positive,neutral,True,0.50934625,
sentiment-te-00523,en-Latn,tweets-english,sentiment,transformer,11,negative,neutral,True,0.46369112,
sentiment-te-00524,en-Latn,tweets-english,sentiment,transformer,17,neutral,positive,True,0.614613,
sentiment-te-00525,en-Latn,tweets-english,sentiment,transformer,9,positive,positive,False,0.5145799,
sentiment-te-00526,en-Latn,tweets-english,sentiment,transformer,25,negative,negative,False,0.6597922,
sentiment-te-00527,en-Latn,tweets-english,sentiment,transformer,14,neutral,negative,True,0.43330196,
sentiment-te-00528,en-Latn,tweets-english,sentiment,transformer,7,positive,positive,False,0.7057481,
sentiment-te-00529,en-Latn,tweets-english,sentiment,transformer,24,negative,negative,False,0.79807556,
sentiment-te-00530,en-Latn,tweets-english,sentiment,transformer,22,neutral,neutral,False,0.5277786,
sentiment-te-00531,en-Latn,tweets-english,sentiment,transformer,14,positive,neutral,True,0.57490665,
sentiment-te-00532,en-Latn,tweets-english,sentiment,transformer,20,negative,positive,True,0.49116033,
sentiment-te-00533,en-Latn,tweets-english,sentiment,transformer,10,neutral,negative,True,0.7294468,
sentiment-te-00534,en-Latn,tweets-english,sentiment,transformer,8,positive,positive,False,0.69545835,
sentiment-te-00535,en-Latn,tweets-english,sentiment,transformer,20,negative,positive,True,0.55535716,
sentiment-te-00536,en-Latn,tweets-english,sentiment,transformer,16,neutral,neutral,False,0.5745086,
sentiment-te-00537,en-Latn,tweets-english,sentiment,transformer,11,positive,positive,False,0.7181009,
sentiment-te-00538,en-Latn,tweets-english,sentiment,transformer,16,negative,neutral,True,0.59181565,
sentiment-te-00539,en-Latn,tweets-english,sentiment,transformer,12,neutral,neutral,False,0.5585662,
sentiment-te-00540,en-Latn,tweets-english,sentiment,transformer,11,positive,neutral,True,0.5318312,
sentiment-te-00541,en-Latn,tweets-english,sentiment,transformer,7,negative,negative,False,0.66108334,
sentiment-te-00542,en-Latn,tweets-english,sentiment,transformer,8,neutral,positive,True,0.50029325,
sentiment-te-00543,en-Latn,tweets-english,sentiment,transformer,8,positive,positive,False,0.7202275,
sentiment-te-00544,en-Latn,tweets-english,sentiment,transformer,11,negative,neutral,True,0.48194045,
sentiment-te-00545,en-Latn,tweets-english,sentiment,transformer,14,neutral,positive,True,0.6113333,
sentiment-te-00546,en-Latn,tweets-english,sentiment,transformer,20,positive,positive,False,0.74022156,
sentiment-te-00547,en-Latn,tweets-english,sentiment,transformer,23,negative,negative,False,0.77415097,
sentiment-te-00548,en-Latn,tweets-english,sentiment,transformer,5,neutral,neutral,False,0.5961491,
sentiment-te-00549,en-Latn,tweets-english,sentiment,transformer,11,positive,positive,False,0.73594797,
sentiment-te-00550,en-Latn,tweets-english,sentiment,transformer,21,negative,neutral,True,0.5131053,
sentiment-te-00551,en-Latn,tweets-english,sentiment,transformer,9,neutral,neutral,False,0.43481526,
sentiment-te-00552,en-Latn,tweets-english,sentiment,transformer,13,positive,positive,False,0.68717927,
sentiment-te-00553,en-Latn,tweets-english,sentiment,transformer,11,negative,positive,True,0.6833252,
sentiment-te-00554,en-Latn,tweets-english,sentiment,transformer,24,neutral,negative,True,0.6499577,
sentiment-te-00555,en-Latn,tweets-english,sentiment,transformer,28,positive,positive,False,0.7362464,
sentiment-te-00556,en-Latn,tweets-english,sentiment,transformer,21,negative,neutral,True,0.4389746,
sentiment-te-00557,en-Latn,tweets-english,sentiment,transformer,7,neutral,neutral,False,0.55840856,
sentiment-te-00558,en-Latn,tweets-english,sentiment,transformer,14,positive,positive,False,0.6434759,
sentiment-te-00559,en-Latn,tweets-english,sentiment,transformer,22,negative,negative,False,0.6717411,
sentiment-te-00560,en-Latn,tweets-english,sentiment,transformer,11,neutral,neutral,False,0.5911399,
sentiment-te-00561,en-Latn,tweets-english,sentiment,transformer,14,positive,positive,False,0.6820166,
sentiment-te-00562,en-Latn,tweets-english,sentiment,transformer,24,negative,negative,False,0.6336128,
sentiment-te-00563,en-Latn,tweets-english,sentiment,transformer,16,neutral,negative,True,0.703452,
sentiment-te-00564,en-Latn,tweets-english,sentiment,transformer,17,positive,neutral,True,0.42590573,
sentiment-te-00565,en-Latn,tweets-english,sentiment,transformer,12,negative,negative,False,0.45773998,
sentiment-te-00566,en-Latn,tweets-english,sentiment,transformer,16,neutral,negative,True,0.6716287,
sentiment-te-00567,en-Latn,tweets-english,sentiment,transformer,25,positive,positive,False,0.7116652,
sentiment-te-00568,en-Latn,tweets-english,sentiment,transformer,24,negative,negative,False,0.8185435,
sentiment-te-00569,en-Latn,tweets-english,sentiment,transformer,19,neutral,positive,True,0.385504,
sentiment-te-00570,en-Latn,tweets-english,sentiment,transformer,6,positive,positive,False,0.62307525,
sentiment-te-00571,en-Latn,tweets-english,sentiment,transformer,17,negative,negative,False,0.78985506,
sentiment-te-00572,en-Latn,tweets-english,sentiment,transformer,15,neutral,negative,True,0.69270474,
sentiment-te-00573,en-Latn,tweets-english,sentiment,transformer,17,positive,positive,False,0.7341675,
sentiment-te-00574,en-Latn,tweets-english,sentiment,transformer,12,negative,negative,False,0.5187499,
sentiment-te-00575,en-Latn,tweets-english,sentiment,transformer,12,neutral,negative,True,0.5386614,
sentiment-te-00576,en-Latn,tweets-english,sentiment,transformer,23,positive,positive,False,0.48925138,
sentiment-te-00577,en-Latn,tweets-english,sentiment,transformer,16,negative,neutral,True,0.42139596,
sentiment-te-00578,en-Latn,tweets-english,sentiment,transformer,5,neutral,neutral,False,0.5247355,
sentiment-te-00579,en-Latn,tweets-english,sentiment,transformer,9,positive,negative,True,0.7314346,
sentiment-te-00580,en-Latn,tweets-english,sentiment,transformer,11,negative,positive,True,0.4523405,
sentiment-te-00581,en-Latn,tweets-english,sentiment,transformer,10,neutral,neutral,False,0.5058233,
sentiment-te-00582,en-Latn,tweets-english,sentiment,transformer,10,positive,positive,False,0.6662274,
sentiment-te-00583,en-Latn,tweets-english,sentiment,transformer,21,negative,negative,False,0.622915,
sentiment-te-00584,en-Latn,tweets-english,sentiment,transformer,10,neutral,neutral,False,0.46342966,
sentiment-te-00585,en-Latn,tweets-english,sentiment,transformer,23,positive,neutral,True,0.49669346,
sentiment-te-00586,en-Latn,tweets-english,sentiment,transformer,18,negative,negative,False,0.41099983,
sentiment-te-00587,en-Latn,tweets-english,sentiment,transformer,11,neutral,neutral,False,0.6267896,
sentiment-te-00588,en-Latn,tweets-english,sentiment,transformer,17,positive,positive,False,0.48220205,
sentiment-te-00589,en-Latn,tweets-english,sentiment,transformer,17,negative,negative,False,0.8146661,
sentiment-te-00590,en-Latn,tweets-english,sentiment,transformer,10,neutral,negative,True,0.69194144,
sentiment-te-00591,en-Latn,tweets-english,sentiment,transformer,5,positive,positive,False,0.63038373,
sentiment-te-00592,en-Latn,tweets-english,sentiment,transformer,13,negative,negative,False,0.7292727,
sentiment-te-00593,en-Latn,tweets-english,sentiment,transformer,17,neutral,negative,True,0.80530304,
sentiment-te-00594,en-Latn,tweets-english,sentiment,transformer,24,positive,positive,False,0.45562726,
sentiment-te-00595,en-Latn,tweets-english,sentiment,transformer,18,negative,positive,True,0.65813226,
sentiment-te-00596,en-Latn,tweets-english,sentiment,transformer,7,neutral,neutral,False,0.41647056,
sentiment-te-00597,en-Latn,tweets-english,sentiment,transformer,11,positive,positive,False,0.6452,
sentiment-te-00598,en-Latn,tweets-english,sentiment,transformer,23,negative,negative,False,0.80236673,
sentiment-te-00599,en-Latn,tweets-english,sentiment,transformer,16,neutral,positive,True,0.4699267,
sentiment-te-00600,en-Latn,tweets-english,sentiment,transformer,11,positive,positive,False,0.5215753,
sentiment-te-00601,en-Latn,tweets-english,sentiment,transformer,21,negative,negative,False,0.55965585,
sentiment-te-00602,en-Latn,tweets-english,sentiment,transformer,17,neutral,positive,True,0.5118595,
sentiment-te-00603,en-Latn,tweets-english,sentiment,transformer,6,positive,positive,False,0.73896676,
sentiment-te-00604,en-Latn,tweets-english,sentiment,transformer,21,negative,negative,False,0.79932445,
sentiment-te-00605,en-Latn,tweets-english,sentiment,transformer,17,neutral,positive,True,0.73384583,
sentiment-te-00606,en-Latn,tweets-english,sentiment,transformer,11,positive,positive,False,0.70280993,
sentiment-te-00607,en-Latn,tweets-english,sentiment,transformer,22,negative,negative,False,0.61964756,
sentiment-te-00608,en-Latn,tweets-english,sentiment,transformer,18,neutral,neutral,False,0.6149181,
sentiment-te-00609,en-Latn,tweets-english,sentiment,transformer,13,positive,positive,False,0.7304457,
sentiment-te-00610,en-Latn,tweets-english,sentiment,transformer,20,negative,negative,False,0.79136825,
sentiment-te-00611,en-Latn,tweets-english,sentiment,transformer,9,neutral,neutral,False,0.6208149,
sentiment-te-00612,en-Latn,tweets-english,sentiment,transformer,28,positive,positive,False,0.7047982,
sentiment-te-00613,en-Latn,tweets-english,sentiment,transformer,20,negative,negative,False,0.78083915,
sentiment-te-00614,en-Latn,tweets-english,sentiment,transformer,9,neutral,neutral,False,0.60941344,
sentiment-te-00615,en-Latn,tweets-english,sentiment,transformer,18,positive,positive,False,0.5733728,
sentiment-te-00616,en-Latn,tweets-english,sentiment,transformer,3,negative,negative,False,0.37403196,
sentiment-te-00617,en-Latn,tweets-english,sentiment,transformer,21,neutral,negative,True,0.75440764,
sentiment-te-00618,en-Latn,tweets-english,sentiment,transformer,15,positive,positive,False,0.7374523,
sentiment-te-00619,en-Latn,tweets-english,sentiment,transformer,20,negative,negative,False,0.7949212,
sentiment-te-00620,en-Latn,tweets-english,sentiment,transformer,12,neutral,negative,True,0.7669717,
sentiment-te-00621,en-Latn,tweets-english,sentiment,transformer,17,positive,positive,False,0.73367405,
sentiment-te-00622,en-Latn,tweets-english,sentiment,transformer,6,negative,negative,False,0.80239636,
sentiment-te-00623,en-Latn,tweets-english,sentiment,transformer,10,neutral,positive,True,0.42577133,
sentiment-te-00624,en-Latn,tweets-english,sentiment,transformer,5,positive,positive,False,0.66666293,
sentiment-te-00625,en-Latn,tweets-english,sentiment,transformer,15,negative,negative,False,0.5198818,
sentiment-te-00626,en-Latn,tweets-english,sentiment,transformer,4,neutral,positive,True,0.45115635,
sentiment-te-00627,en-Latn,tweets-english,sentiment,transformer,17,positive,negative,True,0.39804077,
sentiment-te-00628,en-Latn,tweets-english,sentiment,transformer,14,negative,negative,False,0.70111233,
sentiment-te-00629,en-Latn,tweets-english,sentiment,transformer,2,neutral,neutral,False,0.3765506,
sentiment-te-00630,en-Latn,tweets-english,sentiment,transformer,7,positive,neutral,True,0.59462315,
sentiment-te-00631,en-Latn,tweets-english,sentiment,transformer,27,negative,negative,False,0.6952367,
sentiment-te-00632,en-Latn,tweets-english,sentiment,transformer,10,neutral,negative,True,0.74796253,
sentiment-te-00633,en-Latn,tweets-english,sentiment,transformer,11,positive,positive,False,0.7335195,
sentiment-te-00634,en-Latn,tweets-english,sentiment,transformer,21,negative,negative,False,0.76266897,
sentiment-te-00635,en-Latn,tweets-english,sentiment,transformer,14,neutral,negative,True,0.66176075,
sentiment-te-00636,en-Latn,tweets-english,sentiment,transformer,5,positive,positive,False,0.7013003,
sentiment-te-00637,en-Latn,tweets-english,sentiment,transformer,14,negative,negative,False,0.5970512,
sentiment-te-00638,en-Latn,tweets-english,sentiment,transformer,23,neutral,negative,True,0.7019847,
sentiment-te-00639,en-Latn,tweets-english,sentiment,transformer,18,positive,positive,False,0.4539696,
sentiment-te-00640,en-Latn,tweets-english,sentiment,transformer,26,negative,negative,False,0.8041358,
sentiment-te-00641,en-Latn,tweets-english,sentiment,transformer,11,neutral,neutral,False,0.51366633,
sentiment-te-00642,en-Latn,tweets-english,sentiment,transformer,18,positive,positive,False,0.47341383,
sentiment-te-00643,en-Latn,tweets-english,sentiment,transformer,15,negative,positive,True,0.6215499,
sentiment-te-00644,en-Latn,tweets-english,sentiment,transformer,15,neutral,neutral,False,0.46953547,
sentiment-te-00645,en-Latn,tweets-english,sentiment,transformer,14,positive,positive,False,0.48949558,
sentiment-te-00646,en-Latn,tweets-english,sentiment,transformer,20,negative,negative,False,0.7066396,
sentiment-te-00647,en-Latn,tweets-english,sentiment,transformer,7,neutral,positive,True,0.6719493,
sentiment-te-00648,en-Latn,tweets-english,sentiment,transformer,7,positive,positive,False,0.45982844,
sentiment-te-00649,en-Latn,tweets-english,sentiment,transformer,26,negative,negative,False,0.81364197,
sentiment-te-00650,en-Latn,tweets-english,sentiment,transformer,6,neutral,neutral,False,0.430271,
sentiment-te-00651,en-Latn,tweets-english,sentiment,transformer,10,positive,negative,True,0.5023865,
sentiment-te-00652,en-Latn,tweets-english,sentiment,transformer,19,negative,negative,False,0.7752345,
sentiment-te-00653,en-Latn,tweets-english,sentiment,transformer,16,neutral,neutral,False,0.53750515,
sentiment-te-00654,en-Latn,tweets-english,sentiment,transformer,24,positive,positive,False,0.6552533,
sentiment-te-00655,en-Latn,tweets-english,sentiment,transformer,12,negative,negative,False,0.44595897,
sentiment-te-00656,en-Latn,tweets-english,sentiment,transformer,26,neutral,neutral,False,0.53287876,
sentiment-te-00657,en-Latn,tweets-english,sentiment,transformer,11,positive,positive,False,0.6758323,
sentiment-te-00658,en-Latn,tweets-english,sentiment,transformer,20,negative,negative,False,0.7557188,
sentiment-te-00659,en-Latn,tweets-english,sentiment,transformer,14,neutral,neutral,False,0.63489157,
sentiment-te-00660,en-Latn,tweets-english,sentiment,transformer,19,positive,positive,False,0.723202,
sentiment-te-00661,en-Latn,tweets-english,sentiment,transformer,11,negative,negative,False,0.7848573,
sentiment-te-00662,en-Latn,tweets-english,sentiment,transformer,17,neutral,neutral,False,0.4459729,
sentiment-te-00663,en-Latn,tweets-english,sentiment,transformer,16,positive,positive,False,0.47093865,
sentiment-te-00664,en-Latn,tweets-english,sentiment,transformer,21,negative,negative,False,0.47210962,
sentiment-te-00665,en-Latn,tweets-english,sentiment,transformer,17,neutral,neutral,False,0.63912505,
sentiment-te-00666,en-Latn,tweets-english,sentiment,transformer,16,positive,positive,False,0.71601045,
sentiment-te-00667,en-Latn,tweets-english,sentiment,transformer,22,negative,negative,False,0.7797221,
sentiment-te-00668,en-Latn,tweets-english,sentiment,transformer,12,neutral,neutral,False,0.636768,
sentiment-te-00669,en-Latn,tweets-english,sentiment,transformer,7,positive,positive,False,0.6982431,
sentiment-te-00670,en-Latn,tweets-english,sentiment,transformer,20,negative,negative,False,0.7854403,
sentiment-te-00671,en-Latn,tweets-english,sentiment,transformer,14,neutral,positive,True,0.6952751,
sentiment-te-00672,en-Latn,tweets-english,sentiment,transformer,6,positive,positive,False,0.712886,
sentiment-te-00673,en-Latn,tweets-english,sentiment,transformer,13,negative,negative,False,0.7989331,
sentiment-te-00674,en-Latn,tweets-english,sentiment,transformer,8,neutral,neutral,False,0.41895133,
sentiment-te-00675,en-Latn,tweets-english,sentiment,transformer,14,positive,positive,False,0.69576746,
sentiment-te-00676,en-Latn,tweets-english,sentiment,transformer,17,negative,negative,False,0.80236536,
sentiment-te-00677,en-Latn,tweets-english,sentiment,transformer,13,neutral,neutral,False,0.48670298,
sentiment-te-00678,en-Latn,tweets-english,sentiment,transformer,18,positive,positive,False,0.6607267,
sentiment-te-00679,en-Latn,tweets-english,sentiment,transformer,10,negative,negative,False,0.72533274,
sentiment-te-00680,en-Latn,tweets-english,sentiment,transformer,19,neutral,neutral,False,0.41830683,
sentiment-te-00681,en-Latn,tweets-english,sentiment,transformer,12,positive,positive,False,0.46873087,
sentiment-te-00682,en-Latn,tweets-english,sentiment,transformer,7,negative,neutral,True,0.4218095,
sentiment-te-00683,en-Latn,tweets-english,sentiment,transformer,11,neutral,neutral,False,0.5968672,
sentiment-te-00684,en-Latn,tweets-english,sentiment,transformer,25,positive,positive,False,0.7288392,
sentiment-te-00685,en-Latn,tweets-english,sentiment,transformer,10,negative,negative,False,0.38973135,
sentiment-te-00686,en-Latn,tweets-english,sentiment,transformer,11,neutral,neutral,False,0.39761475,
sentiment-te-00687,en-Latn,tweets-english,sentiment,transformer,20,positive,positive,False,0.7282734,
sentiment-te-00688,en-Latn,tweets-english,sentiment,transformer,20,negative,negative,False,0.6929209,
sentiment-te-00689,en-Latn,tweets-english,sentiment,transformer,15,neutral,neutral,False,0.5473341,
sentiment-te-00690,en-Latn,tweets-english,sentiment,transformer,7,positive,positive,False,0.58781505,
sentiment-te-00691,en-Latn,tweets-english,sentiment,transformer,15,negative,negative,False,0.8183002,
sentiment-te-00692,en-Latn,tweets-english,sentiment,transformer,17,neutral,negative,True,0.52190423,
sentiment-te-00693,en-Latn,tweets-english,sentiment,transformer,13,positive,neutral,True,0.49203533,
sentiment-te-00694,en-Latn,tweets-english,sentiment,transformer,19,negative,negative,False,0.38591212,
sentiment-te-00695,en-Latn,tweets-english,sentiment,transformer,12,neutral,neutral,False,0.3928913,
sentiment-te-00696,en-Latn,tweets-english,sentiment,transformer,10,positive,positive,False,0.6585669,
sentiment-te-00697,en-Latn,tweets-english,sentiment,transformer,22,negative,negative,False,0.59053135,
sentiment-te-00698,en-Latn,tweets-english,sentiment,transformer,15,neutral,negative,True,0.6844661,
sentiment-te-00699,en-Latn,tweets-english,sentiment,transformer,18,positive,positive,False,0.58493894,
sentiment-te-00700,en-Latn,tweets-english,sentiment,transformer,17,negative,positive,True,0.38862464,
sentiment-te-00701,en-Latn,tweets-english,sentiment,transformer,14,neutral,negative,True,0.7612559,
sentiment-te-00702,en-Latn,tweets-english,sentiment,transformer,9,positive,neutral,True,0.57251304,
sentiment-te-00703,en-Latn,tweets-english,sentiment,transformer,10,negative,positive,True,0.57314295,
sentiment-te-00704,en-Latn,tweets-english,sentiment,transformer,17,neutral,negative,True,0.7958643,
sentiment-te-00705,en-Latn,tweets-english,sentiment,transformer,6,positive,positive,False,0.509366,
sentiment-te-00706,en-Latn,tweets-english,sentiment,transformer,20,negative,neutral,True,0.53950685,
sentiment-te-00707,en-Latn,tweets-english,sentiment,transformer,8,neutral,positive,True,0.49467975,
sentiment-te-00708,en-Latn,tweets-english,sentiment,transformer,13,positive,positive,False,0.4749835,
sentiment-te-00709,en-Latn,tweets-english,sentiment,transformer,21,negative,negative,False,0.6021632,
sentiment-te-00710,en-Latn,tweets-english,sentiment,transformer,13,neutral,negative,True,0.7819397,
sentiment-te-00711,en-Latn,tweets-english,sentiment,transformer,22,positive,positive,False,0.5831748,
sentiment-te-00712,en-Latn,tweets-english,sentiment,transformer,16,negative,neutral,True,0.5555153,
sentiment-te-00713,en-Latn,tweets-english,sentiment,transformer,9,neutral,positive,True,0.5369713,
sentiment-te-00714,en-Latn,tweets-english,sentiment,transformer,25,positive,negative,True,0.75686365,
sentiment-te-00715,en-Latn,tweets-english,sentiment,transformer,20,negative,neutral,True,0.41780835,
sentiment-te-00716,en-Latn,tweets-english,sentiment,transformer,16,neutral,negative,True,0.4720676,
sentiment-te-00717,en-Latn,tweets-english,sentiment,transformer,6,positive,positive,False,0.48212254,
sentiment-te-00718,en-Latn,tweets-english,sentiment,transformer,19,negative,negative,False,0.631084,
sentiment-te-00719,en-Latn,tweets-english,sentiment,transformer,14,neutral,neutral,False,0.5375861,
sentiment-te-00720,en-Latn,tweets-english,sentiment,transformer,12,positive,positive,False,0.68898416,
sentiment-te-00721,en-Latn,tweets-english,sentiment,transformer,20,negative,negative,False,0.5449262,
sentiment-te-00722,en-Latn,tweets-english,sentiment,transformer,17,neutral,negative,True,0.4017124,
sentiment-te-00723,en-Latn,tweets-english,sentiment,transformer,11,positive,positive,False,0.5583296,
sentiment-te-00724,en-Latn,tweets-english,sentiment,transformer,7,negative,negative,False,0.4315648,
sentiment-te-00725,en-Latn,tweets-english,sentiment,transformer,10,neutral,neutral,False,0.5967703,
sentiment-te-00726,en-Latn,tweets-english,sentiment,transformer,14,positive,negative,True,0.7331711,
sentiment-te-00727,en-Latn,tweets-english,sentiment,transformer,22,negative,neutral,True,0.4652447,
sentiment-te-00728,en-Latn,tweets-english,sentiment,transformer,26,neutral,neutral,False,0.47669956,
sentiment-te-00729,en-Latn,tweets-english,sentiment,transformer,18,positive,neutral,True,0.6361769,
sentiment-te-00730,en-Latn,tweets-english,sentiment,transformer,25,negative,negative,False,0.657136,
sentiment-te-00731,en-Latn,tweets-english,sentiment,transformer,21,neutral,negative,True,0.6711449,
sentiment-te-00732,en-Latn,tweets-english,sentiment,transformer,20,positive,positive,False,0.73288876,
sentiment-te-00733,en-Latn,tweets-english,sentiment,transformer,22,negative,neutral,True,0.37868273,
sentiment-te-00734,en-Latn,tweets-english,sentiment,transformer,12,neutral,neutral,False,0.45733008,
sentiment-te-00735,en-Latn,tweets-english,sentiment,transformer,3,positive,neutral,True,0.4847815,
sentiment-te-00736,en-Latn,tweets-english,sentiment,transformer,19,negative,negative,False,0.5357721,
sentiment-te-00737,en-Latn,tweets-english,sentiment,transformer,6,neutral,neutral,False,0.53460234,
sentiment-te-00738,en-Latn,tweets-english,sentiment,transformer,7,positive,neutral,True,0.36699805,
sentiment-te-00739,en-Latn,tweets-english,sentiment,transformer,23,negative,negative,False,0.72979164,
sentiment-te-00740,en-Latn,tweets-english,sentiment,transformer,19,neutral,neutral,False,0.61837053,
sentiment-te-00741,en-Latn,tweets-english,sentiment,transformer,19,positive,positive,False,0.70326686,
sentiment-te-00742,en-Latn,tweets-english,sentiment,transformer,14,negative,negative,False,0.73126906,
sentiment-te-00743,en-Latn,tweets-english,sentiment,transformer,9,neutral,neutral,False,0.6130534,
sentiment-te-00744,en-Latn,tweets-english,sentiment,transformer,4,positive,positive,False,0.7245809,
sentiment-te-00745,en-Latn,tweets-english,sentiment,transformer,20,negative,negative,False,0.82819974,
sentiment-te-00746,en-Latn,tweets-english,sentiment,transformer,16,neutral,neutral,False,0.42160597,
sentiment-te-00747,en-Latn,tweets-english,sentiment,transformer,17,positive,neutral,True,0.59990263,
sentiment-te-00748,en-Latn,tweets-english,sentiment,transformer,20,negative,negative,False,0.79147154,
sentiment-te-00749,en-Latn,tweets-english,sentiment,transformer,20,neutral,neutral,False,0.6047356,
sentiment-te-00750,en-Latn,tweets-english,sentiment,transformer,12,positive,neutral,True,0.4952776,
sentiment-te-00751,en-Latn,tweets-english,sentiment,transformer,19,negative,negative,False,0.76757926,
sentiment-te-00752,en-Latn,tweets-english,sentiment,transformer,12,neutral,neutral,False,0.4848545,
sentiment-te-00753,en-Latn,tweets-english,sentiment,transformer,16,positive,positive,False,0.7322587,
sentiment-te-00754,en-Latn,tweets-english,sentiment,transformer,21,negative,negative,False,0.7802767,
sentiment-te-00755,en-Latn,tweets-english,sentiment,transformer,10,neutral,negative,True,0.6111328,
sentiment-te-00756,en-Latn,tweets-english,sentiment,transformer,13,positive,positive,False,0.56809807,
sentiment-te-00757,en-Latn,tweets-english,sentiment,transformer,16,negative,negative,False,0.7397934,
sentiment-te-00758,en-Latn,tweets-english,sentiment,transformer,26,neutral,neutral,False,0.5856389,
sentiment-te-00759,en-Latn,tweets-english,sentiment,transformer,16,positive,positive,False,0.71910334,
sentiment-te-00760,en-Latn,tweets-english,sentiment,transformer,12,negative,neutral,True,0.55838376,
sentiment-te-00761,en-Latn,tweets-english,sentiment,transformer,6,neutral,neutral,False,0.51644844,
sentiment-te-00762,en-Latn,tweets-english,sentiment,transformer,17,positive,positive,False,0.741235,
sentiment-te-00763,en-Latn,tweets-english,sentiment,transformer,20,negative,negative,False,0.4186549,
sentiment-te-00764,en-Latn,tweets-english,sentiment,transformer,24,neutral,positive,True,0.5080375,
sentiment-te-00765,en-Latn,tweets-english,sentiment,transformer,10,positive,positive,False,0.74576855,
sentiment-te-00766,en-Latn,tweets-english,sentiment,transformer,22,negative,negative,False,0.6811241,
sentiment-te-00767,en-Latn,tweets-english,sentiment,transformer,8,neutral,neutral,False,0.5664748,
sentiment-te-00768,en-Latn,tweets-english,sentiment,transformer,21,positive,neutral,True,0.48780456,
sentiment-te-00769,en-Latn,tweets-english,sentiment,transformer,17,negative,negative,False,0.6416074,
sentiment-te-00770,en-Latn,tweets-english,sentiment,transformer,8,neutral,neutral,False,0.46585065,
sentiment-te-00771,en-Latn,tweets-english,sentiment,transformer,19,positive,positive,False,0.67560244,
sentiment-te-00772,en-Latn,tweets-english,sentiment,transformer,17,negative,negative,False,0.4237944,
sentiment-te-00773,en-Latn,tweets-english,sentiment,transformer,20,neutral,positive,True,0.61389303,
sentiment-te-00774,en-Latn,tweets-english,sentiment,transformer,16,positive,neutral,True,0.50113726,
sentiment-te-00775,en-Latn,tweets-english,sentiment,transformer,12,negative,negative,False,0.77434963,
sentiment-te-00776,en-Latn,tweets-english,sentiment,transformer,8,neutral,neutral,False,0.53343815,
sentiment-te-00777,en-Latn,tweets-english,sentiment,transformer,12,positive,positive,False,0.70229363,
sentiment-te-00778,en-Latn,tweets-english,sentiment,transformer,20,negative,negative,False,0.6545799,
sentiment-te-00779,en-Latn,tweets-english,sentiment,transformer,4,neutral,negative,True,0.76990736,
sentiment-te-00780,en-Latn,tweets-english,sentiment,transformer,11,positive,negative,True,0.4481748,
sentiment-te-00781,en-Latn,tweets-english,sentiment,transformer,19,negative,negative,False,0.79718053,
sentiment-te-00782,en-Latn,tweets-english,sentiment,transformer,17,neutral,neutral,False,0.60469717,
sentiment-te-00783,en-Latn,tweets-english,sentiment,transformer,4,positive,positive,False,0.6425039,
sentiment-te-00784,en-Latn,tweets-english,sentiment,transformer,17,negative,negative,False,0.58881557,
sentiment-te-00785,en-Latn,tweets-english,sentiment,transformer,7,neutral,negative,True,0.45638385,
sentiment-te-00786,en-Latn,tweets-english,sentiment,transformer,21,positive,negative,True,0.7747225,
sentiment-te-00787,en-Latn,tweets-english,sentiment,transformer,14,negative,neutral,True,0.41844806,
sentiment-te-00788,en-Latn,tweets-english,sentiment,transformer,23,neutral,negative,True,0.74793845,
sentiment-te-00789,en-Latn,tweets-english,sentiment,transformer,16,positive,neutral,True,0.5699245,
sentiment-te-00790,en-Latn,tweets-english,sentiment,transformer,5,negative,negative,False,0.6435128,
sentiment-te-00791,en-Latn,tweets-english,sentiment,transformer,7,neutral,neutral,False,0.54541445,
sentiment-te-00792,en-Latn,tweets-english,sentiment,transformer,11,positive,neutral,True,0.47248167,
sentiment-te-00793,en-Latn,tweets-english,sentiment,transformer,21,negative,negative,False,0.63223916,
sentiment-te-00794,en-Latn,tweets-english,sentiment,transformer,7,neutral,negative,True,0.7733855,
sentiment-te-00795,en-Latn,tweets-english,sentiment,transformer,5,positive,positive,False,0.6939304,
sentiment-te-00796,en-Latn,tweets-english,sentiment,transformer,16,negative,neutral,True,0.53464895,
sentiment-te-00797,en-Latn,tweets-english,sentiment,transformer,6,neutral,neutral,False,0.41418582,
sentiment-te-00798,en-Latn,tweets-english,sentiment,transformer,17,positive,neutral,True,0.5323971,
sentiment-te-00799,en-Latn,tweets-english,sentiment,transformer,13,negative,negative,False,0.7400499,
sentiment-te-00800,en-Latn,tweets-english,sentiment,transformer,15,neutral,neutral,False,0.60175765,
sentiment-te-00801,en-Latn,tweets-english,sentiment,transformer,5,positive,neutral,True,0.42463893,
sentiment-te-00802,en-Latn,tweets-english,sentiment,transformer,6,negative,negative,False,0.63632554,
sentiment-te-00803,en-Latn,tweets-english,sentiment,transformer,15,neutral,neutral,False,0.5241053,
sentiment-te-00804,en-Latn,tweets-english,sentiment,transformer,15,positive,negative,True,0.513242,
sentiment-te-00805,en-Latn,tweets-english,sentiment,transformer,14,negative,negative,False,0.83404493,
sentiment-te-00806,en-Latn,tweets-english,sentiment,transformer,15,neutral,neutral,False,0.56371444,
sentiment-te-00807,en-Latn,tweets-english,sentiment,transformer,16,positive,neutral,True,0.5745094,
sentiment-te-00808,en-Latn,tweets-english,sentiment,transformer,18,negative,negative,False,0.7593872,
sentiment-te-00809,en-Latn,tweets-english,sentiment,transformer,10,neutral,neutral,False,0.5744804,
sentiment-te-00810,en-Latn,tweets-english,sentiment,transformer,18,positive,positive,False,0.6983518,
sentiment-te-00811,en-Latn,tweets-english,sentiment,transformer,19,negative,neutral,True,0.6497256,
sentiment-te-00812,en-Latn,tweets-english,sentiment,transformer,7,neutral,positive,True,0.4816235,
sentiment-te-00813,en-Latn,tweets-english,sentiment,transformer,24,positive,positive,False,0.69658196,
sentiment-te-00814,en-Latn,tweets-english,sentiment,transformer,14,negative,negative,False,0.81894374,
sentiment-te-00815,en-Latn,tweets-english,sentiment,transformer,17,neutral,neutral,False,0.44304988,
sentiment-te-00816,en-Latn,tweets-english,sentiment,transformer,12,positive,positive,False,0.5972758,
sentiment-te-00817,en-Latn,tweets-english,sentiment,transformer,23,negative,negative,False,0.5869706,
sentiment-te-00818,en-Latn,tweets-english,sentiment,transformer,16,neutral,neutral,False,0.63845193,
sentiment-te-00819,en-Latn,tweets-english,sentiment,transformer,13,positive,positive,False,0.64354944,
sentiment-te-00820,en-Latn,tweets-english,sentiment,transformer,12,negative,negative,False,0.66973895,
sentiment-te-00821,en-Latn,tweets-english,sentiment,transformer,14,neutral,positive,True,0.45897102,
sentiment-te-00822,en-Latn,tweets-english,sentiment,transformer,11,positive,positive,False,0.6528452,
sentiment-te-00823,en-Latn,tweets-english,sentiment,transformer,17,negative,positive,True,0.5751068,
sentiment-te-00824,en-Latn,tweets-english,sentiment,transformer,15,neutral,negative,True,0.7379229,
sentiment-te-00825,en-Latn,tweets-english,sentiment,transformer,23,positive,positive,False,0.7332628,
sentiment-te-00826,en-Latn,tweets-english,sentiment,transformer,14,negative,negative,False,0.7435077,
sentiment-te-00827,en-Latn,tweets-english,sentiment,transformer,11,neutral,negative,True,0.6810422,
sentiment-te-00828,en-Latn,tweets-english,sentiment,transformer,11,positive,neutral,True,0.58786803,
sentiment-te-00829,en-Latn,tweets-english,sentiment,transformer,7,negative,negative,False,0.7930816,
sentiment-te-00830,en-Latn,tweets-english,sentiment,transformer,17,neutral,neutral,False,0.57689166,
sentiment-te-00831,en-Latn,tweets-english,sentiment,transformer,12,positive,positive,False,0.726203,
sentiment-te-00832,en-Latn,tweets-english,sentiment,transformer,10,negative,negative,False,0.7326802,
sentiment-te-00833,en-Latn,tweets-english,sentiment,transformer,20,neutral,neutral,False,0.5438248,
sentiment-te-00834,en-Latn,tweets-english,sentiment,transformer,11,positive,positive,False,0.7194882,
sentiment-te-00835,en-Latn,tweets-english,sentiment,transformer,20,negative,negative,False,0.6209983,
sentiment-te-00836,en-Latn,tweets-english,sentiment,transformer,15,neutral,neutral,False,0.5414223,
sentiment-te-00837,en-Latn,tweets-english,sentiment,transformer,16,positive,positive,False,0.60438013,
sentiment-te-00838,en-Latn,tweets-english,sentiment,transformer,24,negative,negative,False,0.73864603,
sentiment-te-00839,en-Latn,tweets-english,sentiment,transformer,11,neutral,neutral,False,0.54923797,
sentiment-te-00840,en-Latn,tweets-english,sentiment,transformer,16,positive,positive,False,0.73004377,
sentiment-te-00841,en-Latn,tweets-english,sentiment,transformer,13,negative,negative,False,0.6281206,
sentiment-te-00842,en-Latn,tweets-english,sentiment,transformer,7,neutral,positive,True,0.48644423,
sentiment-te-00843,en-Latn,tweets-english,sentiment,transformer,15,positive,positive,False,0.54722935,
sentiment-te-00844,en-Latn,tweets-english,sentiment,transformer,12,negative,negative,False,0.5808366,
sentiment-te-00845,en-Latn,tweets-english,sentiment,transformer,25,neutral,negative,True,0.7859534,
sentiment-te-00846,en-Latn,tweets-english,sentiment,transformer,17,positive,neutral,True,0.43842924,
sentiment-te-00847,en-Latn,tweets-english,sentiment,transformer,17,negative,negative,False,0.78601706,
sentiment-te-00848,en-Latn,tweets-english,sentiment,transformer,7,neutral,neutral,False,0.6050205,
sentiment-te-00849,en-Latn,tweets-english,sentiment,transformer,11,positive,positive,False,0.7281761,
sentiment-te-00850,en-Latn,tweets-english,sentiment,transformer,17,negative,negative,False,0.80808794,
sentiment-te-00851,en-Latn,tweets-english,sentiment,transformer,5,neutral,positive,True,0.65001464,
sentiment-te-00852,en-Latn,tweets-english,sentiment,transformer,15,positive,negative,True,0.49120307,
sentiment-te-00853,en-Latn,tweets-english,sentiment,transformer,19,negative,negative,False,0.4912542,
sentiment-te-00854,en-Latn,tweets-english,sentiment,transformer,18,neutral,negative,True,0.7990848,
sentiment-te-00855,en-Latn,tweets-english,sentiment,transformer,5,positive,positive,False,0.7404637,
sentiment-te-00856,en-Latn,tweets-english,sentiment,transformer,15,negative,negative,False,0.73250514,
sentiment-te-00857,en-Latn,tweets-english,sentiment,transformer,20,neutral,positive,True,0.47339678,
sentiment-te-00858,en-Latn,tweets-english,sentiment,transformer,9,positive,neutral,True,0.49261644,
sentiment-te-00859,en-Latn,tweets-english,sentiment,transformer,21,negative,negative,False,0.41180328,
sentiment-te-00860,en-Latn,tweets-english,sentiment,transformer,29,neutral,positive,True,0.70805323,
sentiment-te-00861,en-Latn,tweets-english,sentiment,transformer,15,positive,neutral,True,0.3860405,
sentiment-te-00862,en-Latn,tweets-english,sentiment,transformer,12,negative,positive,True,0.44690868,
sentiment-te-00863,en-Latn,tweets-english,sentiment,transformer,10,neutral,positive,True,0.4706544,
sentiment-te-00864,en-Latn,tweets-english,sentiment,transformer,19,positive,positive,False,0.685548,
sentiment-te-00865,en-Latn,tweets-english,sentiment,transformer,19,negative,negative,False,0.7756739,
sentiment-te-00866,en-Latn,tweets-english,sentiment,transformer,21,neutral,neutral,False,0.6463549,
sentiment-te-00867,en-Latn,tweets-english,sentiment,transformer,7,positive,positive,False,0.6593728,
sentiment-te-00868,en-Latn,tweets-english,sentiment,transformer,11,negative,negative,False,0.76697904,
sentiment-te-00869,en-Latn,tweets-english,sentiment,transformer,19,neutral,positive,True,0.5777914,
sentiment-te-00870,en-Latn,tweets-english,sentiment,transformer,13,positive,positive,False,0.56537896,
sentiment-te-00871,hi-Latn,tweets-hindi,sentiment,transformer,21,negative,negative,False,0.46506438,
sentiment-te-00872,hi-Latn,tweets-hindi,sentiment,transformer,6,neutral,negative,True,0.36317974,
sentiment-te-00873,hi-Latn,tweets-hindi,sentiment,transformer,28,positive,positive,False,0.6628844,
sentiment-te-00874,hi-Latn,tweets-hindi,sentiment,transformer,17,negative,negative,False,0.43690684,
sentiment-te-00875,hi-Latn,tweets-hindi,sentiment,transformer,19,neutral,neutral,False,0.5551709,
sentiment-te-00876,hi-Latn,tweets-hindi,sentiment,transformer,2,positive,positive,False,0.4874585,
sentiment-te-00877,hi-Latn,tweets-hindi,sentiment,transformer,14,negative,positive,True,0.40474448,
sentiment-te-00878,hi-Latn,tweets-hindi,sentiment,transformer,7,neutral,negative,True,0.4486465,
sentiment-te-00879,hi-Latn,tweets-hindi,sentiment,transformer,13,positive,neutral,True,0.4046745,
sentiment-te-00880,hi-Latn,tweets-hindi,sentiment,transformer,3,negative,negative,False,0.40669987,
sentiment-te-00881,hi-Latn,tweets-hindi,sentiment,transformer,4,neutral,neutral,False,0.5334225,
sentiment-te-00882,hi-Latn,tweets-hindi,sentiment,transformer,13,positive,neutral,True,0.4212168,
sentiment-te-00883,hi-Latn,tweets-hindi,sentiment,transformer,7,negative,negative,False,0.40918973,
sentiment-te-00884,hi-Latn,tweets-hindi,sentiment,transformer,12,neutral,negative,True,0.43331817,
sentiment-te-00885,hi-Latn,tweets-hindi,sentiment,transformer,26,positive,positive,False,0.4883698,
sentiment-te-00886,hi-Latn,tweets-hindi,sentiment,transformer,14,negative,negative,False,0.37483364,
sentiment-te-00887,hi-Latn,tweets-hindi,sentiment,transformer,13,neutral,positive,True,0.5722307,
sentiment-te-00888,hi-Latn,tweets-hindi,sentiment,transformer,20,positive,negative,True,0.4308707,
sentiment-te-00889,hi-Latn,tweets-hindi,sentiment,transformer,21,negative,neutral,True,0.47851515,
sentiment-te-00890,hi-Latn,tweets-hindi,sentiment,transformer,3,neutral,neutral,False,0.5258293,
sentiment-te-00891,hi-Latn,tweets-hindi,sentiment,transformer,10,positive,neutral,True,0.44854847,
sentiment-te-00892,hi-Latn,tweets-hindi,sentiment,transformer,1,negative,negative,False,0.37669772,
sentiment-te-00893,hi-Latn,tweets-hindi,sentiment,transformer,7,neutral,negative,True,0.5267838,
sentiment-te-00894,hi-Latn,tweets-hindi,sentiment,transformer,20,positive,positive,False,0.44562694,
sentiment-te-00895,hi-Latn,tweets-hindi,sentiment,transformer,2,negative,neutral,True,0.38005105,
sentiment-te-00896,hi-Latn,tweets-hindi,sentiment,transformer,20,positive,neutral,True,0.5963983,
sentiment-te-00897,hi-Latn,tweets-hindi,sentiment,transformer,5,negative,negative,False,0.7813727,
sentiment-te-00898,hi-Latn,tweets-hindi,sentiment,transformer,10,neutral,negative,True,0.60132915,
sentiment-te-00899,hi-Latn,tweets-hindi,sentiment,transformer,7,positive,neutral,True,0.3526781,
sentiment-te-00900,hi-Latn,tweets-hindi,sentiment,transformer,1,negative,negative,False,0.4200255,
sentiment-te-00901,hi-Latn,tweets-hindi,sentiment,transformer,5,neutral,neutral,False,0.385869,
sentiment-te-00902,hi-Latn,tweets-hindi,sentiment,transformer,11,positive,neutral,True,0.3858832,
sentiment-te-00903,hi-Latn,tweets-hindi,sentiment,transformer,21,negative,negative,False,0.63059926,
sentiment-te-00904,hi-Latn,tweets-hindi,sentiment,transformer,8,neutral,neutral,False,0.44635996,
sentiment-te-00905,hi-Latn,tweets-hindi,sentiment,transformer,17,positive,neutral,True,0.38664663,
sentiment-te-00906,hi-Latn,tweets-hindi,sentiment,transformer,5,negative,negative,False,0.7963829,
sentiment-te-00907,hi-Latn,tweets-hindi,sentiment,transformer,5,neutral,neutral,False,0.380549,
sentiment-te-00908,hi-Latn,tweets-hindi,sentiment,transformer,23,positive,negative,True,0.41784263,
sentiment-te-00909,hi-Latn,tweets-hindi,sentiment,transformer,6,negative,neutral,True,0.385062,
sentiment-te-00910,hi-Latn,tweets-hindi,sentiment,transformer,30,neutral,neutral,False,0.3665207,
sentiment-te-00911,hi-Latn,tweets-hindi,sentiment,transformer,9,positive,positive,False,0.4276547,
sentiment-te-00912,hi-Latn,tweets-hindi,sentiment,transformer,20,negative,negative,False,0.7496633,
sentiment-te-00913,hi-Latn,tweets-hindi,sentiment,transformer,17,neutral,positive,True,0.61685216,
sentiment-te-00914,hi-Latn,tweets-hindi,sentiment,transformer,25,positive,positive,False,0.39478403,
sentiment-te-00915,hi-Latn,tweets-hindi,sentiment,transformer,13,negative,negative,False,0.6266909,
sentiment-te-00916,hi-Latn,tweets-hindi,sentiment,transformer,5,neutral,neutral,False,0.4040646,
sentiment-te-00917,hi-Latn,tweets-hindi,sentiment,transformer,21,positive,positive,False,0.54697853,
sentiment-te-00918,hi-Latn,tweets-hindi,sentiment,transformer,19,negative,negative,False,0.6984819,
sentiment-te-00919,hi-Latn,tweets-hindi,sentiment,transformer,8,neutral,neutral,False,0.43331468,
sentiment-te-00920,hi-Latn,tweets-hindi,sentiment,transformer,31,positive,negative,True,0.4731891,
sentiment-te-00921,hi-Latn,tweets-hindi,sentiment,transformer,22,negative,negative,False,0.6694826,
sentiment-te-00922,hi-Latn,tweets-hindi,sentiment,transformer,30,neutral,neutral,False,0.49687257,
sentiment-te-00923,hi-Latn,tweets-hindi,sentiment,transformer,14,positive,positive,False,0.46773154,
sentiment-te-00924,hi-Latn,tweets-hindi,sentiment,transformer,11,negative,negative,False,0.46852735,
sentiment-te-00925,hi-Latn,tweets-hindi,sentiment,transformer,26,neutral,neutral,False,0.5379166,
sentiment-te-00926,hi-Latn,tweets-hindi,sentiment,transformer,21,positive,positive,False,0.7209738,
sentiment-te-00927,hi-Latn,tweets-hindi,sentiment,transformer,12,negative,negative,False,0.46912467,
sentiment-te-00928,hi-Latn,tweets-hindi,sentiment,transformer,5,neutral,neutral,False,0.41029125,
sentiment-te-00929,hi-Latn,tweets-hindi,sentiment,transformer,6,positive,positive,False,0.63138866,
sentiment-te-00930,hi-Latn,tweets-hindi,sentiment,transformer,33,negative,negative,False,0.7191707,
sentiment-te-00931,hi-Latn,tweets-hindi,sentiment,transformer,2,neutral,positive,True,0.670162,
sentiment-te-00932,hi-Latn,tweets-hindi,sentiment,transformer,34,positive,positive,False,0.38513723,
sentiment-te-00933,hi-Latn,tweets-hindi,sentiment,transformer,12,negative,positive,True,0.50468737,
sentiment-te-00934,hi-Latn,tweets-hindi,sentiment,transformer,5,neutral,positive,True,0.7345033,
sentiment-te-00935,hi-Latn,tweets-hindi,sentiment,transformer,4,positive,neutral,True,0.48727354,
sentiment-te-00936,hi-Latn,tweets-hindi,sentiment,transformer,14,negative,negative,False,0.6055943,
sentiment-te-00937,hi-Latn,tweets-hindi,sentiment,transformer,6,neutral,positive,True,0.40694273,
sentiment-te-00938,hi-Latn,tweets-hindi,sentiment,transformer,9,positive,neutral,True,0.39191344,
sentiment-te-00939,hi-Latn,tweets-hindi,sentiment,transformer,3,negative,positive,True,0.6039781,
sentiment-te-00940,hi-Latn,tweets-hindi,sentiment,transformer,2,neutral,neutral,False,0.38374174,
sentiment-te-00941,hi-Latn,tweets-hindi,sentiment,transformer,13,positive,neutral,True,0.4086632,
sentiment-te-00942,hi-Latn,tweets-hindi,sentiment,transformer,4,negative,neutral,True,0.37261188,
sentiment-te-00943,hi-Latn,tweets-hindi,sentiment,transformer,5,neutral,positive,True,0.418886,
sentiment-te-00944,hi-Latn,tweets-hindi,sentiment,transformer,18,positive,negative,True,0.7653278,
sentiment-te-00945,hi-Latn,tweets-hindi,sentiment,transformer,21,negative,positive,True,0.44019437,
sentiment-te-00946,hi-Latn,tweets-hindi,sentiment,transformer,6,neutral,neutral,False,0.6010465,
sentiment-te-00947,hi-Latn,tweets-hindi,sentiment,transformer,11,positive,negative,True,0.4173919,
sentiment-te-00948,hi-Latn,tweets-hindi,sentiment,transformer,30,negative,negative,False,0.38598296,
sentiment-te-00949,hi-Latn,tweets-hindi,sentiment,transformer,12,neutral,negative,True,0.66794485,
sentiment-te-00950,hi-Latn,tweets-hindi,sentiment,transformer,20,positive,positive,False,0.4399744,
sentiment-te-00951,hi-Latn,tweets-hindi,sentiment,transformer,25,negative,negative,False,0.6248394,
sentiment-te-00952,hi-Latn,tweets-hindi,sentiment,transformer,1,neutral,neutral,False,0.3468389,
sentiment-te-00953,hi-Latn,tweets-hindi,sentiment,transformer,18,positive,positive,False,0.68687767,
sentiment-te-00954,hi-Latn,tweets-hindi,sentiment,transformer,13,negative,neutral,True,0.44411922,
sentiment-te-00955,hi-Latn,tweets-hindi,sentiment,transformer,29,neutral,neutral,False,0.54775333,
sentiment-te-00956,hi-Latn,tweets-hindi,sentiment,transformer,23,positive,positive,False,0.7184684,
sentiment-te-00957,hi-Latn,tweets-hindi,sentiment,transformer,38,negative,negative,False,0.8258368,
sentiment-te-00958,hi-Latn,tweets-hindi,sentiment,transformer,36,neutral,neutral,False,0.36189172,
sentiment-te-00959,hi-Latn,tweets-hindi,sentiment,transformer,1,positive,positive,False,0.61177146,
sentiment-te-00960,hi-Latn,tweets-hindi,sentiment,transformer,29,negative,positive,True,0.59898305,
sentiment-te-00961,hi-Latn,tweets-hindi,sentiment,transformer,15,neutral,neutral,False,0.6449474,
sentiment-te-00962,hi-Latn,tweets-hindi,sentiment,transformer,11,positive,positive,False,0.6234249,
sentiment-te-00963,hi-Latn,tweets-hindi,sentiment,transformer,20,negative,negative,False,0.75391465,
sentiment-te-00964,hi-Latn,tweets-hindi,sentiment,transformer,24,neutral,negative,True,0.48447785,
sentiment-te-00965,hi-Latn,tweets-hindi,sentiment,transformer,5,positive,positive,False,0.39574426,
sentiment-te-00966,hi-Latn,tweets-hindi,sentiment,transformer,28,negative,negative,False,0.81712997,
sentiment-te-00967,hi-Latn,tweets-hindi,sentiment,transformer,18,neutral,negative,True,0.5216287,
sentiment-te-00968,hi-Latn,tweets-hindi,sentiment,transformer,18,positive,neutral,True,0.45426217,
sentiment-te-00969,hi-Latn,tweets-hindi,sentiment,transformer,18,negative,negative,False,0.77105945,
sentiment-te-00970,hi-Latn,tweets-hindi,sentiment,transformer,6,neutral,negative,True,0.4832619,
sentiment-te-00971,hi-Latn,tweets-hindi,sentiment,transformer,11,positive,positive,False,0.51455045,
sentiment-te-00972,hi-Latn,tweets-hindi,sentiment,transformer,17,negative,negative,False,0.7519475,
sentiment-te-00973,hi-Latn,tweets-hindi,sentiment,transformer,5,neutral,negative,True,0.52371275,
sentiment-te-00974,hi-Latn,tweets-hindi,sentiment,transformer,15,positive,negative,True,0.7799527,
sentiment-te-00975,hi-Latn,tweets-hindi,sentiment,transformer,13,negative,negative,False,0.7363886,
sentiment-te-00976,hi-Latn,tweets-hindi,sentiment,transformer,7,neutral,neutral,False,0.41369742,
sentiment-te-00977,hi-Latn,tweets-hindi,sentiment,transformer,25,positive,neutral,True,0.3970481,
sentiment-te-00978,hi-Latn,tweets-hindi,sentiment,transformer,20,negative,neutral,True,0.48791054,
sentiment-te-00979,hi-Latn,tweets-hindi,sentiment,transformer,17,positive,neutral,True,0.40712547,
sentiment-te-00980,hi-Latn,tweets-hindi,sentiment,transformer,12,negative,negative,False,0.59587365,
sentiment-te-00981,hi-Latn,tweets-hindi,sentiment,transformer,5,neutral,negative,True,0.7302394,
sentiment-te-00982,hi-Latn,tweets-hindi,sentiment,transformer,86,positive,positive,False,0.36511996,
sentiment-te-00983,hi-Latn,tweets-hindi,sentiment,transformer,18,negative,negative,False,0.7876158,
sentiment-te-00984,hi-Latn,tweets-hindi,sentiment,transformer,11,neutral,neutral,False,0.5382432,
sentiment-te-00985,hi-Latn,tweets-hindi,sentiment,transformer,9,positive,positive,False,0.69188803,
sentiment-te-00986,hi-Latn,tweets-hindi,sentiment,transformer,13,negative,positive,True,0.43180126,
sentiment-te-00987,hi-Latn,tweets-hindi,sentiment,transformer,10,neutral,negative,True,0.3745182,
sentiment-te-00988,hi-Latn,tweets-hindi,sentiment,transformer,20,positive,neutral,True,0.4409002,
sentiment-te-00989,hi-Latn,tweets-hindi,sentiment,transformer,18,negative,neutral,True,0.3448882,
sentiment-te-00990,hi-Latn,tweets-hindi,sentiment,transformer,7,neutral,neutral,False,0.53085476,
sentiment-te-00991,hi-Latn,tweets-hindi,sentiment,transformer,2,positive,positive,False,0.39912328,
sentiment-te-00992,hi-Latn,tweets-hindi,sentiment,transformer,8,negative,negative,False,0.58367676,
sentiment-te-00993,hi-Latn,tweets-hindi,sentiment,transformer,14,neutral,positive,True,0.5868957,
sentiment-te-00994,hi-Latn,tweets-hindi,sentiment,transformer,13,positive,positive,False,0.73780817,
sentiment-te-00995,hi-Latn,tweets-hindi,sentiment,transformer,20,negative,negative,False,0.4199276,
sentiment-te-00996,hi-Latn,tweets-hindi,sentiment,transformer,31,neutral,positive,True,0.36888328,
sentiment-te-00997,hi-Latn,tweets-hindi,sentiment,transformer,6,positive,neutral,True,0.42492202,
sentiment-te-00998,hi-Latn,tweets-hindi,sentiment,transformer,11,negative,negative,False,0.5999193,
sentiment-te-00999,hi-Latn,tweets-hindi,sentiment,transformer,13,neutral,positive,True,0.7303895,
sentiment-te-01000,hi-Latn,tweets-hindi,sentiment,transformer,18,positive,positive,False,0.67678416,
sentiment-te-01001,hi-Latn,tweets-hindi,sentiment,transformer,5,negative,neutral,True,0.3666549,
sentiment-te-01002,hi-Latn,tweets-hindi,sentiment,transformer,28,neutral,neutral,False,0.54348075,
sentiment-te-01003,hi-Latn,tweets-hindi,sentiment,transformer,30,positive,neutral,True,0.4463378,
sentiment-te-01004,hi-Latn,tweets-hindi,sentiment,transformer,2,negative,neutral,True,0.5469408,
sentiment-te-01005,hi-Latn,tweets-hindi,sentiment,transformer,8,neutral,neutral,False,0.4381111,
sentiment-te-01006,hi-Latn,tweets-hindi,sentiment,transformer,18,positive,positive,False,0.63815844,
sentiment-te-01007,hi-Latn,tweets-hindi,sentiment,transformer,21,negative,negative,False,0.8221414,
sentiment-te-01008,hi-Latn,tweets-hindi,sentiment,transformer,3,neutral,negative,True,0.3835956,
sentiment-te-01009,hi-Latn,tweets-hindi,sentiment,transformer,10,positive,negative,True,0.5489567,
sentiment-te-01010,hi-Latn,tweets-hindi,sentiment,transformer,11,negative,negative,False,0.6871829,
sentiment-te-01011,hi-Latn,tweets-hindi,sentiment,transformer,3,neutral,positive,True,0.66285044,
sentiment-te-01012,hi-Latn,tweets-hindi,sentiment,transformer,17,positive,positive,False,0.63692653,
sentiment-te-01013,hi-Latn,tweets-hindi,sentiment,transformer,15,negative,negative,False,0.82597965,
sentiment-te-01014,hi-Latn,tweets-hindi,sentiment,transformer,6,positive,positive,False,0.7193342,
sentiment-te-01015,hi-Latn,tweets-hindi,sentiment,transformer,3,negative,neutral,True,0.53915274,
sentiment-te-01016,hi-Latn,tweets-hindi,sentiment,transformer,16,neutral,positive,True,0.7008576,
sentiment-te-01017,hi-Latn,tweets-hindi,sentiment,transformer,9,positive,positive,False,0.6189912,
sentiment-te-01018,hi-Latn,tweets-hindi,sentiment,transformer,5,negative,negative,False,0.5215691,
sentiment-te-01019,hi-Latn,tweets-hindi,sentiment,transformer,6,neutral,negative,True,0.7444562,
sentiment-te-01020,hi-Latn,tweets-hindi,sentiment,transformer,7,positive,positive,False,0.675346,
sentiment-te-01021,hi-Latn,tweets-hindi,sentiment,transformer,18,negative,negative,False,0.7852593,
sentiment-te-01022,hi-Latn,tweets-hindi,sentiment,transformer,5,neutral,neutral,False,0.6071911,
sentiment-te-01023,hi-Latn,tweets-hindi,sentiment,transformer,27,positive,positive,False,0.6143174,
sentiment-te-01024,hi-Latn,tweets-hindi,sentiment,transformer,18,negative,negative,False,0.6888479,
sentiment-te-01025,hi-Latn,tweets-hindi,sentiment,transformer,38,neutral,negative,True,0.58657265,
sentiment-te-01026,hi-Latn,tweets-hindi,sentiment,transformer,25,positive,positive,False,0.7085559,
sentiment-te-01027,hi-Latn,tweets-hindi,sentiment,transformer,4,negative,neutral,True,0.5604162,
sentiment-te-01028,hi-Latn,tweets-hindi,sentiment,transformer,6,neutral,neutral,False,0.41009298,
sentiment-te-01029,hi-Latn,tweets-hindi,sentiment,transformer,7,positive,negative,True,0.44238767,
sentiment-te-01030,hi-Latn,tweets-hindi,sentiment,transformer,22,negative,negative,False,0.71844,
sentiment-te-01031,hi-Latn,tweets-hindi,sentiment,transformer,4,neutral,negative,True,0.65286237,
sentiment-te-01032,hi-Latn,tweets-hindi,sentiment,transformer,40,positive,positive,False,0.60234916,
sentiment-te-01033,hi-Latn,tweets-hindi,sentiment,transformer,11,negative,negative,False,0.38893086,
sentiment-te-01034,hi-Latn,tweets-hindi,sentiment,transformer,15,neutral,negative,True,0.501453,
sentiment-te-01035,hi-Latn,tweets-hindi,sentiment,transformer,24,positive,positive,False,0.43194902,
sentiment-te-01036,hi-Latn,tweets-hindi,sentiment,transformer,11,negative,negative,False,0.632067,
sentiment-te-01037,hi-Latn,tweets-hindi,sentiment,transformer,1,neutral,neutral,False,0.35859087,
sentiment-te-01038,hi-Latn,tweets-hindi,sentiment,transformer,17,positive,neutral,True,0.44920644,
sentiment-te-01039,hi-Latn,tweets-hindi,sentiment,transformer,20,negative,negative,False,0.7160037,
sentiment-te-01040,hi-Latn,tweets-hindi,sentiment,transformer,25,neutral,positive,True,0.6414128,
sentiment-te-01041,hi-Latn,tweets-hindi,sentiment,transformer,20,positive,positive,False,0.6622439,
sentiment-te-01042,hi-Latn,tweets-hindi,sentiment,transformer,5,negative,neutral,True,0.5239027,
sentiment-te-01043,hi-Latn,tweets-hindi,sentiment,transformer,10,neutral,neutral,False,0.3750048,
sentiment-te-01044,hi-Latn,tweets-hindi,sentiment,transformer,8,positive,positive,False,0.4894745,
sentiment-te-01045,hi-Latn,tweets-hindi,sentiment,transformer,14,negative,negative,False,0.81477225,
sentiment-te-01046,hi-Latn,tweets-hindi,sentiment,transformer,2,neutral,neutral,False,0.3909067,
sentiment-te-01047,hi-Latn,tweets-hindi,sentiment,transformer,39,positive,neutral,True,0.4040317,
sentiment-te-01048,hi-Latn,tweets-hindi,sentiment,transformer,13,negative,negative,False,0.7004429,
sentiment-te-01049,hi-Latn,tweets-hindi,sentiment,transformer,30,neutral,neutral,False,0.54431105,
sentiment-te-01050,hi-Latn,tweets-hindi,sentiment,transformer,7,positive,neutral,True,0.4427235,
sentiment-te-01051,hi-Latn,tweets-hindi,sentiment,transformer,8,negative,negative,False,0.5629748,
sentiment-te-01052,hi-Latn,tweets-hindi,sentiment,transformer,5,neutral,neutral,False,0.39625293,
sentiment-te-01053,hi-Latn,tweets-hindi,sentiment,transformer,26,positive,positive,False,0.65254986,
sentiment-te-01054,hi-Latn,tweets-hindi,sentiment,transformer,20,negative,negative,False,0.6498721,
sentiment-te-01055,hi-Latn,tweets-hindi,sentiment,transformer,15,neutral,neutral,False,0.4857806,
sentiment-te-01056,hi-Latn,tweets-hindi,sentiment,transformer,40,positive,negative,True,0.44830376,
sentiment-te-01057,hi-Latn,tweets-hindi,sentiment,transformer,14,negative,positive,True,0.41884595,
sentiment-te-01058,hi-Latn,tweets-hindi,sentiment,transformer,10,neutral,neutral,False,0.47045827,
sentiment-te-01059,hi-Latn,tweets-hindi,sentiment,transformer,15,positive,positive,False,0.67891467,
sentiment-te-01060,hi-Latn,tweets-hindi,sentiment,transformer,17,negative,negative,False,0.58515537,
sentiment-te-01061,hi-Latn,tweets-hindi,sentiment,transformer,15,neutral,positive,True,0.718317,
sentiment-te-01062,hi-Latn,tweets-hindi,sentiment,transformer,21,positive,positive,False,0.6963523,
sentiment-te-01063,hi-Latn,tweets-hindi,sentiment,transformer,5,negative,negative,False,0.41684583,
sentiment-te-01064,hi-Latn,tweets-hindi,sentiment,transformer,11,neutral,negative,True,0.5440378,
sentiment-te-01065,hi-Latn,tweets-hindi,sentiment,transformer,30,positive,negative,True,0.68409073,
sentiment-te-01066,hi-Latn,tweets-hindi,sentiment,transformer,62,negative,negative,False,0.44133914,
sentiment-te-01067,hi-Latn,tweets-hindi,sentiment,transformer,3,neutral,positive,True,0.468703,
sentiment-te-01068,hi-Latn,tweets-hindi,sentiment,transformer,31,positive,neutral,True,0.40204215,
sentiment-te-01069,hi-Latn,tweets-hindi,sentiment,transformer,15,negative,neutral,True,0.40074334,
sentiment-te-01070,hi-Latn,tweets-hindi,sentiment,transformer,30,neutral,neutral,False,0.5518457,
sentiment-te-01071,hi-Latn,tweets-hindi,sentiment,transformer,5,positive,neutral,True,0.36162376,
sentiment-te-01072,hi-Latn,tweets-hindi,sentiment,transformer,26,negative,negative,False,0.44000855,
sentiment-te-01073,hi-Latn,tweets-hindi,sentiment,transformer,2,neutral,neutral,False,0.54082084,
sentiment-te-01074,hi-Latn,tweets-hindi,sentiment,transformer,23,positive,positive,False,0.7170482,
sentiment-te-01075,hi-Latn,tweets-hindi,sentiment,transformer,8,negative,negative,False,0.72181046,
sentiment-te-01076,hi-Latn,tweets-hindi,sentiment,transformer,13,neutral,neutral,False,0.46128428,
sentiment-te-01077,hi-Latn,tweets-hindi,sentiment,transformer,10,positive,positive,False,0.5444958,
sentiment-te-01078,hi-Latn,tweets-hindi,sentiment,transformer,22,negative,neutral,True,0.59896845,
sentiment-te-01079,hi-Latn,tweets-hindi,sentiment,transformer,19,neutral,neutral,False,0.538235,
sentiment-te-01080,hi-Latn,tweets-hindi,sentiment,transformer,3,positive,neutral,True,0.40794238,
sentiment-te-01081,hi-Latn,tweets-hindi,sentiment,transformer,19,negative,negative,False,0.48277852,
sentiment-te-01082,hi-Latn,tweets-hindi,sentiment,transformer,28,neutral,neutral,False,0.60580367,
sentiment-te-01083,hi-Latn,tweets-hindi,sentiment,transformer,8,positive,positive,False,0.43463406,
sentiment-te-01084,hi-Latn,tweets-hindi,sentiment,transformer,38,negative,negative,False,0.42248267,
sentiment-te-01085,hi-Latn,tweets-hindi,sentiment,transformer,10,neutral,negative,True,0.4226069,
sentiment-te-01086,hi-Latn,tweets-hindi,sentiment,transformer,14,positive,negative,True,0.7936962,
sentiment-te-01087,hi-Latn,tweets-hindi,sentiment,transformer,3,negative,positive,True,0.6587468,
sentiment-te-01088,hi-Latn,tweets-hindi,sentiment,transformer,2,neutral,positive,True,0.4400908,
sentiment-te-01089,hi-Latn,tweets-hindi,sentiment,transformer,10,positive,positive,False,0.68583405,
sentiment-te-01090,hi-Latn,tweets-hindi,sentiment,transformer,15,negative,negative,False,0.53604525,
sentiment-te-01091,hi-Latn,tweets-hindi,sentiment,transformer,14,neutral,neutral,False,0.5589734,
sentiment-te-01092,hi-Latn,tweets-hindi,sentiment,transformer,23,positive,neutral,True,0.394955,
sentiment-te-01093,hi-Latn,tweets-hindi,sentiment,transformer,26,negative,negative,False,0.6906029,
sentiment-te-01094,hi-Latn,tweets-hindi,sentiment,transformer,24,neutral,positive,True,0.40023783,
sentiment-te-01095,hi-Latn,tweets-hindi,sentiment,transformer,26,positive,positive,False,0.58074576,
sentiment-te-01096,hi-Latn,tweets-hindi,sentiment,transformer,7,negative,neutral,True,0.4418939,
sentiment-te-01097,hi-Latn,tweets-hindi,sentiment,transformer,4,neutral,negative,True,0.44645572,
sentiment-te-01098,hi-Latn,tweets-hindi,sentiment,transformer,6,positive,positive,False,0.39307463,
sentiment-te-01099,hi-Latn,tweets-hindi,sentiment,transformer,40,negative,positive,True,0.5821177,
sentiment-te-01100,hi-Latn,tweets-hindi,sentiment,transformer,22,neutral,neutral,False,0.65211195,
sentiment-te-01101,hi-Latn,tweets-hindi,sentiment,transformer,12,positive,positive,False,0.4143653,
sentiment-te-01102,hi-Latn,tweets-hindi,sentiment,transformer,2,negative,neutral,True,0.3716621,
sentiment-te-01103,hi-Latn,tweets-hindi,sentiment,transformer,11,neutral,negative,True,0.46178302,
sentiment-te-01104,hi-Latn,tweets-hindi,sentiment,transformer,40,positive,negative,True,0.67340565,
sentiment-te-01105,hi-Latn,tweets-hindi,sentiment,transformer,37,negative,negative,False,0.646196,
sentiment-te-01106,hi-Latn,tweets-hindi,sentiment,transformer,12,neutral,negative,True,0.48274586,
sentiment-te-01107,hi-Latn,tweets-hindi,sentiment,transformer,2,positive,negative,True,0.40904817,
sentiment-te-01108,hi-Latn,tweets-hindi,sentiment,transformer,12,negative,negative,False,0.53959405,
sentiment-te-01109,hi-Latn,tweets-hindi,sentiment,transformer,14,neutral,positive,True,0.3914878,
sentiment-te-01110,hi-Latn,tweets-hindi,sentiment,transformer,9,positive,positive,False,0.5388388,
sentiment-te-01111,hi-Latn,tweets-hindi,sentiment,transformer,20,negative,negative,False,0.7468382,
sentiment-te-01112,hi-Latn,tweets-hindi,sentiment,transformer,32,neutral,neutral,False,0.46452084,
sentiment-te-01113,hi-Latn,tweets-hindi,sentiment,transformer,17,positive,positive,False,0.7003102,
sentiment-te-01114,hi-Latn,tweets-hindi,sentiment,transformer,18,negative,neutral,True,0.55078965,
sentiment-te-01115,hi-Latn,tweets-hindi,sentiment,transformer,18,neutral,neutral,False,0.5889235,
sentiment-te-01116,hi-Latn,tweets-hindi,sentiment,transformer,19,positive,negative,True,0.57731557,
sentiment-te-01117,hi-Latn,tweets-hindi,sentiment,transformer,42,negative,negative,False,0.6690579,
sentiment-te-01118,hi-Latn,tweets-hindi,sentiment,transformer,8,neutral,positive,True,0.44056037,
sentiment-te-01119,hi-Latn,tweets-hindi,sentiment,transformer,19,positive,negative,True,0.78009987,
sentiment-te-01120,hi-Latn,tweets-hindi,sentiment,transformer,11,negative,neutral,True,0.4745341,
sentiment-te-01121,hi-Latn,tweets-hindi,sentiment,transformer,13,neutral,negative,True,0.5247406,
sentiment-te-01122,hi-Latn,tweets-hindi,sentiment,transformer,29,positive,positive,False,0.44900507,
sentiment-te-01123,hi-Latn,tweets-hindi,sentiment,transformer,16,negative,neutral,True,0.35703042,
sentiment-te-01124,hi-Latn,tweets-hindi,sentiment,transformer,1,neutral,negative,True,0.40921187,
sentiment-te-01125,hi-Latn,tweets-hindi,sentiment,transformer,12,positive,neutral,True,0.49710295,
sentiment-te-01126,hi-Latn,tweets-hindi,sentiment,transformer,18,negative,neutral,True,0.3922239,
sentiment-te-01127,hi-Latn,tweets-hindi,sentiment,transformer,8,neutral,neutral,False,0.3849588,
sentiment-te-01128,hi-Latn,tweets-hindi,sentiment,transformer,15,positive,positive,False,0.7354311,
sentiment-te-01129,hi-Latn,tweets-hindi,sentiment,transformer,6,negative,negative,False,0.67564535,
sentiment-te-01130,hi-Latn,tweets-hindi,sentiment,transformer,12,neutral,neutral,False,0.53985703,
sentiment-te-01131,hi-Latn,tweets-hindi,sentiment,transformer,7,positive,negative,True,0.45001706,
sentiment-te-01132,hi-Latn,tweets-hindi,sentiment,transformer,20,negative,positive,True,0.39106444,
sentiment-te-01133,hi-Latn,tweets-hindi,sentiment,transformer,20,neutral,negative,True,0.4243097,
sentiment-te-01134,hi-Latn,tweets-hindi,sentiment,transformer,22,positive,neutral,True,0.6043649,
sentiment-te-01135,hi-Latn,tweets-hindi,sentiment,transformer,20,negative,negative,False,0.35903695,
sentiment-te-01136,hi-Latn,tweets-hindi,sentiment,transformer,14,neutral,neutral,False,0.37649846,
sentiment-te-01137,hi-Latn,tweets-hindi,sentiment,transformer,17,positive,neutral,True,0.37641427,
sentiment-te-01138,hi-Latn,tweets-hindi,sentiment,transformer,6,negative,negative,False,0.60036516,
sentiment-te-01139,hi-Latn,tweets-hindi,sentiment,transformer,6,neutral,negative,True,0.5826679,
sentiment-te-01140,hi-Latn,tweets-hindi,sentiment,transformer,12,positive,neutral,True,0.568371,
sentiment-te-01141,hi-Latn,tweets-hindi,sentiment,transformer,16,negative,neutral,True,0.45629874,
sentiment-te-01142,hi-Latn,tweets-hindi,sentiment,transformer,22,neutral,neutral,False,0.44064102,
sentiment-te-01143,hi-Latn,tweets-hindi,sentiment,transformer,15,positive,positive,False,0.7018862,
sentiment-te-01144,hi-Latn,tweets-hindi,sentiment,transformer,21,negative,negative,False,0.6975794,
sentiment-te-01145,hi-Latn,tweets-hindi,sentiment,transformer,22,neutral,negative,True,0.43458533,
sentiment-te-01146,hi-Latn,tweets-hindi,sentiment,transformer,23,positive,neutral,True,0.3958524,
sentiment-te-01147,hi-Latn,tweets-hindi,sentiment,transformer,23,negative,positive,True,0.3583099,
sentiment-te-01148,hi-Latn,tweets-hindi,sentiment,transformer,4,neutral,neutral,False,0.4387775,
sentiment-te-01149,hi-Latn,tweets-hindi,sentiment,transformer,7,positive,positive,False,0.5265578,
sentiment-te-01150,hi-Latn,tweets-hindi,sentiment,transformer,10,negative,negative,False,0.6800646,
sentiment-te-01151,hi-Latn,tweets-hindi,sentiment,transformer,4,neutral,neutral,False,0.36686778,
sentiment-te-01152,hi-Latn,tweets-hindi,sentiment,transformer,6,positive,negative,True,0.47159785,
sentiment-te-01153,hi-Latn,tweets-hindi,sentiment,transformer,18,negative,negative,False,0.7354356,
sentiment-te-01154,hi-Latn,tweets-hindi,sentiment,transformer,8,neutral,negative,True,0.38552892,
sentiment-te-01155,hi-Latn,tweets-hindi,sentiment,transformer,41,positive,positive,False,0.36474398,
sentiment-te-01156,hi-Latn,tweets-hindi,sentiment,transformer,6,negative,negative,False,0.5826642,
sentiment-te-01157,hi-Latn,tweets-hindi,sentiment,transformer,11,neutral,neutral,False,0.50277424,
sentiment-te-01158,hi-Latn,tweets-hindi,sentiment,transformer,3,positive,neutral,True,0.3908273,
sentiment-te-01159,hi-Latn,tweets-hindi,sentiment,transformer,24,negative,negative,False,0.40388963,
sentiment-te-01160,hi-Latn,tweets-hindi,sentiment,transformer,10,neutral,neutral,False,0.41051793,
sentiment-te-01161,hi-Latn,tweets-hindi,sentiment,transformer,7,positive,negative,True,0.80060554,
sentiment-te-01162,hi-Latn,tweets-hindi,sentiment,transformer,26,negative,negative,False,0.616998,
sentiment-te-01163,hi-Latn,tweets-hindi,sentiment,transformer,3,neutral,negative,True,0.670703,
sentiment-te-01164,hi-Latn,tweets-hindi,sentiment,transformer,3,positive,neutral,True,0.4266553,
sentiment-te-01165,hi-Latn,tweets-hindi,sentiment,transformer,31,negative,negative,False,0.7536691,
sentiment-te-01166,hi-Latn,tweets-hindi,sentiment,transformer,8,neutral,negative,True,0.62921524,
sentiment-te-01167,hi-Latn,tweets-hindi,sentiment,transformer,2,positive,neutral,True,0.37910035,
sentiment-te-01168,hi-Latn,tweets-hindi,sentiment,transformer,16,negative,negative,False,0.602724,
sentiment-te-01169,hi-Latn,tweets-hindi,sentiment,transformer,8,neutral,negative,True,0.58969814,
sentiment-te-01170,hi-Latn,tweets-hindi,sentiment,transformer,6,positive,neutral,True,0.40082675,
sentiment-te-01171,hi-Latn,tweets-hindi,sentiment,transformer,24,negative,neutral,True,0.37182486,
sentiment-te-01172,hi-Latn,tweets-hindi,sentiment,transformer,5,neutral,positive,True,0.66297984,
sentiment-te-01173,hi-Latn,tweets-hindi,sentiment,transformer,5,positive,positive,False,0.47926578,
sentiment-te-01174,hi-Latn,tweets-hindi,sentiment,transformer,2,negative,positive,True,0.65133494,
sentiment-te-01175,hi-Latn,tweets-hindi,sentiment,transformer,26,neutral,neutral,False,0.41619647,
sentiment-te-01176,hi-Latn,tweets-hindi,sentiment,transformer,3,positive,positive,False,0.41799173,
sentiment-te-01177,hi-Latn,tweets-hindi,sentiment,transformer,9,negative,neutral,True,0.5684398,
sentiment-te-01178,hi-Latn,tweets-hindi,sentiment,transformer,5,neutral,neutral,False,0.5082878,
sentiment-te-01179,hi-Latn,tweets-hindi,sentiment,transformer,10,positive,positive,False,0.65287477,
sentiment-te-01180,hi-Latn,tweets-hindi,sentiment,transformer,12,negative,negative,False,0.6641214,
sentiment-te-01181,hi-Latn,tweets-hindi,sentiment,transformer,10,neutral,positive,True,0.6118951,
sentiment-te-01182,hi-Latn,tweets-hindi,sentiment,transformer,1,positive,positive,False,0.50632,
sentiment-te-01183,hi-Latn,tweets-hindi,sentiment,transformer,10,negative,negative,False,0.44708532,
sentiment-te-01184,hi-Latn,tweets-hindi,sentiment,transformer,16,neutral,neutral,False,0.6306635,
sentiment-te-01185,hi-Latn,tweets-hindi,sentiment,transformer,25,positive,positive,False,0.391226,
sentiment-te-01186,hi-Latn,tweets-hindi,sentiment,transformer,12,negative,negative,False,0.47297037,
sentiment-te-01187,hi-Latn,tweets-hindi,sentiment,transformer,3,neutral,positive,True,0.37741703,
sentiment-te-01188,hi-Latn,tweets-hindi,sentiment,transformer,6,positive,positive,False,0.730893,
sentiment-te-01189,hi-Latn,tweets-hindi,sentiment,transformer,25,negative,neutral,True,0.42492914,
sentiment-te-01190,hi-Latn,tweets-hindi,sentiment,transformer,10,neutral,positive,True,0.37234798,
sentiment-te-01191,hi-Latn,tweets-hindi,sentiment,transformer,27,positive,negative,True,0.46024695,
sentiment-te-01192,hi-Latn,tweets-hindi,sentiment,transformer,12,negative,negative,False,0.3499719,
sentiment-te-01193,hi-Latn,tweets-hindi,sentiment,transformer,8,neutral,negative,True,0.56358397,
sentiment-te-01194,hi-Latn,tweets-hindi,sentiment,transformer,4,positive,positive,False,0.4160079,
sentiment-te-01195,hi-Latn,tweets-hindi,sentiment,transformer,29,negative,negative,False,0.8090043,
sentiment-te-01196,hi-Latn,tweets-hindi,sentiment,transformer,23,neutral,neutral,False,0.42897543,
sentiment-te-01197,hi-Latn,tweets-hindi,sentiment,transformer,7,positive,neutral,True,0.5342188,
sentiment-te-01198,hi-Latn,tweets-hindi,sentiment,transformer,11,negative,negative,False,0.3785163,
sentiment-te-01199,hi-Latn,tweets-hindi,sentiment,transformer,9,neutral,negative,True,0.3912962,
sentiment-te-01200,hi-Latn,tweets-hindi,sentiment,transformer,14,positive,positive,False,0.43499964,
sentiment-te-01201,hi-Latn,tweets-hindi,sentiment,transformer,15,negative,negative,False,0.47453877,
sentiment-te-01202,hi-Latn,tweets-hindi,sentiment,transformer,5,neutral,positive,True,0.3902947,
sentiment-te-01203,hi-Latn,tweets-hindi,sentiment,transformer,25,positive,positive,False,0.6810886,
sentiment-te-01204,hi-Latn,tweets-hindi,sentiment,transformer,13,negative,positive,True,0.38840514,
sentiment-te-01205,hi-Latn,tweets-hindi,sentiment,transformer,25,neutral,negative,True,0.46259412,
sentiment-te-01206,hi-Latn,tweets-hindi,sentiment,transformer,4,positive,positive,False,0.70577043,
sentiment-te-01207,hi-Latn,tweets-hindi,sentiment,transformer,11,negative,negative,False,0.8165526,
sentiment-te-01208,hi-Latn,tweets-hindi,sentiment,transformer,15,neutral,neutral,False,0.52009475,
sentiment-te-01209,hi-Latn,tweets-hindi,sentiment,transformer,12,positive,negative,True,0.5005641,
sentiment-te-01210,hi-Latn,tweets-hindi,sentiment,transformer,6,negative,positive,True,0.50740105,
sentiment-te-01211,hi-Latn,tweets-hindi,sentiment,transformer,5,neutral,neutral,False,0.5893089,
sentiment-te-01212,hi-Latn,tweets-hindi,sentiment,transformer,24,positive,positive,False,0.4963542,
sentiment-te-01213,hi-Latn,tweets-hindi,sentiment,transformer,27,negative,positive,True,0.4334309,
sentiment-te-01214,hi-Latn,tweets-hindi,sentiment,transformer,11,neutral,neutral,False,0.35870084,
sentiment-te-01215,hi-Latn,tweets-hindi,sentiment,transformer,27,positive,positive,False,0.4486262,
sentiment-te-01216,hi-Latn,tweets-hindi,sentiment,transformer,9,negative,positive,True,0.5774958,
sentiment-te-01217,hi-Latn,tweets-hindi,sentiment,transformer,19,neutral,neutral,False,0.4574302,
sentiment-te-01218,hi-Latn,tweets-hindi,sentiment,transformer,7,positive,negative,True,0.6855914,
sentiment-te-01219,hi-Latn,tweets-hindi,sentiment,transformer,26,negative,negative,False,0.36339492,
sentiment-te-01220,hi-Latn,tweets-hindi,sentiment,transformer,11,neutral,neutral,False,0.6086834,
sentiment-te-01221,hi-Latn,tweets-hindi,sentiment,transformer,4,positive,positive,False,0.4365572,
sentiment-te-01222,hi-Latn,tweets-hindi,sentiment,transformer,19,negative,negative,False,0.36920124,
sentiment-te-01223,hi-Latn,tweets-hindi,sentiment,transformer,12,neutral,neutral,False,0.56005234,
sentiment-te-01224,hi-Latn,tweets-hindi,sentiment,transformer,18,positive,negative,True,0.40660077,
sentiment-te-01225,hi-Latn,tweets-hindi,sentiment,transformer,9,negative,neutral,True,0.42966458,
sentiment-te-01226,hi-Latn,tweets-hindi,sentiment,transformer,1,neutral,positive,True,0.37397686,
sentiment-te-01227,hi-Latn,tweets-hindi,sentiment,transformer,6,positive,positive,False,0.6830511,
sentiment-te-01228,hi-Latn,tweets-hindi,sentiment,transformer,14,negative,neutral,True,0.47413272,
sentiment-te-01229,hi-Latn,tweets-hindi,sentiment,transformer,6,neutral,neutral,False,0.35548565,
sentiment-te-01230,hi-Latn,tweets-hindi,sentiment,transformer,24,positive,positive,False,0.5980724,
sentiment-te-01231,hi-Latn,tweets-hindi,sentiment,transformer,16,negative,negative,False,0.4614089,
sentiment-te-01232,hi-Latn,tweets-hindi,sentiment,transformer,10,neutral,neutral,False,0.43864146,
sentiment-te-01233,hi-Latn,tweets-hindi,sentiment,transformer,18,positive,neutral,True,0.372213,
sentiment-te-01234,hi-Latn,tweets-hindi,sentiment,transformer,18,negative,neutral,True,0.45349553,
sentiment-te-01235,hi-Latn,tweets-hindi,sentiment,transformer,3,neutral,negative,True,0.42459622,
sentiment-te-01236,hi-Latn,tweets-hindi,sentiment,transformer,9,positive,negative,True,0.38371745,
sentiment-te-01237,hi-Latn,tweets-hindi,sentiment,transformer,18,negative,negative,False,0.6442961,
sentiment-te-01238,hi-Latn,tweets-hindi,sentiment,transformer,13,neutral,neutral,False,0.42082974,
sentiment-te-01239,hi-Latn,tweets-hindi,sentiment,transformer,32,positive,positive,False,0.5575965,
sentiment-te-01240,hi-Latn,tweets-hindi,sentiment,transformer,4,negative,positive,True,0.444389,
sentiment-te-01241,hi-Latn,tweets-hindi,sentiment,transformer,12,neutral,neutral,False,0.54063874,
sentiment-te-01242,hi-Latn,tweets-hindi,sentiment,transformer,7,positive,positive,False,0.71873283,
sentiment-te-01243,hi-Latn,tweets-hindi,sentiment,transformer,22,negative,positive,True,0.61816394,
sentiment-te-01244,hi-Latn,tweets-hindi,sentiment,transformer,6,neutral,neutral,False,0.4236122,
sentiment-te-01245,hi-Latn,tweets-hindi,sentiment,transformer,8,positive,positive,False,0.38338086,
sentiment-te-01246,hi-Latn,tweets-hindi,sentiment,transformer,34,negative,negative,False,0.41194388,
sentiment-te-01247,hi-Latn,tweets-hindi,sentiment,transformer,20,neutral,negative,True,0.6087781,
sentiment-te-01248,hi-Latn,tweets-hindi,sentiment,transformer,23,positive,positive,False,0.6773912,
sentiment-te-01249,hi-Latn,tweets-hindi,sentiment,transformer,3,negative,negative,False,0.3669836,
sentiment-te-01250,hi-Latn,tweets-hindi,sentiment,transformer,11,neutral,negative,True,0.44277945,
sentiment-te-01251,hi-Latn,tweets-hindi,sentiment,transformer,4,positive,neutral,True,0.39323848,
sentiment-te-01252,hi-Latn,tweets-hindi,sentiment,transformer,14,negative,neutral,True,0.43876877,
sentiment-te-01253,hi-Latn,tweets-hindi,sentiment,transformer,13,neutral,positive,True,0.4760926,
sentiment-te-01254,hi-Latn,tweets-hindi,sentiment,transformer,13,positive,positive,False,0.48093674,
sentiment-te-01255,hi-Latn,tweets-hindi,sentiment,transformer,15,negative,negative,False,0.60598063,
sentiment-te-01256,hi-Latn,tweets-hindi,sentiment,transformer,5,neutral,negative,True,0.3704792,
sentiment-te-01257,hi-Latn,tweets-hindi,sentiment,transformer,14,positive,negative,True,0.69221526,
sentiment-te-01258,hi-Latn,tweets-hindi,sentiment,transformer,21,negative,negative,False,0.7883067,
sentiment-te-01259,hi-Latn,tweets-hindi,sentiment,transformer,6,neutral,neutral,False,0.41758275,
sentiment-te-01260,hi-Latn,tweets-hindi,sentiment,transformer,8,positive,negative,True,0.41150475,
sentiment-te-01261,hi-Latn,tweets-hindi,sentiment,transformer,10,negative,neutral,True,0.36981806,
sentiment-te-01262,hi-Latn,tweets-hindi,sentiment,transformer,5,neutral,positive,True,0.38287994,
sentiment-te-01263,hi-Latn,tweets-hindi,sentiment,transformer,5,positive,neutral,True,0.40423453,
sentiment-te-01264,hi-Latn,tweets-hindi,sentiment,transformer,6,negative,positive,True,0.39620838,
sentiment-te-01265,hi-Latn,tweets-hindi,sentiment,transformer,38,neutral,neutral,False,0.4020997,
sentiment-te-01266,hi-Latn,tweets-hindi,sentiment,transformer,10,positive,neutral,True,0.5131598,
sentiment-te-01267,hi-Latn,tweets-hindi,sentiment,transformer,12,negative,neutral,True,0.46686143,
sentiment-te-01268,hi-Latn,tweets-hindi,sentiment,transformer,8,neutral,neutral,False,0.41725624,
sentiment-te-01269,hi-Latn,tweets-hindi,sentiment,transformer,10,positive,neutral,True,0.41836545,
sentiment-te-01270,hi-Latn,tweets-hindi,sentiment,transformer,9,negative,negative,False,0.39475408,
sentiment-te-01271,hi-Latn,tweets-hindi,sentiment,transformer,5,neutral,neutral,False,0.5333737,
sentiment-te-01272,hi-Latn,tweets-hindi,sentiment,transformer,17,positive,neutral,True,0.3806038,
sentiment-te-01273,hi-Latn,tweets-hindi,sentiment,transformer,4,negative,negative,False,0.73328215,
sentiment-te-01274,hi-Latn,tweets-hindi,sentiment,transformer,7,neutral,neutral,False,0.49735692,
sentiment-te-01275,hi-Latn,tweets-hindi,sentiment,transformer,5,positive,positive,False,0.58687407,
sentiment-te-01276,hi-Latn,tweets-hindi,sentiment,transformer,15,negative,negative,False,0.48865134,
sentiment-te-01277,hi-Latn,tweets-hindi,sentiment,transformer,7,neutral,positive,True,0.42270023,
sentiment-te-01278,hi-Latn,tweets-hindi,sentiment,transformer,12,positive,positive,False,0.38061723,
sentiment-te-01279,hi-Latn,tweets-hindi,sentiment,transformer,15,negative,positive,True,0.6249469,
sentiment-te-01280,hi-Latn,tweets-hindi,sentiment,transformer,4,neutral,negative,True,0.5383433,
sentiment-te-01281,hi-Latn,tweets-hindi,sentiment,transformer,5,positive,positive,False,0.72522825,
sentiment-te-01282,hi-Latn,tweets-hindi,sentiment,transformer,6,negative,negative,False,0.7958839,
sentiment-te-01283,hi-Latn,tweets-hindi,sentiment,transformer,7,neutral,negative,True,0.39842406,
sentiment-te-01284,hi-Latn,tweets-hindi,sentiment,transformer,11,positive,neutral,True,0.41973764,
sentiment-te-01285,hi-Latn,tweets-hindi,sentiment,transformer,15,negative,negative,False,0.7209418,
sentiment-te-01286,hi-Latn,tweets-hindi,sentiment,transformer,4,neutral,negative,True,0.4578063,
sentiment-te-01287,hi-Latn,tweets-hindi,sentiment,transformer,22,positive,negative,True,0.37931627,
sentiment-te-01288,hi-Latn,tweets-hindi,sentiment,transformer,18,negative,negative,False,0.79571724,
sentiment-te-01289,hi-Latn,tweets-hindi,sentiment,transformer,13,neutral,neutral,False,0.52055424,
sentiment-te-01290,hi-Latn,tweets-hindi,sentiment,transformer,11,positive,neutral,True,0.61289036,
sentiment-te-01291,hi-Latn,tweets-hindi,sentiment,transformer,12,negative,negative,False,0.5648881,
sentiment-te-01292,hi-Latn,tweets-hindi,sentiment,transformer,6,neutral,neutral,False,0.44130766,
sentiment-te-01293,hi-Latn,tweets-hindi,sentiment,transformer,30,positive,positive,False,0.52380836,
sentiment-te-01294,hi-Latn,tweets-hindi,sentiment,transformer,20,negative,negative,False,0.80638075,
sentiment-te-01295,hi-Latn,tweets-hindi,sentiment,transformer,7,neutral,neutral,False,0.539077,
sentiment-te-01296,hi-Latn,tweets-hindi,sentiment,transformer,18,positive,neutral,True,0.5031678,
sentiment-te-01297,hi-Latn,tweets-hindi,sentiment,transformer,9,negative,neutral,True,0.38261428,
sentiment-te-01298,hi-Latn,tweets-hindi,sentiment,transformer,17,neutral,neutral,False,0.55876136,
sentiment-te-01299,hi-Latn,tweets-hindi,sentiment,transformer,8,positive,negative,True,0.46206117,
sentiment-te-01300,hi-Latn,tweets-hindi,sentiment,transformer,2,negative,negative,False,0.38453522,
sentiment-te-01301,hi-Latn,tweets-hindi,sentiment,transformer,14,neutral,positive,True,0.43059167,
sentiment-te-01302,hi-Latn,tweets-hindi,sentiment,transformer,6,positive,negative,True,0.3660245,
sentiment-te-01303,hi-Latn,tweets-hindi,sentiment,transformer,16,negative,neutral,True,0.4105119,
sentiment-te-01304,hi-Latn,tweets-hindi,sentiment,transformer,38,neutral,neutral,False,0.41509697,
sentiment-te-01305,hi-Latn,tweets-hindi,sentiment,transformer,12,positive,neutral,True,0.48085833,
sentiment-te-01306,hi-Latn,tweets-hindi,sentiment,transformer,20,negative,neutral,True,0.4168182,
sentiment-te-01307,hi-Latn,tweets-hindi,sentiment,transformer,7,neutral,negative,True,0.638292,
sentiment-te-01308,hi-Latn,tweets-hindi,sentiment,transformer,5,positive,negative,True,0.6880164,
sentiment-te-01309,hi-Latn,tweets-hindi,sentiment,transformer,8,negative,positive,True,0.7282086,
sentiment-te-01310,hi-Latn,tweets-hindi,sentiment,transformer,13,neutral,neutral,False,0.39869416,
sentiment-te-01311,hi-Latn,tweets-hindi,sentiment,transformer,7,positive,neutral,True,0.41761252,
sentiment-te-01312,hi-Latn,tweets-hindi,sentiment,transformer,11,negative,negative,False,0.66319335,
sentiment-te-01313,hi-Latn,tweets-hindi,sentiment,transformer,23,neutral,positive,True,0.46593127,
sentiment-te-01314,hi-Latn,tweets-hindi,sentiment,transformer,19,positive,positive,False,0.5532112,
sentiment-te-01315,hi-Latn,tweets-hindi,sentiment,transformer,24,negative,positive,True,0.36166966,
sentiment-te-01316,hi-Latn,tweets-hindi,sentiment,transformer,1,neutral,neutral,False,0.3770676,
sentiment-te-01317,hi-Latn,tweets-hindi,sentiment,transformer,4,positive,neutral,True,0.4400439,
sentiment-te-01318,hi-Latn,tweets-hindi,sentiment,transformer,19,negative,negative,False,0.3683088,
sentiment-te-01319,hi-Latn,tweets-hindi,sentiment,transformer,22,neutral,negative,True,0.59803927,
sentiment-te-01320,hi-Latn,tweets-hindi,sentiment,transformer,16,positive,positive,False,0.5898014,
sentiment-te-01321,hi-Latn,tweets-hindi,sentiment,transformer,23,negative,negative,False,0.4272335,
sentiment-te-01322,hi-Latn,tweets-hindi,sentiment,transformer,3,neutral,positive,True,0.4037789,
sentiment-te-01323,hi-Latn,tweets-hindi,sentiment,transformer,5,positive,positive,False,0.7249152,
sentiment-te-01324,hi-Latn,tweets-hindi,sentiment,transformer,11,negative,negative,False,0.7950303,
sentiment-te-01325,hi-Latn,tweets-hindi,sentiment,transformer,8,neutral,negative,True,0.44261515,
sentiment-te-01326,hi-Latn,tweets-hindi,sentiment,transformer,22,positive,positive,False,0.73738647,
sentiment-te-01327,hi-Latn,tweets-hindi,sentiment,transformer,19,negative,negative,False,0.7104028,
sentiment-te-01328,hi-Latn,tweets-hindi,sentiment,transformer,6,neutral,neutral,False,0.56923074,
sentiment-te-01329,hi-Latn,tweets-hindi,sentiment,transformer,14,positive,neutral,True,0.38671124,
sentiment-te-01330,hi-Latn,tweets-hindi,sentiment,transformer,28,negative,positive,True,0.4431639,
sentiment-te-01331,hi-Latn,tweets-hindi,sentiment,transformer,22,neutral,negative,True,0.42463243,
sentiment-te-01332,hi-Latn,tweets-hindi,sentiment,transformer,7,positive,neutral,True,0.51875293,
sentiment-te-01333,hi-Latn,tweets-hindi,sentiment,transformer,68,negative,negative,False,0.736,
sentiment-te-01334,hi-Latn,tweets-hindi,sentiment,transformer,2,neutral,negative,True,0.41510776,
sentiment-te-01335,hi-Latn,tweets-hindi,sentiment,transformer,18,positive,positive,False,0.37417245,
sentiment-te-01336,hi-Latn,tweets-hindi,sentiment,transformer,18,negative,positive,True,0.4773356,
sentiment-te-01337,hi-Latn,tweets-hindi,sentiment,transformer,27,neutral,neutral,False,0.52044,
sentiment-te-01338,hi-Latn,tweets-hindi,sentiment,transformer,58,positive,positive,False,0.3943665,
sentiment-te-01339,hi-Latn,tweets-hindi,sentiment,transformer,11,negative,negative,False,0.757202,
sentiment-te-01340,hi-Latn,tweets-hindi,sentiment,transformer,32,neutral,neutral,False,0.6112276,
sentiment-te-01341,hi-Latn,tweets-hindi,sentiment,transformer,59,positive,negative,True,0.7846482,
sentiment-te-01342,hi-Latn,tweets-hindi,sentiment,transformer,2,negative,positive,True,0.47082478,
sentiment-te-01343,hi-Latn,tweets-hindi,sentiment,transformer,15,neutral,negative,True,0.56589085,
sentiment-te-01344,hi-Latn,tweets-hindi,sentiment,transformer,20,positive,negative,True,0.7663081,
sentiment-te-01345,hi-Latn,tweets-hindi,sentiment,transformer,5,negative,neutral,True,0.48506245,
sentiment-te-01346,hi-Latn,tweets-hindi,sentiment,transformer,5,neutral,neutral,False,0.5022312,
sentiment-te-01347,hi-Latn,tweets-hindi,sentiment,transformer,6,positive,positive,False,0.6943927,
sentiment-te-01348,hi-Latn,tweets-hindi,sentiment,transformer,9,negative,neutral,True,0.40681586,
sentiment-te-01349,hi-Latn,tweets-hindi,sentiment,transformer,24,neutral,positive,True,0.469281,
sentiment-te-01350,hi-Latn,tweets-hindi,sentiment,transformer,9,positive,neutral,True,0.39863887,
sentiment-te-01351,hi-Latn,tweets-hindi,sentiment,transformer,14,negative,negative,False,0.61274123,
sentiment-te-01352,hi-Latn,tweets-hindi,sentiment,transformer,11,neutral,negative,True,0.5029297,
sentiment-te-01353,hi-Latn,tweets-hindi,sentiment,transformer,15,positive,negative,True,0.59514993,
sentiment-te-01354,hi-Latn,tweets-hindi,sentiment,transformer,25,negative,neutral,True,0.42234236,
sentiment-te-01355,hi-Latn,tweets-hindi,sentiment,transformer,23,neutral,negative,True,0.78617465,
sentiment-te-01356,hi-Latn,tweets-hindi,sentiment,transformer,16,positive,positive,False,0.64432555,
sentiment-te-01357,hi-Latn,tweets-hindi,sentiment,transformer,5,negative,neutral,True,0.3634734,
sentiment-te-01358,hi-Latn,tweets-hindi,sentiment,transformer,15,neutral,neutral,False,0.5717409,
sentiment-te-01359,hi-Latn,tweets-hindi,sentiment,transformer,27,positive,positive,False,0.5776319,
sentiment-te-01360,hi-Latn,tweets-hindi,sentiment,transformer,23,negative,negative,False,0.5525946,
sentiment-te-01361,hi-Latn,tweets-hindi,sentiment,transformer,3,neutral,neutral,False,0.4221453,
sentiment-te-01362,hi-Latn,tweets-hindi,sentiment,transformer,16,positive,positive,False,0.70603424,
sentiment-te-01363,hi-Latn,tweets-hindi,sentiment,transformer,8,negative,negative,False,0.46103665,
sentiment-te-01364,hi-Latn,tweets-hindi,sentiment,transformer,13,neutral,neutral,False,0.5633852,
sentiment-te-01365,hi-Latn,tweets-hindi,sentiment,transformer,13,positive,neutral,True,0.48920166,
sentiment-te-01366,hi-Latn,tweets-hindi,sentiment,transformer,13,negative,negative,False,0.6668344,
sentiment-te-01367,hi-Latn,tweets-hindi,sentiment,transformer,9,neutral,negative,True,0.4444808,
sentiment-te-01368,hi-Latn,tweets-hindi,sentiment,transformer,17,positive,negative,True,0.4585984,
sentiment-te-01369,hi-Latn,tweets-hindi,sentiment,transformer,13,negative,negative,False,0.77062976,
sentiment-te-01370,hi-Latn,tweets-hindi,sentiment,transformer,4,neutral,neutral,False,0.52376693,
sentiment-te-01371,hi-Latn,tweets-hindi,sentiment,transformer,11,positive,neutral,True,0.48846832,
sentiment-te-01372,hi-Latn,tweets-hindi,sentiment,transformer,12,negative,neutral,True,0.5261609,
sentiment-te-01373,hi-Latn,tweets-hindi,sentiment,transformer,21,neutral,positive,True,0.49353498,
sentiment-te-01374,hi-Latn,tweets-hindi,sentiment,transformer,11,positive,negative,True,0.5415742,
sentiment-te-01375,hi-Latn,tweets-hindi,sentiment,transformer,5,negative,negative,False,0.8049638,
sentiment-te-01376,hi-Latn,tweets-hindi,sentiment,transformer,23,neutral,neutral,False,0.6354363,
sentiment-te-01377,hi-Latn,tweets-hindi,sentiment,transformer,7,positive,neutral,True,0.37848467,
sentiment-te-01378,hi-Latn,tweets-hindi,sentiment,transformer,25,negative,negative,False,0.3889872,
sentiment-te-01379,hi-Latn,tweets-hindi,sentiment,transformer,4,neutral,positive,True,0.4017724,
sentiment-te-01380,hi-Latn,tweets-hindi,sentiment,transformer,28,positive,negative,True,0.44041997,
sentiment-te-01381,hi-Latn,tweets-hindi,sentiment,transformer,20,negative,negative,False,0.6137748,
sentiment-te-01382,hi-Latn,tweets-hindi,sentiment,transformer,5,neutral,negative,True,0.45286658,
sentiment-te-01383,hi-Latn,tweets-hindi,sentiment,transformer,26,positive,positive,False,0.6447156,
sentiment-te-01384,hi-Latn,tweets-hindi,sentiment,transformer,5,negative,neutral,True,0.53279763,
sentiment-te-01385,hi-Latn,tweets-hindi,sentiment,transformer,16,neutral,negative,True,0.4352412,
sentiment-te-01386,hi-Latn,tweets-hindi,sentiment,transformer,5,positive,neutral,True,0.45360127,
sentiment-te-01387,hi-Latn,tweets-hindi,sentiment,transformer,17,negative,negative,False,0.7321344,
sentiment-te-01388,hi-Latn,tweets-hindi,sentiment,transformer,26,neutral,positive,True,0.6830613,
sentiment-te-01389,hi-Latn,tweets-hindi,sentiment,transformer,30,positive,neutral,True,0.60923064,
sentiment-te-01390,hi-Latn,tweets-hindi,sentiment,transformer,29,negative,neutral,True,0.44474295,
sentiment-te-01391,hi-Latn,tweets-hindi,sentiment,transformer,12,neutral,neutral,False,0.4547026,
sentiment-te-01392,hi-Latn,tweets-hindi,sentiment,transformer,3,positive,positive,False,0.7027564,
sentiment-te-01393,hi-Latn,tweets-hindi,sentiment,transformer,2,negative,positive,True,0.5100946,
sentiment-te-01394,hi-Latn,tweets-hindi,sentiment,transformer,16,neutral,positive,True,0.5489155,
sentiment-te-01395,hi-Latn,tweets-hindi,sentiment,transformer,23,positive,negative,True,0.3692821,
sentiment-te-01396,hi-Latn,tweets-hindi,sentiment,transformer,28,negative,negative,False,0.5117786,
sentiment-te-01397,hi-Latn,tweets-hindi,sentiment,transformer,1,neutral,negative,True,0.3578915,
sentiment-te-01398,hi-Latn,tweets-hindi,sentiment,transformer,31,positive,negative,True,0.3622152,
sentiment-te-01399,hi-Latn,tweets-hindi,sentiment,transformer,14,negative,negative,False,0.74089646,
sentiment-te-01400,hi-Latn,tweets-hindi,sentiment,transformer,30,neutral,neutral,False,0.3865609,
sentiment-te-01401,hi-Latn,tweets-hindi,sentiment,transformer,4,positive,positive,False,0.5954639,
sentiment-te-01402,hi-Latn,tweets-hindi,sentiment,transformer,17,negative,negative,False,0.65801364,
sentiment-te-01403,hi-Latn,tweets-hindi,sentiment,transformer,14,neutral,neutral,False,0.40368366,
sentiment-te-01404,hi-Latn,tweets-hindi,sentiment,transformer,23,positive,positive,False,0.63085556,
sentiment-te-01405,hi-Latn,tweets-hindi,sentiment,transformer,42,negative,negative,False,0.766154,
sentiment-te-01406,hi-Latn,tweets-hindi,sentiment,transformer,24,neutral,positive,True,0.35943186,
sentiment-te-01407,hi-Latn,tweets-hindi,sentiment,transformer,3,positive,negative,True,0.37587768,
sentiment-te-01408,hi-Latn,tweets-hindi,sentiment,transformer,6,negative,negative,False,0.6070886,
sentiment-te-01409,hi-Latn,tweets-hindi,sentiment,transformer,15,neutral,negative,True,0.4721261,
sentiment-te-01410,hi-Latn,tweets-hindi,sentiment,transformer,10,positive,negative,True,0.42489657,
sentiment-te-01411,hi-Latn,tweets-hindi,sentiment,transformer,6,negative,negative,False,0.521473,
sentiment-te-01412,hi-Latn,tweets-hindi,sentiment,transformer,2,neutral,neutral,False,0.36736864,
sentiment-te-01413,hi-Latn,tweets-hindi,sentiment,transformer,1,positive,positive,False,0.36690325,
sentiment-te-01414,hi-Latn,tweets-hindi,sentiment,transformer,24,negative,negative,False,0.50800437,
sentiment-te-01415,hi-Latn,tweets-hindi,sentiment,transformer,17,neutral,neutral,False,0.6499914,
sentiment-te-01416,hi-Latn,tweets-hindi,sentiment,transformer,24,positive,positive,False,0.668161,
sentiment-te-01417,hi-Latn,tweets-hindi,sentiment,transformer,12,negative,neutral,True,0.3761717,
sentiment-te-01418,hi-Latn,tweets-hindi,sentiment,transformer,14,neutral,neutral,False,0.5979989,
sentiment-te-01419,hi-Latn,tweets-hindi,sentiment,transformer,26,positive,neutral,True,0.5280276,
sentiment-te-01420,hi-Latn,tweets-hindi,sentiment,transformer,6,negative,neutral,True,0.42644742,
sentiment-te-01421,hi-Latn,tweets-hindi,sentiment,transformer,14,neutral,negative,True,0.45542362,
sentiment-te-01422,hi-Latn,tweets-hindi,sentiment,transformer,13,positive,neutral,True,0.43693724,
sentiment-te-01423,hi-Latn,tweets-hindi,sentiment,transformer,8,negative,positive,True,0.3927476,
sentiment-te-01424,hi-Latn,tweets-hindi,sentiment,transformer,19,neutral,negative,True,0.5832459,
sentiment-te-01425,hi-Latn,tweets-hindi,sentiment,transformer,8,positive,positive,False,0.36945158,
sentiment-te-01426,hi-Latn,tweets-hindi,sentiment,transformer,43,negative,negative,False,0.4842875,
sentiment-te-01427,hi-Latn,tweets-hindi,sentiment,transformer,8,neutral,neutral,False,0.5930387,
sentiment-te-01428,hi-Latn,tweets-hindi,sentiment,transformer,16,positive,positive,False,0.64113307,
sentiment-te-01429,hi-Latn,tweets-hindi,sentiment,transformer,20,negative,negative,False,0.62592036,
sentiment-te-01430,hi-Latn,tweets-hindi,sentiment,transformer,10,neutral,neutral,False,0.42148888,
sentiment-te-01431,hi-Latn,tweets-hindi,sentiment,transformer,38,positive,positive,False,0.51362056,
sentiment-te-01432,hi-Latn,tweets-hindi,sentiment,transformer,5,negative,neutral,True,0.37148073,
sentiment-te-01433,hi-Latn,tweets-hindi,sentiment,transformer,5,neutral,negative,True,0.45463222,
sentiment-te-01434,hi-Latn,tweets-hindi,sentiment,transformer,4,positive,neutral,True,0.37641075,
sentiment-te-01435,hi-Latn,tweets-hindi,sentiment,transformer,3,negative,neutral,True,0.377907,
sentiment-te-01436,hi-Latn,tweets-hindi,sentiment,transformer,21,neutral,neutral,False,0.42434528,
sentiment-te-01437,hi-Latn,tweets-hindi,sentiment,transformer,28,positive,neutral,True,0.58177316,
sentiment-te-01438,hi-Latn,tweets-hindi,sentiment,transformer,14,negative,neutral,True,0.4263097,
sentiment-te-01439,hi-Latn,tweets-hindi,sentiment,transformer,20,neutral,negative,True,0.5285022,
sentiment-te-01440,hi-Latn,tweets-hindi,sentiment,transformer,6,positive,positive,False,0.45634744,
sentiment-te-01441,hi-Latn,tweets-hindi,sentiment,transformer,16,negative,neutral,True,0.3878562,
sentiment-te-01442,hi-Latn,tweets-hindi,sentiment,transformer,20,neutral,neutral,False,0.43550906,
sentiment-te-01443,hi-Latn,tweets-hindi,sentiment,transformer,14,positive,positive,False,0.7232407,
sentiment-te-01444,hi-Latn,tweets-hindi,sentiment,transformer,15,negative,negative,False,0.63342565,
sentiment-te-01445,hi-Latn,tweets-hindi,sentiment,transformer,6,neutral,positive,True,0.40243554,
sentiment-te-01446,hi-Latn,tweets-hindi,sentiment,transformer,11,positive,positive,False,0.43797296,
sentiment-te-01447,hi-Latn,tweets-hindi,sentiment,transformer,22,negative,negative,False,0.7794157,
sentiment-te-01448,hi-Latn,tweets-hindi,sentiment,transformer,10,neutral,negative,True,0.40570128,
sentiment-te-01449,hi-Latn,tweets-hindi,sentiment,transformer,20,positive,positive,False,0.48209614,
sentiment-te-01450,hi-Latn,tweets-hindi,sentiment,transformer,16,negative,neutral,True,0.3802895,
sentiment-te-01451,hi-Latn,tweets-hindi,sentiment,transformer,5,neutral,negative,True,0.45049897,
sentiment-te-01452,hi-Latn,tweets-hindi,sentiment,transformer,12,positive,positive,False,0.54739106,
sentiment-te-01453,hi-Latn,tweets-hindi,sentiment,transformer,33,negative,negative,False,0.7629495,
sentiment-te-01454,hi-Latn,tweets-hindi,sentiment,transformer,7,neutral,positive,True,0.5461191,
sentiment-te-01455,hi-Latn,tweets-hindi,sentiment,transformer,11,positive,neutral,True,0.39957348,
sentiment-te-01456,hi-Latn,tweets-hindi,sentiment,transformer,9,negative,negative,False,0.44704396,
sentiment-te-01457,hi-Latn,tweets-hindi,sentiment,transformer,7,neutral,neutral,False,0.427662,
sentiment-te-01458,hi-Latn,tweets-hindi,sentiment,transformer,13,positive,positive,False,0.6703781,
sentiment-te-01459,hi-Latn,tweets-hindi,sentiment,transformer,41,negative,negative,False,0.79570246,
sentiment-te-01460,hi-Latn,tweets-hindi,sentiment,transformer,39,neutral,positive,True,0.47815567,
sentiment-te-01461,hi-Latn,tweets-hindi,sentiment,transformer,8,positive,positive,False,0.49250966,
sentiment-te-01462,hi-Latn,tweets-hindi,sentiment,transformer,4,negative,negative,False,0.46825346,
sentiment-te-01463,hi-Latn,tweets-hindi,sentiment,transformer,2,neutral,neutral,False,0.4983767,
sentiment-te-01464,hi-Latn,tweets-hindi,sentiment,transformer,10,positive,positive,False,0.7212376,
sentiment-te-01465,hi-Latn,tweets-hindi,sentiment,transformer,6,negative,positive,True,0.38795528,
sentiment-te-01466,hi-Latn,tweets-hindi,sentiment,transformer,4,neutral,neutral,False,0.4369856,
sentiment-te-01467,hi-Latn,tweets-hindi,sentiment,transformer,11,positive,neutral,True,0.37950525,
sentiment-te-01468,hi-Latn,tweets-hindi,sentiment,transformer,18,negative,negative,False,0.46227476,
sentiment-te-01469,hi-Latn,tweets-hindi,sentiment,transformer,25,neutral,negative,True,0.4307683,
sentiment-te-01470,hi-Latn,tweets-hindi,sentiment,transformer,5,positive,neutral,True,0.38537228,
sentiment-te-01471,hi-Latn,tweets-hindi,sentiment,transformer,18,negative,negative,False,0.6371853,
sentiment-te-01472,hi-Latn,tweets-hindi,sentiment,transformer,28,neutral,neutral,False,0.5553024,
sentiment-te-01473,hi-Latn,tweets-hindi,sentiment,transformer,9,positive,neutral,True,0.46152428,
sentiment-te-01474,hi-Latn,tweets-hindi,sentiment,transformer,2,negative,negative,False,0.347295,
sentiment-te-01475,hi-Latn,tweets-hindi,sentiment,transformer,6,neutral,neutral,False,0.50041914,
sentiment-te-01476,hi-Latn,tweets-hindi,sentiment,transformer,5,positive,positive,False,0.38732,
sentiment-te-01477,hi-Latn,tweets-hindi,sentiment,transformer,7,negative,neutral,True,0.35173893,
sentiment-te-01478,hi-Latn,tweets-hindi,sentiment,transformer,11,neutral,neutral,False,0.44486725,
sentiment-te-01479,hi-Latn,tweets-hindi,sentiment,transformer,17,positive,positive,False,0.63178086,
sentiment-te-01480,hi-Latn,tweets-hindi,sentiment,transformer,21,negative,negative,False,0.67236525,
sentiment-te-01481,hi-Latn,tweets-hindi,sentiment,transformer,21,neutral,negative,True,0.8076053,
sentiment-te-01482,hi-Latn,tweets-hindi,sentiment,transformer,2,positive,positive,False,0.4716018,
sentiment-te-01483,hi-Latn,tweets-hindi,sentiment,transformer,12,negative,negative,False,0.71355,
sentiment-te-01484,hi-Latn,tweets-hindi,sentiment,transformer,5,neutral,positive,True,0.38972706,
sentiment-te-01485,hi-Latn,tweets-hindi,sentiment,transformer,13,positive,positive,False,0.69279844,
sentiment-te-01486,hi-Latn,tweets-hindi,sentiment,transformer,6,negative,negative,False,0.7985494,
sentiment-te-01487,hi-Latn,tweets-hindi,sentiment,transformer,17,neutral,negative,True,0.70297486,
sentiment-te-01488,hi-Latn,tweets-hindi,sentiment,transformer,12,positive,positive,False,0.6525058,
sentiment-te-01489,hi-Latn,tweets-hindi,sentiment,transformer,11,negative,negative,False,0.7017804,
sentiment-te-01490,hi-Latn,tweets-hindi,sentiment,transformer,10,neutral,positive,True,0.39772078,
sentiment-te-01491,hi-Latn,tweets-hindi,sentiment,transformer,12,positive,positive,False,0.47724745,
sentiment-te-01492,hi-Latn,tweets-hindi,sentiment,transformer,20,negative,negative,False,0.4025905,
sentiment-te-01493,hi-Latn,tweets-hindi,sentiment,transformer,21,neutral,neutral,False,0.584167,
sentiment-te-01494,hi-Latn,tweets-hindi,sentiment,transformer,5,positive,positive,False,0.7149018,
sentiment-te-01495,hi-Latn,tweets-hindi,sentiment,transformer,21,negative,negative,False,0.780809,
sentiment-te-01496,hi-Latn,tweets-hindi,sentiment,transformer,3,neutral,neutral,False,0.49680135,
sentiment-te-01497,hi-Latn,tweets-hindi,sentiment,transformer,20,positive,negative,True,0.7764816,
sentiment-te-01498,hi-Latn,tweets-hindi,sentiment,transformer,21,negative,negative,False,0.64498603,
sentiment-te-01499,hi-Latn,tweets-hindi,sentiment,transformer,4,neutral,neutral,False,0.40064263,
sentiment-te-01500,hi-Latn,tweets-hindi,sentiment,transformer,8,positive,neutral,True,0.56389624,
sentiment-te-01501,hi-Latn,tweets-hindi,sentiment,transformer,8,negative,positive,True,0.6964127,
sentiment-te-01502,hi-Latn,tweets-hindi,sentiment,transformer,3,neutral,neutral,False,0.40653422,
sentiment-te-01503,hi-Latn,tweets-hindi,sentiment,transformer,28,positive,negative,True,0.5055364,
sentiment-te-01504,hi-Latn,tweets-hindi,sentiment,transformer,21,negative,negative,False,0.40942687,
sentiment-te-01505,hi-Latn,tweets-hindi,sentiment,transformer,2,neutral,negative,True,0.35887712,
sentiment-te-01506,hi-Latn,tweets-hindi,sentiment,transformer,11,positive,positive,False,0.39309168,
sentiment-te-01507,hi-Latn,tweets-hindi,sentiment,transformer,8,negative,neutral,True,0.3896432,
sentiment-te-01508,hi-Latn,tweets-hindi,sentiment,transformer,9,neutral,positive,True,0.581287,
sentiment-te-01509,hi-Latn,tweets-hindi,sentiment,transformer,8,positive,positive,False,0.5734467,
sentiment-te-01510,hi-Latn,tweets-hindi,sentiment,transformer,19,negative,negative,False,0.8027224,
sentiment-te-01511,hi-Latn,tweets-hindi,sentiment,transformer,13,neutral,neutral,False,0.43795392,
sentiment-te-01512,hi-Latn,tweets-hindi,sentiment,transformer,6,positive,neutral,True,0.40666178,
sentiment-te-01513,hi-Latn,tweets-hindi,sentiment,transformer,14,negative,negative,False,0.62730193,
sentiment-te-01514,hi-Latn,tweets-hindi,sentiment,transformer,11,neutral,negative,True,0.4782766,
sentiment-te-01515,hi-Latn,tweets-hindi,sentiment,transformer,15,positive,positive,False,0.6714864,
sentiment-te-01516,hi-Latn,tweets-hindi,sentiment,transformer,20,negative,negative,False,0.71428883,
sentiment-te-01517,hi-Latn,tweets-hindi,sentiment,transformer,30,neutral,negative,True,0.47972804,
sentiment-te-01518,hi-Latn,tweets-hindi,sentiment,transformer,23,positive,positive,False,0.71129817,
sentiment-te-01519,hi-Latn,tweets-hindi,sentiment,transformer,12,negative,negative,False,0.4650931,
sentiment-te-01520,hi-Latn,tweets-hindi,sentiment,transformer,12,neutral,negative,True,0.41236836,
sentiment-te-01521,hi-Latn,tweets-hindi,sentiment,transformer,24,positive,positive,False,0.6406533,
sentiment-te-01522,hi-Latn,tweets-hindi,sentiment,transformer,26,negative,negative,False,0.78974676,
sentiment-te-01523,hi-Latn,tweets-hindi,sentiment,transformer,10,neutral,negative,True,0.40342405,
sentiment-te-01524,hi-Latn,tweets-hindi,sentiment,transformer,33,positive,positive,False,0.5728227,
sentiment-te-01525,hi-Latn,tweets-hindi,sentiment,transformer,13,negative,neutral,True,0.43334892,
sentiment-te-01526,hi-Latn,tweets-hindi,sentiment,transformer,27,neutral,neutral,False,0.5462516,
sentiment-te-01527,hi-Latn,tweets-hindi,sentiment,transformer,12,positive,positive,False,0.6265657,
sentiment-te-01528,hi-Latn,tweets-hindi,sentiment,transformer,8,negative,negative,False,0.67701006,
sentiment-te-01529,hi-Latn,tweets-hindi,sentiment,transformer,4,neutral,neutral,False,0.5440893,
sentiment-te-01530,hi-Latn,tweets-hindi,sentiment,transformer,5,positive,positive,False,0.41654214,
sentiment-te-01531,hi-Latn,tweets-hindi,sentiment,transformer,3,negative,neutral,True,0.44437164,
sentiment-te-01532,hi-Latn,tweets-hindi,sentiment,transformer,5,neutral,neutral,False,0.44335827,
sentiment-te-01533,hi-Latn,tweets-hindi,sentiment,transformer,34,positive,positive,False,0.6039498,
sentiment-te-01534,hi-Latn,tweets-hindi,sentiment,transformer,14,negative,neutral,True,0.4733719,
sentiment-te-01535,hi-Latn,tweets-hindi,sentiment,transformer,12,neutral,positive,True,0.54644716,
sentiment-te-01536,hi-Latn,tweets-hindi,sentiment,transformer,16,positive,positive,False,0.67487305,
sentiment-te-01537,hi-Latn,tweets-hindi,sentiment,transformer,6,negative,neutral,True,0.4439436,
sentiment-te-01538,hi-Latn,tweets-hindi,sentiment,transformer,20,neutral,negative,True,0.38867784,
sentiment-te-01539,hi-Latn,tweets-hindi,sentiment,transformer,6,positive,positive,False,0.54267246,
sentiment-te-01540,hi-Latn,tweets-hindi,sentiment,transformer,8,negative,neutral,True,0.389753,
sentiment-te-01541,hi-Latn,tweets-hindi,sentiment,transformer,2,neutral,neutral,False,0.3642015,
sentiment-te-01542,hi-Latn,tweets-hindi,sentiment,transformer,8,positive,neutral,True,0.3950301,
sentiment-te-01543,hi-Latn,tweets-hindi,sentiment,transformer,5,negative,positive,True,0.40765384,
sentiment-te-01544,hi-Latn,tweets-hindi,sentiment,transformer,19,neutral,positive,True,0.65373814,
sentiment-te-01545,hi-Latn,tweets-hindi,sentiment,transformer,15,positive,negative,True,0.38799644,
sentiment-te-01546,hi-Latn,tweets-hindi,sentiment,transformer,9,negative,neutral,True,0.41938192,
sentiment-te-01547,hi-Latn,tweets-hindi,sentiment,transformer,11,neutral,neutral,False,0.5334701,
sentiment-te-01548,hi-Latn,tweets-hindi,sentiment,transformer,30,positive,positive,False,0.45154452,
sentiment-te-01549,hi-Latn,tweets-hindi,sentiment,transformer,3,negative,positive,True,0.55786324,
sentiment-te-01550,hi-Latn,tweets-hindi,sentiment,transformer,8,neutral,negative,True,0.5601756,
sentiment-te-01551,hi-Latn,tweets-hindi,sentiment,transformer,7,positive,positive,False,0.52657706,
sentiment-te-01552,hi-Latn,tweets-hindi,sentiment,transformer,10,negative,neutral,True,0.44213697,
sentiment-te-01553,hi-Latn,tweets-hindi,sentiment,transformer,20,neutral,positive,True,0.51016194,
sentiment-te-01554,hi-Latn,tweets-hindi,sentiment,transformer,11,positive,negative,True,0.55471265,
sentiment-te-01555,hi-Latn,tweets-hindi,sentiment,transformer,9,negative,neutral,True,0.41937003,
sentiment-te-01556,hi-Latn,tweets-hindi,sentiment,transformer,3,neutral,neutral,False,0.37032816,
sentiment-te-01557,hi-Latn,tweets-hindi,sentiment,transformer,25,positive,negative,True,0.5969354,
sentiment-te-01558,hi-Latn,tweets-hindi,sentiment,transformer,34,negative,negative,False,0.77436006,
sentiment-te-01559,hi-Latn,tweets-hindi,sentiment,transformer,1,neutral,neutral,False,0.39033663,
sentiment-te-01560,hi-Latn,tweets-hindi,sentiment,transformer,18,positive,neutral,True,0.5295283,
sentiment-te-01561,hi-Latn,tweets-hindi,sentiment,transformer,8,negative,negative,False,0.596999,
sentiment-te-01562,hi-Latn,tweets-hindi,sentiment,transformer,33,neutral,positive,True,0.57599217,
sentiment-te-01563,hi-Latn,tweets-hindi,sentiment,transformer,34,positive,positive,False,0.57954735,
sentiment-te-01564,hi-Latn,tweets-hindi,sentiment,transformer,22,negative,negative,False,0.80218637,
sentiment-te-01565,hi-Latn,tweets-hindi,sentiment,transformer,3,neutral,positive,True,0.45969367,
sentiment-te-01566,hi-Latn,tweets-hindi,sentiment,transformer,16,positive,positive,False,0.59562236,
sentiment-te-01567,hi-Latn,tweets-hindi,sentiment,transformer,11,negative,negative,False,0.50522965,
sentiment-te-01568,hi-Latn,tweets-hindi,sentiment,transformer,15,neutral,neutral,False,0.5124149,
sentiment-te-01569,hi-Latn,tweets-hindi,sentiment,transformer,4,positive,positive,False,0.7060684,
sentiment-te-01570,hi-Latn,tweets-hindi,sentiment,transformer,21,negative,positive,True,0.5021379,
sentiment-te-01571,hi-Latn,tweets-hindi,sentiment,transformer,23,neutral,negative,True,0.68994856,
sentiment-te-01572,hi-Latn,tweets-hindi,sentiment,transformer,12,positive,negative,True,0.39144388,
sentiment-te-01573,hi-Latn,tweets-hindi,sentiment,transformer,19,negative,neutral,True,0.4209137,
sentiment-te-01574,hi-Latn,tweets-hindi,sentiment,transformer,5,neutral,neutral,False,0.3854934,
sentiment-te-01575,hi-Latn,tweets-hindi,sentiment,transformer,23,positive,negative,True,0.47031263,
sentiment-te-01576,hi-Latn,tweets-hindi,sentiment,transformer,1,negative,neutral,True,0.3923555,
sentiment-te-01577,hi-Latn,tweets-hindi,sentiment,transformer,4,neutral,neutral,False,0.4099541,
sentiment-te-01578,hi-Latn,tweets-hindi,sentiment,transformer,15,positive,positive,False,0.5262559,
sentiment-te-01579,hi-Latn,tweets-hindi,sentiment,transformer,23,negative,neutral,True,0.45133412,
sentiment-te-01580,hi-Latn,tweets-hindi,sentiment,transformer,21,neutral,negative,True,0.76382613,
sentiment-te-01581,hi-Latn,tweets-hindi,sentiment,transformer,9,positive,neutral,True,0.44721916,
sentiment-te-01582,hi-Latn,tweets-hindi,sentiment,transformer,40,negative,negative,False,0.50442654,
sentiment-te-01583,hi-Latn,tweets-hindi,sentiment,transformer,23,neutral,positive,True,0.6024438,
sentiment-te-01584,hi-Latn,tweets-hindi,sentiment,transformer,21,positive,positive,False,0.52247113,
sentiment-te-01585,hi-Latn,tweets-hindi,sentiment,transformer,10,negative,negative,False,0.80722964,
sentiment-te-01586,hi-Latn,tweets-hindi,sentiment,transformer,17,neutral,negative,True,0.55543745,
sentiment-te-01587,hi-Latn,tweets-hindi,sentiment,transformer,4,positive,negative,True,0.44384423,
sentiment-te-01588,hi-Latn,tweets-hindi,sentiment,transformer,2,negative,negative,False,0.42117816,
sentiment-te-01589,hi-Latn,tweets-hindi,sentiment,transformer,12,neutral,positive,True,0.35444543,
sentiment-te-01590,hi-Latn,tweets-hindi,sentiment,transformer,22,positive,positive,False,0.53401977,
sentiment-te-01591,hi-Latn,tweets-hindi,sentiment,transformer,23,negative,negative,False,0.7125929,
sentiment-te-01592,hi-Latn,tweets-hindi,sentiment,transformer,26,neutral,neutral,False,0.5964992,
sentiment-te-01593,hi-Latn,tweets-hindi,sentiment,transformer,28,positive,negative,True,0.45375076,
sentiment-te-01594,hi-Latn,tweets-hindi,sentiment,transformer,17,negative,neutral,True,0.38555327,
sentiment-te-01595,hi-Latn,tweets-hindi,sentiment,transformer,5,neutral,neutral,False,0.5240624,
sentiment-te-01596,hi-Latn,tweets-hindi,sentiment,transformer,27,positive,positive,False,0.49820307,
sentiment-te-01597,hi-Latn,tweets-hindi,sentiment,transformer,9,negative,negative,False,0.4288401,
sentiment-te-01598,hi-Latn,tweets-hindi,sentiment,transformer,4,neutral,neutral,False,0.56254536,
sentiment-te-01599,hi-Latn,tweets-hindi,sentiment,transformer,23,positive,neutral,True,0.57554275,
sentiment-te-01600,hi-Latn,tweets-hindi,sentiment,transformer,15,negative,negative,False,0.6649379,
sentiment-te-01601,hi-Latn,tweets-hindi,sentiment,transformer,23,neutral,negative,True,0.7936041,
sentiment-te-01602,hi-Latn,tweets-hindi,sentiment,transformer,3,positive,neutral,True,0.44567245,
sentiment-te-01603,hi-Latn,tweets-hindi,sentiment,transformer,11,negative,negative,False,0.7225503,
sentiment-te-01604,hi-Latn,tweets-hindi,sentiment,transformer,11,neutral,positive,True,0.4770581,
sentiment-te-01605,hi-Latn,tweets-hindi,sentiment,transformer,24,positive,positive,False,0.7295198,
sentiment-te-01606,hi-Latn,tweets-hindi,sentiment,transformer,14,negative,neutral,True,0.39478368,
sentiment-te-01607,hi-Latn,tweets-hindi,sentiment,transformer,34,neutral,neutral,False,0.4186294,
sentiment-te-01608,hi-Latn,tweets-hindi,sentiment,transformer,14,positive,positive,False,0.70447963,
sentiment-te-01609,hi-Latn,tweets-hindi,sentiment,transformer,21,negative,negative,False,0.6823766,
sentiment-te-01610,hi-Latn,tweets-hindi,sentiment,transformer,5,neutral,neutral,False,0.39803097,
sentiment-te-01611,hi-Latn,tweets-hindi,sentiment,transformer,14,positive,negative,True,0.6322946,
sentiment-te-01612,hi-Latn,tweets-hindi,sentiment,transformer,25,negative,negative,False,0.72409254,
sentiment-te-01613,hi-Latn,tweets-hindi,sentiment,transformer,24,neutral,negative,True,0.51651347,
sentiment-te-01614,hi-Latn,tweets-hindi,sentiment,transformer,10,positive,positive,False,0.73220915,
sentiment-te-01615,hi-Latn,tweets-hindi,sentiment,transformer,5,negative,negative,False,0.6466731,
sentiment-te-01616,hi-Latn,tweets-hindi,sentiment,transformer,12,neutral,neutral,False,0.52922803,
sentiment-te-01617,hi-Latn,tweets-hindi,sentiment,transformer,9,positive,neutral,True,0.391061,
sentiment-te-01618,hi-Latn,tweets-hindi,sentiment,transformer,17,negative,neutral,True,0.5629688,
sentiment-te-01619,hi-Latn,tweets-hindi,sentiment,transformer,4,neutral,positive,True,0.43475807,
sentiment-te-01620,hi-Latn,tweets-hindi,sentiment,transformer,39,positive,neutral,True,0.43419638,
sentiment-te-01621,hi-Latn,tweets-hindi,sentiment,transformer,15,negative,neutral,True,0.38823596,
sentiment-te-01622,hi-Latn,tweets-hindi,sentiment,transformer,11,neutral,neutral,False,0.51285636,
sentiment-te-01623,hi-Latn,tweets-hindi,sentiment,transformer,7,positive,positive,False,0.45785457,
sentiment-te-01624,hi-Latn,tweets-hindi,sentiment,transformer,9,negative,negative,False,0.49579403,
sentiment-te-01625,hi-Latn,tweets-hindi,sentiment,transformer,7,neutral,neutral,False,0.35458845,
sentiment-te-01626,hi-Latn,tweets-hindi,sentiment,transformer,11,positive,negative,True,0.47706187,
sentiment-te-01627,hi-Latn,tweets-hindi,sentiment,transformer,2,negative,neutral,True,0.4213353,
sentiment-te-01628,hi-Latn,tweets-hindi,sentiment,transformer,6,neutral,neutral,False,0.4351897,
sentiment-te-01629,hi-Latn,tweets-hindi,sentiment,transformer,15,positive,positive,False,0.44400558,
sentiment-te-01630,hi-Latn,tweets-hindi,sentiment,transformer,1,negative,neutral,True,0.34962547,
sentiment-te-01631,hi-Latn,tweets-hindi,sentiment,transformer,5,neutral,positive,True,0.44631907,
sentiment-te-01632,hi-Latn,tweets-hindi,sentiment,transformer,3,positive,neutral,True,0.38521454,
sentiment-te-01633,hi-Latn,tweets-hindi,sentiment,transformer,14,negative,negative,False,0.79193336,
sentiment-te-01634,hi-Latn,tweets-hindi,sentiment,transformer,3,neutral,neutral,False,0.5034098,
sentiment-te-01635,hi-Latn,tweets-hindi,sentiment,transformer,17,positive,neutral,True,0.39973122,
sentiment-te-01636,hi-Latn,tweets-hindi,sentiment,transformer,41,negative,negative,False,0.7449741,
sentiment-te-01637,hi-Latn,tweets-hindi,sentiment,transformer,8,neutral,neutral,False,0.47448847,
sentiment-te-01638,hi-Latn,tweets-hindi,sentiment,transformer,19,positive,neutral,True,0.5792183,
sentiment-te-01639,hi-Latn,tweets-hindi,sentiment,transformer,8,negative,neutral,True,0.39831376,
sentiment-te-01640,hi-Latn,tweets-hindi,sentiment,transformer,9,neutral,negative,True,0.5763143,
sentiment-te-01641,hi-Latn,tweets-hindi,sentiment,transformer,9,positive,positive,False,0.38124907,
sentiment-te-01642,hi-Latn,tweets-hindi,sentiment,transformer,19,negative,negative,False,0.5303663,
sentiment-te-01643,hi-Latn,tweets-hindi,sentiment,transformer,2,neutral,neutral,False,0.37175187,
sentiment-te-01644,hi-Latn,tweets-hindi,sentiment,transformer,4,positive,neutral,True,0.46008706,
sentiment-te-01645,hi-Latn,tweets-hindi,sentiment,transformer,53,negative,negative,False,0.7548056,
sentiment-te-01646,hi-Latn,tweets-hindi,sentiment,transformer,4,neutral,neutral,False,0.46796736,
sentiment-te-01647,hi-Latn,tweets-hindi,sentiment,transformer,9,positive,positive,False,0.5608839,
sentiment-te-01648,hi-Latn,tweets-hindi,sentiment,transformer,10,negative,negative,False,0.36775804,
sentiment-te-01649,hi-Latn,tweets-hindi,sentiment,transformer,10,neutral,neutral,False,0.4521179,
sentiment-te-01650,hi-Latn,tweets-hindi,sentiment,transformer,12,positive,positive,False,0.6766896,
sentiment-te-01651,hi-Latn,tweets-hindi,sentiment,transformer,6,negative,negative,False,0.43831012,
sentiment-te-01652,hi-Latn,tweets-hindi,sentiment,transformer,6,neutral,positive,True,0.63749915,
sentiment-te-01653,hi-Latn,tweets-hindi,sentiment,transformer,28,positive,positive,False,0.6119019,
sentiment-te-01654,hi-Latn,tweets-hindi,sentiment,transformer,21,negative,neutral,True,0.40838063,
sentiment-te-01655,hi-Latn,tweets-hindi,sentiment,transformer,3,neutral,neutral,False,0.43581614,
sentiment-te-01656,hi-Latn,tweets-hindi,sentiment,transformer,6,positive,neutral,True,0.3817027,
sentiment-te-01657,hi-Latn,tweets-hindi,sentiment,transformer,4,negative,neutral,True,0.4117883,
sentiment-te-01658,hi-Latn,tweets-hindi,sentiment,transformer,15,positive,positive,False,0.6546447,
sentiment-te-01659,hi-Latn,tweets-hindi,sentiment,transformer,14,negative,negative,False,0.811205,
sentiment-te-01660,hi-Latn,tweets-hindi,sentiment,transformer,14,neutral,neutral,False,0.4442481,
sentiment-te-01661,hi-Latn,tweets-hindi,sentiment,transformer,25,positive,neutral,True,0.5934963,
sentiment-te-01662,hi-Latn,tweets-hindi,sentiment,transformer,5,negative,negative,False,0.6529029,
sentiment-te-01663,hi-Latn,tweets-hindi,sentiment,transformer,28,neutral,neutral,False,0.49743962,
sentiment-te-01664,hi-Latn,tweets-hindi,sentiment,transformer,26,positive,positive,False,0.6357462,
sentiment-te-01665,hi-Latn,tweets-hindi,sentiment,transformer,35,negative,negative,False,0.7871616,
sentiment-te-01666,hi-Latn,tweets-hindi,sentiment,transformer,3,neutral,negative,True,0.37341103,
sentiment-te-01667,hi-Latn,tweets-hindi,sentiment,transformer,31,positive,positive,False,0.61457086,
sentiment-te-01668,hi-Latn,tweets-hindi,sentiment,transformer,29,negative,negative,False,0.69156057,
sentiment-te-01669,hi-Latn,tweets-hindi,sentiment,transformer,46,neutral,negative,True,0.5780837,
sentiment-te-01670,hi-Latn,tweets-hindi,sentiment,transformer,3,positive,negative,True,0.43111303,
sentiment-te-01671,hi-Latn,tweets-hindi,sentiment,transformer,11,negative,negative,False,0.6872238,
sentiment-te-01672,hi-Latn,tweets-hindi,sentiment,transformer,11,neutral,neutral,False,0.6199296,
sentiment-te-01673,hi-Latn,tweets-hindi,sentiment,transformer,4,positive,positive,False,0.70296735,
sentiment-te-01674,hi-Latn,tweets-hindi,sentiment,transformer,9,negative,negative,False,0.7395002,
sentiment-te-01675,hi-Latn,tweets-hindi,sentiment,transformer,3,neutral,neutral,False,0.45746216,
sentiment-te-01676,hi-Latn,tweets-hindi,sentiment,transformer,12,positive,positive,False,0.7261632,
sentiment-te-01677,hi-Latn,tweets-hindi,sentiment,transformer,13,negative,negative,False,0.7769879,
sentiment-te-01678,hi-Latn,tweets-hindi,sentiment,transformer,11,neutral,neutral,False,0.42519385,
sentiment-te-01679,hi-Latn,tweets-hindi,sentiment,transformer,1,positive,neutral,True,0.456314,
sentiment-te-01680,hi-Latn,tweets-hindi,sentiment,transformer,14,negative,neutral,True,0.3852363,
sentiment-te-01681,hi-Latn,tweets-hindi,sentiment,transformer,8,neutral,positive,True,0.49849558,
sentiment-te-01682,hi-Latn,tweets-hindi,sentiment,transformer,3,positive,positive,False,0.52621955,
sentiment-te-01683,hi-Latn,tweets-hindi,sentiment,transformer,11,negative,positive,True,0.6037844,
sentiment-te-01684,hi-Latn,tweets-hindi,sentiment,transformer,9,neutral,neutral,False,0.36561763,
sentiment-te-01685,hi-Latn,tweets-hindi,sentiment,transformer,22,positive,positive,False,0.67642087,
sentiment-te-01686,hi-Latn,tweets-hindi,sentiment,transformer,14,negative,negative,False,0.42422652,
sentiment-te-01687,hi-Latn,tweets-hindi,sentiment,transformer,7,neutral,negative,True,0.49217027,
sentiment-te-01688,hi-Latn,tweets-hindi,sentiment,transformer,4,positive,positive,False,0.37704387,
sentiment-te-01689,hi-Latn,tweets-hindi,sentiment,transformer,27,negative,negative,False,0.7094454,
sentiment-te-01690,hi-Latn,tweets-hindi,sentiment,transformer,6,neutral,neutral,False,0.6044668,
sentiment-te-01691,hi-Latn,tweets-hindi,sentiment,transformer,10,positive,positive,False,0.7237272,
sentiment-te-01692,hi-Latn,tweets-hindi,sentiment,transformer,14,negative,negative,False,0.78615326,
sentiment-te-01693,hi-Latn,tweets-hindi,sentiment,transformer,19,neutral,negative,True,0.39724287,
sentiment-te-01694,hi-Latn,tweets-hindi,sentiment,transformer,8,positive,neutral,True,0.54054713,
sentiment-te-01695,hi-Latn,tweets-hindi,sentiment,transformer,12,negative,negative,False,0.57998466,
sentiment-te-01696,hi-Latn,tweets-hindi,sentiment,transformer,6,neutral,neutral,False,0.39694202,
sentiment-te-01697,hi-Latn,tweets-hindi,sentiment,transformer,8,positive,positive,False,0.44163176,
sentiment-te-01698,hi-Latn,tweets-hindi,sentiment,transformer,2,negative,neutral,True,0.37240946,
sentiment-te-01699,hi-Latn,tweets-hindi,sentiment,transformer,15,neutral,negative,True,0.34128645,
sentiment-te-01700,hi-Latn,tweets-hindi,sentiment,transformer,12,positive,negative,True,0.725352,
sentiment-te-01701,hi-Latn,tweets-hindi,sentiment,transformer,21,negative,neutral,True,0.6132718,
sentiment-te-01702,hi-Latn,tweets-hindi,sentiment,transformer,8,neutral,negative,True,0.5170725,
sentiment-te-01703,hi-Latn,tweets-hindi,sentiment,transformer,7,positive,negative,True,0.53243434,
sentiment-te-01704,hi-Latn,tweets-hindi,sentiment,transformer,3,negative,negative,False,0.5209816,
sentiment-te-01705,hi-Latn,tweets-hindi,sentiment,transformer,1,neutral,positive,True,0.6202404,
sentiment-te-01706,hi-Latn,tweets-hindi,sentiment,transformer,17,positive,negative,True,0.45077944,
sentiment-te-01707,hi-Latn,tweets-hindi,sentiment,transformer,5,negative,negative,False,0.8029888,
sentiment-te-01708,hi-Latn,tweets-hindi,sentiment,transformer,16,neutral,positive,True,0.4618009,
sentiment-te-01709,hi-Latn,tweets-hindi,sentiment,transformer,16,positive,positive,False,0.5676285,
sentiment-te-01710,hi-Latn,tweets-hindi,sentiment,transformer,6,negative,positive,True,0.5232937,
sentiment-te-01711,hi-Latn,tweets-hindi,sentiment,transformer,7,neutral,neutral,False,0.4022837,
sentiment-te-01712,hi-Latn,tweets-hindi,sentiment,transformer,27,positive,positive,False,0.53201973,
sentiment-te-01713,hi-Latn,tweets-hindi,sentiment,transformer,24,negative,negative,False,0.7063498,
sentiment-te-01714,hi-Latn,tweets-hindi,sentiment,transformer,9,neutral,neutral,False,0.36513156,
sentiment-te-01715,hi-Latn,tweets-hindi,sentiment,transformer,11,positive,neutral,True,0.47686014,
sentiment-te-01716,hi-Latn,tweets-hindi,sentiment,transformer,14,negative,neutral,True,0.4316948,
sentiment-te-01717,hi-Latn,tweets-hindi,sentiment,transformer,13,neutral,positive,True,0.5299227,
sentiment-te-01718,hi-Latn,tweets-hindi,sentiment,transformer,20,positive,positive,False,0.63852996,
sentiment-te-01719,hi-Latn,tweets-hindi,sentiment,transformer,16,negative,negative,False,0.3835314,
sentiment-te-01720,hi-Latn,tweets-hindi,sentiment,transformer,17,neutral,positive,True,0.7243023,
sentiment-te-01721,hi-Latn,tweets-hindi,sentiment,transformer,23,positive,neutral,True,0.42283124,
sentiment-te-01722,hi-Latn,tweets-hindi,sentiment,transformer,25,negative,positive,True,0.45247233,
sentiment-te-01723,hi-Latn,tweets-hindi,sentiment,transformer,14,neutral,neutral,False,0.37492058,
sentiment-te-01724,hi-Latn,tweets-hindi,sentiment,transformer,22,positive,positive,False,0.62939876,
sentiment-te-01725,hi-Latn,tweets-hindi,sentiment,transformer,18,negative,negative,False,0.7404231,
sentiment-te-01726,hi-Latn,tweets-hindi,sentiment,transformer,16,neutral,negative,True,0.6499942,
sentiment-te-01727,hi-Latn,tweets-hindi,sentiment,transformer,12,positive,positive,False,0.71848744,
sentiment-te-01728,hi-Latn,tweets-hindi,sentiment,transformer,16,negative,negative,False,0.78658015,
sentiment-te-01729,hi-Latn,tweets-hindi,sentiment,transformer,3,neutral,positive,True,0.3770886,
sentiment-te-01730,hi-Latn,tweets-hindi,sentiment,transformer,9,positive,neutral,True,0.39255154,
sentiment-te-01731,hi-Latn,tweets-hindi,sentiment,transformer,15,negative,negative,False,0.5236701,
sentiment-te-01732,hi-Latn,tweets-hindi,sentiment,transformer,16,neutral,negative,True,0.65347755,
sentiment-te-01733,hi-Latn,tweets-hindi,sentiment,transformer,18,positive,positive,False,0.6360532,
sentiment-te-01734,hi-Latn,tweets-hindi,sentiment,transformer,17,negative,positive,True,0.5756282,
sentiment-te-01735,hi-Latn,tweets-hindi,sentiment,transformer,3,neutral,neutral,False,0.37106556,
sentiment-te-01736,hi-Latn,tweets-hindi,sentiment,transformer,4,positive,negative,True,0.4933734,
sentiment-te-01737,hi-Latn,youtube-hinglish,sentiment,transformer,8,positive,neutral,True,0.53869104,
sentiment-te-01738,hi-Latn,youtube-hinglish,sentiment,transformer,8,positive,neutral,True,0.44229162,
sentiment-te-01739,hi-Latn,youtube-hinglish,sentiment,transformer,9,neutral,neutral,False,0.6528837,
sentiment-te-01740,hi-Latn,youtube-hinglish,sentiment,transformer,3,negative,positive,True,0.38141897,
sentiment-te-01741,hi-Latn,youtube-hinglish,sentiment,transformer,7,negative,negative,False,0.8203551,
sentiment-te-01742,hi-Latn,youtube-hinglish,sentiment,transformer,9,positive,positive,False,0.5144588,
sentiment-te-01743,hi-Latn,youtube-hinglish,sentiment,transformer,9,negative,negative,False,0.66586417,
sentiment-te-01744,hi-Latn,youtube-hinglish,sentiment,transformer,19,negative,positive,True,0.41428515,
sentiment-te-01745,hi-Latn,youtube-hinglish,sentiment,transformer,4,neutral,positive,True,0.62861925,
sentiment-te-01746,hi-Latn,youtube-hinglish,sentiment,transformer,3,negative,negative,False,0.64032114,
sentiment-te-01747,hi-Latn,youtube-hinglish,sentiment,transformer,6,neutral,positive,True,0.459804,
sentiment-te-01748,hi-Latn,youtube-hinglish,sentiment,transformer,5,neutral,negative,True,0.72401345,
sentiment-te-01749,hi-Latn,youtube-hinglish,sentiment,transformer,5,negative,negative,False,0.59067076,
sentiment-te-01750,hi-Latn,youtube-hinglish,sentiment,transformer,4,negative,positive,True,0.5129319,
sentiment-te-01751,hi-Latn,youtube-hinglish,sentiment,transformer,5,neutral,positive,True,0.43474504,
sentiment-te-01752,hi-Latn,youtube-hinglish,sentiment,transformer,6,neutral,neutral,False,0.49953505,
sentiment-te-01753,hi-Latn,youtube-hinglish,sentiment,transformer,2,neutral,neutral,False,0.36402538,
sentiment-te-01754,hi-Latn,youtube-hinglish,sentiment,transformer,10,neutral,negative,True,0.7601442,
sentiment-te-01755,hi-Latn,youtube-hinglish,sentiment,transformer,2,negative,negative,False,0.40984467,
sentiment-te-01756,hi-Latn,youtube-hinglish,sentiment,transformer,37,negative,negative,False,0.5916254,
sentiment-te-01757,hi-Latn,youtube-hinglish,sentiment,transformer,6,positive,neutral,True,0.54431635,
sentiment-te-01758,hi-Latn,youtube-hinglish,sentiment,transformer,5,negative,negative,False,0.586045,
sentiment-te-01759,hi-Latn,youtube-hinglish,sentiment,transformer,7,negative,negative,False,0.69718283,
sentiment-te-01760,hi-Latn,youtube-hinglish,sentiment,transformer,9,positive,negative,True,0.76025087,
sentiment-te-01761,hi-Latn,youtube-hinglish,sentiment,transformer,5,negative,negative,False,0.7849529,
sentiment-te-01762,hi-Latn,youtube-hinglish,sentiment,transformer,5,neutral,negative,True,0.75733095,
sentiment-te-01763,hi-Latn,youtube-hinglish,sentiment,transformer,7,negative,positive,True,0.5558933,
sentiment-te-01764,hi-Latn,youtube-hinglish,sentiment,transformer,10,neutral,positive,True,0.58140403,
sentiment-te-01765,hi-Latn,youtube-hinglish,sentiment,transformer,4,positive,negative,True,0.47587314,
sentiment-te-01766,hi-Latn,youtube-hinglish,sentiment,transformer,5,neutral,neutral,False,0.44216028,
sentiment-te-01767,hi-Latn,youtube-hinglish,sentiment,transformer,19,negative,negative,False,0.58032537,
sentiment-te-01768,hi-Latn,youtube-hinglish,sentiment,transformer,8,neutral,neutral,False,0.48794234,
sentiment-te-01769,hi-Latn,youtube-hinglish,sentiment,transformer,21,neutral,positive,True,0.42563057,
sentiment-te-01770,hi-Latn,youtube-hinglish,sentiment,transformer,11,negative,negative,False,0.8090996,
sentiment-te-01771,hi-Latn,youtube-hinglish,sentiment,transformer,20,neutral,positive,True,0.7094974,
sentiment-te-01772,hi-Latn,youtube-hinglish,sentiment,transformer,4,neutral,neutral,False,0.37821865,
sentiment-te-01773,hi-Latn,youtube-hinglish,sentiment,transformer,10,neutral,negative,True,0.44093975,
sentiment-te-01774,hi-Latn,youtube-hinglish,sentiment,transformer,11,negative,negative,False,0.35152894,
sentiment-te-01775,hi-Latn,youtube-hinglish,sentiment,transformer,6,negative,negative,False,0.42071015,
sentiment-te-01776,hi-Latn,youtube-hinglish,sentiment,transformer,12,negative,negative,False,0.7318977,
sentiment-te-01777,hi-Latn,youtube-hinglish,sentiment,transformer,13,positive,negative,True,0.77521724,
sentiment-te-01778,hi-Latn,youtube-hinglish,sentiment,transformer,10,neutral,negative,True,0.60439914,
sentiment-te-01779,hi-Latn,youtube-hinglish,sentiment,transformer,7,negative,negative,False,0.43024796,
sentiment-te-01780,hi-Latn,youtube-hinglish,sentiment,transformer,4,neutral,positive,True,0.49668708,
sentiment-te-01781,hi-Latn,youtube-hinglish,sentiment,transformer,8,negative,negative,False,0.4195215,
sentiment-te-01782,hi-Latn,youtube-hinglish,sentiment,transformer,8,neutral,neutral,False,0.4555656,
sentiment-te-01783,hi-Latn,youtube-hinglish,sentiment,transformer,17,neutral,negative,True,0.78252393,
sentiment-te-01784,hi-Latn,youtube-hinglish,sentiment,transformer,17,neutral,neutral,False,0.4784839,
sentiment-te-01785,hi-Latn,youtube-hinglish,sentiment,transformer,15,neutral,neutral,False,0.4225865,
sentiment-te-01786,hi-Latn,youtube-hinglish,sentiment,transformer,12,negative,negative,False,0.8276349,
sentiment-te-01787,hi-Latn,youtube-hinglish,sentiment,transformer,8,neutral,negative,True,0.5282355,
sentiment-te-01788,hi-Latn,youtube-hinglish,sentiment,transformer,6,positive,positive,False,0.6506571,
sentiment-te-01789,hi-Latn,youtube-hinglish,sentiment,transformer,31,positive,negative,True,0.48647943,
sentiment-te-01790,hi-Latn,youtube-hinglish,sentiment,transformer,10,negative,positive,True,0.47217447,
sentiment-te-01791,hi-Latn,youtube-hinglish,sentiment,transformer,16,positive,negative,True,0.8290789,
sentiment-te-01792,hi-Latn,youtube-hinglish,sentiment,transformer,15,negative,negative,False,0.4303869,
sentiment-te-01793,hi-Latn,youtube-hinglish,sentiment,transformer,6,negative,negative,False,0.7008323,
sentiment-te-01794,hi-Latn,youtube-hinglish,sentiment,transformer,14,neutral,positive,True,0.6393624,
sentiment-te-01795,hi-Latn,youtube-hinglish,sentiment,transformer,8,positive,positive,False,0.7090393,
sentiment-te-01796,hi-Latn,youtube-hinglish,sentiment,transformer,8,negative,negative,False,0.7318994,
sentiment-te-01797,hi-Latn,youtube-hinglish,sentiment,transformer,18,negative,negative,False,0.593867,
sentiment-te-01798,hi-Latn,youtube-hinglish,sentiment,transformer,12,positive,positive,False,0.5403615,
sentiment-te-01799,hi-Latn,youtube-hinglish,sentiment,transformer,4,negative,positive,True,0.3683626,
sentiment-te-01800,hi-Latn,youtube-hinglish,sentiment,transformer,25,positive,positive,False,0.41235793,
sentiment-te-01801,hi-Latn,youtube-hinglish,sentiment,transformer,10,neutral,neutral,False,0.54660165,
sentiment-te-01802,hi-Latn,youtube-hinglish,sentiment,transformer,9,negative,neutral,True,0.46932873,
sentiment-te-01803,hi-Latn,youtube-hinglish,sentiment,transformer,8,negative,neutral,True,0.49693072,
sentiment-te-01804,hi-Latn,youtube-hinglish,sentiment,transformer,10,negative,negative,False,0.34748498,
sentiment-te-01805,hi-Latn,youtube-hinglish,sentiment,transformer,5,neutral,neutral,False,0.5187872,
sentiment-te-01806,hi-Latn,youtube-hinglish,sentiment,transformer,4,positive,positive,False,0.6991882,
sentiment-te-01807,hi-Latn,youtube-hinglish,sentiment,transformer,4,negative,negative,False,0.70295256,
sentiment-te-01808,hi-Latn,youtube-hinglish,sentiment,transformer,8,neutral,positive,True,0.57483363,
sentiment-te-01809,hi-Latn,youtube-hinglish,sentiment,transformer,10,positive,neutral,True,0.3916925,
sentiment-te-01810,hi-Latn,youtube-hinglish,sentiment,transformer,11,neutral,positive,True,0.53807956,
sentiment-te-01811,hi-Latn,youtube-hinglish,sentiment,transformer,9,neutral,neutral,False,0.4372313,
sentiment-te-01812,hi-Latn,youtube-hinglish,sentiment,transformer,6,neutral,positive,True,0.5361892,
sentiment-te-01813,hi-Latn,youtube-hinglish,sentiment,transformer,6,neutral,negative,True,0.66300666,
sentiment-te-01814,hi-Latn,youtube-hinglish,sentiment,transformer,25,neutral,positive,True,0.5320677,
sentiment-te-01815,hi-Latn,youtube-hinglish,sentiment,transformer,5,neutral,negative,True,0.36465093,
sentiment-te-01816,hi-Latn,youtube-hinglish,sentiment,transformer,8,neutral,positive,True,0.49739024,
sentiment-te-01817,hi-Latn,youtube-hinglish,sentiment,transformer,15,neutral,positive,True,0.680104,
sentiment-te-01818,hi-Latn,youtube-hinglish,sentiment,transformer,8,neutral,neutral,False,0.4775581,
sentiment-te-01819,hi-Latn,youtube-hinglish,sentiment,transformer,8,neutral,positive,True,0.5658403,
sentiment-te-01820,hi-Latn,youtube-hinglish,sentiment,transformer,5,neutral,neutral,False,0.53692704,
sentiment-te-01821,hi-Latn,youtube-hinglish,sentiment,transformer,8,neutral,negative,True,0.716423,
sentiment-te-01822,hi-Latn,youtube-hinglish,sentiment,transformer,9,neutral,neutral,False,0.4426108,
sentiment-te-01823,hi-Latn,youtube-hinglish,sentiment,transformer,7,positive,positive,False,0.4459296,
sentiment-te-01824,hi-Latn,youtube-hinglish,sentiment,transformer,4,neutral,positive,True,0.6044468,
sentiment-te-01825,hi-Latn,youtube-hinglish,sentiment,transformer,17,negative,negative,False,0.6933201,
sentiment-te-01826,hi-Latn,youtube-hinglish,sentiment,transformer,3,negative,negative,False,0.37983325,
sentiment-te-01827,hi-Latn,youtube-hinglish,sentiment,transformer,8,positive,positive,False,0.54945725,
sentiment-te-01828,hi-Latn,youtube-hinglish,sentiment,transformer,5,neutral,positive,True,0.5865418,
sentiment-te-01829,hi-Latn,youtube-hinglish,sentiment,transformer,16,positive,negative,True,0.6196639,
sentiment-te-01830,hi-Latn,youtube-hinglish,sentiment,transformer,7,negative,negative,False,0.3976907,
sentiment-te-01831,hi-Latn,youtube-hinglish,sentiment,transformer,18,negative,negative,False,0.7014615,
sentiment-te-01832,hi-Latn,youtube-hinglish,sentiment,transformer,6,negative,positive,True,0.43290487,
sentiment-te-01833,hi-Latn,youtube-hinglish,sentiment,transformer,7,neutral,neutral,False,0.4489603,
sentiment-te-01834,hi-Latn,youtube-hinglish,sentiment,transformer,17,negative,positive,True,0.4027587,
sentiment-te-01835,hi-Latn,youtube-hinglish,sentiment,transformer,32,neutral,neutral,False,0.50060284,
sentiment-te-01836,hi-Latn,youtube-hinglish,sentiment,transformer,14,positive,positive,False,0.65841085,
sentiment-te-01837,hi-Latn,youtube-hinglish,sentiment,transformer,9,positive,positive,False,0.6386195,
sentiment-te-01838,hi-Latn,youtube-hinglish,sentiment,transformer,12,positive,positive,False,0.6536341,
sentiment-te-01839,hi-Latn,youtube-hinglish,sentiment,transformer,8,negative,negative,False,0.368223,
sentiment-te-01840,hi-Latn,youtube-hinglish,sentiment,transformer,5,positive,positive,False,0.41031307,
sentiment-te-01841,hi-Latn,youtube-hinglish,sentiment,transformer,4,neutral,neutral,False,0.57437706,
sentiment-te-01842,hi-Latn,youtube-hinglish,sentiment,transformer,3,positive,positive,False,0.69863963,
sentiment-te-01843,hi-Latn,youtube-hinglish,sentiment,transformer,5,neutral,positive,True,0.6658641,
sentiment-te-01844,hi-Latn,youtube-hinglish,sentiment,transformer,8,neutral,negative,True,0.6174219,
sentiment-te-01845,hi-Latn,youtube-hinglish,sentiment,transformer,17,positive,positive,False,0.57971895,
sentiment-te-01846,hi-Latn,youtube-hinglish,sentiment,transformer,7,negative,negative,False,0.47082886,
sentiment-te-01847,hi-Latn,youtube-hinglish,sentiment,transformer,4,negative,positive,True,0.5661604,
sentiment-te-01848,hi-Latn,youtube-hinglish,sentiment,transformer,13,neutral,positive,True,0.5733184,
sentiment-te-01849,hi-Latn,youtube-hinglish,sentiment,transformer,7,neutral,negative,True,0.469261,
sentiment-te-01850,hi-Latn,youtube-hinglish,sentiment,transformer,16,negative,positive,True,0.49117172,
sentiment-te-01851,hi-Latn,youtube-hinglish,sentiment,transformer,11,negative,negative,False,0.49717858,
sentiment-te-01852,hi-Latn,youtube-hinglish,sentiment,transformer,5,positive,neutral,True,0.39247358,
sentiment-te-01853,hi-Latn,youtube-hinglish,sentiment,transformer,3,positive,positive,False,0.59972507,
sentiment-te-01854,hi-Latn,youtube-hinglish,sentiment,transformer,3,positive,positive,False,0.4876507,
sentiment-te-01855,hi-Latn,youtube-hinglish,sentiment,transformer,37,neutral,positive,True,0.58334196,
sentiment-te-01856,hi-Latn,youtube-hinglish,sentiment,transformer,26,negative,negative,False,0.761392,
sentiment-te-01857,hi-Latn,youtube-hinglish,sentiment,transformer,5,negative,positive,True,0.49732414,
sentiment-te-01858,hi-Latn,youtube-hinglish,sentiment,transformer,15,negative,negative,False,0.73893917,
sentiment-te-01859,hi-Latn,youtube-hinglish,sentiment,transformer,13,positive,positive,False,0.7054649,
sentiment-te-01860,hi-Latn,youtube-hinglish,sentiment,transformer,4,neutral,positive,True,0.43638742,
sentiment-te-01861,hi-Latn,youtube-hinglish,sentiment,transformer,33,positive,negative,True,0.70864797,
sentiment-te-01862,hi-Latn,youtube-hinglish,sentiment,transformer,8,positive,positive,False,0.4382949,
sentiment-te-01863,hi-Latn,youtube-hinglish,sentiment,transformer,11,positive,positive,False,0.7394329,
sentiment-te-01864,hi-Latn,youtube-hinglish,sentiment,transformer,7,positive,positive,False,0.6087729,
sentiment-te-01865,hi-Latn,youtube-hinglish,sentiment,transformer,19,positive,negative,True,0.81177473,
sentiment-te-01866,hi-Latn,youtube-hinglish,sentiment,transformer,19,positive,positive,False,0.4400072,
sentiment-te-01867,hi-Latn,youtube-hinglish,sentiment,transformer,13,positive,negative,True,0.40494093,
sentiment-te-01868,hi-Latn,youtube-hinglish,sentiment,transformer,22,neutral,negative,True,0.38205355,
sentiment-te-01869,hi-Latn,youtube-hinglish,sentiment,transformer,18,positive,positive,False,0.55802494,
sentiment-te-01870,hi-Latn,youtube-hinglish,sentiment,transformer,9,positive,neutral,True,0.4688782,
sentiment-te-01871,hi-Latn,youtube-hinglish,sentiment,transformer,10,positive,negative,True,0.61698073,
sentiment-te-01872,hi-Latn,youtube-hinglish,sentiment,transformer,7,negative,negative,False,0.77052814,
sentiment-te-01873,hi-Latn,youtube-hinglish,sentiment,transformer,16,negative,negative,False,0.8046111,
sentiment-te-01874,hi-Latn,youtube-hinglish,sentiment,transformer,6,neutral,negative,True,0.73898673,
sentiment-te-01875,hi-Latn,youtube-hinglish,sentiment,transformer,20,positive,negative,True,0.7571323,
sentiment-te-01876,hi-Latn,youtube-hinglish,sentiment,transformer,10,positive,negative,True,0.7657295,
sentiment-te-01877,hi-Latn,youtube-hinglish,sentiment,transformer,9,positive,neutral,True,0.38264602,
sentiment-te-01878,hi-Latn,youtube-hinglish,sentiment,transformer,6,positive,negative,True,0.6401458,
sentiment-te-01879,hi-Latn,youtube-hinglish,sentiment,transformer,13,positive,negative,True,0.80226713,
sentiment-te-01880,hi-Latn,youtube-hinglish,sentiment,transformer,10,positive,positive,False,0.6467585,
sentiment-te-01881,hi-Latn,youtube-hinglish,sentiment,transformer,28,positive,positive,False,0.36077157,
sentiment-te-01882,hi-Latn,youtube-hinglish,sentiment,transformer,6,negative,positive,True,0.47953618,
sentiment-te-01883,hi-Latn,youtube-hinglish,sentiment,transformer,6,positive,negative,True,0.56130916,
sentiment-te-01884,hi-Latn,youtube-hinglish,sentiment,transformer,4,neutral,neutral,False,0.38224727,
sentiment-te-01885,hi-Latn,youtube-hinglish,sentiment,transformer,16,positive,positive,False,0.3968969,
sentiment-te-01886,hi-Latn,youtube-hinglish,sentiment,transformer,13,positive,positive,False,0.6912999,
sentiment-te-01887,hi-Latn,youtube-hinglish,sentiment,transformer,8,positive,positive,False,0.60940963,
sentiment-te-01888,hi-Latn,youtube-hinglish,sentiment,transformer,34,positive,positive,False,0.55247825,
sentiment-te-01889,hi-Latn,youtube-hinglish,sentiment,transformer,10,neutral,neutral,False,0.49536493,
sentiment-te-01890,hi-Latn,youtube-hinglish,sentiment,transformer,14,positive,positive,False,0.6660884,
sentiment-te-01891,hi-Latn,youtube-hinglish,sentiment,transformer,8,negative,negative,False,0.5868465,
sentiment-te-01892,hi-Latn,youtube-hinglish,sentiment,transformer,15,positive,positive,False,0.454132,
sentiment-te-01893,hi-Latn,youtube-hinglish,sentiment,transformer,8,positive,positive,False,0.37137216,
sentiment-te-01894,hi-Latn,youtube-hinglish,sentiment,transformer,29,positive,negative,True,0.5036935,
sentiment-te-01895,hi-Latn,youtube-hinglish,sentiment,transformer,32,negative,negative,False,0.7242821,
sentiment-te-01896,hi-Latn,youtube-hinglish,sentiment,transformer,36,positive,positive,False,0.61889535,
sentiment-te-01897,hi-Latn,youtube-hinglish,sentiment,transformer,6,positive,positive,False,0.5725505,
sentiment-te-01898,hi-Latn,youtube-hinglish,sentiment,transformer,8,positive,neutral,True,0.57399225,
sentiment-te-01899,hi-Latn,youtube-hinglish,sentiment,transformer,20,negative,negative,False,0.77651864,
sentiment-te-01900,hi-Latn,youtube-hinglish,sentiment,transformer,21,positive,negative,True,0.40658334,
sentiment-te-01901,hi-Latn,youtube-hinglish,sentiment,transformer,5,negative,positive,True,0.42639062,
sentiment-te-01902,hi-Latn,youtube-hinglish,sentiment,transformer,5,positive,positive,False,0.6834195,
sentiment-te-01903,hi-Latn,youtube-hinglish,sentiment,transformer,9,negative,positive,True,0.5196802,
sentiment-te-01904,hi-Latn,youtube-hinglish,sentiment,transformer,13,positive,positive,False,0.5121437,
sentiment-te-01905,hi-Latn,youtube-hinglish,sentiment,transformer,15,positive,negative,True,0.583429,
sentiment-te-01906,hi-Latn,youtube-hinglish,sentiment,transformer,9,neutral,positive,True,0.41897857,
sentiment-te-01907,hi-Latn,youtube-hinglish,sentiment,transformer,17,neutral,negative,True,0.43524522,
sentiment-te-01908,hi-Latn,youtube-hinglish,sentiment,transformer,3,positive,negative,True,0.37906444,
sentiment-te-01909,hi-Latn,youtube-hinglish,sentiment,transformer,8,positive,positive,False,0.6140313,
sentiment-te-01910,hi-Latn,youtube-hinglish,sentiment,transformer,5,neutral,negative,True,0.3738668,
sentiment-te-01911,hi-Latn,youtube-hinglish,sentiment,transformer,21,positive,negative,True,0.3899531,
sentiment-te-01912,hi-Latn,youtube-hinglish,sentiment,transformer,13,neutral,negative,True,0.7036531,
sentiment-te-01913,hi-Latn,youtube-hinglish,sentiment,transformer,8,positive,positive,False,0.40167338,
sentiment-te-01914,hi-Latn,youtube-hinglish,sentiment,transformer,18,negative,negative,False,0.7320236,
sentiment-te-01915,hi-Latn,youtube-hinglish,sentiment,transformer,6,positive,negative,True,0.66349965,
sentiment-te-01916,hi-Latn,youtube-hinglish,sentiment,transformer,6,positive,positive,False,0.6571399,
sentiment-te-01917,hi-Latn,youtube-hinglish,sentiment,transformer,16,positive,positive,False,0.6125498,
sentiment-te-01918,hi-Latn,youtube-hinglish,sentiment,transformer,16,positive,positive,False,0.61662966,
sentiment-te-01919,hi-Latn,youtube-hinglish,sentiment,transformer,8,negative,positive,True,0.7064943,
sentiment-te-01920,hi-Latn,youtube-hinglish,sentiment,transformer,4,negative,negative,False,0.3930312,
sentiment-te-01921,hi-Latn,youtube-hinglish,sentiment,transformer,10,negative,negative,False,0.8330719,
sentiment-te-01922,hi-Latn,youtube-hinglish,sentiment,transformer,5,negative,negative,False,0.5422079,
sentiment-te-01923,hi-Latn,youtube-hinglish,sentiment,transformer,20,positive,positive,False,0.45120838,
sentiment-te-01924,hi-Latn,youtube-hinglish,sentiment,transformer,24,negative,negative,False,0.7850346,
sentiment-te-01925,hi-Latn,youtube-hinglish,sentiment,transformer,16,negative,negative,False,0.7830129,
sentiment-te-01926,hi-Latn,youtube-hinglish,sentiment,transformer,16,neutral,positive,True,0.6382187,
sentiment-te-01927,hi-Latn,youtube-hinglish,sentiment,transformer,9,positive,positive,False,0.71395504,
sentiment-te-01928,hi-Latn,youtube-hinglish,sentiment,transformer,9,neutral,neutral,False,0.44172528,
sentiment-te-01929,hi-Latn,youtube-hinglish,sentiment,transformer,25,negative,positive,True,0.38353387,
sentiment-te-01930,hi-Latn,youtube-hinglish,sentiment,transformer,17,positive,negative,True,0.6454268,
sentiment-te-01931,hi-Latn,youtube-hinglish,sentiment,transformer,36,positive,positive,False,0.64719266,
sentiment-te-01932,hi-Latn,youtube-hinglish,sentiment,transformer,10,neutral,neutral,False,0.51073563,
sentiment-te-01933,hi-Latn,youtube-hinglish,sentiment,transformer,5,positive,positive,False,0.6512333,
sentiment-te-01934,hi-Latn,youtube-hinglish,sentiment,transformer,16,neutral,negative,True,0.527402,
sentiment-te-01935,hi-Latn,youtube-hinglish,sentiment,transformer,8,positive,positive,False,0.51745707,
sentiment-te-01936,hi-Latn,youtube-hinglish,sentiment,transformer,39,neutral,negative,True,0.7979882,
sentiment-te-01937,hi-Latn,youtube-hinglish,sentiment,transformer,23,negative,negative,False,0.43997207,
sentiment-te-01938,hi-Latn,youtube-hinglish,sentiment,transformer,9,neutral,positive,True,0.45274663,
sentiment-te-01939,hi-Latn,youtube-hinglish,sentiment,transformer,5,positive,positive,False,0.5009025,
sentiment-te-01940,hi-Latn,youtube-hinglish,sentiment,transformer,8,negative,negative,False,0.5636131,
sentiment-te-01941,hi-Latn,youtube-hinglish,sentiment,transformer,14,positive,positive,False,0.4271402,
sentiment-te-01942,hi-Latn,youtube-hinglish,sentiment,transformer,18,negative,negative,False,0.6791745,
sentiment-te-01943,hi-Latn,youtube-hinglish,sentiment,transformer,14,positive,positive,False,0.6934022,
sentiment-te-01944,hi-Latn,youtube-hinglish,sentiment,transformer,4,neutral,neutral,False,0.45204628,
sentiment-te-01945,hi-Latn,youtube-hinglish,sentiment,transformer,13,positive,positive,False,0.6956185,
sentiment-te-01946,hi-Latn,youtube-hinglish,sentiment,transformer,5,negative,positive,True,0.6564918,
sentiment-te-01947,hi-Latn,youtube-hinglish,sentiment,transformer,20,positive,positive,False,0.7277634,
sentiment-te-01948,hi-Latn,youtube-hinglish,sentiment,transformer,10,positive,positive,False,0.6452992,
sentiment-te-01949,hi-Latn,youtube-hinglish,sentiment,transformer,7,neutral,negative,True,0.5123467,
sentiment-te-01950,hi-Latn,youtube-hinglish,sentiment,transformer,5,positive,positive,False,0.56844234,
sentiment-te-01951,hi-Latn,youtube-hinglish,sentiment,transformer,11,positive,positive,False,0.6495692,
sentiment-te-01952,hi-Latn,youtube-hinglish,sentiment,transformer,6,positive,positive,False,0.73752236,
sentiment-te-01953,hi-Latn,youtube-hinglish,sentiment,transformer,43,positive,negative,True,0.7998302,
sentiment-te-01954,hi-Latn,youtube-hinglish,sentiment,transformer,4,positive,positive,False,0.6418257,
sentiment-te-01955,hi-Latn,youtube-hinglish,sentiment,transformer,8,positive,positive,False,0.7179901,
sentiment-te-01956,hi-Latn,youtube-hinglish,sentiment,transformer,5,positive,positive,False,0.7389348,
sentiment-te-01957,hi-Latn,youtube-hinglish,sentiment,transformer,5,neutral,neutral,False,0.47285774,
sentiment-te-01958,hi-Latn,youtube-hinglish,sentiment,transformer,13,negative,negative,False,0.5458296,
sentiment-te-01959,hi-Latn,youtube-hinglish,sentiment,transformer,9,positive,negative,True,0.3627413,
sentiment-te-01960,hi-Latn,youtube-hinglish,sentiment,transformer,3,negative,positive,True,0.4620702,
sentiment-te-01961,hi-Latn,youtube-hinglish,sentiment,transformer,21,positive,neutral,True,0.38254896,
sentiment-te-01962,hi-Latn,youtube-hinglish,sentiment,transformer,7,neutral,positive,True,0.60361487,
sentiment-te-01963,hi-Latn,youtube-hinglish,sentiment,transformer,12,neutral,negative,True,0.49801362,
sentiment-te-01964,hi-Latn,youtube-hinglish,sentiment,transformer,7,negative,negative,False,0.42573577,
sentiment-te-01965,hi-Latn,youtube-hinglish,sentiment,transformer,8,positive,positive,False,0.45891488,
sentiment-te-01966,hi-Latn,youtube-hinglish,sentiment,transformer,9,neutral,negative,True,0.6290884,
sentiment-te-01967,hi-Latn,youtube-hinglish,sentiment,transformer,7,positive,negative,True,0.8250249,
sentiment-te-01968,hi-Latn,youtube-hinglish,sentiment,transformer,15,negative,negative,False,0.7342845,
sentiment-te-01969,hi-Latn,youtube-hinglish,sentiment,transformer,5,neutral,positive,True,0.5096228,
sentiment-te-01970,hi-Latn,youtube-hinglish,sentiment,transformer,14,negative,negative,False,0.65162325,
sentiment-te-01971,hi-Latn,youtube-hinglish,sentiment,transformer,19,negative,negative,False,0.82139635,
sentiment-te-01972,hi-Latn,youtube-hinglish,sentiment,transformer,12,neutral,neutral,False,0.5424983,
sentiment-te-01973,hi-Latn,youtube-hinglish,sentiment,transformer,4,positive,neutral,True,0.438681,
sentiment-te-01974,hi-Latn,youtube-hinglish,sentiment,transformer,8,neutral,negative,True,0.45439756,
sentiment-te-01975,hi-Latn,youtube-hinglish,sentiment,transformer,26,positive,positive,False,0.65150166,
sentiment-te-01976,hi-Latn,youtube-hinglish,sentiment,transformer,12,positive,negative,True,0.717345,
sentiment-te-01977,hi-Latn,youtube-hinglish,sentiment,transformer,11,positive,negative,True,0.5195097,
sentiment-te-01978,hi-Latn,youtube-hinglish,sentiment,transformer,14,positive,negative,True,0.45876732,
sentiment-te-01979,hi-Latn,youtube-hinglish,sentiment,transformer,15,negative,neutral,True,0.4218564,
sentiment-te-01980,hi-Latn,youtube-hinglish,sentiment,transformer,6,positive,negative,True,0.7384354,
sentiment-te-01981,hi-Latn,youtube-hinglish,sentiment,transformer,20,negative,negative,False,0.6735637,
sentiment-te-01982,hi-Latn,youtube-hinglish,sentiment,transformer,7,positive,positive,False,0.73468965,
sentiment-te-01983,hi-Latn,youtube-hinglish,sentiment,transformer,13,neutral,negative,True,0.689434,
sentiment-te-01984,hi-Latn,youtube-hinglish,sentiment,transformer,11,neutral,neutral,False,0.42710286,
sentiment-te-01985,hi-Latn,youtube-hinglish,sentiment,transformer,12,neutral,positive,True,0.5315143,
sentiment-te-01986,hi-Latn,youtube-hinglish,sentiment,transformer,11,negative,negative,False,0.77888507,
sentiment-te-01987,hi-Latn,youtube-hinglish,sentiment,transformer,15,positive,positive,False,0.7317338,
sentiment-te-01988,hi-Latn,youtube-hinglish,sentiment,transformer,8,neutral,neutral,False,0.53567547,
sentiment-te-01989,hi-Latn,youtube-hinglish,sentiment,transformer,8,positive,negative,True,0.70914745,
sentiment-te-01990,hi-Latn,youtube-hinglish,sentiment,transformer,6,negative,negative,False,0.38969985,
sentiment-te-01991,hi-Latn,youtube-hinglish,sentiment,transformer,12,neutral,negative,True,0.6360954,
sentiment-te-01992,hi-Latn,youtube-hinglish,sentiment,transformer,9,negative,positive,True,0.43362188,
sentiment-te-01993,hi-Latn,youtube-hinglish,sentiment,transformer,8,neutral,neutral,False,0.4462256,
sentiment-te-01994,hi-Latn,youtube-hinglish,sentiment,transformer,18,positive,negative,True,0.8178628,
sentiment-te-01995,hi-Latn,youtube-hinglish,sentiment,transformer,12,positive,positive,False,0.48494554,
sentiment-te-01996,hi-Latn,youtube-hinglish,sentiment,transformer,9,negative,negative,False,0.51955813,
sentiment-te-01997,hi-Latn,youtube-hinglish,sentiment,transformer,6,neutral,negative,True,0.3898602,
sentiment-te-01998,hi-Latn,youtube-hinglish,sentiment,transformer,7,positive,negative,True,0.44585973,
sentiment-te-01999,hi-Latn,youtube-hinglish,sentiment,transformer,8,negative,negative,False,0.8294388,
sentiment-te-02000,hi-Latn,youtube-hinglish,sentiment,transformer,5,negative,positive,True,0.5715785,
sentiment-te-02001,hi-Latn,youtube-hinglish,sentiment,transformer,15,negative,positive,True,0.5319885,
sentiment-te-02002,hi-Latn,youtube-hinglish,sentiment,transformer,6,positive,positive,False,0.7367367,
sentiment-te-02003,hi-Latn,youtube-hinglish,sentiment,transformer,4,neutral,neutral,False,0.43870023,
sentiment-te-02004,hi-Latn,youtube-hinglish,sentiment,transformer,3,positive,negative,True,0.5158901,
sentiment-te-02005,hi-Latn,youtube-hinglish,sentiment,transformer,14,neutral,negative,True,0.7333056,
sentiment-te-02006,hi-Latn,youtube-hinglish,sentiment,transformer,23,negative,negative,False,0.43642682,
sentiment-te-02007,hi-Latn,youtube-hinglish,sentiment,transformer,24,positive,negative,True,0.79435664,
sentiment-te-02008,hi-Latn,youtube-hinglish,sentiment,transformer,3,neutral,neutral,False,0.45884877,
sentiment-te-02009,hi-Latn,youtube-hinglish,sentiment,transformer,7,neutral,neutral,False,0.39959005,
sentiment-te-02010,hi-Latn,youtube-hinglish,sentiment,transformer,13,negative,negative,False,0.81682974,
sentiment-te-02011,hi-Latn,youtube-hinglish,sentiment,transformer,8,negative,positive,True,0.46031836,
sentiment-te-02012,hi-Latn,youtube-hinglish,sentiment,transformer,12,positive,negative,True,0.4031274,
sentiment-te-02013,hi-Latn,youtube-hinglish,sentiment,transformer,10,neutral,negative,True,0.47359172,
sentiment-te-02014,hi-Latn,youtube-hinglish,sentiment,transformer,11,neutral,neutral,False,0.39613605,
sentiment-te-02015,hi-Latn,youtube-hinglish,sentiment,transformer,12,negative,negative,False,0.58796155,
sentiment-te-02016,hi-Latn,youtube-hinglish,sentiment,transformer,11,negative,positive,True,0.4571315,
sentiment-te-02017,hi-Latn,youtube-hinglish,sentiment,transformer,11,negative,negative,False,0.81122804,
sentiment-te-02018,hi-Latn,youtube-hinglish,sentiment,transformer,7,negative,negative,False,0.7599138,
sentiment-te-02019,hi-Latn,youtube-hinglish,sentiment,transformer,13,positive,negative,True,0.43429083,
sentiment-te-02020,hi-Latn,youtube-hinglish,sentiment,transformer,8,positive,negative,True,0.46581516,
sentiment-te-02021,hi-Latn,youtube-hinglish,sentiment,transformer,7,neutral,neutral,False,0.42799067,
sentiment-te-02022,hi-Latn,youtube-hinglish,sentiment,transformer,11,neutral,positive,True,0.4954873,
sentiment-te-02023,hi-Latn,youtube-hinglish,sentiment,transformer,15,positive,positive,False,0.56432205,
sentiment-te-02024,hi-Latn,youtube-hinglish,sentiment,transformer,4,negative,negative,False,0.41580433,
sentiment-te-02025,hi-Latn,youtube-hinglish,sentiment,transformer,20,positive,negative,True,0.7854566,
sentiment-te-02026,hi-Latn,youtube-hinglish,sentiment,transformer,14,neutral,negative,True,0.51596534,
sentiment-te-02027,hi-Latn,youtube-hinglish,sentiment,transformer,16,negative,negative,False,0.8064928,
sentiment-te-02028,hi-Latn,youtube-hinglish,sentiment,transformer,13,positive,positive,False,0.6903688,
sentiment-te-02029,hi-Latn,youtube-hinglish,sentiment,transformer,16,negative,negative,False,0.42050585,
sentiment-te-02030,hi-Latn,youtube-hinglish,sentiment,transformer,28,positive,positive,False,0.40464395,
sentiment-te-02031,hi-Latn,youtube-hinglish,sentiment,transformer,11,positive,positive,False,0.6625134,
sentiment-te-02032,hi-Latn,youtube-hinglish,sentiment,transformer,14,positive,negative,True,0.67060274,
sentiment-te-02033,hi-Latn,youtube-hinglish,sentiment,transformer,12,positive,neutral,True,0.44170976,
sentiment-te-02034,hi-Latn,youtube-hinglish,sentiment,transformer,15,positive,positive,False,0.5188973,
sentiment-te-02035,hi-Latn,youtube-hinglish,sentiment,transformer,21,positive,positive,False,0.707656,
sentiment-te-02036,hi-Latn,youtube-hinglish,sentiment,transformer,14,positive,negative,True,0.8161951,
sentiment-te-02037,hi-Latn,youtube-hinglish,sentiment,transformer,11,positive,positive,False,0.49127236,
sentiment-te-02038,hi-Latn,youtube-hinglish,sentiment,transformer,17,negative,positive,True,0.39422578,
sentiment-te-02039,hi-Latn,youtube-hinglish,sentiment,transformer,20,positive,positive,False,0.5921063,
sentiment-te-02040,hi-Latn,youtube-hinglish,sentiment,transformer,26,neutral,neutral,False,0.38176036,
sentiment-te-02041,hi-Latn,youtube-hinglish,sentiment,transformer,10,positive,positive,False,0.50431585,
sentiment-te-02042,hi-Latn,youtube-hinglish,sentiment,transformer,21,positive,positive,False,0.7247791,
sentiment-te-02043,hi-Latn,youtube-hinglish,sentiment,transformer,15,positive,positive,False,0.6466606,
sentiment-te-02044,hi-Latn,youtube-hinglish,sentiment,transformer,20,positive,positive,False,0.6442983,
sentiment-te-02045,hi-Latn,youtube-hinglish,sentiment,transformer,12,neutral,neutral,False,0.53697765,
sentiment-te-02046,hi-Latn,youtube-hinglish,sentiment,transformer,13,positive,negative,True,0.5647995,
sentiment-te-02047,hi-Latn,youtube-hinglish,sentiment,transformer,7,negative,positive,True,0.4335421,
sentiment-te-02048,hi-Latn,youtube-hinglish,sentiment,transformer,5,positive,positive,False,0.71376747,
sentiment-te-02049,hi-Latn,youtube-hinglish,sentiment,transformer,16,neutral,positive,True,0.5465181,
sentiment-te-02050,hi-Latn,youtube-hinglish,sentiment,transformer,25,positive,negative,True,0.56067073,
sentiment-te-02051,hi-Latn,youtube-hinglish,sentiment,transformer,17,positive,positive,False,0.5382005,
sentiment-te-02052,hi-Latn,youtube-hinglish,sentiment,transformer,11,positive,positive,False,0.6333812,
sentiment-te-02053,hi-Latn,youtube-hinglish,sentiment,transformer,12,positive,positive,False,0.6747553,
sentiment-te-02054,hi-Latn,youtube-hinglish,sentiment,transformer,11,neutral,positive,True,0.6408534,
sentiment-te-02055,hi-Latn,youtube-hinglish,sentiment,transformer,27,positive,positive,False,0.50008893,
sentiment-te-02056,hi-Latn,youtube-hinglish,sentiment,transformer,5,positive,positive,False,0.64942396,
sentiment-te-02057,hi-Latn,youtube-hinglish,sentiment,transformer,10,positive,negative,True,0.69572514,
sentiment-te-02058,hi-Latn,youtube-hinglish,sentiment,transformer,18,positive,negative,True,0.6890685,
sentiment-te-02059,hi-Latn,youtube-hinglish,sentiment,transformer,12,negative,negative,False,0.50576705,
sentiment-te-02060,hi-Latn,youtube-hinglish,sentiment,transformer,11,positive,positive,False,0.7311905,
sentiment-te-02061,hi-Latn,youtube-hinglish,sentiment,transformer,74,positive,positive,False,0.65221584,
sentiment-te-02062,hi-Latn,youtube-hinglish,sentiment,transformer,16,positive,neutral,True,0.4113408,
sentiment-te-02063,hi-Latn,youtube-hinglish,sentiment,transformer,38,positive,positive,False,0.7116315,
sentiment-te-02064,hi-Latn,youtube-hinglish,sentiment,transformer,45,negative,neutral,True,0.58453834,
sentiment-te-02065,hi-Latn,youtube-hinglish,sentiment,transformer,8,positive,positive,False,0.49640846,
sentiment-te-02066,hi-Latn,youtube-hinglish,sentiment,transformer,8,positive,positive,False,0.5997691,
sentiment-te-02067,hi-Latn,youtube-hinglish,sentiment,transformer,18,positive,positive,False,0.42111275,
sentiment-te-02068,hi-Latn,youtube-hinglish,sentiment,transformer,10,neutral,neutral,False,0.44729656,
sentiment-te-02069,hi-Latn,youtube-hinglish,sentiment,transformer,11,positive,positive,False,0.66711676,
sentiment-te-02070,hi-Latn,youtube-hinglish,sentiment,transformer,17,negative,negative,False,0.69029844,
sentiment-te-02071,hi-Latn,youtube-hinglish,sentiment,transformer,4,positive,positive,False,0.6373132,
sentiment-te-02072,hi-Latn,youtube-hinglish,sentiment,transformer,8,neutral,negative,True,0.61995095,
sentiment-te-02073,hi-Latn,youtube-hinglish,sentiment,transformer,23,positive,positive,False,0.42480043,
sentiment-te-02074,hi-Latn,youtube-hinglish,sentiment,transformer,49,positive,negative,True,0.7146286,
sentiment-te-02075,hi-Latn,youtube-hinglish,sentiment,transformer,11,positive,neutral,True,0.49115384,
sentiment-te-02076,hi-Latn,youtube-hinglish,sentiment,transformer,26,negative,negative,False,0.39948907,
sentiment-te-02077,hi-Latn,youtube-hinglish,sentiment,transformer,14,positive,negative,True,0.5450288,
sentiment-te-02078,hi-Latn,youtube-hinglish,sentiment,transformer,15,positive,positive,False,0.67407095,
sentiment-te-02079,hi-Latn,youtube-hinglish,sentiment,transformer,10,negative,negative,False,0.8102128,
sentiment-te-02080,hi-Latn,youtube-hinglish,sentiment,transformer,4,positive,neutral,True,0.42084494,
sentiment-te-02081,hi-Latn,youtube-hinglish,sentiment,transformer,23,positive,positive,False,0.73105514,
sentiment-te-02082,hi-Latn,youtube-hinglish,sentiment,transformer,11,positive,positive,False,0.67749304,
sentiment-te-02083,hi-Latn,youtube-hinglish,sentiment,transformer,33,positive,negative,True,0.38769388,
sentiment-te-02084,hi-Latn,youtube-hinglish,sentiment,transformer,6,positive,positive,False,0.73889196,
sentiment-te-02085,hi-Latn,youtube-hinglish,sentiment,transformer,11,positive,positive,False,0.74039567,
sentiment-te-02086,hi-Latn,youtube-hinglish,sentiment,transformer,11,positive,positive,False,0.63562465,
sentiment-te-02087,hi-Latn,youtube-hinglish,sentiment,transformer,22,negative,negative,False,0.7780833,
sentiment-te-02088,hi-Latn,youtube-hinglish,sentiment,transformer,5,positive,neutral,True,0.36871323,
sentiment-te-02089,hi-Latn,youtube-hinglish,sentiment,transformer,29,positive,positive,False,0.59700614,
sentiment-te-02090,hi-Latn,youtube-hinglish,sentiment,transformer,15,positive,positive,False,0.40494627,
sentiment-te-02091,hi-Latn,youtube-hinglish,sentiment,transformer,6,positive,positive,False,0.6123976,
sentiment-te-02092,hi-Latn,youtube-hinglish,sentiment,transformer,5,positive,neutral,True,0.5741686,
sentiment-te-02093,hi-Latn,youtube-hinglish,sentiment,transformer,5,positive,negative,True,0.5447488,
sentiment-te-02094,hi-Latn,youtube-hinglish,sentiment,transformer,7,positive,negative,True,0.4115759,
sentiment-te-02095,hi-Latn,youtube-hinglish,sentiment,transformer,12,positive,positive,False,0.6920904,
sentiment-te-02096,hi-Latn,youtube-hinglish,sentiment,transformer,3,positive,positive,False,0.64023983,
sentiment-te-02097,hi-Latn,youtube-hinglish,sentiment,transformer,11,positive,positive,False,0.4546728,
sentiment-te-02098,hi-Latn,youtube-hinglish,sentiment,transformer,8,positive,positive,False,0.5772727,
sentiment-te-02099,hi-Latn,youtube-hinglish,sentiment,transformer,6,positive,negative,True,0.67645985,
sentiment-te-02100,hi-Latn,youtube-hinglish,sentiment,transformer,10,positive,negative,True,0.6107282,
sentiment-te-02101,hi-Latn,youtube-hinglish,sentiment,transformer,10,positive,positive,False,0.7039123,
sentiment-te-02102,hi-Latn,youtube-hinglish,sentiment,transformer,14,positive,positive,False,0.60830444,
sentiment-te-02103,hi-Latn,youtube-hinglish,sentiment,transformer,14,positive,positive,False,0.7286625,
sentiment-te-02104,hi-Latn,youtube-hinglish,sentiment,transformer,23,positive,positive,False,0.6977574,
sentiment-te-02105,hi-Latn,youtube-hinglish,sentiment,transformer,20,positive,positive,False,0.40662226,
sentiment-te-02106,hi-Latn,youtube-hinglish,sentiment,transformer,20,positive,positive,False,0.6762669,
sentiment-te-02107,hi-Latn,youtube-hinglish,sentiment,transformer,7,negative,positive,True,0.45170128,
sentiment-te-02108,hi-Latn,youtube-hinglish,sentiment,transformer,16,positive,positive,False,0.73072803,
sentiment-te-02109,hi-Latn,youtube-hinglish,sentiment,transformer,20,positive,negative,True,0.5231928,
sentiment-te-02110,hi-Latn,youtube-hinglish,sentiment,transformer,8,positive,positive,False,0.7432868,
sentiment-te-02111,hi-Latn,youtube-hinglish,sentiment,transformer,14,positive,positive,False,0.67175925,
sentiment-te-02112,hi-Latn,youtube-hinglish,sentiment,transformer,21,negative,negative,False,0.67069966,
sentiment-te-02113,hi-Latn,youtube-hinglish,sentiment,transformer,4,positive,negative,True,0.47231835,
sentiment-te-02114,hi-Latn,youtube-hinglish,sentiment,transformer,9,positive,positive,False,0.6216711,
sentiment-te-02115,hi-Latn,youtube-hinglish,sentiment,transformer,4,negative,positive,True,0.6978989,
sentiment-te-02116,hi-Latn,youtube-hinglish,sentiment,transformer,9,neutral,positive,True,0.6170231,
sentiment-te-02117,hi-Latn,youtube-hinglish,sentiment,transformer,8,positive,negative,True,0.63632506,
sentiment-te-02118,hi-Latn,youtube-hinglish,sentiment,transformer,28,neutral,positive,True,0.4362887,
sentiment-te-02119,hi-Latn,youtube-hinglish,sentiment,transformer,23,positive,negative,True,0.5706532,
sentiment-te-02120,hi-Latn,youtube-hinglish,sentiment,transformer,10,negative,negative,False,0.7047936,
sentiment-te-02121,hi-Latn,youtube-hinglish,sentiment,transformer,14,positive,positive,False,0.71741545,
sentiment-te-02122,hi-Latn,youtube-hinglish,sentiment,transformer,7,positive,positive,False,0.7192365,
sentiment-te-02123,hi-Latn,youtube-hinglish,sentiment,transformer,20,positive,neutral,True,0.468297,
sentiment-te-02124,hi-Latn,youtube-hinglish,sentiment,transformer,6,positive,positive,False,0.4171613,
sentiment-te-02125,hi-Latn,youtube-hinglish,sentiment,transformer,13,positive,positive,False,0.6454301,
sentiment-te-02126,hi-Latn,youtube-hinglish,sentiment,transformer,8,positive,positive,False,0.71229726,
sentiment-te-02127,hi-Latn,youtube-hinglish,sentiment,transformer,6,neutral,neutral,False,0.35621876,
sentiment-te-02128,hi-Latn,youtube-hinglish,sentiment,transformer,11,negative,positive,True,0.57475203,
sentiment-te-02129,hi-Latn,youtube-hinglish,sentiment,transformer,14,positive,negative,True,0.56474584,
sentiment-te-02130,hi-Latn,youtube-hinglish,sentiment,transformer,6,positive,positive,False,0.68702954,
sentiment-te-02131,hi-Latn,youtube-hinglish,sentiment,transformer,9,neutral,neutral,False,0.49341983,
sentiment-te-02132,hi-Latn,youtube-hinglish,sentiment,transformer,6,positive,positive,False,0.7182928,
sentiment-te-02133,hi-Latn,youtube-hinglish,sentiment,transformer,6,neutral,negative,True,0.51567775,
sentiment-te-02134,hi-Latn,youtube-hinglish,sentiment,transformer,7,negative,positive,True,0.43643436,
sentiment-te-02135,hi-Latn,youtube-hinglish,sentiment,transformer,14,neutral,negative,True,0.51823086,
sentiment-te-02136,hi-Latn,youtube-hinglish,sentiment,transformer,8,negative,negative,False,0.45031416,
sentiment-te-02137,hi-Latn,youtube-hinglish,sentiment,transformer,6,positive,positive,False,0.70021445,
sentiment-te-02138,hi-Latn,youtube-hinglish,sentiment,transformer,8,neutral,negative,True,0.46836635,
sentiment-te-02139,hi-Latn,youtube-hinglish,sentiment,transformer,20,positive,positive,False,0.33523422,
sentiment-te-02140,hi-Latn,youtube-hinglish,sentiment,transformer,4,positive,positive,False,0.6657474,
sentiment-te-02141,hi-Latn,youtube-hinglish,sentiment,transformer,9,positive,positive,False,0.68205136,
sentiment-te-02142,hi-Latn,youtube-hinglish,sentiment,transformer,13,positive,positive,False,0.5981154,
sentiment-te-02143,hi-Latn,youtube-hinglish,sentiment,transformer,23,positive,neutral,True,0.3454415,
sentiment-te-02144,hi-Latn,youtube-hinglish,sentiment,transformer,9,negative,negative,False,0.51779735,
sentiment-te-02145,hi-Latn,youtube-hinglish,sentiment,transformer,12,positive,negative,True,0.7659953,
sentiment-te-02146,hi-Latn,youtube-hinglish,sentiment,transformer,13,positive,positive,False,0.61382633,
sentiment-te-02147,hi-Latn,youtube-hinglish,sentiment,transformer,8,neutral,positive,True,0.3707901,
sentiment-te-02148,hi-Latn,youtube-hinglish,sentiment,transformer,3,neutral,neutral,False,0.36530834,
sentiment-te-02149,hi-Latn,youtube-hinglish,sentiment,transformer,11,neutral,positive,True,0.49451894,
sentiment-te-02150,hi-Latn,youtube-hinglish,sentiment,transformer,13,neutral,negative,True,0.48671862,
sentiment-te-02151,hi-Latn,youtube-hinglish,sentiment,transformer,4,positive,positive,False,0.5568601,
sentiment-te-02152,hi-Latn,youtube-hinglish,sentiment,transformer,19,negative,negative,False,0.8374345,
sentiment-te-02153,hi-Latn,youtube-hinglish,sentiment,transformer,10,negative,positive,True,0.68973005,
sentiment-te-02154,hi-Latn,youtube-hinglish,sentiment,transformer,13,positive,positive,False,0.6742412,
sentiment-te-02155,hi-Latn,youtube-hinglish,sentiment,transformer,12,negative,negative,False,0.5529979,
sentiment-te-02156,hi-Latn,youtube-hinglish,sentiment,transformer,7,neutral,neutral,False,0.4450154,
sentiment-te-02157,hi-Latn,youtube-hinglish,sentiment,transformer,3,positive,negative,True,0.40297088,
sentiment-te-02158,hi-Latn,youtube-hinglish,sentiment,transformer,8,neutral,neutral,False,0.47104645,
sentiment-te-02159,hi-Latn,youtube-hinglish,sentiment,transformer,15,negative,negative,False,0.7589135,
sentiment-te-02160,hi-Latn,youtube-hinglish,sentiment,transformer,3,positive,positive,False,0.7333709,
sentiment-te-02161,hi-Latn,youtube-hinglish,sentiment,transformer,11,neutral,neutral,False,0.4431234,
sentiment-te-02162,hi-Latn,youtube-hinglish,sentiment,transformer,8,positive,positive,False,0.50068265,
sentiment-te-02163,hi-Latn,youtube-hinglish,sentiment,transformer,39,negative,negative,False,0.6571021,
sentiment-te-02164,hi-Latn,youtube-hinglish,sentiment,transformer,9,positive,positive,False,0.6289431,
sentiment-te-02165,hi-Latn,youtube-hinglish,sentiment,transformer,10,positive,negative,True,0.8018244,
sentiment-te-02166,hi-Latn,youtube-hinglish,sentiment,transformer,6,neutral,positive,True,0.34291023,
sentiment-te-02167,hi-Latn,youtube-hinglish,sentiment,transformer,18,negative,negative,False,0.8162481,
sentiment-te-02168,hi-Latn,youtube-hinglish,sentiment,transformer,20,neutral,neutral,False,0.56016356,
sentiment-te-02169,hi-Latn,youtube-hinglish,sentiment,transformer,15,positive,negative,True,0.561929,
sentiment-te-02170,hi-Latn,youtube-hinglish,sentiment,transformer,4,positive,positive,False,0.7334362,
sentiment-te-02171,hi-Latn,youtube-hinglish,sentiment,transformer,14,negative,negative,False,0.5268503,
sentiment-te-02172,hi-Latn,youtube-hinglish,sentiment,transformer,21,positive,positive,False,0.65164953,
sentiment-te-02173,hi-Latn,youtube-hinglish,sentiment,transformer,6,neutral,neutral,False,0.47819033,
sentiment-te-02174,hi-Latn,youtube-hinglish,sentiment,transformer,5,positive,positive,False,0.7361684,
sentiment-te-02175,hi-Latn,youtube-hinglish,sentiment,transformer,5,positive,negative,True,0.6461835,
sentiment-te-02176,hi-Latn,youtube-hinglish,sentiment,transformer,12,positive,negative,True,0.7513934,
sentiment-te-02177,hi-Latn,youtube-hinglish,sentiment,transformer,7,negative,positive,True,0.47915792,
sentiment-te-02178,hi-Latn,youtube-hinglish,sentiment,transformer,14,positive,positive,False,0.43689266,
sentiment-te-02179,hi-Latn,youtube-hinglish,sentiment,transformer,8,neutral,positive,True,0.42265296,
sentiment-te-02180,hi-Latn,youtube-hinglish,sentiment,transformer,4,positive,neutral,True,0.41974363,
sentiment-te-02181,hi-Latn,youtube-hinglish,sentiment,transformer,9,negative,positive,True,0.5048254,
sentiment-te-02182,hi-Latn,youtube-hinglish,sentiment,transformer,14,neutral,neutral,False,0.45850423,
sentiment-te-02183,hi-Latn,youtube-hinglish,sentiment,transformer,5,positive,positive,False,0.53609633,
sentiment-te-02184,hi-Latn,youtube-hinglish,sentiment,transformer,10,positive,negative,True,0.43342173,
sentiment-te-02185,hi-Latn,youtube-hinglish,sentiment,transformer,8,neutral,negative,True,0.37803432,
sentiment-te-02186,hi-Latn,youtube-hinglish,sentiment,transformer,13,negative,negative,False,0.7398972,
sentiment-te-02187,hi-Latn,youtube-hinglish,sentiment,transformer,6,positive,positive,False,0.58368045,
sentiment-te-02188,hi-Latn,youtube-hinglish,sentiment,transformer,9,positive,negative,True,0.5037188,
sentiment-te-02189,hi-Latn,youtube-hinglish,sentiment,transformer,4,positive,negative,True,0.8041004,
sentiment-te-02190,hi-Latn,youtube-hinglish,sentiment,transformer,8,positive,negative,True,0.6098321,
sentiment-te-02191,hi-Latn,youtube-hinglish,sentiment,transformer,19,negative,negative,False,0.6881013,
sentiment-te-02192,hi-Latn,youtube-hinglish,sentiment,transformer,15,negative,negative,False,0.63766587,
sentiment-te-02193,hi-Latn,youtube-hinglish,sentiment,transformer,36,neutral,negative,True,0.48745573,
sentiment-te-02194,hi-Latn,youtube-hinglish,sentiment,transformer,5,negative,negative,False,0.611197,
sentiment-te-02195,hi-Latn,youtube-hinglish,sentiment,transformer,17,negative,negative,False,0.76736104,
sentiment-te-02196,hi-Latn,youtube-hinglish,sentiment,transformer,7,positive,positive,False,0.5492833,
sentiment-te-02197,hi-Latn,youtube-hinglish,sentiment,transformer,8,positive,neutral,True,0.47696045,
sentiment-te-02198,hi-Latn,youtube-hinglish,sentiment,transformer,5,positive,positive,False,0.4946293,
sentiment-te-02199,hi-Latn,youtube-hinglish,sentiment,transformer,8,negative,negative,False,0.47608462,
sentiment-te-02200,hi-Latn,youtube-hinglish,sentiment,transformer,9,negative,positive,True,0.5474793,
sentiment-te-02201,hi-Latn,youtube-hinglish,sentiment,transformer,18,negative,negative,False,0.8278149,
sentiment-te-02202,hi-Latn,youtube-hinglish,sentiment,transformer,20,neutral,negative,True,0.7702089,
sentiment-te-02203,hi-Latn,youtube-hinglish,sentiment,transformer,9,neutral,neutral,False,0.58959657,
sentiment-te-02204,hi-Latn,youtube-hinglish,sentiment,transformer,12,negative,negative,False,0.81775224,
sentiment-te-02205,hi-Latn,youtube-hinglish,sentiment,transformer,31,negative,negative,False,0.4023032,
sentiment-te-02206,hi-Latn,youtube-hinglish,sentiment,transformer,5,negative,negative,False,0.44305873,
sentiment-te-02207,hi-Latn,youtube-hinglish,sentiment,transformer,12,negative,negative,False,0.6410715,
sentiment-te-02208,hi-Latn,youtube-hinglish,sentiment,transformer,2,neutral,positive,True,0.4713557,
sentiment-te-02209,hi-Latn,youtube-hinglish,sentiment,transformer,41,neutral,negative,True,0.49731955,
sentiment-te-02210,hi-Latn,youtube-hinglish,sentiment,transformer,19,neutral,negative,True,0.60497755,
sentiment-te-02211,hi-Latn,youtube-hinglish,sentiment,transformer,4,positive,positive,False,0.71567446,
sentiment-te-02212,hi-Latn,youtube-hinglish,sentiment,transformer,4,positive,neutral,True,0.3864001,
sentiment-te-02213,hi-Latn,youtube-hinglish,sentiment,transformer,8,negative,positive,True,0.57461274,
emotion-te-00001,en-Latn,brighter-eng,emotion,transformer,15,surprise,anger|disgust|fear|sadness|surprise,True,0.8607942,
emotion-te-00002,en-Latn,brighter-eng,emotion,transformer,11,anger|fear,anger|fear|sadness|surprise,True,0.78283846,
emotion-te-00003,en-Latn,brighter-eng,emotion,transformer,20,anger|fear|sadness,fear|sadness,True,0.898275,
emotion-te-00004,en-Latn,brighter-eng,emotion,transformer,11,fear|sadness|surprise,fear|surprise,True,0.9377913,
emotion-te-00005,en-Latn,brighter-eng,emotion,transformer,14,anger|fear|sadness,fear|sadness,True,0.89504856,
emotion-te-00006,en-Latn,brighter-eng,emotion,transformer,18,fear|sadness,fear|sadness,False,0.86845684,
emotion-te-00007,en-Latn,brighter-eng,emotion,transformer,15,fear|sadness,fear|sadness,False,0.9053027,
emotion-te-00008,en-Latn,brighter-eng,emotion,transformer,8,joy,joy,False,0.6448472,
emotion-te-00009,en-Latn,brighter-eng,emotion,transformer,26,fear|surprise,fear|sadness,True,0.89144194,
emotion-te-00010,en-Latn,brighter-eng,emotion,transformer,17,fear|sadness,fear,True,0.6528817,
emotion-te-00011,en-Latn,brighter-eng,emotion,transformer,10,joy,joy,False,0.85002226,
emotion-te-00012,en-Latn,brighter-eng,emotion,transformer,42,sadness,fear|sadness,True,0.88925064,
emotion-te-00013,en-Latn,brighter-eng,emotion,transformer,46,fear|sadness,fear|sadness,False,0.8520299,
emotion-te-00014,en-Latn,brighter-eng,emotion,transformer,7,anger,anger|disgust|sadness,True,0.93389153,
emotion-te-00015,en-Latn,brighter-eng,emotion,transformer,4,fear|sadness|surprise,anger|disgust|fear|sadness|surprise,True,0.8893283,
emotion-te-00016,en-Latn,brighter-eng,emotion,transformer,28,fear|sadness,joy,True,0.74818605,
emotion-te-00017,en-Latn,brighter-eng,emotion,transformer,7,fear|sadness|surprise,fear|sadness|surprise,False,0.9556205,
emotion-te-00018,en-Latn,brighter-eng,emotion,transformer,8,none,fear|surprise,True,0.7194588,
emotion-te-00019,en-Latn,brighter-eng,emotion,transformer,7,anger|fear|sadness,fear|sadness,True,0.8793807,
emotion-te-00020,en-Latn,brighter-eng,emotion,transformer,22,fear|sadness,fear|sadness,False,0.81320804,
emotion-te-00021,en-Latn,brighter-eng,emotion,transformer,33,fear|sadness,fear|sadness,False,0.8783261,
emotion-te-00022,en-Latn,brighter-eng,emotion,transformer,3,fear,joy,True,0.8938695,
emotion-te-00023,en-Latn,brighter-eng,emotion,transformer,8,sadness,fear|surprise,True,0.9612044,
emotion-te-00024,en-Latn,brighter-eng,emotion,transformer,21,fear|sadness,fear|sadness,False,0.9431483,
emotion-te-00025,en-Latn,brighter-eng,emotion,transformer,6,fear|sadness,fear|sadness,False,0.85620457,
emotion-te-00026,en-Latn,brighter-eng,emotion,transformer,11,none,fear|sadness,True,0.88507515,
emotion-te-00027,en-Latn,brighter-eng,emotion,transformer,8,fear|sadness|surprise,disgust|fear|sadness|surprise,False,0.9266735,
emotion-te-00028,en-Latn,brighter-eng,emotion,transformer,3,joy|surprise,fear,True,0.75299144,
emotion-te-00029,en-Latn,brighter-eng,emotion,transformer,12,fear|surprise,none,True,0.35666883,
emotion-te-00030,en-Latn,brighter-eng,emotion,transformer,25,anger|fear|sadness,anger|disgust|sadness,True,0.9396254,
emotion-te-00031,en-Latn,brighter-eng,emotion,transformer,23,anger|fear,fear,True,0.7576809,
emotion-te-00032,en-Latn,brighter-eng,emotion,transformer,53,fear|surprise,fear|sadness,True,0.9472171,
emotion-te-00033,en-Latn,brighter-eng,emotion,transformer,10,joy|surprise,joy,True,0.9842354,
emotion-te-00034,en-Latn,brighter-eng,emotion,transformer,23,fear|sadness,fear,True,0.66796476,
emotion-te-00035,en-Latn,brighter-eng,emotion,transformer,6,fear|sadness,fear|sadness,False,0.79020214,
emotion-te-00036,en-Latn,brighter-eng,emotion,transformer,7,joy,fear|sadness,True,0.91371536,
emotion-te-00037,en-Latn,brighter-eng,emotion,transformer,16,fear|sadness,fear|sadness,False,0.87879705,
emotion-te-00038,en-Latn,brighter-eng,emotion,transformer,5,fear|sadness|surprise,disgust|fear|sadness|surprise,False,0.9037084,
emotion-te-00039,en-Latn,brighter-eng,emotion,transformer,7,surprise,joy,True,0.6040833,
emotion-te-00040,en-Latn,brighter-eng,emotion,transformer,4,none,none,False,0.3615907,
emotion-te-00041,en-Latn,brighter-eng,emotion,transformer,14,fear|surprise,joy|surprise,True,0.95532286,
emotion-te-00042,en-Latn,brighter-eng,emotion,transformer,22,none,none,False,0.5352958,
emotion-te-00043,en-Latn,brighter-eng,emotion,transformer,31,fear|sadness,fear|sadness,False,0.8708088,
emotion-te-00044,en-Latn,brighter-eng,emotion,transformer,4,fear,anger|disgust|sadness,True,0.9395821,
emotion-te-00045,en-Latn,brighter-eng,emotion,transformer,4,surprise,joy|surprise,True,0.69967425,
emotion-te-00046,en-Latn,brighter-eng,emotion,transformer,13,joy,fear,True,0.68735975,
emotion-te-00047,en-Latn,brighter-eng,emotion,transformer,28,anger,anger|disgust|sadness,True,0.947933,
emotion-te-00048,en-Latn,brighter-eng,emotion,transformer,8,surprise,none,True,0.5177195,
emotion-te-00049,en-Latn,brighter-eng,emotion,transformer,19,joy|surprise,joy,True,0.9664047,
emotion-te-00050,en-Latn,brighter-eng,emotion,transformer,38,anger|fear|sadness,fear|sadness,True,0.94358504,
emotion-te-00051,en-Latn,brighter-eng,emotion,transformer,12,fear,fear|sadness,True,0.8387314,
emotion-te-00052,en-Latn,brighter-eng,emotion,transformer,25,none,joy,True,0.93940103,
emotion-te-00053,en-Latn,brighter-eng,emotion,transformer,18,fear|surprise,fear|surprise,False,0.9491843,
emotion-te-00054,en-Latn,brighter-eng,emotion,transformer,21,joy,joy,False,0.8781343,
emotion-te-00055,en-Latn,brighter-eng,emotion,transformer,4,fear|sadness,fear|surprise,True,0.88950807,
emotion-te-00056,en-Latn,brighter-eng,emotion,transformer,27,joy|surprise,fear|surprise,True,0.90076596,
emotion-te-00057,en-Latn,brighter-eng,emotion,transformer,17,joy,joy,False,0.7293361,
emotion-te-00058,en-Latn,brighter-eng,emotion,transformer,19,sadness,fear|sadness|surprise,True,0.7930383,
emotion-te-00059,en-Latn,brighter-eng,emotion,transformer,6,fear,fear|sadness,True,0.9073835,
emotion-te-00060,en-Latn,brighter-eng,emotion,transformer,24,joy,joy,False,0.9732197,
emotion-te-00061,en-Latn,brighter-eng,emotion,transformer,21,joy|surprise,joy,True,0.96894383,
emotion-te-00062,en-Latn,brighter-eng,emotion,transformer,7,joy,none,True,0.4646414,
emotion-te-00063,en-Latn,brighter-eng,emotion,transformer,7,fear,fear,False,0.88403964,
emotion-te-00064,en-Latn,brighter-eng,emotion,transformer,15,fear|sadness|surprise,joy|surprise,True,0.86028,
emotion-te-00065,en-Latn,brighter-eng,emotion,transformer,8,anger,anger|disgust|sadness,True,0.871463,
emotion-te-00066,en-Latn,brighter-eng,emotion,transformer,8,fear|sadness,fear|sadness,False,0.9143645,
emotion-te-00067,en-Latn,brighter-eng,emotion,transformer,10,joy,none,True,0.30140507,
emotion-te-00068,en-Latn,brighter-eng,emotion,transformer,12,fear|sadness,fear|sadness,False,0.8616179,
emotion-te-00069,en-Latn,brighter-eng,emotion,transformer,14,anger|fear,fear|surprise,True,0.93621886,
emotion-te-00070,en-Latn,brighter-eng,emotion,transformer,56,joy|surprise,fear|joy|surprise,True,0.91058916,
emotion-te-00071,en-Latn,brighter-eng,emotion,transformer,8,anger|fear|sadness,fear|sadness,True,0.88474023,
emotion-te-00072,en-Latn,brighter-eng,emotion,transformer,4,sadness,none,True,0.5047822,
emotion-te-00073,en-Latn,brighter-eng,emotion,transformer,4,fear|surprise,fear|surprise,False,0.96533716,
emotion-te-00074,en-Latn,brighter-eng,emotion,transformer,11,joy,fear|sadness,True,0.91957897,
emotion-te-00075,en-Latn,brighter-eng,emotion,transformer,11,fear|joy|surprise,fear|surprise,True,0.9053316,
emotion-te-00076,en-Latn,brighter-eng,emotion,transformer,14,joy,fear,True,0.690108,
emotion-te-00077,en-Latn,brighter-eng,emotion,transformer,17,joy,none,True,0.46254027,
emotion-te-00078,en-Latn,brighter-eng,emotion,transformer,24,joy|surprise,joy|surprise,False,0.9602492,
emotion-te-00079,en-Latn,brighter-eng,emotion,transformer,8,joy,fear|sadness,True,0.81149703,
emotion-te-00080,en-Latn,brighter-eng,emotion,transformer,10,fear|joy,fear|sadness,True,0.8266531,
emotion-te-00081,en-Latn,brighter-eng,emotion,transformer,21,joy,joy|surprise,True,0.88109446,
emotion-te-00082,en-Latn,brighter-eng,emotion,transformer,14,fear,fear|surprise,True,0.7620192,
emotion-te-00083,en-Latn,brighter-eng,emotion,transformer,34,fear|sadness,disgust|fear|sadness,False,0.91292214,
emotion-te-00084,en-Latn,brighter-eng,emotion,transformer,7,joy,joy,False,0.9755441,
emotion-te-00085,en-Latn,brighter-eng,emotion,transformer,8,fear|sadness,fear|surprise,True,0.89626044,
emotion-te-00086,en-Latn,brighter-eng,emotion,transformer,3,none,surprise,True,0.88257843,
emotion-te-00087,en-Latn,brighter-eng,emotion,transformer,14,joy|surprise,joy,True,0.96609837,
emotion-te-00088,en-Latn,brighter-eng,emotion,transformer,12,joy,fear|sadness,True,0.7349569,
emotion-te-00089,en-Latn,brighter-eng,emotion,transformer,27,fear|sadness,fear|sadness,False,0.9344537,
emotion-te-00090,en-Latn,brighter-eng,emotion,transformer,13,fear|sadness|surprise,joy,True,0.7576526,
emotion-te-00091,en-Latn,brighter-eng,emotion,transformer,14,none,fear,True,0.8084977,
emotion-te-00092,en-Latn,brighter-eng,emotion,transformer,19,surprise,fear|surprise,True,0.64914155,
emotion-te-00093,en-Latn,brighter-eng,emotion,transformer,36,fear|surprise,fear|surprise,False,0.9501295,
emotion-te-00094,en-Latn,brighter-eng,emotion,transformer,6,anger|fear|surprise,anger|disgust|fear|sadness|surprise,True,0.88185966,
emotion-te-00095,en-Latn,brighter-eng,emotion,transformer,24,joy,fear|sadness,True,0.8717449,
emotion-te-00096,en-Latn,brighter-eng,emotion,transformer,16,fear|sadness,fear|sadness,False,0.93725306,
emotion-te-00097,en-Latn,brighter-eng,emotion,transformer,4,fear,fear|sadness,True,0.8745876,
emotion-te-00098,en-Latn,brighter-eng,emotion,transformer,8,fear|sadness,fear|sadness,False,0.79258615,
emotion-te-00099,en-Latn,brighter-eng,emotion,transformer,8,joy,joy,False,0.9793363,
emotion-te-00100,en-Latn,brighter-eng,emotion,transformer,16,sadness,fear|sadness,True,0.8924128,
emotion-te-00101,en-Latn,brighter-eng,emotion,transformer,38,fear|sadness,fear|joy|surprise,True,0.6461186,
emotion-te-00102,en-Latn,brighter-eng,emotion,transformer,8,fear|surprise,fear|surprise,False,0.9527425,
emotion-te-00103,en-Latn,brighter-eng,emotion,transformer,21,fear|sadness,fear|sadness,False,0.9083835,
emotion-te-00104,en-Latn,brighter-eng,emotion,transformer,4,anger|fear,anger|disgust|fear|sadness|surprise,True,0.8813453,
emotion-te-00105,en-Latn,brighter-eng,emotion,transformer,5,sadness,fear|sadness,True,0.822447,
emotion-te-00106,en-Latn,brighter-eng,emotion,transformer,7,none,anger|disgust|sadness,True,0.9467813,
emotion-te-00107,en-Latn,brighter-eng,emotion,transformer,15,fear|sadness,fear|sadness,False,0.927648,
emotion-te-00108,en-Latn,brighter-eng,emotion,transformer,7,fear|surprise,fear|surprise,False,0.8900241,
emotion-te-00109,en-Latn,brighter-eng,emotion,transformer,5,fear|surprise,fear|surprise,False,0.933838,
emotion-te-00110,en-Latn,brighter-eng,emotion,transformer,7,fear,fear,False,0.60053575,
emotion-te-00111,en-Latn,brighter-eng,emotion,transformer,24,anger|fear|surprise,fear|surprise,True,0.8962662,
emotion-te-00112,en-Latn,brighter-eng,emotion,transformer,3,sadness,anger|disgust|fear|sadness|surprise,True,0.85487247,
emotion-te-00113,en-Latn,brighter-eng,emotion,transformer,12,none,none,False,0.38144898,
emotion-te-00114,en-Latn,brighter-eng,emotion,transformer,21,none,fear|sadness,True,0.82115585,
emotion-te-00115,en-Latn,brighter-eng,emotion,transformer,26,fear|sadness,fear|surprise,True,0.91640687,
emotion-te-00116,en-Latn,brighter-eng,emotion,transformer,4,none,none,False,0.5852613,
emotion-te-00117,en-Latn,brighter-eng,emotion,transformer,4,fear|surprise,fear|surprise,False,0.9334637,
emotion-te-00118,en-Latn,brighter-eng,emotion,transformer,14,fear|sadness,fear|sadness,False,0.87507236,
emotion-te-00119,en-Latn,brighter-eng,emotion,transformer,4,none,fear|surprise,True,0.92748773,
emotion-te-00120,en-Latn,brighter-eng,emotion,transformer,5,anger|fear,fear,True,0.78456545,
emotion-te-00121,en-Latn,brighter-eng,emotion,transformer,7,fear|sadness,none,True,0.54669034,
emotion-te-00122,en-Latn,brighter-eng,emotion,transformer,32,surprise,fear|surprise,True,0.9207689,
emotion-te-00123,en-Latn,brighter-eng,emotion,transformer,22,none,fear,True,0.75076187,
emotion-te-00124,en-Latn,brighter-eng,emotion,transformer,12,fear|surprise,fear,True,0.76328677,
emotion-te-00125,en-Latn,brighter-eng,emotion,transformer,21,sadness,fear,True,0.77719563,
emotion-te-00126,en-Latn,brighter-eng,emotion,transformer,23,surprise,joy|surprise,True,0.96179414,
emotion-te-00127,en-Latn,brighter-eng,emotion,transformer,16,none,none,False,0.53308713,
emotion-te-00128,en-Latn,brighter-eng,emotion,transformer,19,fear|sadness|surprise,anger|disgust|fear|sadness|surprise,True,0.9121407,
emotion-te-00129,en-Latn,brighter-eng,emotion,transformer,4,anger,fear|sadness,True,0.7960694,
emotion-te-00130,en-Latn,brighter-eng,emotion,transformer,34,fear|sadness,fear|sadness,False,0.7212266,
emotion-te-00131,en-Latn,brighter-eng,emotion,transformer,10,fear|sadness,fear|sadness|surprise,True,0.8753999,
emotion-te-00132,en-Latn,brighter-eng,emotion,transformer,4,joy,joy,False,0.9620134,
emotion-te-00133,en-Latn,brighter-eng,emotion,transformer,11,fear|joy|sadness|surprise,fear|surprise,True,0.9169072,
emotion-te-00134,en-Latn,brighter-eng,emotion,transformer,36,fear,none,True,0.54838806,
emotion-te-00135,en-Latn,brighter-eng,emotion,transformer,8,anger|fear|sadness,anger|disgust|sadness,True,0.94737226,
emotion-te-00136,en-Latn,brighter-eng,emotion,transformer,12,anger|surprise,anger|disgust|fear|sadness|surprise,True,0.7990128,
emotion-te-00137,en-Latn,brighter-eng,emotion,transformer,4,fear|sadness,anger|disgust|fear|sadness|surprise,True,0.86443,
emotion-te-00138,en-Latn,brighter-eng,emotion,transformer,13,joy,joy,False,0.8471717,
emotion-te-00139,en-Latn,brighter-eng,emotion,transformer,10,joy|surprise,joy|surprise,False,0.9348355,
emotion-te-00140,en-Latn,brighter-eng,emotion,transformer,56,joy,joy,False,0.93895113,
emotion-te-00141,en-Latn,brighter-eng,emotion,transformer,23,joy,joy,False,0.90803224,
emotion-te-00142,en-Latn,brighter-eng,emotion,transformer,11,fear|surprise,surprise,True,0.56143236,
emotion-te-00143,en-Latn,brighter-eng,emotion,transformer,19,joy|surprise,joy,True,0.9588364,
emotion-te-00144,en-Latn,brighter-eng,emotion,transformer,22,joy,joy|surprise,True,0.80177635,
emotion-te-00145,en-Latn,brighter-eng,emotion,transformer,4,joy,joy,False,0.9443692,
emotion-te-00146,en-Latn,brighter-eng,emotion,transformer,8,fear,fear|sadness,True,0.73662984,
emotion-te-00147,en-Latn,brighter-eng,emotion,transformer,8,fear|sadness,fear|sadness,False,0.86862826,
emotion-te-00148,en-Latn,brighter-eng,emotion,transformer,26,joy,joy|surprise,True,0.96376383,
emotion-te-00149,en-Latn,brighter-eng,emotion,transformer,19,none,fear|surprise,True,0.8056519,
emotion-te-00150,en-Latn,brighter-eng,emotion,transformer,10,none,none,False,0.39252222,
emotion-te-00151,en-Latn,brighter-eng,emotion,transformer,17,fear|surprise,surprise,True,0.5836652,
emotion-te-00152,en-Latn,brighter-eng,emotion,transformer,20,fear|joy,fear,True,0.61461335,
emotion-te-00153,en-Latn,brighter-eng,emotion,transformer,12,fear|surprise,fear|surprise,False,0.7341947,
emotion-te-00154,en-Latn,brighter-eng,emotion,transformer,4,none,joy|surprise,True,0.7259911,
emotion-te-00155,en-Latn,brighter-eng,emotion,transformer,4,fear|surprise,fear|surprise,False,0.89804494,
emotion-te-00156,en-Latn,brighter-eng,emotion,transformer,10,fear|sadness,fear|sadness,False,0.90185666,
emotion-te-00157,en-Latn,brighter-eng,emotion,transformer,33,fear|sadness,none,True,0.5475644,
emotion-te-00158,en-Latn,brighter-eng,emotion,transformer,10,fear,none,True,0.46932825,
emotion-te-00159,en-Latn,brighter-eng,emotion,transformer,42,fear|sadness,fear|sadness,False,0.8861738,
emotion-te-00160,en-Latn,brighter-eng,emotion,transformer,22,anger|fear|sadness|surprise,fear|surprise,True,0.85389274,
emotion-te-00161,en-Latn,brighter-eng,emotion,transformer,23,fear|sadness|surprise,anger|disgust|fear|sadness|surprise,True,0.8813507,
emotion-te-00162,en-Latn,brighter-eng,emotion,transformer,14,sadness,fear|sadness,True,0.87876314,
emotion-te-00163,en-Latn,brighter-eng,emotion,transformer,11,surprise,fear|surprise,True,0.7305348,
emotion-te-00164,en-Latn,brighter-eng,emotion,transformer,9,anger|fear|joy|sadness|surprise,anger|disgust|fear|surprise,True,0.89929193,
emotion-te-00165,en-Latn,brighter-eng,emotion,transformer,30,fear|sadness,fear|sadness,False,0.8608997,
emotion-te-00166,en-Latn,brighter-eng,emotion,transformer,4,none,none,False,0.28078896,
emotion-te-00167,en-Latn,brighter-eng,emotion,transformer,10,fear,fear,False,0.9418994,
emotion-te-00168,en-Latn,brighter-eng,emotion,transformer,21,anger|fear|sadness,anger|disgust|fear|sadness,False,0.8408176,
emotion-te-00169,en-Latn,brighter-eng,emotion,transformer,10,none,fear,True,0.67345434,
emotion-te-00170,en-Latn,brighter-eng,emotion,transformer,9,none,fear,True,0.59790343,
emotion-te-00171,en-Latn,brighter-eng,emotion,transformer,16,sadness,none,True,0.39924672,
emotion-te-00172,en-Latn,brighter-eng,emotion,transformer,12,fear|sadness|surprise,fear|surprise,True,0.95647836,
emotion-te-00173,en-Latn,brighter-eng,emotion,transformer,24,fear,fear|sadness,True,0.8666656,
emotion-te-00174,en-Latn,brighter-eng,emotion,transformer,10,fear|sadness,fear|sadness,False,0.795248,
emotion-te-00175,en-Latn,brighter-eng,emotion,transformer,8,fear|sadness,fear|sadness,False,0.87965846,
emotion-te-00176,en-Latn,brighter-eng,emotion,transformer,11,fear,fear|joy,True,0.68768233,
emotion-te-00177,en-Latn,brighter-eng,emotion,transformer,18,none,none,False,0.3138826,
emotion-te-00178,en-Latn,brighter-eng,emotion,transformer,27,joy,joy,False,0.97098845,
emotion-te-00179,en-Latn,brighter-eng,emotion,transformer,25,fear,fear,False,0.7989575,
emotion-te-00180,en-Latn,brighter-eng,emotion,transformer,4,sadness,fear,True,0.8416725,
emotion-te-00181,en-Latn,brighter-eng,emotion,transformer,13,fear|sadness,fear|sadness|surprise,True,0.91005397,
emotion-te-00182,en-Latn,brighter-eng,emotion,transformer,9,anger|fear,fear|sadness|surprise,True,0.9139105,
emotion-te-00183,en-Latn,brighter-eng,emotion,transformer,17,anger|fear|sadness,joy,True,0.97325057,
emotion-te-00184,en-Latn,brighter-eng,emotion,transformer,18,fear|sadness,fear|sadness|surprise,True,0.9448518,
emotion-te-00185,en-Latn,brighter-eng,emotion,transformer,8,fear|surprise,fear|surprise,False,0.93620026,
emotion-te-00186,en-Latn,brighter-eng,emotion,transformer,7,surprise,none,True,0.42581794,
emotion-te-00187,en-Latn,brighter-eng,emotion,transformer,8,fear|surprise,anger|disgust|fear|sadness|surprise,True,0.87346065,
emotion-te-00188,en-Latn,brighter-eng,emotion,transformer,11,joy,fear|sadness,True,0.7766417,
emotion-te-00189,en-Latn,brighter-eng,emotion,transformer,17,anger|fear|sadness,fear|surprise,True,0.6550728,
emotion-te-00190,en-Latn,brighter-eng,emotion,transformer,16,fear|sadness,fear|sadness,False,0.8801362,
emotion-te-00191,en-Latn,brighter-eng,emotion,transformer,8,fear|sadness|surprise,anger|disgust|fear|sadness|surprise,True,0.8698654,
emotion-te-00192,en-Latn,brighter-eng,emotion,transformer,5,fear|sadness,anger|disgust|fear|sadness|surprise,True,0.85662776,
emotion-te-00193,en-Latn,brighter-eng,emotion,transformer,11,anger|fear|sadness,disgust|fear|sadness,True,0.86291605,
emotion-te-00194,en-Latn,brighter-eng,emotion,transformer,8,joy,joy,False,0.9477109,
emotion-te-00195,en-Latn,brighter-eng,emotion,transformer,17,sadness,fear,True,0.680306,
emotion-te-00196,en-Latn,brighter-eng,emotion,transformer,8,fear|sadness,fear|sadness,False,0.94963044,
emotion-te-00197,en-Latn,brighter-eng,emotion,transformer,4,anger,anger|disgust|fear|sadness|surprise,True,0.91403884,
emotion-te-00198,en-Latn,brighter-eng,emotion,transformer,6,fear|sadness,fear|sadness,False,0.9411959,
emotion-te-00199,en-Latn,brighter-eng,emotion,transformer,22,fear|surprise,fear|surprise,False,0.80064183,
emotion-te-00200,en-Latn,brighter-eng,emotion,transformer,8,anger,anger|disgust|sadness,True,0.93700117,
emotion-te-00201,en-Latn,brighter-eng,emotion,transformer,14,fear|sadness,fear,True,0.93537074,
emotion-te-00202,en-Latn,brighter-eng,emotion,transformer,18,fear,fear|sadness,True,0.9114027,
emotion-te-00203,en-Latn,brighter-eng,emotion,transformer,24,fear|surprise,fear|surprise,False,0.7632187,
emotion-te-00204,en-Latn,brighter-eng,emotion,transformer,30,none,fear|sadness,True,0.8357521,
emotion-te-00205,en-Latn,brighter-eng,emotion,transformer,29,anger|fear|sadness|surprise,fear|surprise,True,0.90098554,
emotion-te-00206,en-Latn,brighter-eng,emotion,transformer,4,joy,joy,False,0.9823773,
emotion-te-00207,en-Latn,brighter-eng,emotion,transformer,9,fear|surprise,fear|surprise,False,0.9205136,
emotion-te-00208,en-Latn,brighter-eng,emotion,transformer,12,fear|surprise,fear|surprise,False,0.9554118,
emotion-te-00209,en-Latn,brighter-eng,emotion,transformer,14,joy,joy,False,0.9295734,
emotion-te-00210,en-Latn,brighter-eng,emotion,transformer,14,joy,joy,False,0.93525785,
emotion-te-00211,en-Latn,brighter-eng,emotion,transformer,26,sadness,fear|sadness,True,0.8637579,
emotion-te-00212,en-Latn,brighter-eng,emotion,transformer,9,none,fear|sadness,True,0.6940779,
emotion-te-00213,en-Latn,brighter-eng,emotion,transformer,6,fear|sadness|surprise,fear|surprise,True,0.811231,
emotion-te-00214,en-Latn,brighter-eng,emotion,transformer,8,surprise,fear,True,0.7056217,
emotion-te-00215,en-Latn,brighter-eng,emotion,transformer,27,joy,joy,False,0.96622866,
emotion-te-00216,en-Latn,brighter-eng,emotion,transformer,12,fear|sadness,fear|sadness,False,0.9125957,
emotion-te-00217,en-Latn,brighter-eng,emotion,transformer,14,anger|fear|sadness|surprise,anger|disgust|fear|sadness|surprise,False,0.90127385,
emotion-te-00218,en-Latn,brighter-eng,emotion,transformer,8,joy|surprise,fear|surprise,True,0.9412562,
emotion-te-00219,en-Latn,brighter-eng,emotion,transformer,13,joy,joy,False,0.9830641,
emotion-te-00220,en-Latn,brighter-eng,emotion,transformer,4,none,none,False,0.53871655,
emotion-te-00221,en-Latn,brighter-eng,emotion,transformer,4,joy,joy,False,0.9786814,
emotion-te-00222,en-Latn,brighter-eng,emotion,transformer,28,anger|fear|surprise,fear|sadness,True,0.83760506,
emotion-te-00223,en-Latn,brighter-eng,emotion,transformer,13,joy,joy,False,0.71975774,
emotion-te-00224,en-Latn,brighter-eng,emotion,transformer,12,fear|joy,anger|disgust|fear|sadness|surprise,True,0.849667,
emotion-te-00225,en-Latn,brighter-eng,emotion,transformer,8,fear|joy|surprise,joy,True,0.98519915,
emotion-te-00226,en-Latn,brighter-eng,emotion,transformer,6,fear|sadness|surprise,fear|surprise,True,0.88145554,
emotion-te-00227,en-Latn,brighter-eng,emotion,transformer,6,anger,none,True,0.36651182,
emotion-te-00228,en-Latn,brighter-eng,emotion,transformer,5,none,surprise,True,0.55727553,
emotion-te-00229,en-Latn,brighter-eng,emotion,transformer,24,joy,none,True,0.5264659,
emotion-te-00230,en-Latn,brighter-eng,emotion,transformer,18,fear,none,True,0.5737192,
emotion-te-00231,en-Latn,brighter-eng,emotion,transformer,10,fear|surprise,anger|disgust|fear|sadness|surprise,True,0.8973019,
emotion-te-00232,en-Latn,brighter-eng,emotion,transformer,18,surprise,fear|surprise,True,0.9255419,
emotion-te-00233,en-Latn,brighter-eng,emotion,transformer,16,none,joy|surprise,True,0.84139603,
emotion-te-00234,en-Latn,brighter-eng,emotion,transformer,20,joy|surprise,none,True,0.586523,
emotion-te-00235,en-Latn,brighter-eng,emotion,transformer,23,fear|sadness,joy,True,0.8910465,
emotion-te-00236,en-Latn,brighter-eng,emotion,transformer,16,fear|sadness|surprise,fear|sadness|surprise,False,0.9443216,
emotion-te-00237,en-Latn,brighter-eng,emotion,transformer,32,joy,joy,False,0.97036505,
emotion-te-00238,en-Latn,brighter-eng,emotion,transformer,28,fear|sadness,fear|sadness,False,0.91355985,
emotion-te-00239,en-Latn,brighter-eng,emotion,transformer,4,none,fear|surprise,True,0.9087134,
emotion-te-00240,en-Latn,brighter-eng,emotion,transformer,29,fear,anger|disgust|fear|sadness,True,0.8940939,
emotion-te-00241,en-Latn,brighter-eng,emotion,transformer,13,fear,none,True,0.53239256,
emotion-te-00242,en-Latn,brighter-eng,emotion,transformer,15,surprise,surprise,False,0.9004744,
emotion-te-00243,en-Latn,brighter-eng,emotion,transformer,6,fear|sadness,fear|sadness,False,0.88515717,
emotion-te-00244,en-Latn,brighter-eng,emotion,transformer,17,anger,anger,False,0.5628262,
emotion-te-00245,en-Latn,brighter-eng,emotion,transformer,7,joy,joy|surprise,True,0.9372048,
emotion-te-00246,en-Latn,brighter-eng,emotion,transformer,7,fear|surprise,fear|sadness|surprise,True,0.90426743,
emotion-te-00247,en-Latn,brighter-eng,emotion,transformer,4,joy,none,True,0.5695528,
emotion-te-00248,en-Latn,brighter-eng,emotion,transformer,13,sadness,fear,True,0.6588787,
emotion-te-00249,en-Latn,brighter-eng,emotion,transformer,4,fear|sadness,fear|sadness|surprise,True,0.8996077,
emotion-te-00250,en-Latn,brighter-eng,emotion,transformer,3,sadness,fear|sadness,True,0.88562995,
emotion-te-00251,en-Latn,brighter-eng,emotion,transformer,19,fear,fear|sadness,True,0.8662266,
emotion-te-00252,en-Latn,brighter-eng,emotion,transformer,36,fear|sadness,fear|surprise,True,0.8462425,
emotion-te-00253,en-Latn,brighter-eng,emotion,transformer,20,surprise,joy|surprise,True,0.7716873,
emotion-te-00254,en-Latn,brighter-eng,emotion,transformer,7,joy,fear|sadness,True,0.8434588,
emotion-te-00255,en-Latn,brighter-eng,emotion,transformer,13,joy,joy,False,0.9799436,
emotion-te-00256,en-Latn,brighter-eng,emotion,transformer,12,joy,none,True,0.5519438,
emotion-te-00257,en-Latn,brighter-eng,emotion,transformer,10,joy,joy|surprise,True,0.77039295,
emotion-te-00258,en-Latn,brighter-eng,emotion,transformer,14,fear,fear,False,0.9054797,
emotion-te-00259,en-Latn,brighter-eng,emotion,transformer,5,anger|fear|sadness,anger|disgust|fear|sadness|surprise,True,0.91403157,
emotion-te-00260,en-Latn,brighter-eng,emotion,transformer,6,joy,none,True,0.42707253,
emotion-te-00261,en-Latn,brighter-eng,emotion,transformer,4,fear|sadness,anger|disgust|fear|sadness,True,0.89600074,
emotion-te-00262,en-Latn,brighter-eng,emotion,transformer,14,joy,joy,False,0.7420373,
emotion-te-00263,en-Latn,brighter-eng,emotion,transformer,15,fear,fear|surprise,True,0.9253876,
emotion-te-00264,en-Latn,brighter-eng,emotion,transformer,28,joy,joy,False,0.9717041,
emotion-te-00265,en-Latn,brighter-eng,emotion,transformer,11,joy,joy,False,0.98153186,
emotion-te-00266,en-Latn,brighter-eng,emotion,transformer,7,none,surprise,True,0.737022,
emotion-te-00267,en-Latn,brighter-eng,emotion,transformer,9,fear|sadness,fear|sadness,False,0.8185775,
emotion-te-00268,en-Latn,brighter-eng,emotion,transformer,32,fear|joy|sadness,fear|surprise,True,0.77312344,
emotion-te-00269,en-Latn,brighter-eng,emotion,transformer,7,fear|sadness|surprise,fear|joy|surprise,True,0.96181697,
emotion-te-00270,en-Latn,brighter-eng,emotion,transformer,5,joy,none,True,0.5802301,
emotion-te-00271,en-Latn,brighter-eng,emotion,transformer,17,fear|sadness,fear|sadness,False,0.92195857,
emotion-te-00272,en-Latn,brighter-eng,emotion,transformer,18,joy,joy,False,0.96499145,
emotion-te-00273,en-Latn,brighter-eng,emotion,transformer,25,joy,fear,True,0.7593778,
emotion-te-00274,en-Latn,brighter-eng,emotion,transformer,21,joy|surprise,fear|surprise,True,0.9502389,
emotion-te-00275,en-Latn,brighter-eng,emotion,transformer,43,fear,joy,True,0.7803154,
emotion-te-00276,en-Latn,brighter-eng,emotion,transformer,8,fear|surprise,fear|surprise,False,0.89264905,
emotion-te-00277,en-Latn,brighter-eng,emotion,transformer,31,anger|sadness|surprise,fear|sadness,True,0.8723486,
emotion-te-00278,en-Latn,brighter-eng,emotion,transformer,4,fear|surprise,fear|surprise,False,0.93108547,
emotion-te-00279,en-Latn,brighter-eng,emotion,transformer,11,sadness,none,True,0.38138148,
emotion-te-00280,en-Latn,brighter-eng,emotion,transformer,12,anger|sadness,anger|disgust|sadness,False,0.94946223,
emotion-te-00281,en-Latn,brighter-eng,emotion,transformer,11,fear,fear,False,0.91329485,
emotion-te-00282,en-Latn,brighter-eng,emotion,transformer,8,joy,joy,False,0.96290314,
emotion-te-00283,en-Latn,brighter-eng,emotion,transformer,23,fear|sadness,fear|sadness,False,0.90983427,
emotion-te-00284,en-Latn,brighter-eng,emotion,transformer,7,anger,none,True,0.2665709,
emotion-te-00285,en-Latn,brighter-eng,emotion,transformer,8,none,none,False,0.391201,
emotion-te-00286,en-Latn,brighter-eng,emotion,transformer,18,fear|surprise,fear|surprise,False,0.9489954,
emotion-te-00287,en-Latn,brighter-eng,emotion,transformer,9,joy,none,True,0.53284544,
emotion-te-00288,en-Latn,brighter-eng,emotion,transformer,16,anger|fear|sadness,fear|sadness,True,0.91024613,
emotion-te-00289,en-Latn,brighter-eng,emotion,transformer,36,fear,anger|disgust|fear|sadness,True,0.9182794,
emotion-te-00290,en-Latn,brighter-eng,emotion,transformer,9,anger|fear|sadness|surprise,joy|surprise,True,0.9606827,
emotion-te-00291,en-Latn,brighter-eng,emotion,transformer,28,fear|sadness,fear|sadness,False,0.88874096,
emotion-te-00292,en-Latn,brighter-eng,emotion,transformer,7,sadness|surprise,anger|disgust|fear|sadness|surprise,True,0.8945751,
emotion-te-00293,en-Latn,brighter-eng,emotion,transformer,7,anger,anger|disgust|fear|sadness,True,0.85980356,
emotion-te-00294,en-Latn,brighter-eng,emotion,transformer,50,fear|surprise,none,True,0.22296181,
emotion-te-00295,en-Latn,brighter-eng,emotion,transformer,32,joy,joy,False,0.82314515,
emotion-te-00296,en-Latn,brighter-eng,emotion,transformer,11,joy,none,True,0.55332553,
emotion-te-00297,en-Latn,brighter-eng,emotion,transformer,20,fear|sadness,fear|sadness,False,0.87726665,
emotion-te-00298,en-Latn,brighter-eng,emotion,transformer,15,anger|fear|surprise,fear|surprise,True,0.9086942,
emotion-te-00299,en-Latn,brighter-eng,emotion,transformer,18,joy|surprise,joy,True,0.62621564,
emotion-te-00300,en-Latn,brighter-eng,emotion,transformer,8,anger|fear,anger|disgust|fear|sadness,True,0.86644375,
emotion-te-00301,en-Latn,brighter-eng,emotion,transformer,6,fear|sadness|surprise,fear|surprise,True,0.9086247,
emotion-te-00302,en-Latn,brighter-eng,emotion,transformer,15,fear|joy|surprise,joy|surprise,True,0.9511962,
emotion-te-00303,en-Latn,brighter-eng,emotion,transformer,6,fear,joy,True,0.6912438,
emotion-te-00304,en-Latn,brighter-eng,emotion,transformer,9,fear|sadness,fear|sadness,False,0.74382144,
emotion-te-00305,en-Latn,brighter-eng,emotion,transformer,27,joy,fear,True,0.68857753,
emotion-te-00306,en-Latn,brighter-eng,emotion,transformer,5,anger|sadness|surprise,anger|disgust|fear|surprise,True,0.7515011,
emotion-te-00307,en-Latn,brighter-eng,emotion,transformer,31,joy,fear,True,0.58758473,
emotion-te-00308,en-Latn,brighter-eng,emotion,transformer,10,fear,none,True,0.25932404,
emotion-te-00309,en-Latn,brighter-eng,emotion,transformer,20,none,fear|sadness,True,0.821077,
emotion-te-00310,en-Latn,brighter-eng,emotion,transformer,30,fear,fear|surprise,True,0.77346325,
emotion-te-00311,en-Latn,brighter-eng,emotion,transformer,18,anger|fear|sadness,anger|disgust|fear|sadness,False,0.8565422,
emotion-te-00312,en-Latn,brighter-eng,emotion,transformer,23,joy,joy,False,0.69966173,
emotion-te-00313,en-Latn,brighter-eng,emotion,transformer,31,fear|joy|sadness,fear|sadness,True,0.86893123,
emotion-te-00314,en-Latn,brighter-eng,emotion,transformer,12,fear|surprise,fear|surprise,False,0.87573665,
emotion-te-00315,en-Latn,brighter-eng,emotion,transformer,12,fear,fear|sadness,True,0.8464862,
emotion-te-00316,en-Latn,brighter-eng,emotion,transformer,19,fear|sadness,fear|sadness,False,0.9066116,
emotion-te-00317,en-Latn,brighter-eng,emotion,transformer,12,fear|sadness,fear|sadness,False,0.8577362,
emotion-te-00318,en-Latn,brighter-eng,emotion,transformer,20,fear|surprise,fear|surprise,False,0.94895923,
emotion-te-00319,en-Latn,brighter-eng,emotion,transformer,10,surprise,fear|surprise,True,0.9614067,
emotion-te-00320,en-Latn,brighter-eng,emotion,transformer,8,fear|sadness,fear|sadness,False,0.8407695,
emotion-te-00321,en-Latn,brighter-eng,emotion,transformer,10,fear,fear|sadness,True,0.8799951,
emotion-te-00322,en-Latn,brighter-eng,emotion,transformer,20,joy,fear|sadness,True,0.84216994,
emotion-te-00323,en-Latn,brighter-eng,emotion,transformer,4,joy,joy,False,0.9851725,
emotion-te-00324,en-Latn,brighter-eng,emotion,transformer,19,none,joy,True,0.6308938,
emotion-te-00325,en-Latn,brighter-eng,emotion,transformer,6,sadness|surprise,joy,True,0.80995053,
emotion-te-00326,en-Latn,brighter-eng,emotion,transformer,21,joy,fear,True,0.7714321,
emotion-te-00327,en-Latn,brighter-eng,emotion,transformer,21,sadness,fear|sadness,True,0.84370816,
emotion-te-00328,en-Latn,brighter-eng,emotion,transformer,17,joy,joy,False,0.9632758,
emotion-te-00329,en-Latn,brighter-eng,emotion,transformer,4,fear|sadness,fear|sadness|surprise,True,0.91844547,
emotion-te-00330,en-Latn,brighter-eng,emotion,transformer,12,fear|sadness,fear|sadness,False,0.9353039,
emotion-te-00331,en-Latn,brighter-eng,emotion,transformer,19,fear|sadness,joy,True,0.6055003,
emotion-te-00332,en-Latn,brighter-eng,emotion,transformer,12,joy,joy,False,0.82669985,
emotion-te-00333,en-Latn,brighter-eng,emotion,transformer,11,none,none,False,0.23252136,
emotion-te-00334,en-Latn,brighter-eng,emotion,transformer,23,fear,fear|sadness,True,0.91467613,
emotion-te-00335,en-Latn,brighter-eng,emotion,transformer,15,anger,anger|disgust|sadness,True,0.93874854,
emotion-te-00336,en-Latn,brighter-eng,emotion,transformer,8,joy,joy,False,0.972097,
emotion-te-00337,en-Latn,brighter-eng,emotion,transformer,17,none,fear|sadness,True,0.85016227,
emotion-te-00338,en-Latn,brighter-eng,emotion,transformer,34,joy,joy,False,0.96770984,
emotion-te-00339,en-Latn,brighter-eng,emotion,transformer,9,fear,fear|surprise,True,0.9253425,
emotion-te-00340,en-Latn,brighter-eng,emotion,transformer,10,anger,anger,False,0.55016404,
emotion-te-00341,en-Latn,brighter-eng,emotion,transformer,14,fear|sadness,fear|sadness,False,0.89843184,
emotion-te-00342,en-Latn,brighter-eng,emotion,transformer,4,fear|surprise,anger|disgust|fear|sadness|surprise,True,0.8953003,
emotion-te-00343,en-Latn,brighter-eng,emotion,transformer,34,fear,fear,False,0.9334845,
emotion-te-00344,en-Latn,brighter-eng,emotion,transformer,19,fear|sadness,fear|sadness,False,0.8550688,
emotion-te-00345,en-Latn,brighter-eng,emotion,transformer,14,fear|sadness,fear|sadness,False,0.8805099,
emotion-te-00346,en-Latn,brighter-eng,emotion,transformer,19,fear|joy,none,True,0.46814573,
emotion-te-00347,en-Latn,brighter-eng,emotion,transformer,18,joy|surprise,joy|surprise,False,0.9214989,
emotion-te-00348,en-Latn,brighter-eng,emotion,transformer,7,joy|surprise,fear|sadness,True,0.82647747,
emotion-te-00349,en-Latn,brighter-eng,emotion,transformer,7,joy|surprise,joy|surprise,False,0.9509755,
emotion-te-00350,en-Latn,brighter-eng,emotion,transformer,14,sadness,fear|sadness,True,0.8674741,
emotion-te-00351,en-Latn,brighter-eng,emotion,transformer,4,fear,none,True,0.49190202,
emotion-te-00352,en-Latn,brighter-eng,emotion,transformer,5,fear|surprise,fear|surprise,False,0.9236263,
emotion-te-00353,en-Latn,brighter-eng,emotion,transformer,11,sadness,anger|disgust|sadness,True,0.74874145,
emotion-te-00354,en-Latn,brighter-eng,emotion,transformer,12,fear|sadness,fear|sadness,False,0.94764143,
emotion-te-00355,en-Latn,brighter-eng,emotion,transformer,11,fear,fear|sadness,True,0.87117124,
emotion-te-00356,en-Latn,brighter-eng,emotion,transformer,20,fear|sadness,fear|sadness,False,0.915336,
emotion-te-00357,en-Latn,brighter-eng,emotion,transformer,7,fear,fear|sadness,True,0.875877,
emotion-te-00358,en-Latn,brighter-eng,emotion,transformer,18,anger,fear|surprise,True,0.94143844,
emotion-te-00359,en-Latn,brighter-eng,emotion,transformer,8,fear|sadness,fear|sadness,False,0.8771625,
emotion-te-00360,en-Latn,brighter-eng,emotion,transformer,15,joy,fear,True,0.5601956,
emotion-te-00361,en-Latn,brighter-eng,emotion,transformer,11,anger,anger|fear|surprise,True,0.75641286,
emotion-te-00362,en-Latn,brighter-eng,emotion,transformer,3,joy,joy,False,0.9752543,
emotion-te-00363,en-Latn,brighter-eng,emotion,transformer,7,joy|surprise,fear|surprise,True,0.8413746,
emotion-te-00364,en-Latn,brighter-eng,emotion,transformer,27,fear,fear|sadness,True,0.80895185,
emotion-te-00365,en-Latn,brighter-eng,emotion,transformer,18,fear|surprise,fear|surprise,False,0.90738124,
emotion-te-00366,en-Latn,brighter-eng,emotion,transformer,30,fear|surprise,fear|joy|surprise,True,0.9337055,
emotion-te-00367,en-Latn,brighter-eng,emotion,transformer,11,fear|surprise,none,True,0.52030396,
emotion-te-00368,en-Latn,brighter-eng,emotion,transformer,5,surprise,joy,True,0.8376071,
emotion-te-00369,en-Latn,brighter-eng,emotion,transformer,21,fear|surprise,fear|surprise,False,0.9303266,
emotion-te-00370,en-Latn,brighter-eng,emotion,transformer,7,fear,none,True,0.40680805,
emotion-te-00371,en-Latn,brighter-eng,emotion,transformer,7,none,none,False,0.37641236,
emotion-te-00372,en-Latn,brighter-eng,emotion,transformer,40,joy,none,True,0.50670993,
emotion-te-00373,en-Latn,brighter-eng,emotion,transformer,22,joy,joy,False,0.86033714,
emotion-te-00374,en-Latn,brighter-eng,emotion,transformer,22,joy,joy|surprise,True,0.9324995,
emotion-te-00375,en-Latn,brighter-eng,emotion,transformer,21,fear|sadness,fear|sadness,False,0.88495284,
emotion-te-00376,en-Latn,brighter-eng,emotion,transformer,6,joy,joy,False,0.9658808,
emotion-te-00377,en-Latn,brighter-eng,emotion,transformer,9,none,none,False,0.2568566,
emotion-te-00378,en-Latn,brighter-eng,emotion,transformer,17,fear|surprise,fear|sadness,True,0.9610542,
emotion-te-00379,en-Latn,brighter-eng,emotion,transformer,7,fear,none,True,0.40608662,
emotion-te-00380,en-Latn,brighter-eng,emotion,transformer,19,anger,fear|sadness|surprise,True,0.9257629,
emotion-te-00381,en-Latn,brighter-eng,emotion,transformer,27,fear|sadness,fear|sadness,False,0.703784,
emotion-te-00382,en-Latn,brighter-eng,emotion,transformer,10,fear|surprise,fear|sadness|surprise,True,0.80313224,
emotion-te-00383,en-Latn,brighter-eng,emotion,transformer,15,fear|joy|surprise,fear|surprise,True,0.8123845,
emotion-te-00384,en-Latn,brighter-eng,emotion,transformer,14,joy,fear|sadness,True,0.9032782,
emotion-te-00385,en-Latn,brighter-eng,emotion,transformer,3,none,fear|surprise,True,0.68323416,
emotion-te-00386,en-Latn,brighter-eng,emotion,transformer,31,fear|sadness,fear|sadness,False,0.88293314,
emotion-te-00387,en-Latn,brighter-eng,emotion,transformer,4,fear|sadness,fear|surprise,True,0.95367736,
emotion-te-00388,en-Latn,brighter-eng,emotion,transformer,22,surprise,none,True,0.4578978,
emotion-te-00389,en-Latn,brighter-eng,emotion,transformer,6,fear|sadness,fear|sadness,False,0.8777888,
emotion-te-00390,en-Latn,brighter-eng,emotion,transformer,7,surprise,fear|surprise,True,0.86974096,
emotion-te-00391,en-Latn,brighter-eng,emotion,transformer,12,fear|sadness,fear|surprise,True,0.8613866,
emotion-te-00392,en-Latn,brighter-eng,emotion,transformer,7,none,fear,True,0.5857762,
emotion-te-00393,en-Latn,brighter-eng,emotion,transformer,23,fear|sadness,fear|sadness|surprise,True,0.93879086,
emotion-te-00394,en-Latn,brighter-eng,emotion,transformer,12,fear|sadness,fear|sadness,False,0.72785467,
emotion-te-00395,en-Latn,brighter-eng,emotion,transformer,9,joy,joy,False,0.98053944,
emotion-te-00396,en-Latn,brighter-eng,emotion,transformer,9,joy|surprise,fear|surprise,True,0.6323511,
emotion-te-00397,en-Latn,brighter-eng,emotion,transformer,19,fear|sadness,fear|sadness,False,0.85635686,
emotion-te-00398,en-Latn,brighter-eng,emotion,transformer,20,fear,fear,False,0.9102324,
emotion-te-00399,en-Latn,brighter-eng,emotion,transformer,24,none,fear,True,0.78112763,
emotion-te-00400,en-Latn,brighter-eng,emotion,transformer,7,joy,joy,False,0.9184598,
emotion-te-00401,en-Latn,brighter-eng,emotion,transformer,14,sadness,fear|sadness,True,0.88392097,
emotion-te-00402,en-Latn,brighter-eng,emotion,transformer,10,none,none,False,0.38131025,
emotion-te-00403,en-Latn,brighter-eng,emotion,transformer,18,none,none,False,0.56480014,
emotion-te-00404,en-Latn,brighter-eng,emotion,transformer,23,fear|sadness,fear|sadness,False,0.92963296,
emotion-te-00405,en-Latn,brighter-eng,emotion,transformer,12,joy|surprise,none,True,0.438404,
emotion-te-00406,en-Latn,brighter-eng,emotion,transformer,53,fear|sadness,fear|sadness,False,0.90240276,
emotion-te-00407,en-Latn,brighter-eng,emotion,transformer,8,joy,joy,False,0.9542254,
emotion-te-00408,en-Latn,brighter-eng,emotion,transformer,15,fear|surprise,fear|surprise,False,0.85499173,
emotion-te-00409,en-Latn,brighter-eng,emotion,transformer,8,joy|surprise,joy,True,0.9598691,
emotion-te-00410,en-Latn,brighter-eng,emotion,transformer,9,joy,none,True,0.2882236,
emotion-te-00411,en-Latn,brighter-eng,emotion,transformer,12,fear|sadness|surprise,fear|surprise,True,0.9236959,
emotion-te-00412,en-Latn,brighter-eng,emotion,transformer,20,joy|surprise,fear|joy|surprise,True,0.91292447,
emotion-te-00413,en-Latn,brighter-eng,emotion,transformer,29,none,fear|sadness,True,0.9411755,
emotion-te-00414,en-Latn,brighter-eng,emotion,transformer,25,none,surprise,True,0.8480998,
emotion-te-00415,en-Latn,brighter-eng,emotion,transformer,14,anger,anger|disgust|fear|surprise,True,0.87157255,
emotion-te-00416,en-Latn,brighter-eng,emotion,transformer,20,fear,anger|disgust|fear|sadness|surprise,True,0.91328555,
emotion-te-00417,en-Latn,brighter-eng,emotion,transformer,6,sadness|surprise,anger|disgust|fear|sadness|surprise,True,0.79420084,
emotion-te-00418,en-Latn,brighter-eng,emotion,transformer,14,joy|sadness,fear|sadness,True,0.6450179,
emotion-te-00419,en-Latn,brighter-eng,emotion,transformer,15,fear|surprise,fear|surprise,False,0.912109,
emotion-te-00420,en-Latn,brighter-eng,emotion,transformer,6,joy,joy|surprise,True,0.91415757,
emotion-te-00421,en-Latn,brighter-eng,emotion,transformer,13,joy,joy,False,0.9690952,
emotion-te-00422,en-Latn,brighter-eng,emotion,transformer,16,fear,fear|sadness,True,0.84979415,
emotion-te-00423,en-Latn,brighter-eng,emotion,transformer,47,fear,joy,True,0.70985514,
emotion-te-00424,en-Latn,brighter-eng,emotion,transformer,11,fear|joy,joy,True,0.90624225,
emotion-te-00425,en-Latn,brighter-eng,emotion,transformer,11,fear|surprise,none,True,0.43215343,
emotion-te-00426,en-Latn,brighter-eng,emotion,transformer,16,anger|fear|sadness,anger|sadness,True,0.6712847,
emotion-te-00427,en-Latn,brighter-eng,emotion,transformer,24,joy,surprise,True,0.6334188,
emotion-te-00428,en-Latn,brighter-eng,emotion,transformer,27,sadness,fear|sadness,True,0.9286398,
emotion-te-00429,en-Latn,brighter-eng,emotion,transformer,12,none,joy,True,0.6788941,
emotion-te-00430,en-Latn,brighter-eng,emotion,transformer,22,fear|sadness,fear|sadness,False,0.88785267,
emotion-te-00431,en-Latn,brighter-eng,emotion,transformer,4,fear|surprise,fear|surprise,False,0.9627986,
emotion-te-00432,en-Latn,brighter-eng,emotion,transformer,5,fear|sadness,anger|disgust|fear|sadness|surprise,True,0.9142298,
emotion-te-00433,en-Latn,brighter-eng,emotion,transformer,21,surprise,fear|surprise,True,0.9171049,
emotion-te-00434,en-Latn,brighter-eng,emotion,transformer,3,fear,fear|surprise,True,0.85408443,
emotion-te-00435,en-Latn,brighter-eng,emotion,transformer,37,anger|fear|sadness,anger|disgust|fear|sadness,False,0.8805707,
emotion-te-00436,en-Latn,brighter-eng,emotion,transformer,25,fear|joy,joy,True,0.8510742,
emotion-te-00437,en-Latn,brighter-eng,emotion,transformer,5,fear|joy|surprise,joy|surprise,True,0.92004156,
emotion-te-00438,en-Latn,brighter-eng,emotion,transformer,6,none,fear,True,0.5727669,
emotion-te-00439,en-Latn,brighter-eng,emotion,transformer,28,fear|sadness,fear|sadness,False,0.9226033,
emotion-te-00440,en-Latn,brighter-eng,emotion,transformer,6,fear|sadness|surprise,disgust|fear|sadness|surprise,False,0.8985865,
emotion-te-00441,en-Latn,brighter-eng,emotion,transformer,8,surprise,fear|surprise,True,0.8181213,
emotion-te-00442,en-Latn,brighter-eng,emotion,transformer,44,fear|sadness,fear|sadness,False,0.88545954,
emotion-te-00443,en-Latn,brighter-eng,emotion,transformer,13,fear|sadness,fear|sadness,False,0.9100949,
emotion-te-00444,en-Latn,brighter-eng,emotion,transformer,9,joy,joy,False,0.78352076,
emotion-te-00445,en-Latn,brighter-eng,emotion,transformer,14,fear|sadness,none,True,0.5200737,
emotion-te-00446,en-Latn,brighter-eng,emotion,transformer,14,fear|sadness,fear|sadness,False,0.77090675,
emotion-te-00447,en-Latn,brighter-eng,emotion,transformer,15,fear|sadness,fear|sadness,False,0.86455226,
emotion-te-00448,en-Latn,brighter-eng,emotion,transformer,10,fear|sadness,joy,True,0.9507985,
emotion-te-00449,en-Latn,brighter-eng,emotion,transformer,5,surprise,surprise,False,0.58725315,
emotion-te-00450,en-Latn,brighter-eng,emotion,transformer,6,none,joy|surprise,True,0.8307085,
emotion-te-00451,en-Latn,brighter-eng,emotion,transformer,19,fear,none,True,0.4306203,
emotion-te-00452,en-Latn,brighter-eng,emotion,transformer,15,fear,fear|sadness,True,0.881839,
emotion-te-00453,en-Latn,brighter-eng,emotion,transformer,4,fear|surprise,fear|sadness|surprise,True,0.91884303,
emotion-te-00454,en-Latn,brighter-eng,emotion,transformer,4,sadness,sadness,False,0.7892143,
emotion-te-00455,en-Latn,brighter-eng,emotion,transformer,24,fear|sadness,fear|sadness,False,0.92490834,
emotion-te-00456,en-Latn,brighter-eng,emotion,transformer,6,anger|fear|surprise,anger|disgust|fear|sadness,True,0.88919735,
emotion-te-00457,en-Latn,brighter-eng,emotion,transformer,10,fear|joy,fear|sadness,True,0.70830876,
emotion-te-00458,en-Latn,brighter-eng,emotion,transformer,25,none,none,False,0.28066036,
emotion-te-00459,en-Latn,brighter-eng,emotion,transformer,6,joy,joy,False,0.9848241,
emotion-te-00460,en-Latn,brighter-eng,emotion,transformer,11,joy,joy,False,0.75672483,
emotion-te-00461,en-Latn,brighter-eng,emotion,transformer,9,none,none,False,0.14435764,
emotion-te-00462,en-Latn,brighter-eng,emotion,transformer,42,fear,joy|surprise,True,0.8234839,
emotion-te-00463,en-Latn,brighter-eng,emotion,transformer,9,joy|sadness,joy,True,0.6016344,
emotion-te-00464,en-Latn,brighter-eng,emotion,transformer,4,joy|surprise,joy|surprise,False,0.9195883,
emotion-te-00465,en-Latn,brighter-eng,emotion,transformer,26,fear|surprise,fear|surprise,False,0.9421388,
emotion-te-00466,en-Latn,brighter-eng,emotion,transformer,9,fear,fear|sadness,True,0.94138074,
emotion-te-00467,en-Latn,brighter-eng,emotion,transformer,7,fear,fear|sadness,True,0.80839616,
emotion-te-00468,en-Latn,brighter-eng,emotion,transformer,8,joy|surprise,fear|surprise,True,0.94230974,
emotion-te-00469,en-Latn,brighter-eng,emotion,transformer,46,fear|sadness,fear|sadness|surprise,True,0.9453256,
emotion-te-00470,en-Latn,brighter-eng,emotion,transformer,19,fear|sadness,fear|sadness,False,0.8870047,
emotion-te-00471,en-Latn,brighter-eng,emotion,transformer,14,fear,fear|surprise,True,0.7883492,
emotion-te-00472,en-Latn,brighter-eng,emotion,transformer,12,none,none,False,0.42041296,
emotion-te-00473,en-Latn,brighter-eng,emotion,transformer,15,anger|fear,joy|surprise,True,0.79266864,
emotion-te-00474,en-Latn,brighter-eng,emotion,transformer,21,joy,joy|surprise,True,0.94811416,
emotion-te-00475,en-Latn,brighter-eng,emotion,transformer,12,joy,joy,False,0.9436444,
emotion-te-00476,en-Latn,brighter-eng,emotion,transformer,22,fear|sadness,fear|sadness,False,0.94014525,
emotion-te-00477,en-Latn,brighter-eng,emotion,transformer,15,fear,none,True,0.48365203,
emotion-te-00478,en-Latn,brighter-eng,emotion,transformer,15,joy,joy|surprise,True,0.6906894,
emotion-te-00479,en-Latn,brighter-eng,emotion,transformer,18,fear,none,True,0.57123667,
emotion-te-00480,en-Latn,brighter-eng,emotion,transformer,8,none,fear|sadness,True,0.93211305,
emotion-te-00481,en-Latn,brighter-eng,emotion,transformer,40,fear|joy,fear|surprise,True,0.92691463,
emotion-te-00482,en-Latn,brighter-eng,emotion,transformer,15,fear|surprise,joy|surprise,True,0.93846655,
emotion-te-00483,en-Latn,brighter-eng,emotion,transformer,12,anger,joy|surprise,True,0.9229921,
emotion-te-00484,en-Latn,brighter-eng,emotion,transformer,6,fear,fear|surprise,True,0.70989525,
emotion-te-00485,en-Latn,brighter-eng,emotion,transformer,30,fear|sadness,fear|sadness,False,0.888117,
emotion-te-00486,en-Latn,brighter-eng,emotion,transformer,28,anger|fear|sadness|surprise,anger|disgust|fear|sadness|surprise,False,0.89781797,
emotion-te-00487,en-Latn,brighter-eng,emotion,transformer,8,fear|surprise,fear|surprise,False,0.92375946,
emotion-te-00488,en-Latn,brighter-eng,emotion,transformer,7,joy|surprise,joy,True,0.9271973,
emotion-te-00489,en-Latn,brighter-eng,emotion,transformer,8,joy,joy|surprise,True,0.960661,
emotion-te-00490,en-Latn,brighter-eng,emotion,transformer,8,anger,anger|surprise,True,0.7621557,
emotion-te-00491,en-Latn,brighter-eng,emotion,transformer,24,joy,joy|surprise,True,0.7000917,
emotion-te-00492,en-Latn,brighter-eng,emotion,transformer,37,fear,fear,False,0.7477149,
emotion-te-00493,en-Latn,brighter-eng,emotion,transformer,8,fear|sadness,fear|sadness,False,0.8214314,
emotion-te-00494,en-Latn,brighter-eng,emotion,transformer,12,fear,fear|sadness,True,0.89136535,
emotion-te-00495,en-Latn,brighter-eng,emotion,transformer,10,fear|surprise,none,True,0.5040209,
emotion-te-00496,en-Latn,brighter-eng,emotion,transformer,19,fear|surprise,fear|sadness|surprise,True,0.8824857,
emotion-te-00497,en-Latn,brighter-eng,emotion,transformer,18,anger|fear|sadness,anger|disgust|fear|sadness|surprise,True,0.8650875,
emotion-te-00498,en-Latn,brighter-eng,emotion,transformer,16,fear|surprise,fear|surprise,False,0.8917347,
emotion-te-00499,en-Latn,brighter-eng,emotion,transformer,34,fear|joy,joy|surprise,True,0.71361846,
emotion-te-00500,en-Latn,brighter-eng,emotion,transformer,15,none,fear|surprise,True,0.91947204,
emotion-te-00501,en-Latn,brighter-eng,emotion,transformer,13,sadness,surprise,True,0.74018174,
emotion-te-00502,en-Latn,brighter-eng,emotion,transformer,20,none,fear,True,0.790087,
emotion-te-00503,en-Latn,brighter-eng,emotion,transformer,16,fear,fear|sadness,True,0.8407082,
emotion-te-00504,en-Latn,brighter-eng,emotion,transformer,6,sadness|surprise,fear|sadness|surprise,True,0.92622113,
emotion-te-00505,en-Latn,brighter-eng,emotion,transformer,5,fear,surprise,True,0.65989137,
emotion-te-00506,en-Latn,brighter-eng,emotion,transformer,12,fear,fear|sadness,True,0.89403844,
emotion-te-00507,en-Latn,brighter-eng,emotion,transformer,15,fear|surprise,fear|surprise,False,0.94339573,
emotion-te-00508,en-Latn,brighter-eng,emotion,transformer,31,fear|surprise,fear|surprise,False,0.89173895,
emotion-te-00509,en-Latn,brighter-eng,emotion,transformer,4,none,fear|sadness|surprise,True,0.9347466,
emotion-te-00510,en-Latn,brighter-eng,emotion,transformer,9,anger,anger|disgust|fear|surprise,True,0.86401427,
emotion-te-00511,en-Latn,brighter-eng,emotion,transformer,4,fear|surprise,fear|surprise,False,0.94513667,
emotion-te-00512,en-Latn,brighter-eng,emotion,transformer,27,fear|sadness,fear|surprise,True,0.92359376,
emotion-te-00513,en-Latn,brighter-eng,emotion,transformer,5,fear|sadness|surprise,disgust|fear|sadness|surprise,False,0.91654474,
emotion-te-00514,en-Latn,brighter-eng,emotion,transformer,11,fear|surprise,surprise,True,0.94148004,
emotion-te-00515,en-Latn,brighter-eng,emotion,transformer,15,fear|surprise,fear|sadness,True,0.93211997,
emotion-te-00516,en-Latn,brighter-eng,emotion,transformer,12,anger,fear,True,0.8748262,
emotion-te-00517,en-Latn,brighter-eng,emotion,transformer,21,joy,fear|sadness,True,0.581082,
emotion-te-00518,en-Latn,brighter-eng,emotion,transformer,4,fear,fear|surprise,True,0.930761,
emotion-te-00519,en-Latn,brighter-eng,emotion,transformer,14,joy,joy|surprise,True,0.8751274,
emotion-te-00520,en-Latn,brighter-eng,emotion,transformer,13,surprise,joy|surprise,True,0.9474864,
emotion-te-00521,en-Latn,brighter-eng,emotion,transformer,6,joy|surprise,fear|joy|surprise,True,0.9537745,
emotion-te-00522,en-Latn,brighter-eng,emotion,transformer,8,anger|sadness,anger|fear|surprise,True,0.7884642,
emotion-te-00523,en-Latn,brighter-eng,emotion,transformer,5,sadness,fear|sadness,True,0.75566536,
emotion-te-00524,en-Latn,brighter-eng,emotion,transformer,13,fear|joy|surprise,fear|surprise,True,0.7467942,
emotion-te-00525,en-Latn,brighter-eng,emotion,transformer,5,fear|sadness,fear|sadness,False,0.86388755,
emotion-te-00526,en-Latn,brighter-eng,emotion,transformer,9,joy,joy|surprise,True,0.9091953,
emotion-te-00527,en-Latn,brighter-eng,emotion,transformer,8,fear|surprise,fear|surprise,False,0.9211421,
emotion-te-00528,en-Latn,brighter-eng,emotion,transformer,7,none,fear|sadness|surprise,True,0.89542526,
emotion-te-00529,en-Latn,brighter-eng,emotion,transformer,17,fear|joy,none,True,0.4598724,
emotion-te-00530,en-Latn,brighter-eng,emotion,transformer,52,fear|surprise,fear|sadness,True,0.9272699,
emotion-te-00531,en-Latn,brighter-eng,emotion,transformer,33,anger|sadness,anger|disgust|fear|sadness,True,0.85384834,
emotion-te-00532,en-Latn,brighter-eng,emotion,transformer,12,fear,anger|disgust|fear|sadness,True,0.8082322,
emotion-te-00533,en-Latn,brighter-eng,emotion,transformer,14,fear|joy,joy,True,0.93588775,
emotion-te-00534,en-Latn,brighter-eng,emotion,transformer,17,fear|sadness|surprise,joy|surprise,True,0.89948636,
emotion-te-00535,en-Latn,brighter-eng,emotion,transformer,11,joy,fear|surprise,True,0.85716933,
emotion-te-00536,en-Latn,brighter-eng,emotion,transformer,14,joy|sadness,anger|disgust|fear|sadness,True,0.8616511,
emotion-te-00537,en-Latn,brighter-eng,emotion,transformer,24,fear,fear|sadness,True,0.92135084,
emotion-te-00538,en-Latn,brighter-eng,emotion,transformer,11,joy,joy,False,0.9413069,
emotion-te-00539,en-Latn,brighter-eng,emotion,transformer,14,fear|surprise,fear|surprise,False,0.88760376,
emotion-te-00540,en-Latn,brighter-eng,emotion,transformer,32,anger|fear|sadness,fear|sadness,True,0.8601539,
emotion-te-00541,en-Latn,brighter-eng,emotion,transformer,58,fear,joy|surprise,True,0.9080153,
emotion-te-00542,en-Latn,brighter-eng,emotion,transformer,13,anger|fear|surprise,anger|disgust|fear|surprise,False,0.7739042,
emotion-te-00543,en-Latn,brighter-eng,emotion,transformer,16,sadness,fear|sadness,True,0.8990398,
emotion-te-00544,en-Latn,brighter-eng,emotion,transformer,29,fear,anger|disgust,True,0.75637347,
emotion-te-00545,en-Latn,brighter-eng,emotion,transformer,10,joy|surprise,joy|surprise,False,0.95117605,
emotion-te-00546,en-Latn,brighter-eng,emotion,transformer,7,fear,fear|sadness,True,0.94541234,
emotion-te-00547,en-Latn,brighter-eng,emotion,transformer,22,none,fear|sadness,True,0.88315034,
emotion-te-00548,en-Latn,brighter-eng,emotion,transformer,9,none,none,False,0.24202545,
emotion-te-00549,en-Latn,brighter-eng,emotion,transformer,4,joy|surprise,joy,True,0.9792478,
emotion-te-00550,en-Latn,brighter-eng,emotion,transformer,24,none,fear|sadness,True,0.8620213,
emotion-te-00551,en-Latn,brighter-eng,emotion,transformer,3,none,joy,True,0.7874548,
emotion-te-00552,en-Latn,brighter-eng,emotion,transformer,20,fear,disgust|fear|sadness,True,0.85708165,
emotion-te-00553,en-Latn,brighter-eng,emotion,transformer,18,fear|sadness,fear|sadness,False,0.8595817,
emotion-te-00554,en-Latn,brighter-eng,emotion,transformer,10,none,fear|surprise,True,0.910037,
emotion-te-00555,en-Latn,brighter-eng,emotion,transformer,6,anger,fear|sadness,True,0.7425901,
emotion-te-00556,en-Latn,brighter-eng,emotion,transformer,37,anger|fear|sadness,fear|sadness,True,0.90538937,
emotion-te-00557,en-Latn,brighter-eng,emotion,transformer,14,fear|sadness,joy,True,0.8183938,
emotion-te-00558,en-Latn,brighter-eng,emotion,transformer,13,fear,fear|sadness,True,0.93157154,
emotion-te-00559,en-Latn,brighter-eng,emotion,transformer,35,fear|sadness,disgust|fear|sadness,False,0.8771206,
emotion-te-00560,en-Latn,brighter-eng,emotion,transformer,13,fear|surprise,fear|surprise,False,0.93969464,
emotion-te-00561,en-Latn,brighter-eng,emotion,transformer,8,fear|sadness,fear|sadness,False,0.8393891,
emotion-te-00562,en-Latn,brighter-eng,emotion,transformer,12,joy|surprise,fear|joy|surprise,True,0.76994663,
emotion-te-00563,en-Latn,brighter-eng,emotion,transformer,20,fear|surprise,fear|surprise,False,0.8935894,
emotion-te-00564,en-Latn,brighter-eng,emotion,transformer,11,fear|surprise,fear|sadness|surprise,True,0.9433273,
emotion-te-00565,en-Latn,brighter-eng,emotion,transformer,21,none,fear|joy|surprise,True,0.9095548,
emotion-te-00566,en-Latn,brighter-eng,emotion,transformer,4,anger|fear,anger|disgust|fear|sadness|surprise,True,0.85687715,
emotion-te-00567,en-Latn,brighter-eng,emotion,transformer,8,surprise,fear|surprise,True,0.9403256,
emotion-te-00568,en-Latn,brighter-eng,emotion,transformer,10,fear|sadness,fear|sadness,False,0.89556885,
emotion-te-00569,en-Latn,brighter-eng,emotion,transformer,26,fear|joy|surprise,none,True,0.50443125,
emotion-te-00570,en-Latn,brighter-eng,emotion,transformer,7,none,fear|surprise,True,0.8258519,
emotion-te-00571,en-Latn,brighter-eng,emotion,transformer,43,joy,joy,False,0.9179699,
emotion-te-00572,en-Latn,brighter-eng,emotion,transformer,4,fear|surprise,fear|sadness|surprise,True,0.9110482,
emotion-te-00573,en-Latn,brighter-eng,emotion,transformer,5,anger|fear|sadness|surprise,anger|disgust|fear|sadness,True,0.8742337,
emotion-te-00574,en-Latn,brighter-eng,emotion,transformer,24,sadness,fear|sadness,True,0.86123484,
emotion-te-00575,en-Latn,brighter-eng,emotion,transformer,12,fear|surprise,fear|surprise,False,0.89917886,
emotion-te-00576,en-Latn,brighter-eng,emotion,transformer,6,joy,none,True,0.506925,
emotion-te-00577,en-Latn,brighter-eng,emotion,transformer,11,fear,fear|sadness,True,0.9266657,
emotion-te-00578,en-Latn,brighter-eng,emotion,transformer,23,joy,none,True,0.4859076,
emotion-te-00579,en-Latn,brighter-eng,emotion,transformer,4,fear|surprise,fear,True,0.74294245,
emotion-te-00580,en-Latn,brighter-eng,emotion,transformer,4,joy,joy,False,0.60628635,
emotion-te-00581,en-Latn,brighter-eng,emotion,transformer,24,joy,none,True,0.27291757,
emotion-te-00582,en-Latn,brighter-eng,emotion,transformer,5,none,fear,True,0.5621341,
emotion-te-00583,en-Latn,brighter-eng,emotion,transformer,26,sadness,fear|sadness,True,0.8625748,
emotion-te-00584,en-Latn,brighter-eng,emotion,transformer,8,joy,joy,False,0.97584176,
emotion-te-00585,en-Latn,brighter-eng,emotion,transformer,14,fear|surprise,none,True,0.46913365,
emotion-te-00586,en-Latn,brighter-eng,emotion,transformer,5,fear|sadness,fear|sadness,False,0.8801683,
emotion-te-00587,en-Latn,brighter-eng,emotion,transformer,5,fear|sadness,fear|sadness,False,0.87203944,
emotion-te-00588,en-Latn,brighter-eng,emotion,transformer,8,joy,joy,False,0.7815915,
emotion-te-00589,en-Latn,brighter-eng,emotion,transformer,5,joy,anger|disgust|sadness,True,0.9487888,
emotion-te-00590,en-Latn,brighter-eng,emotion,transformer,19,fear,fear|sadness,True,0.5653575,
emotion-te-00591,en-Latn,brighter-eng,emotion,transformer,13,fear|sadness|surprise,anger|disgust|fear|sadness|surprise,True,0.8594786,
emotion-te-00592,en-Latn,brighter-eng,emotion,transformer,4,fear|sadness,disgust|fear|sadness,False,0.8945243,
emotion-te-00593,en-Latn,brighter-eng,emotion,transformer,4,none,none,False,0.37230784,
emotion-te-00594,en-Latn,brighter-eng,emotion,transformer,11,fear|surprise,joy,True,0.8713992,
emotion-te-00595,en-Latn,brighter-eng,emotion,transformer,14,fear|sadness,fear|sadness,False,0.87899345,
emotion-te-00596,en-Latn,brighter-eng,emotion,transformer,21,fear,fear|sadness,True,0.8511433,
emotion-te-00597,en-Latn,brighter-eng,emotion,transformer,12,anger|fear|surprise,joy,True,0.6050332,
emotion-te-00598,en-Latn,brighter-eng,emotion,transformer,32,fear|surprise,fear|surprise,False,0.9574169,
emotion-te-00599,en-Latn,brighter-eng,emotion,transformer,13,fear,fear|sadness,True,0.93672526,
emotion-te-00600,en-Latn,brighter-eng,emotion,transformer,6,anger|fear|surprise,fear|surprise,True,0.92431706,
emotion-te-00601,en-Latn,brighter-eng,emotion,transformer,6,anger|sadness,fear|sadness,True,0.7256269,
emotion-te-00602,en-Latn,brighter-eng,emotion,transformer,15,joy|surprise,joy|surprise,False,0.89487976,
emotion-te-00603,en-Latn,brighter-eng,emotion,transformer,9,none,fear|surprise,True,0.8490435,
emotion-te-00604,en-Latn,brighter-eng,emotion,transformer,10,joy,fear|sadness,True,0.7490387,
emotion-te-00605,en-Latn,brighter-eng,emotion,transformer,40,fear,fear|sadness,True,0.9379265,
emotion-te-00606,en-Latn,brighter-eng,emotion,transformer,4,anger,anger|disgust|fear|sadness,True,0.8763291,
emotion-te-00607,en-Latn,brighter-eng,emotion,transformer,23,fear|sadness,fear|surprise,True,0.76857144,
emotion-te-00608,en-Latn,brighter-eng,emotion,transformer,25,none,joy,True,0.80311286,
emotion-te-00609,en-Latn,brighter-eng,emotion,transformer,20,joy|sadness|surprise,fear|sadness,True,0.86408144,
emotion-te-00610,en-Latn,brighter-eng,emotion,transformer,12,joy|surprise,joy|surprise,False,0.9288066,
emotion-te-00611,en-Latn,brighter-eng,emotion,transformer,4,sadness,joy,True,0.79224795,
emotion-te-00612,en-Latn,brighter-eng,emotion,transformer,27,joy|surprise,joy|surprise,False,0.79612726,
emotion-te-00613,en-Latn,brighter-eng,emotion,transformer,8,fear|surprise,fear|surprise,False,0.94135326,
emotion-te-00614,en-Latn,brighter-eng,emotion,transformer,10,fear|surprise,fear|sadness,True,0.93777347,
emotion-te-00615,en-Latn,brighter-eng,emotion,transformer,4,fear|surprise,disgust|fear|surprise,False,0.9275958,
emotion-te-00616,en-Latn,brighter-eng,emotion,transformer,15,none,surprise,True,0.8117842,
emotion-te-00617,en-Latn,brighter-eng,emotion,transformer,13,fear|sadness,fear|sadness,False,0.902303,
emotion-te-00618,en-Latn,brighter-eng,emotion,transformer,15,fear,joy,True,0.602818,
emotion-te-00619,en-Latn,brighter-eng,emotion,transformer,13,joy,joy,False,0.96779835,
emotion-te-00620,en-Latn,brighter-eng,emotion,transformer,13,joy,fear|sadness,True,0.81997746,
emotion-te-00621,en-Latn,brighter-eng,emotion,transformer,32,sadness,joy,True,0.8347144,
emotion-te-00622,en-Latn,brighter-eng,emotion,transformer,19,joy,joy,False,0.98022836,
emotion-te-00623,en-Latn,brighter-eng,emotion,transformer,4,sadness,anger|disgust|sadness,True,0.89807665,
emotion-te-00624,en-Latn,brighter-eng,emotion,transformer,13,joy,joy,False,0.97075856,
emotion-te-00625,en-Latn,brighter-eng,emotion,transformer,8,fear|surprise,fear|joy|surprise,True,0.949958,
emotion-te-00626,en-Latn,brighter-eng,emotion,transformer,8,joy,joy,False,0.96549326,
emotion-te-00627,en-Latn,brighter-eng,emotion,transformer,15,fear,fear|sadness,True,0.7324416,
emotion-te-00628,en-Latn,brighter-eng,emotion,transformer,7,surprise,fear|sadness,True,0.64403796,
emotion-te-00629,en-Latn,brighter-eng,emotion,transformer,8,joy,joy,False,0.7335602,
emotion-te-00630,en-Latn,brighter-eng,emotion,transformer,29,anger|fear|sadness,anger|disgust|fear|sadness,False,0.8600486,
emotion-te-00631,en-Latn,brighter-eng,emotion,transformer,27,fear,anger|disgust|fear|sadness,True,0.85358244,
emotion-te-00632,en-Latn,brighter-eng,emotion,transformer,17,fear|surprise,anger|disgust|fear|sadness,True,0.88989455,
emotion-te-00633,en-Latn,brighter-eng,emotion,transformer,22,sadness,anger|disgust|fear|sadness,True,0.92121077,
emotion-te-00634,en-Latn,brighter-eng,emotion,transformer,6,fear|sadness|surprise,fear|surprise,True,0.89639866,
emotion-te-00635,en-Latn,brighter-eng,emotion,transformer,75,fear|sadness|surprise,fear|sadness,True,0.7225507,
emotion-te-00636,en-Latn,brighter-eng,emotion,transformer,18,sadness,joy,True,0.8661267,
emotion-te-00637,en-Latn,brighter-eng,emotion,transformer,4,joy|surprise,joy|surprise,False,0.98145515,
emotion-te-00638,en-Latn,brighter-eng,emotion,transformer,4,joy,joy,False,0.9730118,
emotion-te-00639,en-Latn,brighter-eng,emotion,transformer,27,anger|fear|sadness,fear|sadness,True,0.9142326,
emotion-te-00640,en-Latn,brighter-eng,emotion,transformer,15,joy,joy,False,0.9839807,
emotion-te-00641,en-Latn,brighter-eng,emotion,transformer,45,surprise,fear|surprise,True,0.91914016,
emotion-te-00642,en-Latn,brighter-eng,emotion,transformer,12,joy,joy,False,0.96957064,
emotion-te-00643,en-Latn,brighter-eng,emotion,transformer,29,anger|fear|sadness,fear|surprise,True,0.75141513,
emotion-te-00644,en-Latn,brighter-eng,emotion,transformer,14,fear,fear|sadness,True,0.9401658,
emotion-te-00645,en-Latn,brighter-eng,emotion,transformer,23,fear,fear|surprise,True,0.92324156,
emotion-te-00646,en-Latn,brighter-eng,emotion,transformer,35,none,joy,True,0.6310039,
emotion-te-00647,en-Latn,brighter-eng,emotion,transformer,16,none,fear|surprise,True,0.954888,
emotion-te-00648,en-Latn,brighter-eng,emotion,transformer,22,fear|surprise,fear|surprise,False,0.9016405,
emotion-te-00649,en-Latn,brighter-eng,emotion,transformer,13,fear,fear|sadness,True,0.9294226,
emotion-te-00650,en-Latn,brighter-eng,emotion,transformer,20,anger|fear,joy,True,0.9370186,
emotion-te-00651,en-Latn,brighter-eng,emotion,transformer,4,anger|fear|sadness,anger|disgust|fear|sadness,False,0.8982815,
emotion-te-00652,en-Latn,brighter-eng,emotion,transformer,9,fear|sadness,none,True,0.30517557,
emotion-te-00653,en-Latn,brighter-eng,emotion,transformer,26,fear|sadness,fear|sadness,False,0.83349997,
emotion-te-00654,en-Latn,brighter-eng,emotion,transformer,8,joy,joy,False,0.8305215,
emotion-te-00655,en-Latn,brighter-eng,emotion,transformer,4,fear|surprise,fear|surprise,False,0.94300365,
emotion-te-00656,en-Latn,brighter-eng,emotion,transformer,4,fear|surprise,fear|sadness,True,0.9509167,
emotion-te-00657,en-Latn,brighter-eng,emotion,transformer,14,joy,joy,False,0.8524113,
emotion-te-00658,en-Latn,brighter-eng,emotion,transformer,7,joy,joy|surprise,True,0.9561161,
emotion-te-00659,en-Latn,brighter-eng,emotion,transformer,8,fear,none,True,0.42865425,
emotion-te-00660,en-Latn,brighter-eng,emotion,transformer,14,none,fear,True,0.830837,
emotion-te-00661,en-Latn,brighter-eng,emotion,transformer,28,fear|sadness|surprise,fear|sadness,True,0.9522532,
emotion-te-00662,en-Latn,brighter-eng,emotion,transformer,7,none,fear|surprise,True,0.8979774,
emotion-te-00663,en-Latn,brighter-eng,emotion,transformer,8,fear|surprise,fear|sadness,True,0.8971471,
emotion-te-00664,en-Latn,brighter-eng,emotion,transformer,8,anger|fear|sadness,anger|disgust|sadness,True,0.94990885,
emotion-te-00665,en-Latn,brighter-eng,emotion,transformer,14,fear|sadness|surprise,fear,True,0.6573638,
emotion-te-00666,en-Latn,brighter-eng,emotion,transformer,8,joy,joy,False,0.6746594,
emotion-te-00667,en-Latn,brighter-eng,emotion,transformer,27,joy,joy,False,0.9507274,
emotion-te-00668,en-Latn,brighter-eng,emotion,transformer,19,fear|sadness,fear|sadness,False,0.888286,
emotion-te-00669,en-Latn,brighter-eng,emotion,transformer,9,anger|fear,fear|sadness,True,0.86913556,
emotion-te-00670,en-Latn,brighter-eng,emotion,transformer,7,anger|fear|surprise,anger|disgust|fear|sadness|surprise,True,0.9199237,
emotion-te-00671,en-Latn,brighter-eng,emotion,transformer,5,anger|fear,fear|surprise,True,0.7632605,
emotion-te-00672,en-Latn,brighter-eng,emotion,transformer,17,none,anger|disgust|fear|surprise,True,0.8709718,
emotion-te-00673,en-Latn,brighter-eng,emotion,transformer,19,fear|sadness,anger|disgust|fear|sadness,True,0.88196146,
emotion-te-00674,en-Latn,brighter-eng,emotion,transformer,21,joy,joy,False,0.9812144,
emotion-te-00675,en-Latn,brighter-eng,emotion,transformer,7,surprise,fear|surprise,True,0.9326273,
emotion-te-00676,en-Latn,brighter-eng,emotion,transformer,7,fear|surprise,fear|surprise,False,0.9536494,
emotion-te-00677,en-Latn,brighter-eng,emotion,transformer,17,fear,fear,False,0.8157413,
emotion-te-00678,en-Latn,brighter-eng,emotion,transformer,15,fear|sadness,fear|sadness,False,0.9186397,
emotion-te-00679,en-Latn,brighter-eng,emotion,transformer,24,anger|sadness,anger|disgust|fear|sadness,True,0.88005376,
emotion-te-00680,en-Latn,brighter-eng,emotion,transformer,11,fear|joy|surprise,joy,True,0.94727737,
emotion-te-00681,en-Latn,brighter-eng,emotion,transformer,5,none,joy,True,0.8611676,
emotion-te-00682,en-Latn,brighter-eng,emotion,transformer,22,fear|sadness,fear|sadness,False,0.9021605,
emotion-te-00683,en-Latn,brighter-eng,emotion,transformer,42,fear|sadness,fear|sadness,False,0.8786179,
emotion-te-00684,en-Latn,brighter-eng,emotion,transformer,6,joy,joy,False,0.8615566,
emotion-te-00685,en-Latn,brighter-eng,emotion,transformer,5,joy|surprise,surprise,True,0.70846653,
emotion-te-00686,en-Latn,brighter-eng,emotion,transformer,13,joy,fear|sadness,True,0.709756,
emotion-te-00687,en-Latn,brighter-eng,emotion,transformer,15,joy,fear|surprise,True,0.71028054,
emotion-te-00688,en-Latn,brighter-eng,emotion,transformer,13,joy|surprise,joy,True,0.9710325,
emotion-te-00689,en-Latn,brighter-eng,emotion,transformer,15,joy|surprise,joy|surprise,False,0.9622821,
emotion-te-00690,en-Latn,brighter-eng,emotion,transformer,19,anger|fear|surprise,anger|disgust|fear|sadness|surprise,True,0.91993505,
emotion-te-00691,en-Latn,brighter-eng,emotion,transformer,8,sadness|surprise,anger|disgust|fear|sadness|surprise,True,0.8984224,
emotion-te-00692,en-Latn,brighter-eng,emotion,transformer,12,fear,fear|surprise,True,0.9294566,
emotion-te-00693,en-Latn,brighter-eng,emotion,transformer,7,joy,joy,False,0.9689122,
emotion-te-00694,en-Latn,brighter-eng,emotion,transformer,7,fear,none,True,0.29752132,
emotion-te-00695,en-Latn,brighter-eng,emotion,transformer,12,joy,joy,False,0.9761277,
emotion-te-00696,en-Latn,brighter-eng,emotion,transformer,38,fear|sadness,fear|sadness,False,0.90683067,
emotion-te-00697,en-Latn,brighter-eng,emotion,transformer,15,sadness,joy,True,0.9549513,
emotion-te-00698,en-Latn,brighter-eng,emotion,transformer,6,fear|sadness,fear|surprise,True,0.7901982,
emotion-te-00699,en-Latn,brighter-eng,emotion,transformer,30,fear,fear,False,0.8316344,
emotion-te-00700,en-Latn,brighter-eng,emotion,transformer,4,joy,joy|surprise,True,0.74909216,
emotion-te-00701,en-Latn,brighter-eng,emotion,transformer,7,anger|fear|surprise,fear|sadness,True,0.8643164,
emotion-te-00702,en-Latn,brighter-eng,emotion,transformer,17,fear|surprise,joy|surprise,True,0.6589444,
emotion-te-00703,en-Latn,brighter-eng,emotion,transformer,4,joy,joy,False,0.98278093,
emotion-te-00704,en-Latn,brighter-eng,emotion,transformer,9,joy|sadness,joy,True,0.9723468,
emotion-te-00705,en-Latn,brighter-eng,emotion,transformer,4,joy,joy,False,0.9813095,
emotion-te-00706,en-Latn,brighter-eng,emotion,transformer,3,anger|surprise,anger|surprise,False,0.7535556,
emotion-te-00707,en-Latn,brighter-eng,emotion,transformer,9,joy|surprise,joy,True,0.98217565,
emotion-te-00708,en-Latn,brighter-eng,emotion,transformer,11,fear|surprise,anger|disgust|fear|sadness|surprise,True,0.894847,
emotion-te-00709,en-Latn,brighter-eng,emotion,transformer,5,sadness,anger|disgust|fear|sadness|surprise,True,0.86282164,
emotion-te-00710,en-Latn,brighter-eng,emotion,transformer,21,joy,joy|surprise,True,0.76357687,
emotion-te-00711,en-Latn,brighter-eng,emotion,transformer,24,anger|sadness,fear|sadness,True,0.87224203,
emotion-te-00712,en-Latn,brighter-eng,emotion,transformer,26,fear|joy,joy,True,0.8713926,
emotion-te-00713,en-Latn,brighter-eng,emotion,transformer,52,sadness,fear|sadness,True,0.5812746,
emotion-te-00714,en-Latn,brighter-eng,emotion,transformer,8,fear,fear|sadness,True,0.95171905,
emotion-te-00715,en-Latn,brighter-eng,emotion,transformer,32,anger,joy,True,0.77327025,
emotion-te-00716,en-Latn,brighter-eng,emotion,transformer,5,fear|surprise,fear|surprise,False,0.9219366,
emotion-te-00717,en-Latn,brighter-eng,emotion,transformer,16,fear,fear|sadness,True,0.9220198,
emotion-te-00718,en-Latn,brighter-eng,emotion,transformer,9,anger|sadness,anger|disgust|fear|sadness|surprise,True,0.83974326,
emotion-te-00719,en-Latn,brighter-eng,emotion,transformer,8,anger,fear|sadness,True,0.81064785,
emotion-te-00720,en-Latn,brighter-eng,emotion,transformer,16,joy,joy,False,0.9733661,
emotion-te-00721,en-Latn,brighter-eng,emotion,transformer,4,anger,anger|disgust|fear|sadness,True,0.847723,
emotion-te-00722,en-Latn,brighter-eng,emotion,transformer,8,sadness|surprise,anger|disgust|fear|sadness|surprise,True,0.8325093,
emotion-te-00723,en-Latn,brighter-eng,emotion,transformer,37,fear|surprise,fear|sadness,True,0.8415885,
emotion-te-00724,en-Latn,brighter-eng,emotion,transformer,4,fear|surprise,fear|surprise,False,0.9520289,
emotion-te-00725,en-Latn,brighter-eng,emotion,transformer,8,none,fear|sadness,True,0.7238008,
emotion-te-00726,en-Latn,brighter-eng,emotion,transformer,7,joy|surprise,joy,True,0.98416245,
emotion-te-00727,en-Latn,brighter-eng,emotion,transformer,16,fear,fear|sadness,True,0.89291275,
emotion-te-00728,en-Latn,brighter-eng,emotion,transformer,22,fear|sadness,fear|surprise,True,0.9188634,
emotion-te-00729,en-Latn,brighter-eng,emotion,transformer,10,anger|fear,anger|disgust|fear|sadness,True,0.93617225,
emotion-te-00730,en-Latn,brighter-eng,emotion,transformer,10,fear|sadness,fear|sadness,False,0.85083985,
emotion-te-00731,en-Latn,brighter-eng,emotion,transformer,16,none,fear|surprise,True,0.91198015,
emotion-te-00732,en-Latn,brighter-eng,emotion,transformer,4,fear|sadness|surprise,none,True,0.5348583,
emotion-te-00733,en-Latn,brighter-eng,emotion,transformer,7,fear|surprise,fear|surprise,False,0.9443465,
emotion-te-00734,en-Latn,brighter-eng,emotion,transformer,26,fear|sadness,joy,True,0.8010609,
emotion-te-00735,en-Latn,brighter-eng,emotion,transformer,34,fear|surprise,fear,True,0.5764414,
emotion-te-00736,en-Latn,brighter-eng,emotion,transformer,8,fear|sadness,anger|disgust|fear|sadness,True,0.91201913,
emotion-te-00737,en-Latn,brighter-eng,emotion,transformer,9,anger|fear|sadness|surprise,anger|disgust|sadness,True,0.8563273,
emotion-te-00738,en-Latn,brighter-eng,emotion,transformer,16,joy,joy|surprise,True,0.86436856,
emotion-te-00739,en-Latn,brighter-eng,emotion,transformer,69,fear,joy|surprise,True,0.78207994,
emotion-te-00740,en-Latn,brighter-eng,emotion,transformer,15,fear|surprise,fear,True,0.6332235,
emotion-te-00741,en-Latn,brighter-eng,emotion,transformer,26,surprise,fear|surprise,True,0.81277007,
emotion-te-00742,en-Latn,brighter-eng,emotion,transformer,20,joy,joy|surprise,True,0.9814751,
emotion-te-00743,en-Latn,brighter-eng,emotion,transformer,14,fear,fear,False,0.80187565,
emotion-te-00744,en-Latn,brighter-eng,emotion,transformer,8,anger|sadness,anger|disgust|fear|sadness,True,0.932591,
emotion-te-00745,en-Latn,brighter-eng,emotion,transformer,5,fear|sadness,fear,True,0.56292033,
emotion-te-00746,en-Latn,brighter-eng,emotion,transformer,6,fear,fear|sadness,True,0.93550533,
emotion-te-00747,en-Latn,brighter-eng,emotion,transformer,58,fear|joy,joy,True,0.9529435,
emotion-te-00748,en-Latn,brighter-eng,emotion,transformer,15,none,none,False,0.4344814,
emotion-te-00749,en-Latn,brighter-eng,emotion,transformer,3,fear,fear|surprise,True,0.906713,
emotion-te-00750,en-Latn,brighter-eng,emotion,transformer,38,anger|fear|sadness,fear|sadness,True,0.88105476,
emotion-te-00751,en-Latn,brighter-eng,emotion,transformer,14,fear,fear|surprise,True,0.88885355,
emotion-te-00752,en-Latn,brighter-eng,emotion,transformer,27,fear|surprise,disgust|fear|surprise,False,0.9131443,
emotion-te-00753,en-Latn,brighter-eng,emotion,transformer,17,anger,fear|sadness,True,0.8685067,
emotion-te-00754,en-Latn,brighter-eng,emotion,transformer,11,fear|sadness,fear|sadness,False,0.88627744,
emotion-te-00755,en-Latn,brighter-eng,emotion,transformer,7,fear|surprise,fear|surprise,False,0.8823975,
emotion-te-00756,en-Latn,brighter-eng,emotion,transformer,7,fear,joy,True,0.800334,
emotion-te-00757,en-Latn,brighter-eng,emotion,transformer,12,none,none,False,0.42088675,
emotion-te-00758,en-Latn,brighter-eng,emotion,transformer,8,fear|surprise,fear,True,0.81128806,
emotion-te-00759,en-Latn,brighter-eng,emotion,transformer,5,fear|surprise,fear|surprise,False,0.8524696,
emotion-te-00760,en-Latn,brighter-eng,emotion,transformer,17,fear|joy|sadness,fear|sadness,True,0.76812553,
emotion-te-00761,en-Latn,brighter-eng,emotion,transformer,57,fear|joy|surprise,disgust|fear|sadness,True,0.90682656,
emotion-te-00762,en-Latn,brighter-eng,emotion,transformer,9,joy|surprise,joy|surprise,False,0.72878087,
emotion-te-00763,en-Latn,brighter-eng,emotion,transformer,15,none,none,False,0.4947551,
emotion-te-00764,en-Latn,brighter-eng,emotion,transformer,6,anger|fear,fear|sadness,True,0.9314805,
emotion-te-00765,en-Latn,brighter-eng,emotion,transformer,10,fear|sadness|surprise,joy|surprise,True,0.9538473,
emotion-te-00766,en-Latn,brighter-eng,emotion,transformer,15,fear|sadness|surprise,fear|sadness,True,0.94689196,
emotion-te-00767,en-Latn,brighter-eng,emotion,transformer,23,fear|sadness,fear|sadness,False,0.84826463,
emotion-te-00768,en-Latn,brighter-eng,emotion,transformer,67,fear|joy|sadness,fear|sadness,True,0.89144766,
emotion-te-00769,en-Latn,brighter-eng,emotion,transformer,7,sadness|surprise,fear|sadness,True,0.83316994,
emotion-te-00770,en-Latn,brighter-eng,emotion,transformer,8,fear|sadness|surprise,fear|sadness,True,0.88396716,
emotion-te-00771,en-Latn,brighter-eng,emotion,transformer,3,fear,fear|sadness,True,0.79998624,
emotion-te-00772,en-Latn,brighter-eng,emotion,transformer,24,fear|joy,joy,True,0.95348364,
emotion-te-00773,en-Latn,brighter-eng,emotion,transformer,6,fear,fear|sadness,True,0.90195227,
emotion-te-00774,en-Latn,brighter-eng,emotion,transformer,6,anger|fear|sadness|surprise,anger|disgust|fear|sadness|surprise,False,0.9093828,
emotion-te-00775,en-Latn,brighter-eng,emotion,transformer,22,fear|sadness,joy|surprise,True,0.8618699,
emotion-te-00776,en-Latn,brighter-eng,emotion,transformer,16,fear,fear|sadness,True,0.95281,
emotion-te-00777,en-Latn,brighter-eng,emotion,transformer,62,joy,joy,False,0.86794025,
emotion-te-00778,en-Latn,brighter-eng,emotion,transformer,21,fear,fear,False,0.6707153,
emotion-te-00779,en-Latn,brighter-eng,emotion,transformer,43,fear|sadness,fear|sadness,False,0.9176487,
emotion-te-00780,en-Latn,brighter-eng,emotion,transformer,29,joy,joy,False,0.9453641,
emotion-te-00781,en-Latn,brighter-eng,emotion,transformer,4,fear|sadness,fear|sadness,False,0.81825376,
emotion-te-00782,en-Latn,brighter-eng,emotion,transformer,35,anger|fear|sadness,fear|sadness,True,0.6951893,
emotion-te-00783,en-Latn,brighter-eng,emotion,transformer,18,none,joy,True,0.6208093,
emotion-te-00784,en-Latn,brighter-eng,emotion,transformer,14,fear|surprise,fear|surprise,False,0.93482935,
emotion-te-00785,en-Latn,brighter-eng,emotion,transformer,13,joy,joy|surprise,True,0.9203195,
emotion-te-00786,en-Latn,brighter-eng,emotion,transformer,11,fear|surprise,joy|surprise,True,0.8238078,
emotion-te-00787,en-Latn,brighter-eng,emotion,transformer,12,joy,none,True,0.4898686,
emotion-te-00788,en-Latn,brighter-eng,emotion,transformer,16,none,fear|surprise,True,0.8504548,
emotion-te-00789,en-Latn,brighter-eng,emotion,transformer,16,anger|fear|sadness|surprise,anger|disgust|fear|sadness|surprise,False,0.87571704,
emotion-te-00790,en-Latn,brighter-eng,emotion,transformer,44,anger|fear,fear|sadness,True,0.8840514,
emotion-te-00791,en-Latn,brighter-eng,emotion,transformer,6,joy,fear,True,0.70295554,
emotion-te-00792,en-Latn,brighter-eng,emotion,transformer,9,fear|sadness,fear|sadness,False,0.87612057,
emotion-te-00793,en-Latn,brighter-eng,emotion,transformer,42,fear,anger|disgust|fear|sadness,True,0.9337053,
emotion-te-00794,en-Latn,brighter-eng,emotion,transformer,8,none,none,False,0.30850884,
emotion-te-00795,en-Latn,brighter-eng,emotion,transformer,30,joy,fear|surprise,True,0.6051168,
emotion-te-00796,en-Latn,brighter-eng,emotion,transformer,20,fear|surprise,fear|surprise,False,0.93542427,
emotion-te-00797,en-Latn,brighter-eng,emotion,transformer,44,fear|surprise,joy,True,0.94146127,
emotion-te-00798,en-Latn,brighter-eng,emotion,transformer,6,fear|surprise,fear|surprise,False,0.8572753,
emotion-te-00799,en-Latn,brighter-eng,emotion,transformer,12,fear,fear|sadness|surprise,True,0.9600589,
emotion-te-00800,en-Latn,brighter-eng,emotion,transformer,42,fear|joy|surprise,joy,True,0.9743066,
emotion-te-00801,en-Latn,brighter-eng,emotion,transformer,13,fear|joy,fear|sadness,True,0.8505786,
emotion-te-00802,en-Latn,brighter-eng,emotion,transformer,10,fear,none,True,0.46173176,
emotion-te-00803,en-Latn,brighter-eng,emotion,transformer,8,fear,fear|sadness,True,0.8614418,
emotion-te-00804,en-Latn,brighter-eng,emotion,transformer,7,none,joy|surprise,True,0.82394224,
emotion-te-00805,en-Latn,brighter-eng,emotion,transformer,11,joy|sadness,joy|surprise,True,0.91202223,
emotion-te-00806,en-Latn,brighter-eng,emotion,transformer,4,joy,none,True,0.48628175,
emotion-te-00807,en-Latn,brighter-eng,emotion,transformer,31,fear|surprise,joy|surprise,True,0.95814705,
emotion-te-00808,en-Latn,brighter-eng,emotion,transformer,14,none,none,False,0.576192,
emotion-te-00809,en-Latn,brighter-eng,emotion,transformer,6,fear|sadness,fear,True,0.83734536,
emotion-te-00810,en-Latn,brighter-eng,emotion,transformer,6,joy|surprise,anger|fear|surprise,True,0.8808493,
emotion-te-00811,en-Latn,brighter-eng,emotion,transformer,4,fear|sadness|surprise,anger|disgust|fear|sadness,True,0.8148746,
emotion-te-00812,en-Latn,brighter-eng,emotion,transformer,33,fear|surprise,fear,True,0.91463614,
emotion-te-00813,en-Latn,brighter-eng,emotion,transformer,4,joy,joy,False,0.9827608,
emotion-te-00814,en-Latn,brighter-eng,emotion,transformer,12,fear|joy|surprise,anger|disgust|fear|sadness|surprise,True,0.8168503,
emotion-te-00815,en-Latn,brighter-eng,emotion,transformer,8,joy,none,True,0.5399246,
emotion-te-00816,en-Latn,brighter-eng,emotion,transformer,19,fear|sadness,anger|disgust|fear|sadness,True,0.8876713,
emotion-te-00817,en-Latn,brighter-eng,emotion,transformer,38,joy,anger|disgust|fear|sadness|surprise,True,0.86256945,
emotion-te-00818,en-Latn,brighter-eng,emotion,transformer,3,none,none,False,0.5061399,
emotion-te-00819,en-Latn,brighter-eng,emotion,transformer,21,fear,fear|surprise,True,0.87792593,
emotion-te-00820,en-Latn,brighter-eng,emotion,transformer,4,fear|sadness|surprise,fear|sadness|surprise,False,0.9202057,
emotion-te-00821,en-Latn,brighter-eng,emotion,transformer,43,joy,joy,False,0.9552477,
emotion-te-00822,en-Latn,brighter-eng,emotion,transformer,4,none,anger|disgust|fear|sadness,True,0.85046375,
emotion-te-00823,en-Latn,brighter-eng,emotion,transformer,7,none,surprise,True,0.7127644,
emotion-te-00824,en-Latn,brighter-eng,emotion,transformer,22,joy,joy,False,0.73672795,
emotion-te-00825,en-Latn,brighter-eng,emotion,transformer,15,anger|fear|sadness,fear|sadness,True,0.8861139,
emotion-te-00826,en-Latn,brighter-eng,emotion,transformer,4,fear,none,True,0.5207621,
emotion-te-00827,en-Latn,brighter-eng,emotion,transformer,21,fear,fear|sadness,True,0.8460525,
emotion-te-00828,en-Latn,brighter-eng,emotion,transformer,20,fear|surprise,surprise,True,0.846795,
emotion-te-00829,en-Latn,brighter-eng,emotion,transformer,31,fear|sadness,joy,True,0.70012593,
emotion-te-00830,en-Latn,brighter-eng,emotion,transformer,4,sadness|surprise,fear,True,0.6061505,
emotion-te-00831,en-Latn,brighter-eng,emotion,transformer,1,none,surprise,True,0.55983615,
emotion-te-00832,en-Latn,brighter-eng,emotion,transformer,27,fear|sadness,disgust|fear|sadness,False,0.91879183,
emotion-te-00833,en-Latn,brighter-eng,emotion,transformer,16,anger|surprise,fear|surprise,True,0.7920509,
emotion-te-00834,en-Latn,brighter-eng,emotion,transformer,9,fear|surprise,fear|surprise,False,0.93099844,
emotion-te-00835,en-Latn,brighter-eng,emotion,transformer,4,joy,joy,False,0.98368317,
emotion-te-00836,en-Latn,brighter-eng,emotion,transformer,71,joy,fear,True,0.8758265,
emotion-te-00837,en-Latn,brighter-eng,emotion,transformer,32,fear|sadness,disgust|fear|sadness,False,0.8788052,
emotion-te-00838,en-Latn,brighter-eng,emotion,transformer,8,fear|surprise,fear|surprise,False,0.963617,
emotion-te-00839,en-Latn,brighter-eng,emotion,transformer,25,none,none,False,0.43445164,
emotion-te-00840,en-Latn,brighter-eng,emotion,transformer,4,anger|fear,anger|disgust|fear|sadness|surprise,True,0.8945575,
emotion-te-00841,en-Latn,brighter-eng,emotion,transformer,14,none,fear|surprise,True,0.8632265,
emotion-te-00842,en-Latn,brighter-eng,emotion,transformer,25,fear|sadness,disgust|fear|sadness,False,0.8823963,
emotion-te-00843,en-Latn,brighter-eng,emotion,transformer,14,fear,fear,False,0.9067504,
emotion-te-00844,en-Latn,brighter-eng,emotion,transformer,11,joy,none,True,0.4323528,
emotion-te-00845,en-Latn,brighter-eng,emotion,transformer,6,fear|sadness|surprise,fear|surprise,True,0.9349255,
emotion-te-00846,en-Latn,brighter-eng,emotion,transformer,28,anger|fear|sadness|surprise,fear|sadness,True,0.7582858,
emotion-te-00847,en-Latn,brighter-eng,emotion,transformer,12,fear|sadness|surprise,fear|surprise,True,0.93938726,
emotion-te-00848,en-Latn,brighter-eng,emotion,transformer,24,fear|sadness,fear|sadness,False,0.8814789,
emotion-te-00849,en-Latn,brighter-eng,emotion,transformer,42,fear|sadness,anger|disgust|fear|sadness,True,0.8716048,
emotion-te-00850,en-Latn,brighter-eng,emotion,transformer,30,joy|sadness,joy,True,0.8839181,
emotion-te-00851,en-Latn,brighter-eng,emotion,transformer,15,joy|surprise,fear|surprise,True,0.7343467,
emotion-te-00852,en-Latn,brighter-eng,emotion,transformer,19,fear,fear,False,0.66993743,
emotion-te-00853,en-Latn,brighter-eng,emotion,transformer,6,joy,joy,False,0.9766748,
emotion-te-00854,en-Latn,brighter-eng,emotion,transformer,15,anger,anger|disgust|fear|sadness|surprise,True,0.82153666,
emotion-te-00855,en-Latn,brighter-eng,emotion,transformer,30,joy,joy,False,0.953492,
emotion-te-00856,en-Latn,brighter-eng,emotion,transformer,19,anger|fear|sadness|surprise,fear|sadness,True,0.915691,
emotion-te-00857,en-Latn,brighter-eng,emotion,transformer,4,fear,fear|sadness,True,0.81446713,
emotion-te-00858,en-Latn,brighter-eng,emotion,transformer,6,joy,joy,False,0.7227064,
emotion-te-00859,en-Latn,brighter-eng,emotion,transformer,6,none,none,False,0.59761846,
emotion-te-00860,en-Latn,brighter-eng,emotion,transformer,6,fear|sadness|surprise,fear|sadness,True,0.9114656,
emotion-te-00861,en-Latn,brighter-eng,emotion,transformer,14,anger|sadness,fear|sadness,True,0.8789321,
emotion-te-00862,en-Latn,brighter-eng,emotion,transformer,24,joy,anger|disgust|sadness|surprise,True,0.7958013,
emotion-te-00863,en-Latn,brighter-eng,emotion,transformer,36,none,fear|surprise,True,0.8971508,
emotion-te-00864,en-Latn,brighter-eng,emotion,transformer,26,joy,joy,False,0.9764407,
emotion-te-00865,en-Latn,brighter-eng,emotion,transformer,7,fear,fear|sadness,True,0.9554698,
emotion-te-00866,en-Latn,brighter-eng,emotion,transformer,3,anger,anger|disgust|sadness,True,0.9409858,
emotion-te-00867,en-Latn,brighter-eng,emotion,transformer,4,none,fear|surprise,True,0.69026077,
emotion-te-00868,en-Latn,brighter-eng,emotion,transformer,5,surprise,joy,True,0.6319762,
emotion-te-00869,en-Latn,brighter-eng,emotion,transformer,34,anger|fear|sadness|surprise,fear|sadness,True,0.80012995,
emotion-te-00870,en-Latn,brighter-eng,emotion,transformer,10,joy,joy,False,0.71803766,
emotion-te-00871,en-Latn,brighter-eng,emotion,transformer,16,fear|surprise,fear,True,0.56479436,
emotion-te-00872,en-Latn,brighter-eng,emotion,transformer,17,sadness,fear|sadness,True,0.9080987,
emotion-te-00873,en-Latn,brighter-eng,emotion,transformer,12,fear|joy,joy,True,0.9529766,
emotion-te-00874,en-Latn,brighter-eng,emotion,transformer,21,anger|sadness,fear|sadness,True,0.87554246,
emotion-te-00875,en-Latn,brighter-eng,emotion,transformer,4,fear|surprise,anger|disgust|fear|sadness|surprise,True,0.88848114,
emotion-te-00876,en-Latn,brighter-eng,emotion,transformer,8,none,joy,True,0.84859085,
emotion-te-00877,en-Latn,brighter-eng,emotion,transformer,10,fear,none,True,0.5187426,
emotion-te-00878,en-Latn,brighter-eng,emotion,transformer,15,joy,anger|disgust|fear|sadness,True,0.8889653,
emotion-te-00879,en-Latn,brighter-eng,emotion,transformer,13,anger|fear|sadness,fear|sadness,True,0.93390006,
emotion-te-00880,en-Latn,brighter-eng,emotion,transformer,18,fear|sadness,fear|sadness,False,0.8759301,
emotion-te-00881,en-Latn,brighter-eng,emotion,transformer,14,joy,joy,False,0.9056881,
emotion-te-00882,en-Latn,brighter-eng,emotion,transformer,4,fear,fear|sadness,True,0.94756186,
emotion-te-00883,en-Latn,brighter-eng,emotion,transformer,11,fear,fear|surprise,True,0.94877434,
emotion-te-00884,en-Latn,brighter-eng,emotion,transformer,78,fear|sadness,joy,True,0.9557919,
emotion-te-00885,en-Latn,brighter-eng,emotion,transformer,4,anger|surprise,anger|disgust|fear|sadness,True,0.91738,
emotion-te-00886,en-Latn,brighter-eng,emotion,transformer,45,fear|sadness,fear|sadness,False,0.88044393,
emotion-te-00887,en-Latn,brighter-eng,emotion,transformer,20,joy,joy,False,0.7897805,
emotion-te-00888,en-Latn,brighter-eng,emotion,transformer,14,fear|surprise,joy|surprise,True,0.9060177,
emotion-te-00889,en-Latn,brighter-eng,emotion,transformer,4,joy,joy,False,0.962423,
emotion-te-00890,en-Latn,brighter-eng,emotion,transformer,8,fear|surprise,fear|surprise,False,0.93855923,
emotion-te-00891,en-Latn,brighter-eng,emotion,transformer,21,sadness,fear|sadness,True,0.8561803,
emotion-te-00892,en-Latn,brighter-eng,emotion,transformer,6,fear|sadness,fear|sadness,False,0.91135025,
emotion-te-00893,en-Latn,brighter-eng,emotion,transformer,6,none,anger|disgust|fear|sadness,True,0.78245544,
emotion-te-00894,en-Latn,brighter-eng,emotion,transformer,8,surprise,fear|joy|surprise,True,0.8032086,
emotion-te-00895,en-Latn,brighter-eng,emotion,transformer,11,anger|surprise,anger|disgust|fear|surprise,True,0.8968745,
emotion-te-00896,en-Latn,brighter-eng,emotion,transformer,6,fear,fear,False,0.9281447,
emotion-te-00897,en-Latn,brighter-eng,emotion,transformer,44,fear|sadness,fear|sadness,False,0.8513826,
emotion-te-00898,en-Latn,brighter-eng,emotion,transformer,34,anger|fear|sadness,fear|sadness,True,0.91920835,
emotion-te-00899,en-Latn,brighter-eng,emotion,transformer,8,none,fear|sadness|surprise,True,0.7764781,
emotion-te-00900,en-Latn,brighter-eng,emotion,transformer,18,sadness,fear|surprise,True,0.6718134,
emotion-te-00901,en-Latn,brighter-eng,emotion,transformer,6,joy,joy,False,0.95306927,
emotion-te-00902,en-Latn,brighter-eng,emotion,transformer,7,joy,joy|surprise,True,0.83582824,
emotion-te-00903,en-Latn,brighter-eng,emotion,transformer,8,joy,joy|surprise,True,0.9494054,
emotion-te-00904,en-Latn,brighter-eng,emotion,transformer,15,fear|sadness|surprise,fear|surprise,True,0.9202114,
emotion-te-00905,en-Latn,brighter-eng,emotion,transformer,12,joy,surprise,True,0.61581856,
emotion-te-00906,en-Latn,brighter-eng,emotion,transformer,7,fear|sadness,fear|sadness,False,0.9116302,
emotion-te-00907,en-Latn,brighter-eng,emotion,transformer,11,none,fear|surprise,True,0.93868864,
emotion-te-00908,en-Latn,brighter-eng,emotion,transformer,16,fear|sadness,fear|sadness,False,0.9282072,
emotion-te-00909,en-Latn,brighter-eng,emotion,transformer,20,fear|sadness,anger|disgust|fear|sadness,True,0.92746025,
emotion-te-00910,en-Latn,brighter-eng,emotion,transformer,15,joy|sadness,joy,True,0.8697427,
emotion-te-00911,en-Latn,brighter-eng,emotion,transformer,18,fear|surprise,fear|surprise,False,0.7835489,
emotion-te-00912,en-Latn,brighter-eng,emotion,transformer,10,sadness,fear|sadness,True,0.8355639,
emotion-te-00913,en-Latn,brighter-eng,emotion,transformer,4,fear|sadness,fear|sadness,False,0.89004207,
emotion-te-00914,en-Latn,brighter-eng,emotion,transformer,17,joy,joy,False,0.95863354,
emotion-te-00915,en-Latn,brighter-eng,emotion,transformer,7,joy|surprise,joy|surprise,False,0.82448924,
emotion-te-00916,en-Latn,brighter-eng,emotion,transformer,5,fear|surprise,none,True,0.43268886,
emotion-te-00917,en-Latn,brighter-eng,emotion,transformer,25,joy|surprise,joy,True,0.9740544,
emotion-te-00918,en-Latn,brighter-eng,emotion,transformer,4,fear,anger|disgust|fear|sadness|surprise,True,0.8099125,
emotion-te-00919,en-Latn,brighter-eng,emotion,transformer,43,anger|fear|sadness|surprise,anger|fear|surprise,True,0.673297,
emotion-te-00920,en-Latn,brighter-eng,emotion,transformer,5,joy,joy,False,0.9265167,
emotion-te-00921,en-Latn,brighter-eng,emotion,transformer,27,anger,anger|fear|surprise,True,0.82724637,
emotion-te-00922,en-Latn,brighter-eng,emotion,transformer,9,joy,joy,False,0.97621083,
emotion-te-00923,en-Latn,brighter-eng,emotion,transformer,6,surprise,joy|surprise,True,0.9507381,
emotion-te-00924,en-Latn,brighter-eng,emotion,transformer,33,fear|sadness,joy,True,0.931289,
emotion-te-00925,en-Latn,brighter-eng,emotion,transformer,19,fear|sadness,fear|sadness,False,0.88809466,
emotion-te-00926,en-Latn,brighter-eng,emotion,transformer,17,anger|fear|sadness,anger|disgust|fear|sadness,False,0.8741184,
emotion-te-00927,en-Latn,brighter-eng,emotion,transformer,10,fear|sadness|surprise,fear,True,0.7080391,
emotion-te-00928,en-Latn,brighter-eng,emotion,transformer,16,joy,joy,False,0.85701436,
emotion-te-00929,en-Latn,brighter-eng,emotion,transformer,7,sadness,anger|sadness,True,0.69239557,
emotion-te-00930,en-Latn,brighter-eng,emotion,transformer,10,fear|sadness|surprise,anger|disgust|fear|sadness|surprise,True,0.8959728,
emotion-te-00931,en-Latn,brighter-eng,emotion,transformer,31,sadness,fear|sadness,True,0.91739166,
emotion-te-00932,en-Latn,brighter-eng,emotion,transformer,4,fear,fear|sadness|surprise,True,0.897217,
emotion-te-00933,en-Latn,brighter-eng,emotion,transformer,18,fear|sadness,fear,True,0.60322565,
emotion-te-00934,en-Latn,brighter-eng,emotion,transformer,12,fear|surprise,fear|surprise,False,0.89663243,
emotion-te-00935,en-Latn,brighter-eng,emotion,transformer,13,fear|sadness,fear|sadness,False,0.65700847,
emotion-te-00936,en-Latn,brighter-eng,emotion,transformer,21,fear,fear|sadness,True,0.951356,
emotion-te-00937,en-Latn,brighter-eng,emotion,transformer,22,fear|sadness,joy,True,0.9585469,
emotion-te-00938,en-Latn,brighter-eng,emotion,transformer,4,anger|fear,fear|surprise,True,0.87191975,
emotion-te-00939,en-Latn,brighter-eng,emotion,transformer,25,joy,joy,False,0.79056555,
emotion-te-00940,en-Latn,brighter-eng,emotion,transformer,23,fear|sadness,fear|sadness,False,0.9138966,
emotion-te-00941,en-Latn,brighter-eng,emotion,transformer,51,anger|fear|sadness|surprise,fear,True,0.83186704,
emotion-te-00942,en-Latn,brighter-eng,emotion,transformer,27,fear,fear|sadness,True,0.9170407,
emotion-te-00943,en-Latn,brighter-eng,emotion,transformer,23,none,none,False,0.35485253,
emotion-te-00944,en-Latn,brighter-eng,emotion,transformer,5,fear|sadness,fear,True,0.7319821,
emotion-te-00945,en-Latn,brighter-eng,emotion,transformer,5,anger,anger|disgust|sadness,True,0.86344874,
emotion-te-00946,en-Latn,brighter-eng,emotion,transformer,6,none,joy|surprise,True,0.82173234,
emotion-te-00947,en-Latn,brighter-eng,emotion,transformer,10,none,fear|sadness,True,0.8621585,
emotion-te-00948,en-Latn,brighter-eng,emotion,transformer,14,fear,fear|sadness,True,0.92442554,
emotion-te-00949,en-Latn,brighter-eng,emotion,transformer,13,joy,joy,False,0.9695469,
emotion-te-00950,en-Latn,brighter-eng,emotion,transformer,15,fear|sadness,fear|sadness,False,0.92094076,
emotion-te-00951,en-Latn,brighter-eng,emotion,transformer,9,fear|surprise,fear|surprise,False,0.6222287,
emotion-te-00952,en-Latn,brighter-eng,emotion,transformer,4,anger,anger|disgust|sadness,True,0.94610876,
emotion-te-00953,en-Latn,brighter-eng,emotion,transformer,16,joy,none,True,0.38110122,
emotion-te-00954,en-Latn,brighter-eng,emotion,transformer,4,joy,joy,False,0.8294607,
emotion-te-00955,en-Latn,brighter-eng,emotion,transformer,22,joy,none,True,0.5823391,
emotion-te-00956,en-Latn,brighter-eng,emotion,transformer,11,joy,joy,False,0.97677416,
emotion-te-00957,en-Latn,brighter-eng,emotion,transformer,14,joy|surprise,joy,True,0.97857374,
emotion-te-00958,en-Latn,brighter-eng,emotion,transformer,11,fear|joy,joy,True,0.6791944,
emotion-te-00959,en-Latn,brighter-eng,emotion,transformer,14,fear|surprise,surprise,True,0.7069997,
emotion-te-00960,en-Latn,brighter-eng,emotion,transformer,11,fear|sadness|surprise,fear|sadness|surprise,False,0.9164468,
emotion-te-00961,en-Latn,brighter-eng,emotion,transformer,13,joy,joy,False,0.66565824,
emotion-te-00962,en-Latn,brighter-eng,emotion,transformer,10,none,joy,True,0.715328,
emotion-te-00963,en-Latn,brighter-eng,emotion,transformer,4,fear,none,True,0.42719057,
emotion-te-00964,en-Latn,brighter-eng,emotion,transformer,42,fear|sadness,fear|sadness,False,0.7181556,
emotion-te-00965,en-Latn,brighter-eng,emotion,transformer,4,anger|sadness|surprise,fear|sadness|surprise,True,0.8921925,
emotion-te-00966,en-Latn,brighter-eng,emotion,transformer,13,none,none,False,0.3970771,
emotion-te-00967,en-Latn,brighter-eng,emotion,transformer,6,joy,joy,False,0.97652006,
emotion-te-00968,en-Latn,brighter-eng,emotion,transformer,16,anger|fear|sadness,joy,True,0.78884995,
emotion-te-00969,en-Latn,brighter-eng,emotion,transformer,29,fear|surprise,fear|surprise,False,0.7975587,
emotion-te-00970,en-Latn,brighter-eng,emotion,transformer,6,fear|sadness,joy,True,0.7191507,
emotion-te-00971,en-Latn,brighter-eng,emotion,transformer,6,surprise,fear|surprise,True,0.81445825,
emotion-te-00972,en-Latn,brighter-eng,emotion,transformer,25,fear,none,True,0.59714544,
emotion-te-00973,en-Latn,brighter-eng,emotion,transformer,23,fear|surprise,fear|surprise,False,0.84906745,
emotion-te-00974,en-Latn,brighter-eng,emotion,transformer,20,fear|sadness,fear|sadness,False,0.9102647,
emotion-te-00975,en-Latn,brighter-eng,emotion,transformer,4,none,fear,True,0.6391292,
emotion-te-00976,en-Latn,brighter-eng,emotion,transformer,12,fear|sadness,fear|sadness,False,0.90204626,
emotion-te-00977,en-Latn,brighter-eng,emotion,transformer,9,joy,joy,False,0.9731652,
emotion-te-00978,en-Latn,brighter-eng,emotion,transformer,10,fear,fear,False,0.6276878,
emotion-te-00979,en-Latn,brighter-eng,emotion,transformer,22,none,fear|sadness,True,0.7376643,
emotion-te-00980,en-Latn,brighter-eng,emotion,transformer,13,none,surprise,True,0.9047404,
emotion-te-00981,en-Latn,brighter-eng,emotion,transformer,6,fear,fear|sadness,True,0.8459029,
emotion-te-00982,en-Latn,brighter-eng,emotion,transformer,11,anger|fear|sadness,anger|disgust|fear|sadness|surprise,True,0.9161866,
emotion-te-00983,en-Latn,brighter-eng,emotion,transformer,6,fear,fear|sadness,True,0.8643536,
emotion-te-00984,en-Latn,brighter-eng,emotion,transformer,10,none,joy|surprise,True,0.7664802,
emotion-te-00985,en-Latn,brighter-eng,emotion,transformer,8,fear|sadness|surprise,disgust|fear|sadness,True,0.8781889,
emotion-te-00986,en-Latn,brighter-eng,emotion,transformer,5,sadness,fear|sadness,True,0.8172047,
emotion-te-00987,en-Latn,brighter-eng,emotion,transformer,11,fear|surprise,fear|surprise,False,0.9240839,
emotion-te-00988,en-Latn,brighter-eng,emotion,transformer,27,sadness,fear|sadness,True,0.815098,
emotion-te-00989,en-Latn,brighter-eng,emotion,transformer,12,none,joy|surprise,True,0.6720497,
emotion-te-00990,en-Latn,brighter-eng,emotion,transformer,16,fear,fear|sadness,True,0.9371746,
emotion-te-00991,en-Latn,brighter-eng,emotion,transformer,8,joy,joy,False,0.94987464,
emotion-te-00992,en-Latn,brighter-eng,emotion,transformer,20,fear|sadness,joy,True,0.7640691,
emotion-te-00993,en-Latn,brighter-eng,emotion,transformer,8,surprise,fear,True,0.8524937,
emotion-te-00994,en-Latn,brighter-eng,emotion,transformer,6,fear|sadness,anger|disgust|fear|sadness|surprise,True,0.8918934,
emotion-te-00995,en-Latn,brighter-eng,emotion,transformer,16,fear|sadness,fear|sadness,False,0.883923,
emotion-te-00996,en-Latn,brighter-eng,emotion,transformer,5,fear|surprise,fear|sadness|surprise,True,0.93315977,
emotion-te-00997,en-Latn,brighter-eng,emotion,transformer,76,anger|fear|sadness,fear|sadness,True,0.90000886,
emotion-te-00998,en-Latn,brighter-eng,emotion,transformer,11,anger|fear|sadness,fear|sadness,True,0.8503219,
emotion-te-00999,en-Latn,brighter-eng,emotion,transformer,6,fear,none,True,0.38373697,
emotion-te-01000,en-Latn,brighter-eng,emotion,transformer,4,fear|surprise,surprise,True,0.77988315,
emotion-te-01001,en-Latn,brighter-eng,emotion,transformer,4,anger|sadness|surprise,disgust|fear|sadness|surprise,True,0.90190464,
emotion-te-01002,en-Latn,brighter-eng,emotion,transformer,23,none,fear|surprise,True,0.6981687,
emotion-te-01003,en-Latn,brighter-eng,emotion,transformer,5,fear,fear|surprise,True,0.8894741,
emotion-te-01004,en-Latn,brighter-eng,emotion,transformer,3,anger|fear,joy|surprise,True,0.88329995,
emotion-te-01005,en-Latn,brighter-eng,emotion,transformer,3,anger,anger|disgust|fear|sadness|surprise,True,0.71135443,
emotion-te-01006,en-Latn,brighter-eng,emotion,transformer,9,fear|sadness,fear|sadness,False,0.9318705,
emotion-te-01007,en-Latn,brighter-eng,emotion,transformer,17,fear|sadness,fear|sadness,False,0.86579716,
emotion-te-01008,en-Latn,brighter-eng,emotion,transformer,31,none,none,False,0.4565834,
emotion-te-01009,en-Latn,brighter-eng,emotion,transformer,7,none,joy|surprise,True,0.9603014,
emotion-te-01010,en-Latn,brighter-eng,emotion,transformer,11,fear,fear,False,0.6277494,
emotion-te-01011,en-Latn,brighter-eng,emotion,transformer,19,surprise,fear|surprise,True,0.86499774,
emotion-te-01012,en-Latn,brighter-eng,emotion,transformer,5,fear|surprise,fear|surprise,False,0.9517109,
emotion-te-01013,en-Latn,brighter-eng,emotion,transformer,4,sadness,fear|sadness,True,0.65306526,
emotion-te-01014,en-Latn,brighter-eng,emotion,transformer,19,fear|sadness|surprise,fear|surprise,True,0.9498595,
emotion-te-01015,en-Latn,brighter-eng,emotion,transformer,6,fear|joy|surprise,fear|surprise,True,0.86854255,
emotion-te-01016,en-Latn,brighter-eng,emotion,transformer,23,fear|sadness,fear|sadness,False,0.89886785,
emotion-te-01017,en-Latn,brighter-eng,emotion,transformer,31,anger|fear|sadness|surprise,disgust|fear|sadness|surprise,True,0.92591876,
emotion-te-01018,en-Latn,brighter-eng,emotion,transformer,32,fear,joy,True,0.7329199,
emotion-te-01019,en-Latn,brighter-eng,emotion,transformer,14,joy,joy,False,0.8822193,
emotion-te-01020,en-Latn,brighter-eng,emotion,transformer,8,none,none,False,0.58945906,
emotion-te-01021,en-Latn,brighter-eng,emotion,transformer,28,fear,fear,False,0.89515513,
emotion-te-01022,en-Latn,brighter-eng,emotion,transformer,11,joy,fear,True,0.6362728,
emotion-te-01023,en-Latn,brighter-eng,emotion,transformer,14,fear,fear|sadness,True,0.95746976,
emotion-te-01024,en-Latn,brighter-eng,emotion,transformer,3,anger,anger|disgust|sadness,True,0.9483691,
emotion-te-01025,en-Latn,brighter-eng,emotion,transformer,18,none,fear,True,0.713562,
emotion-te-01026,en-Latn,brighter-eng,emotion,transformer,20,fear|sadness|surprise,none,True,0.40991655,
emotion-te-01027,en-Latn,brighter-eng,emotion,transformer,39,fear|sadness,disgust|fear|sadness,False,0.90517706,
emotion-te-01028,en-Latn,brighter-eng,emotion,transformer,4,none,fear|surprise,True,0.8479199,
emotion-te-01029,en-Latn,brighter-eng,emotion,transformer,18,fear,none,True,0.4368507,
emotion-te-01030,en-Latn,brighter-eng,emotion,transformer,16,fear|sadness,fear|sadness,False,0.8673749,
emotion-te-01031,en-Latn,brighter-eng,emotion,transformer,30,fear|sadness,fear|surprise,True,0.9163624,
emotion-te-01032,en-Latn,brighter-eng,emotion,transformer,19,none,surprise,True,0.58969605,
emotion-te-01033,en-Latn,brighter-eng,emotion,transformer,6,surprise,joy,True,0.7223808,
emotion-te-01034,en-Latn,brighter-eng,emotion,transformer,33,joy,fear|sadness,True,0.9365363,
emotion-te-01035,en-Latn,brighter-eng,emotion,transformer,4,fear,joy,True,0.8850201,
emotion-te-01036,en-Latn,brighter-eng,emotion,transformer,44,joy|sadness,joy,True,0.93272316,
emotion-te-01037,en-Latn,brighter-eng,emotion,transformer,6,fear|surprise,fear|surprise,False,0.9544395,
emotion-te-01038,en-Latn,brighter-eng,emotion,transformer,20,none,fear|surprise,True,0.915855,
emotion-te-01039,en-Latn,brighter-eng,emotion,transformer,12,none,none,False,0.3637489,
emotion-te-01040,en-Latn,brighter-eng,emotion,transformer,9,fear,fear|sadness,True,0.9308309,
emotion-te-01041,en-Latn,brighter-eng,emotion,transformer,22,anger|fear|joy,anger|disgust|sadness,True,0.94873524,
emotion-te-01042,en-Latn,brighter-eng,emotion,transformer,16,joy,joy|surprise,True,0.9540855,
emotion-te-01043,en-Latn,brighter-eng,emotion,transformer,6,fear,fear|sadness|surprise,True,0.8878251,
emotion-te-01044,en-Latn,brighter-eng,emotion,transformer,8,fear,fear,False,0.5665695,
emotion-te-01045,en-Latn,brighter-eng,emotion,transformer,16,anger|fear|surprise,anger|disgust|fear|sadness,True,0.923277,
emotion-te-01046,en-Latn,brighter-eng,emotion,transformer,70,sadness,fear|sadness,True,0.88960946,
emotion-te-01047,en-Latn,brighter-eng,emotion,transformer,12,fear|sadness,fear|sadness,False,0.88822967,
emotion-te-01048,en-Latn,brighter-eng,emotion,transformer,8,joy|surprise,joy|surprise,False,0.96406776,
emotion-te-01049,en-Latn,brighter-eng,emotion,transformer,7,joy,none,True,0.2665284,
emotion-te-01050,en-Latn,brighter-eng,emotion,transformer,23,joy,joy,False,0.9809553,
emotion-te-01051,en-Latn,brighter-eng,emotion,transformer,13,fear|sadness,fear|sadness,False,0.8533637,
emotion-te-01052,en-Latn,brighter-eng,emotion,transformer,16,none,fear|surprise,True,0.931282,
emotion-te-01053,en-Latn,brighter-eng,emotion,transformer,27,anger|sadness,fear|sadness,True,0.6380428,
emotion-te-01054,en-Latn,brighter-eng,emotion,transformer,4,joy,joy|surprise,True,0.77970195,
emotion-te-01055,en-Latn,brighter-eng,emotion,transformer,11,anger|fear|surprise,fear|sadness|surprise,True,0.6980236,
emotion-te-01056,en-Latn,brighter-eng,emotion,transformer,12,fear|joy,joy|surprise,True,0.81392425,
emotion-te-01057,en-Latn,brighter-eng,emotion,transformer,12,fear|sadness,fear|sadness|surprise,True,0.94096196,
emotion-te-01058,en-Latn,brighter-eng,emotion,transformer,12,joy,joy,False,0.81116,
emotion-te-01059,en-Latn,brighter-eng,emotion,transformer,39,fear|sadness|surprise,anger|disgust|fear|sadness|surprise,True,0.88663334,
emotion-te-01060,en-Latn,brighter-eng,emotion,transformer,13,fear|surprise,joy|surprise,True,0.9215336,
emotion-te-01061,en-Latn,brighter-eng,emotion,transformer,4,fear|sadness|surprise,anger|disgust|fear|sadness|surprise,True,0.91862553,
emotion-te-01062,en-Latn,brighter-eng,emotion,transformer,12,fear|sadness|surprise,fear|sadness,True,0.8921793,
emotion-te-01063,en-Latn,brighter-eng,emotion,transformer,41,joy,joy,False,0.6053051,
emotion-te-01064,en-Latn,brighter-eng,emotion,transformer,16,fear|sadness|surprise,fear|surprise,True,0.83690196,
emotion-te-01065,en-Latn,brighter-eng,emotion,transformer,58,fear|sadness,fear|sadness,False,0.91965455,
emotion-te-01066,en-Latn,brighter-eng,emotion,transformer,9,fear|surprise,none,True,0.43156183,
emotion-te-01067,en-Latn,brighter-eng,emotion,transformer,23,joy,joy,False,0.9821889,
emotion-te-01068,en-Latn,brighter-eng,emotion,transformer,7,anger|fear|sadness,anger|disgust|fear|sadness,False,0.8108558,
emotion-te-01069,en-Latn,brighter-eng,emotion,transformer,32,fear|surprise,fear|surprise,False,0.8745779,
emotion-te-01070,en-Latn,brighter-eng,emotion,transformer,27,fear|sadness|surprise,fear|surprise,True,0.90126175,
emotion-te-01071,en-Latn,brighter-eng,emotion,transformer,15,fear,fear,False,0.7818417,
emotion-te-01072,en-Latn,brighter-eng,emotion,transformer,21,surprise,fear|surprise,True,0.8388208,
emotion-te-01073,en-Latn,brighter-eng,emotion,transformer,25,fear|sadness,fear|sadness,False,0.89415604,
emotion-te-01074,en-Latn,brighter-eng,emotion,transformer,39,fear|sadness,fear|sadness,False,0.93190175,
emotion-te-01075,en-Latn,brighter-eng,emotion,transformer,36,joy|surprise,joy,True,0.8338066,
emotion-te-01076,en-Latn,brighter-eng,emotion,transformer,54,none,joy,True,0.68990856,
emotion-te-01077,en-Latn,brighter-eng,emotion,transformer,25,joy,joy,False,0.98168314,
emotion-te-01078,en-Latn,brighter-eng,emotion,transformer,5,surprise,anger|disgust|sadness|surprise,True,0.8959764,
emotion-te-01079,en-Latn,brighter-eng,emotion,transformer,4,joy,joy,False,0.9810791,
emotion-te-01080,en-Latn,brighter-eng,emotion,transformer,4,fear|sadness|surprise,fear|sadness,True,0.8913481,
emotion-te-01081,en-Latn,brighter-eng,emotion,transformer,8,fear|sadness,fear|sadness,False,0.88853043,
emotion-te-01082,en-Latn,brighter-eng,emotion,transformer,15,fear,joy,True,0.7410718,
emotion-te-01083,en-Latn,brighter-eng,emotion,transformer,27,fear|sadness,fear|sadness,False,0.8692871,
emotion-te-01084,en-Latn,brighter-eng,emotion,transformer,52,anger|fear|sadness,fear|sadness,True,0.890443,
emotion-te-01085,en-Latn,brighter-eng,emotion,transformer,6,none,fear|sadness,True,0.83138704,
emotion-te-01086,en-Latn,brighter-eng,emotion,transformer,7,none,fear|surprise,True,0.7620041,
emotion-te-01087,en-Latn,brighter-eng,emotion,transformer,10,fear|surprise,fear|surprise,False,0.94286555,
emotion-te-01088,en-Latn,brighter-eng,emotion,transformer,16,sadness,joy,True,0.78610426,
emotion-te-01089,en-Latn,brighter-eng,emotion,transformer,10,surprise,fear,True,0.5717207,
emotion-te-01090,en-Latn,brighter-eng,emotion,transformer,23,fear,fear|sadness,True,0.6812048,
emotion-te-01091,en-Latn,brighter-eng,emotion,transformer,5,none,none,False,0.38165975,
emotion-te-01092,en-Latn,brighter-eng,emotion,transformer,52,joy,joy,False,0.9763397,
emotion-te-01093,en-Latn,brighter-eng,emotion,transformer,55,fear|sadness,fear|sadness,False,0.8671089,
emotion-te-01094,en-Latn,brighter-eng,emotion,transformer,22,none,fear|surprise,True,0.9059466,
emotion-te-01095,en-Latn,brighter-eng,emotion,transformer,4,none,joy,True,0.9655345,
emotion-te-01096,en-Latn,brighter-eng,emotion,transformer,20,fear|sadness,anger|disgust|fear|sadness,True,0.83116394,
emotion-te-01097,en-Latn,brighter-eng,emotion,transformer,9,fear,fear,False,0.8865965,
emotion-te-01098,en-Latn,brighter-eng,emotion,transformer,8,fear|sadness,fear|sadness,False,0.9043789,
emotion-te-01099,en-Latn,brighter-eng,emotion,transformer,11,fear|surprise,fear|sadness|surprise,True,0.9499748,
emotion-te-01100,en-Latn,brighter-eng,emotion,transformer,40,anger|fear|sadness|surprise,fear|surprise,True,0.7198673,
emotion-te-01101,en-Latn,brighter-eng,emotion,transformer,4,fear|surprise,fear|sadness|surprise,True,0.9448205,
emotion-te-01102,en-Latn,brighter-eng,emotion,transformer,1,joy,joy,False,0.68158585,
emotion-te-01103,en-Latn,brighter-eng,emotion,transformer,8,fear,anger|disgust|fear|sadness|surprise,True,0.83488065,
emotion-te-01104,en-Latn,brighter-eng,emotion,transformer,13,fear|sadness,fear|sadness,False,0.8954367,
emotion-te-01105,en-Latn,brighter-eng,emotion,transformer,18,fear,fear|surprise,True,0.8559565,
emotion-te-01106,en-Latn,brighter-eng,emotion,transformer,13,anger|fear|surprise,anger|disgust|fear|sadness,True,0.89511156,
emotion-te-01107,en-Latn,brighter-eng,emotion,transformer,14,anger|fear|surprise,fear|surprise,True,0.8964934,
emotion-te-01108,en-Latn,brighter-eng,emotion,transformer,7,fear,fear|sadness,True,0.90045935,
emotion-te-01109,en-Latn,brighter-eng,emotion,transformer,8,anger|fear,fear|surprise,True,0.65103155,
emotion-te-01110,en-Latn,brighter-eng,emotion,transformer,16,fear|surprise,fear|surprise,False,0.8911873,
emotion-te-01111,en-Latn,brighter-eng,emotion,transformer,4,fear|surprise,anger|disgust|fear|sadness|surprise,True,0.85645276,
emotion-te-01112,en-Latn,brighter-eng,emotion,transformer,25,fear,fear|sadness,True,0.90693283,
emotion-te-01113,en-Latn,brighter-eng,emotion,transformer,16,fear|joy,fear|surprise,True,0.91028494,
emotion-te-01114,en-Latn,brighter-eng,emotion,transformer,4,fear,disgust|fear|sadness|surprise,True,0.8918398,
emotion-te-01115,en-Latn,brighter-eng,emotion,transformer,21,fear,fear,False,0.60051364,
emotion-te-01116,en-Latn,brighter-eng,emotion,transformer,45,sadness,fear,True,0.57508194,
emotion-te-01117,en-Latn,brighter-eng,emotion,transformer,5,none,fear,True,0.6385148,
emotion-te-01118,en-Latn,brighter-eng,emotion,transformer,20,fear|sadness,fear,True,0.8782018,
emotion-te-01119,en-Latn,brighter-eng,emotion,transformer,15,fear|joy|surprise,fear|sadness,True,0.9383227,
emotion-te-01120,en-Latn,brighter-eng,emotion,transformer,11,joy,joy,False,0.6567307,
emotion-te-01121,en-Latn,brighter-eng,emotion,transformer,30,fear|surprise,fear|surprise,False,0.93519735,
emotion-te-01122,en-Latn,brighter-eng,emotion,transformer,6,none,fear|surprise,True,0.9418486,
emotion-te-01123,en-Latn,brighter-eng,emotion,transformer,10,fear|surprise,fear|surprise,False,0.85073555,
emotion-te-01124,en-Latn,brighter-eng,emotion,transformer,9,none,fear,True,0.65022355,
emotion-te-01125,en-Latn,brighter-eng,emotion,transformer,21,joy|sadness,fear|sadness,True,0.85890126,
emotion-te-01126,en-Latn,brighter-eng,emotion,transformer,12,fear|sadness|surprise,fear|surprise,True,0.71487427,
emotion-te-01127,en-Latn,brighter-eng,emotion,transformer,10,fear|joy,joy,True,0.92406964,
emotion-te-01128,en-Latn,brighter-eng,emotion,transformer,30,none,fear,True,0.6218029,
emotion-te-01129,en-Latn,brighter-eng,emotion,transformer,9,anger|fear,none,True,0.51212865,
emotion-te-01130,en-Latn,brighter-eng,emotion,transformer,6,fear|surprise,surprise,True,0.6262497,
emotion-te-01131,en-Latn,brighter-eng,emotion,transformer,6,none,fear|surprise,True,0.846955,
emotion-te-01132,en-Latn,brighter-eng,emotion,transformer,10,fear|sadness,fear|sadness,False,0.89709234,
emotion-te-01133,en-Latn,brighter-eng,emotion,transformer,29,fear|joy,joy,True,0.96033543,
emotion-te-01134,en-Latn,brighter-eng,emotion,transformer,11,surprise,fear|surprise,True,0.8635572,
emotion-te-01135,en-Latn,brighter-eng,emotion,transformer,13,fear|surprise,fear|surprise,False,0.91057694,
emotion-te-01136,en-Latn,brighter-eng,emotion,transformer,8,fear|sadness,fear|sadness,False,0.9164194,
emotion-te-01137,en-Latn,brighter-eng,emotion,transformer,39,none,fear,True,0.6409371,
emotion-te-01138,en-Latn,brighter-eng,emotion,transformer,8,none,fear|surprise,True,0.90102696,
emotion-te-01139,en-Latn,brighter-eng,emotion,transformer,4,anger,anger|disgust|surprise,True,0.7019638,
emotion-te-01140,en-Latn,brighter-eng,emotion,transformer,47,fear|sadness,fear|sadness,False,0.8988847,
emotion-te-01141,en-Latn,brighter-eng,emotion,transformer,14,joy,joy,False,0.9742303,
emotion-te-01142,en-Latn,brighter-eng,emotion,transformer,4,joy,joy,False,0.98168856,
emotion-te-01143,en-Latn,brighter-eng,emotion,transformer,4,surprise,fear|joy|surprise,True,0.9437063,
emotion-te-01144,en-Latn,brighter-eng,emotion,transformer,17,sadness,anger|disgust|fear|sadness,True,0.82458544,
emotion-te-01145,en-Latn,brighter-eng,emotion,transformer,4,fear,fear|sadness,True,0.80950135,
emotion-te-01146,en-Latn,brighter-eng,emotion,transformer,7,none,none,False,0.5612485,
emotion-te-01147,en-Latn,brighter-eng,emotion,transformer,4,anger|fear|sadness|surprise,anger|disgust|fear|sadness,True,0.94086915,
emotion-te-01148,en-Latn,brighter-eng,emotion,transformer,6,anger,joy,True,0.96978307,
emotion-te-01149,en-Latn,brighter-eng,emotion,transformer,66,fear|sadness|surprise,fear|sadness,True,0.9168392,
emotion-te-01150,en-Latn,brighter-eng,emotion,transformer,11,joy,joy,False,0.9843768,
emotion-te-01151,en-Latn,brighter-eng,emotion,transformer,4,none,joy,True,0.7358033,
emotion-te-01152,en-Latn,brighter-eng,emotion,transformer,11,fear|sadness,none,True,0.3582518,
emotion-te-01153,en-Latn,brighter-eng,emotion,transformer,8,joy,anger|disgust|surprise,True,0.8643914,
emotion-te-01154,en-Latn,brighter-eng,emotion,transformer,26,joy,joy,False,0.88891065,
emotion-te-01155,en-Latn,brighter-eng,emotion,transformer,6,anger|fear|sadness,anger|disgust|fear|sadness,False,0.92053235,
emotion-te-01156,en-Latn,brighter-eng,emotion,transformer,17,fear,fear|sadness,True,0.9136858,
emotion-te-01157,en-Latn,brighter-eng,emotion,transformer,3,fear,joy,True,0.96799403,
emotion-te-01158,en-Latn,brighter-eng,emotion,transformer,34,fear,fear|sadness,True,0.900925,
emotion-te-01159,en-Latn,brighter-eng,emotion,transformer,22,fear|surprise,fear|surprise,False,0.93244123,
emotion-te-01160,en-Latn,brighter-eng,emotion,transformer,8,fear,fear|sadness,True,0.9115088,
emotion-te-01161,en-Latn,brighter-eng,emotion,transformer,16,fear,none,True,0.5743956,
emotion-te-01162,en-Latn,brighter-eng,emotion,transformer,9,fear|joy,fear|sadness,True,0.89194983,
emotion-te-01163,en-Latn,brighter-eng,emotion,transformer,8,fear|sadness,anger|disgust|fear|sadness,True,0.83545256,
emotion-te-01164,en-Latn,brighter-eng,emotion,transformer,30,joy,joy,False,0.7893713,
emotion-te-01165,en-Latn,brighter-eng,emotion,transformer,8,sadness,fear|sadness,True,0.8956214,
emotion-te-01166,en-Latn,brighter-eng,emotion,transformer,10,fear|surprise,fear|surprise,False,0.96362966,
emotion-te-01167,en-Latn,brighter-eng,emotion,transformer,12,fear|sadness,fear|sadness,False,0.90339994,
emotion-te-01168,en-Latn,brighter-eng,emotion,transformer,11,surprise,fear|surprise,True,0.7092353,
emotion-te-01169,en-Latn,brighter-eng,emotion,transformer,11,fear|sadness,fear|surprise,True,0.95181704,
emotion-te-01170,en-Latn,brighter-eng,emotion,transformer,32,fear|sadness,fear|sadness,False,0.9086588,
emotion-te-01171,en-Latn,brighter-eng,emotion,transformer,12,fear|surprise,fear|surprise,False,0.9007619,
emotion-te-01172,en-Latn,brighter-eng,emotion,transformer,9,anger,none,True,0.4655837,
emotion-te-01173,en-Latn,brighter-eng,emotion,transformer,10,anger|fear|surprise,fear|surprise,True,0.9252828,
emotion-te-01174,en-Latn,brighter-eng,emotion,transformer,14,anger|sadness,anger|disgust|sadness,False,0.9467,
emotion-te-01175,en-Latn,brighter-eng,emotion,transformer,33,fear|surprise,fear|surprise,False,0.9403798,
emotion-te-01176,en-Latn,brighter-eng,emotion,transformer,39,fear|sadness,fear|sadness,False,0.8932067,
emotion-te-01177,en-Latn,brighter-eng,emotion,transformer,29,fear|sadness,fear|sadness,False,0.8718705,
emotion-te-01178,en-Latn,brighter-eng,emotion,transformer,25,none,joy|surprise,True,0.866509,
emotion-te-01179,en-Latn,brighter-eng,emotion,transformer,9,fear,none,True,0.52366483,
emotion-te-01180,en-Latn,brighter-eng,emotion,transformer,7,joy,anger|disgust|fear|sadness|surprise,True,0.88975626,
emotion-te-01181,en-Latn,brighter-eng,emotion,transformer,10,sadness,none,True,0.3822032,
emotion-te-01182,en-Latn,brighter-eng,emotion,transformer,19,fear,anger|disgust|fear|sadness,True,0.85323554,
emotion-te-01183,en-Latn,brighter-eng,emotion,transformer,5,fear|sadness,joy|surprise,True,0.706772,
emotion-te-01184,en-Latn,brighter-eng,emotion,transformer,13,fear,fear,False,0.64806324,
emotion-te-01185,en-Latn,brighter-eng,emotion,transformer,19,sadness,anger|disgust|fear|sadness,True,0.8847075,
emotion-te-01186,en-Latn,brighter-eng,emotion,transformer,11,fear,fear|sadness,True,0.8198351,
emotion-te-01187,en-Latn,brighter-eng,emotion,transformer,13,fear|sadness,anger|disgust|fear|sadness,True,0.81382257,
emotion-te-01188,en-Latn,brighter-eng,emotion,transformer,7,fear|joy,joy,True,0.9519123,
emotion-te-01189,en-Latn,brighter-eng,emotion,transformer,19,none,joy,True,0.8471062,
emotion-te-01190,en-Latn,brighter-eng,emotion,transformer,11,anger|fear,anger|disgust|fear|sadness,True,0.909538,
emotion-te-01191,en-Latn,brighter-eng,emotion,transformer,12,sadness,fear|sadness,True,0.8456577,
emotion-te-01192,en-Latn,brighter-eng,emotion,transformer,39,fear|sadness,fear|sadness,False,0.8908734,
emotion-te-01193,en-Latn,brighter-eng,emotion,transformer,3,none,fear|surprise,True,0.7108042,
emotion-te-01194,en-Latn,brighter-eng,emotion,transformer,26,joy,joy,False,0.9759393,
emotion-te-01195,en-Latn,brighter-eng,emotion,transformer,64,surprise,joy|surprise,True,0.9320113,
emotion-te-01196,en-Latn,brighter-eng,emotion,transformer,12,joy,fear|sadness,True,0.85334826,
emotion-te-01197,en-Latn,brighter-eng,emotion,transformer,9,sadness,fear|sadness,True,0.8826641,
emotion-te-01198,en-Latn,brighter-eng,emotion,transformer,25,joy,none,True,0.5387004,
emotion-te-01199,en-Latn,brighter-eng,emotion,transformer,6,fear|joy|surprise,fear|sadness,True,0.8555494,
emotion-te-01200,en-Latn,brighter-eng,emotion,transformer,23,joy,surprise,True,0.6808966,
emotion-te-01201,en-Latn,brighter-eng,emotion,transformer,14,fear|surprise,fear|surprise,False,0.7450562,
emotion-te-01202,en-Latn,brighter-eng,emotion,transformer,4,fear,fear|sadness,True,0.9346864,
emotion-te-01203,en-Latn,brighter-eng,emotion,transformer,40,fear|sadness,fear|sadness,False,0.89358616,
emotion-te-01204,en-Latn,brighter-eng,emotion,transformer,23,fear,fear|sadness,True,0.95336,
emotion-te-01205,en-Latn,brighter-eng,emotion,transformer,33,fear|sadness,fear|sadness,False,0.91199654,
emotion-te-01206,en-Latn,brighter-eng,emotion,transformer,26,none,none,False,0.57754403,
emotion-te-01207,en-Latn,brighter-eng,emotion,transformer,33,fear,fear|sadness,True,0.962977,
emotion-te-01208,en-Latn,brighter-eng,emotion,transformer,6,joy|surprise,joy|surprise,False,0.815702,
emotion-te-01209,en-Latn,brighter-eng,emotion,transformer,28,fear|sadness,fear|sadness,False,0.89485425,
emotion-te-01210,en-Latn,brighter-eng,emotion,transformer,24,fear|sadness|surprise,disgust|fear|sadness|surprise,False,0.9068732,
emotion-te-01211,en-Latn,brighter-eng,emotion,transformer,26,fear|sadness,fear|sadness,False,0.8563726,
emotion-te-01212,en-Latn,brighter-eng,emotion,transformer,7,joy|surprise,joy,True,0.97981584,
emotion-te-01213,en-Latn,brighter-eng,emotion,transformer,31,fear|surprise,fear|sadness|surprise,True,0.94672793,
emotion-te-01214,en-Latn,brighter-eng,emotion,transformer,21,joy,joy,False,0.9479283,
emotion-te-01215,en-Latn,brighter-eng,emotion,transformer,6,anger|sadness,anger|disgust|fear|sadness|surprise,True,0.8765772,
emotion-te-01216,en-Latn,brighter-eng,emotion,transformer,7,fear|joy|surprise,joy|surprise,True,0.76833725,
emotion-te-01217,en-Latn,brighter-eng,emotion,transformer,6,fear|sadness,fear|sadness,False,0.89302194,
emotion-te-01218,en-Latn,brighter-eng,emotion,transformer,8,fear,none,True,0.3112736,
emotion-te-01219,en-Latn,brighter-eng,emotion,transformer,4,surprise,fear|joy|surprise,True,0.92580336,
emotion-te-01220,en-Latn,brighter-eng,emotion,transformer,8,joy,joy,False,0.93891263,
emotion-te-01221,en-Latn,brighter-eng,emotion,transformer,11,joy,joy,False,0.6868067,
emotion-te-01222,en-Latn,brighter-eng,emotion,transformer,15,sadness,fear|sadness,True,0.8333004,
emotion-te-01223,en-Latn,brighter-eng,emotion,transformer,7,sadness,fear|sadness,True,0.6907352,
emotion-te-01224,en-Latn,brighter-eng,emotion,transformer,25,fear|sadness,fear|sadness,False,0.8607821,
emotion-te-01225,en-Latn,brighter-eng,emotion,transformer,11,joy|surprise,surprise,True,0.6655009,
emotion-te-01226,en-Latn,brighter-eng,emotion,transformer,4,fear,fear|sadness|surprise,True,0.95342934,
emotion-te-01227,en-Latn,brighter-eng,emotion,transformer,4,fear|sadness,anger|disgust|sadness,True,0.93899924,
emotion-te-01228,en-Latn,brighter-eng,emotion,transformer,16,joy,joy,False,0.63447297,
emotion-te-01229,en-Latn,brighter-eng,emotion,transformer,4,fear|sadness,fear,True,0.85066885,
emotion-te-01230,en-Latn,brighter-eng,emotion,transformer,11,fear|sadness,fear|sadness,False,0.8820592,
emotion-te-01231,en-Latn,brighter-eng,emotion,transformer,7,fear|sadness|surprise,fear|surprise,True,0.9237912,
emotion-te-01232,en-Latn,brighter-eng,emotion,transformer,47,fear|sadness,fear|sadness,False,0.9211087,
emotion-te-01233,en-Latn,brighter-eng,emotion,transformer,18,fear|joy,none,True,0.54786116,
emotion-te-01234,en-Latn,brighter-eng,emotion,transformer,11,sadness,fear|sadness,True,0.89943427,
emotion-te-01235,en-Latn,brighter-eng,emotion,transformer,10,none,none,False,0.38147604,
emotion-te-01236,en-Latn,brighter-eng,emotion,transformer,4,anger|fear,anger|disgust|fear|sadness|surprise,True,0.7452787,
emotion-te-01237,en-Latn,brighter-eng,emotion,transformer,18,fear|surprise,fear,True,0.577601,
emotion-te-01238,en-Latn,brighter-eng,emotion,transformer,8,fear|sadness,fear|sadness,False,0.8515688,
emotion-te-01239,en-Latn,brighter-eng,emotion,transformer,37,fear|surprise,fear|surprise,False,0.85915154,
emotion-te-01240,en-Latn,brighter-eng,emotion,transformer,4,fear|surprise,fear|surprise,False,0.94266415,
emotion-te-01241,en-Latn,brighter-eng,emotion,transformer,6,fear|sadness,fear|sadness,False,0.82714707,
emotion-te-01242,en-Latn,brighter-eng,emotion,transformer,4,surprise,fear|surprise,True,0.9395331,
emotion-te-01243,en-Latn,brighter-eng,emotion,transformer,18,joy,joy,False,0.9526154,
emotion-te-01244,en-Latn,brighter-eng,emotion,transformer,5,fear|sadness,fear|sadness,False,0.8672446,
emotion-te-01245,en-Latn,brighter-eng,emotion,transformer,12,sadness,fear|sadness,True,0.8843492,
emotion-te-01246,en-Latn,brighter-eng,emotion,transformer,18,anger|fear|sadness,anger|disgust|fear|sadness,False,0.8527367,
emotion-te-01247,en-Latn,brighter-eng,emotion,transformer,12,none,none,False,0.4244198,
emotion-te-01248,en-Latn,brighter-eng,emotion,transformer,34,fear|sadness,fear|sadness,False,0.8846455,
emotion-te-01249,en-Latn,brighter-eng,emotion,transformer,16,joy|surprise,joy|surprise,False,0.9403348,
emotion-te-01250,en-Latn,brighter-eng,emotion,transformer,6,anger|fear|sadness,anger,True,0.5869142,
emotion-te-01251,en-Latn,brighter-eng,emotion,transformer,20,fear|joy,fear,True,0.6574388,
emotion-te-01252,en-Latn,brighter-eng,emotion,transformer,4,none,none,False,0.4292962,
emotion-te-01253,en-Latn,brighter-eng,emotion,transformer,4,none,none,False,0.4086346,
emotion-te-01254,en-Latn,brighter-eng,emotion,transformer,14,fear|sadness,fear|sadness,False,0.8089749,
emotion-te-01255,en-Latn,brighter-eng,emotion,transformer,31,sadness,anger|disgust|fear|sadness,True,0.87181705,
emotion-te-01256,en-Latn,brighter-eng,emotion,transformer,25,fear|sadness,anger|disgust|fear|sadness,True,0.8908359,
emotion-te-01257,en-Latn,brighter-eng,emotion,transformer,5,joy,joy|surprise,True,0.7770398,
emotion-te-01258,en-Latn,brighter-eng,emotion,transformer,5,none,none,False,0.34773552,
emotion-te-01259,en-Latn,brighter-eng,emotion,transformer,22,fear|sadness|surprise,fear|sadness|surprise,False,0.95198315,
emotion-te-01260,en-Latn,brighter-eng,emotion,transformer,24,none,none,False,0.38220423,
emotion-te-01261,en-Latn,brighter-eng,emotion,transformer,21,joy|sadness,joy,True,0.9823303,
emotion-te-01262,en-Latn,brighter-eng,emotion,transformer,12,fear|surprise,joy,True,0.95778155,
emotion-te-01263,en-Latn,brighter-eng,emotion,transformer,8,surprise,fear|surprise,True,0.8924493,
emotion-te-01264,en-Latn,brighter-eng,emotion,transformer,7,joy|surprise,joy,True,0.9761293,
emotion-te-01265,en-Latn,brighter-eng,emotion,transformer,12,anger|fear,fear|surprise,True,0.89516056,
emotion-te-01266,en-Latn,brighter-eng,emotion,transformer,25,joy,joy,False,0.8663695,
emotion-te-01267,en-Latn,brighter-eng,emotion,transformer,20,fear,fear|sadness,True,0.95509183,
emotion-te-01268,en-Latn,brighter-eng,emotion,transformer,4,anger|sadness,fear|sadness,True,0.8801566,
emotion-te-01269,en-Latn,brighter-eng,emotion,transformer,25,joy,joy,False,0.764754,
emotion-te-01270,en-Latn,brighter-eng,emotion,transformer,15,fear|surprise,surprise,True,0.8387788,
emotion-te-01271,en-Latn,brighter-eng,emotion,transformer,11,fear,fear|sadness,True,0.8315772,
emotion-te-01272,en-Latn,brighter-eng,emotion,transformer,16,fear|sadness,fear|surprise,True,0.9245327,
emotion-te-01273,en-Latn,brighter-eng,emotion,transformer,12,joy,joy,False,0.7928298,
emotion-te-01274,en-Latn,brighter-eng,emotion,transformer,22,fear,joy,True,0.6888367,
emotion-te-01275,en-Latn,brighter-eng,emotion,transformer,26,surprise,fear|surprise,True,0.9472352,
emotion-te-01276,en-Latn,brighter-eng,emotion,transformer,18,fear|surprise,fear|sadness|surprise,True,0.93345124,
emotion-te-01277,en-Latn,brighter-eng,emotion,transformer,4,none,joy,True,0.71372694,
emotion-te-01278,en-Latn,brighter-eng,emotion,transformer,11,joy,joy,False,0.95993763,
emotion-te-01279,en-Latn,brighter-eng,emotion,transformer,12,fear,fear|sadness,True,0.92009234,
emotion-te-01280,en-Latn,brighter-eng,emotion,transformer,38,fear|sadness,fear|sadness,False,0.91615397,
emotion-te-01281,en-Latn,brighter-eng,emotion,transformer,14,joy,joy|surprise,True,0.89937043,
emotion-te-01282,en-Latn,brighter-eng,emotion,transformer,21,none,joy,True,0.79737985,
emotion-te-01283,en-Latn,brighter-eng,emotion,transformer,9,fear|surprise,fear|surprise,False,0.9273085,
emotion-te-01284,en-Latn,brighter-eng,emotion,transformer,10,fear|sadness,fear|surprise,True,0.8430971,
emotion-te-01285,en-Latn,brighter-eng,emotion,transformer,8,anger|fear,fear|surprise,True,0.9261557,
emotion-te-01286,en-Latn,brighter-eng,emotion,transformer,31,fear|surprise,fear|sadness,True,0.9159864,
emotion-te-01287,en-Latn,brighter-eng,emotion,transformer,14,joy|surprise,fear|surprise,True,0.95542896,
emotion-te-01288,en-Latn,brighter-eng,emotion,transformer,5,none,none,False,0.30535176,
emotion-te-01289,en-Latn,brighter-eng,emotion,transformer,5,fear,none,True,0.5037141,
emotion-te-01290,en-Latn,brighter-eng,emotion,transformer,6,joy,anger|fear|sadness,True,0.6805212,
emotion-te-01291,en-Latn,brighter-eng,emotion,transformer,12,joy,joy,False,0.8439804,
emotion-te-01292,en-Latn,brighter-eng,emotion,transformer,4,none,joy|surprise,True,0.7800434,
emotion-te-01293,en-Latn,brighter-eng,emotion,transformer,31,joy,fear|sadness,True,0.908408,
emotion-te-01294,en-Latn,brighter-eng,emotion,transformer,11,joy,fear|sadness,True,0.85924107,
emotion-te-01295,en-Latn,brighter-eng,emotion,transformer,8,fear|surprise,fear|surprise,False,0.73500353,
emotion-te-01296,en-Latn,brighter-eng,emotion,transformer,24,none,none,False,0.4077886,
emotion-te-01297,en-Latn,brighter-eng,emotion,transformer,18,fear|surprise,fear|surprise,False,0.882506,
emotion-te-01298,en-Latn,brighter-eng,emotion,transformer,16,fear|joy,fear|sadness|surprise,True,0.9278134,
emotion-te-01299,en-Latn,brighter-eng,emotion,transformer,19,fear|sadness,fear,True,0.8980952,
emotion-te-01300,en-Latn,brighter-eng,emotion,transformer,29,fear,fear|sadness,True,0.94013655,
emotion-te-01301,en-Latn,brighter-eng,emotion,transformer,16,fear|sadness,fear|surprise,True,0.8665352,
emotion-te-01302,en-Latn,brighter-eng,emotion,transformer,20,joy|surprise,surprise,True,0.55744416,
emotion-te-01303,en-Latn,brighter-eng,emotion,transformer,3,sadness,fear|sadness,True,0.9022115,
emotion-te-01304,en-Latn,brighter-eng,emotion,transformer,14,joy,joy,False,0.9730017,
emotion-te-01305,en-Latn,brighter-eng,emotion,transformer,4,surprise,fear,True,0.6130988,
emotion-te-01306,en-Latn,brighter-eng,emotion,transformer,12,anger,anger|disgust|fear|sadness|surprise,True,0.8571753,
emotion-te-01307,en-Latn,brighter-eng,emotion,transformer,5,sadness,anger|disgust|fear|sadness|surprise,True,0.85451204,
emotion-te-01308,en-Latn,brighter-eng,emotion,transformer,4,sadness,anger|disgust|fear|sadness|surprise,True,0.8863247,
emotion-te-01309,en-Latn,brighter-eng,emotion,transformer,15,joy,joy,False,0.7863075,
emotion-te-01310,en-Latn,brighter-eng,emotion,transformer,20,fear|surprise,fear|surprise,False,0.83307874,
emotion-te-01311,en-Latn,brighter-eng,emotion,transformer,7,none,fear|surprise,True,0.9589262,
emotion-te-01312,en-Latn,brighter-eng,emotion,transformer,26,none,fear|sadness,True,0.7322378,
emotion-te-01313,en-Latn,brighter-eng,emotion,transformer,21,joy,none,True,0.49671298,
emotion-te-01314,en-Latn,brighter-eng,emotion,transformer,14,joy,joy,False,0.97257406,
emotion-te-01315,en-Latn,brighter-eng,emotion,transformer,11,none,none,False,0.26581943,
emotion-te-01316,en-Latn,brighter-eng,emotion,transformer,23,joy,joy,False,0.9084601,
emotion-te-01317,en-Latn,brighter-eng,emotion,transformer,36,fear|sadness|surprise,fear|sadness,True,0.94482064,
emotion-te-01318,en-Latn,brighter-eng,emotion,transformer,4,fear,fear|sadness,True,0.939743,
emotion-te-01319,en-Latn,brighter-eng,emotion,transformer,7,fear|surprise,fear|surprise,False,0.91411304,
emotion-te-01320,en-Latn,brighter-eng,emotion,transformer,19,none,none,False,0.42217115,
emotion-te-01321,en-Latn,brighter-eng,emotion,transformer,22,fear,fear|surprise,True,0.8612883,
emotion-te-01322,en-Latn,brighter-eng,emotion,transformer,36,fear|surprise,fear|surprise,False,0.8624553,
emotion-te-01323,en-Latn,brighter-eng,emotion,transformer,9,fear,fear,False,0.8686654,
emotion-te-01324,en-Latn,brighter-eng,emotion,transformer,23,joy,joy,False,0.97861654,
emotion-te-01325,en-Latn,brighter-eng,emotion,transformer,45,fear|joy,joy,True,0.9639953,
emotion-te-01326,en-Latn,brighter-eng,emotion,transformer,15,surprise,anger|surprise,True,0.6483409,
emotion-te-01327,en-Latn,brighter-eng,emotion,transformer,3,none,joy,True,0.78127867,
emotion-te-01328,en-Latn,brighter-eng,emotion,transformer,23,fear|joy,joy,True,0.8387071,
emotion-te-01329,en-Latn,brighter-eng,emotion,transformer,27,fear|sadness|surprise,fear|sadness,True,0.9212862,
emotion-te-01330,en-Latn,brighter-eng,emotion,transformer,12,fear|sadness,none,True,0.590807,
emotion-te-01331,en-Latn,brighter-eng,emotion,transformer,4,surprise,joy|surprise,True,0.8279142,
emotion-te-01332,en-Latn,brighter-eng,emotion,transformer,7,none,fear|surprise,True,0.88905317,
emotion-te-01333,en-Latn,brighter-eng,emotion,transformer,16,anger|fear|surprise,disgust|fear|sadness,True,0.92827255,
emotion-te-01334,en-Latn,brighter-eng,emotion,transformer,17,joy,none,True,0.48060876,
emotion-te-01335,en-Latn,brighter-eng,emotion,transformer,29,fear|joy,joy,True,0.65854365,
emotion-te-01336,en-Latn,brighter-eng,emotion,transformer,6,none,joy|surprise,True,0.869941,
emotion-te-01337,en-Latn,brighter-eng,emotion,transformer,10,none,none,False,0.3217138,
emotion-te-01338,en-Latn,brighter-eng,emotion,transformer,4,none,none,False,0.4433443,
emotion-te-01339,en-Latn,brighter-eng,emotion,transformer,7,fear|sadness,fear|sadness,False,0.8952147,
emotion-te-01340,en-Latn,brighter-eng,emotion,transformer,23,fear|sadness,fear|sadness,False,0.91075766,
emotion-te-01341,en-Latn,brighter-eng,emotion,transformer,7,none,fear|sadness,True,0.8219702,
emotion-te-01342,en-Latn,brighter-eng,emotion,transformer,23,fear,fear,False,0.6196649,
emotion-te-01343,en-Latn,brighter-eng,emotion,transformer,9,fear|joy,joy,True,0.8743138,
emotion-te-01344,en-Latn,brighter-eng,emotion,transformer,30,fear|surprise,joy,True,0.96507436,
emotion-te-01345,en-Latn,brighter-eng,emotion,transformer,19,fear|sadness|surprise,anger|disgust|fear|sadness|surprise,True,0.8587887,
emotion-te-01346,en-Latn,brighter-eng,emotion,transformer,6,fear|surprise,fear|surprise,False,0.9459113,
emotion-te-01347,en-Latn,brighter-eng,emotion,transformer,16,fear|sadness,fear|sadness,False,0.8765641,
emotion-te-01348,en-Latn,brighter-eng,emotion,transformer,3,surprise,fear|surprise,True,0.9628805,
emotion-te-01349,en-Latn,brighter-eng,emotion,transformer,43,fear|joy,fear,True,0.6131226,
emotion-te-01350,en-Latn,brighter-eng,emotion,transformer,12,anger|fear,anger|disgust|fear|sadness,True,0.8541914,
emotion-te-01351,en-Latn,brighter-eng,emotion,transformer,11,fear|surprise,fear|surprise,False,0.84406346,
emotion-te-01352,en-Latn,brighter-eng,emotion,transformer,4,anger|fear,anger|disgust|fear|sadness|surprise,True,0.85713035,
emotion-te-01353,en-Latn,brighter-eng,emotion,transformer,18,anger|sadness|surprise,joy|surprise,True,0.68582356,
emotion-te-01354,en-Latn,brighter-eng,emotion,transformer,11,joy,joy,False,0.60275763,
emotion-te-01355,en-Latn,brighter-eng,emotion,transformer,9,fear|sadness,fear|sadness,False,0.891458,
emotion-te-01356,en-Latn,brighter-eng,emotion,transformer,14,anger|fear|sadness,fear|sadness,True,0.94736516,
emotion-te-01357,en-Latn,brighter-eng,emotion,transformer,3,fear|surprise,fear|surprise,False,0.9041118,
emotion-te-01358,en-Latn,brighter-eng,emotion,transformer,6,fear|sadness,fear|sadness|surprise,True,0.92887133,
emotion-te-01359,en-Latn,brighter-eng,emotion,transformer,13,anger|fear|sadness,anger|disgust|fear|sadness,False,0.904836,
emotion-te-01360,en-Latn,brighter-eng,emotion,transformer,59,joy,joy,False,0.98283976,
emotion-te-01361,en-Latn,brighter-eng,emotion,transformer,8,anger|fear,fear|sadness,True,0.94554985,
emotion-te-01362,en-Latn,brighter-eng,emotion,transformer,11,sadness,joy,True,0.874111,
emotion-te-01363,en-Latn,brighter-eng,emotion,transformer,4,anger|fear|sadness|surprise,anger|disgust|fear|sadness|surprise,False,0.91606003,
emotion-te-01364,en-Latn,brighter-eng,emotion,transformer,24,fear|joy|sadness,fear|sadness,True,0.8718321,
emotion-te-01365,en-Latn,brighter-eng,emotion,transformer,8,sadness,fear|sadness,True,0.8745652,
emotion-te-01366,en-Latn,brighter-eng,emotion,transformer,11,joy,joy,False,0.9714253,
emotion-te-01367,en-Latn,brighter-eng,emotion,transformer,10,fear,fear|sadness|surprise,True,0.9498242,
emotion-te-01368,en-Latn,brighter-eng,emotion,transformer,35,fear,fear|joy|surprise,True,0.85700774,
emotion-te-01369,en-Latn,brighter-eng,emotion,transformer,21,fear,fear|surprise,True,0.90680087,
emotion-te-01370,en-Latn,brighter-eng,emotion,transformer,11,surprise,fear|sadness,True,0.91259956,
emotion-te-01371,en-Latn,brighter-eng,emotion,transformer,12,sadness,fear,True,0.7098321,
emotion-te-01372,en-Latn,brighter-eng,emotion,transformer,26,joy,joy,False,0.9603668,
emotion-te-01373,en-Latn,brighter-eng,emotion,transformer,21,joy,joy,False,0.8432045,
emotion-te-01374,en-Latn,brighter-eng,emotion,transformer,16,fear,fear|surprise,True,0.87151265,
emotion-te-01375,en-Latn,brighter-eng,emotion,transformer,63,anger|fear,fear|sadness,True,0.82904327,
emotion-te-01376,en-Latn,brighter-eng,emotion,transformer,24,fear,surprise,True,0.5957955,
emotion-te-01377,en-Latn,brighter-eng,emotion,transformer,28,fear|sadness,fear|sadness,False,0.8769157,
emotion-te-01378,en-Latn,brighter-eng,emotion,transformer,17,joy|surprise,joy,True,0.89470136,
emotion-te-01379,en-Latn,brighter-eng,emotion,transformer,18,joy,joy|surprise,True,0.93553174,
emotion-te-01380,en-Latn,brighter-eng,emotion,transformer,8,anger|fear,fear|sadness,True,0.9129582,
emotion-te-01381,en-Latn,brighter-eng,emotion,transformer,30,fear|sadness,fear|sadness,False,0.8373807,
emotion-te-01382,en-Latn,brighter-eng,emotion,transformer,12,fear|sadness,fear|sadness,False,0.906193,
emotion-te-01383,en-Latn,brighter-eng,emotion,transformer,18,anger|fear|sadness,disgust|fear|sadness|surprise,True,0.93223286,
emotion-te-01384,en-Latn,brighter-eng,emotion,transformer,4,fear,fear|sadness,True,0.94145197,
emotion-te-01385,en-Latn,brighter-eng,emotion,transformer,15,fear|sadness|surprise,fear|sadness,True,0.88680434,
emotion-te-01386,en-Latn,brighter-eng,emotion,transformer,4,fear,fear|surprise,True,0.8672868,
emotion-te-01387,en-Latn,brighter-eng,emotion,transformer,8,joy|surprise,fear|surprise,True,0.91644865,
emotion-te-01388,en-Latn,brighter-eng,emotion,transformer,4,fear|sadness,anger|disgust|fear|sadness,True,0.894759,
emotion-te-01389,en-Latn,brighter-eng,emotion,transformer,12,anger|fear|sadness,anger|disgust|fear|sadness,False,0.87424374,
emotion-te-01390,en-Latn,brighter-eng,emotion,transformer,10,none,surprise,True,0.579367,
emotion-te-01391,en-Latn,brighter-eng,emotion,transformer,4,fear|sadness,fear|surprise,True,0.8716673,
emotion-te-01392,en-Latn,brighter-eng,emotion,transformer,9,fear|surprise,fear|joy|surprise,True,0.9185534,
emotion-te-01393,en-Latn,brighter-eng,emotion,transformer,26,fear|surprise,fear|surprise,False,0.90657556,
emotion-te-01394,en-Latn,brighter-eng,emotion,transformer,12,fear,none,True,0.5488836,
emotion-te-01395,en-Latn,brighter-eng,emotion,transformer,7,fear|sadness,fear|sadness,False,0.88615537,
emotion-te-01396,en-Latn,brighter-eng,emotion,transformer,10,fear|sadness,fear|surprise,True,0.931302,
emotion-te-01397,en-Latn,brighter-eng,emotion,transformer,8,fear|sadness,joy|surprise,True,0.8023729,
emotion-te-01398,en-Latn,brighter-eng,emotion,transformer,17,fear|surprise,fear|surprise,False,0.89688975,
emotion-te-01399,en-Latn,brighter-eng,emotion,transformer,11,fear|surprise,joy|surprise,True,0.8677331,
emotion-te-01400,en-Latn,brighter-eng,emotion,transformer,12,joy|surprise,joy|surprise,False,0.98091847,
emotion-te-01401,en-Latn,brighter-eng,emotion,transformer,34,fear|sadness,fear|sadness,False,0.8805867,
emotion-te-01402,en-Latn,brighter-eng,emotion,transformer,5,surprise,none,True,0.28524733,
emotion-te-01403,en-Latn,brighter-eng,emotion,transformer,10,fear|surprise,fear,True,0.7275725,
emotion-te-01404,en-Latn,brighter-eng,emotion,transformer,8,fear|surprise,fear|surprise,False,0.93251824,
emotion-te-01405,en-Latn,brighter-eng,emotion,transformer,11,fear|surprise,fear|surprise,False,0.86979973,
emotion-te-01406,en-Latn,brighter-eng,emotion,transformer,15,surprise,fear|sadness,True,0.89555573,
emotion-te-01407,en-Latn,brighter-eng,emotion,transformer,26,anger|fear|sadness|surprise,anger|disgust|fear|sadness,True,0.9129303,
emotion-te-01408,en-Latn,brighter-eng,emotion,transformer,15,fear|surprise,fear|surprise,False,0.95552254,
emotion-te-01409,en-Latn,brighter-eng,emotion,transformer,4,joy,joy,False,0.98247796,
emotion-te-01410,en-Latn,brighter-eng,emotion,transformer,32,joy,joy,False,0.85635316,
emotion-te-01411,en-Latn,brighter-eng,emotion,transformer,4,fear,joy,True,0.9385076,
emotion-te-01412,en-Latn,brighter-eng,emotion,transformer,3,fear|sadness,fear|sadness,False,0.9240213,
emotion-te-01413,en-Latn,brighter-eng,emotion,transformer,6,fear|joy,joy,True,0.6850415,
emotion-te-01414,en-Latn,brighter-eng,emotion,transformer,47,fear|sadness,fear|sadness,False,0.8851271,
emotion-te-01415,en-Latn,brighter-eng,emotion,transformer,10,fear,fear|sadness|surprise,True,0.9454342,
emotion-te-01416,en-Latn,brighter-eng,emotion,transformer,30,joy,joy,False,0.9498996,
emotion-te-01417,en-Latn,brighter-eng,emotion,transformer,31,anger|fear|sadness,joy,True,0.7903188,
emotion-te-01418,en-Latn,brighter-eng,emotion,transformer,15,fear|sadness|surprise,fear,True,0.76778144,
emotion-te-01419,en-Latn,brighter-eng,emotion,transformer,8,joy,joy,False,0.9033407,
emotion-te-01420,en-Latn,brighter-eng,emotion,transformer,16,fear,fear|sadness,True,0.9247659,
emotion-te-01421,en-Latn,brighter-eng,emotion,transformer,23,fear|surprise,fear|surprise,False,0.9459306,
emotion-te-01422,en-Latn,brighter-eng,emotion,transformer,8,fear|surprise,fear|surprise,False,0.8589323,
emotion-te-01423,en-Latn,brighter-eng,emotion,transformer,21,joy|surprise,fear|joy|surprise,True,0.9158637,
emotion-te-01424,en-Latn,brighter-eng,emotion,transformer,16,joy|surprise,joy|surprise,False,0.93927574,
emotion-te-01425,en-Latn,brighter-eng,emotion,transformer,16,joy,joy,False,0.9834345,
emotion-te-01426,en-Latn,brighter-eng,emotion,transformer,4,joy,fear|surprise,True,0.95346695,
emotion-te-01427,en-Latn,brighter-eng,emotion,transformer,4,fear|sadness,fear,True,0.88955927,
emotion-te-01428,en-Latn,brighter-eng,emotion,transformer,21,fear|surprise,fear|surprise,False,0.88711876,
emotion-te-01429,en-Latn,brighter-eng,emotion,transformer,10,sadness,fear|sadness,True,0.8617654,
emotion-te-01430,en-Latn,brighter-eng,emotion,transformer,12,anger|fear|surprise,anger|disgust|fear|sadness|surprise,True,0.8362236,
emotion-te-01431,en-Latn,brighter-eng,emotion,transformer,27,anger,anger|disgust|fear|sadness,True,0.9333748,
emotion-te-01432,en-Latn,brighter-eng,emotion,transformer,26,joy,none,True,0.4149496,
emotion-te-01433,en-Latn,brighter-eng,emotion,transformer,17,anger|fear,anger|disgust|fear|sadness,True,0.89832985,
emotion-te-01434,en-Latn,brighter-eng,emotion,transformer,8,fear|surprise,fear|surprise,False,0.8993152,
emotion-te-01435,en-Latn,brighter-eng,emotion,transformer,19,anger|joy|surprise,anger|disgust|sadness,True,0.9120459,
emotion-te-01436,en-Latn,brighter-eng,emotion,transformer,10,fear|sadness,fear|sadness,False,0.834535,
emotion-te-01437,en-Latn,brighter-eng,emotion,transformer,8,joy,joy,False,0.78595686,
emotion-te-01438,en-Latn,brighter-eng,emotion,transformer,39,joy,fear|sadness,True,0.82567924,
emotion-te-01439,en-Latn,brighter-eng,emotion,transformer,26,fear|surprise,fear|sadness,True,0.9556465,
emotion-te-01440,en-Latn,brighter-eng,emotion,transformer,13,fear,fear|sadness,True,0.81659585,
emotion-te-01441,en-Latn,brighter-eng,emotion,transformer,37,fear|sadness|surprise,fear,True,0.8750026,
emotion-te-01442,en-Latn,brighter-eng,emotion,transformer,19,sadness,fear|sadness,True,0.94270736,
emotion-te-01443,en-Latn,brighter-eng,emotion,transformer,27,anger,fear|sadness,True,0.83298767,
emotion-te-01444,en-Latn,brighter-eng,emotion,transformer,9,none,none,False,0.36146516,
emotion-te-01445,en-Latn,brighter-eng,emotion,transformer,19,fear|sadness,fear,True,0.58010924,
emotion-te-01446,en-Latn,brighter-eng,emotion,transformer,14,joy,joy,False,0.97705656,
emotion-te-01447,en-Latn,brighter-eng,emotion,transformer,11,fear,joy,True,0.63524985,
emotion-te-01448,en-Latn,brighter-eng,emotion,transformer,9,fear|sadness|surprise,fear|sadness|surprise,False,0.9123845,
emotion-te-01449,en-Latn,brighter-eng,emotion,transformer,7,joy,joy,False,0.90800226,
emotion-te-01450,en-Latn,brighter-eng,emotion,transformer,28,sadness,fear,True,0.7273058,
emotion-te-01451,en-Latn,brighter-eng,emotion,transformer,15,anger|fear,fear|sadness|surprise,True,0.8812171,
emotion-te-01452,en-Latn,brighter-eng,emotion,transformer,10,none,fear|sadness,True,0.8999173,
emotion-te-01453,en-Latn,brighter-eng,emotion,transformer,8,anger|fear|sadness|surprise,fear|sadness,True,0.88242525,
emotion-te-01454,en-Latn,brighter-eng,emotion,transformer,4,fear|sadness|surprise,anger|disgust|fear|sadness|surprise,True,0.89924663,
emotion-te-01455,en-Latn,brighter-eng,emotion,transformer,21,anger|fear|sadness|surprise,anger|disgust|fear|sadness|surprise,False,0.88083506,
emotion-te-01456,en-Latn,brighter-eng,emotion,transformer,24,none,none,False,0.49078166,
emotion-te-01457,en-Latn,brighter-eng,emotion,transformer,27,fear|joy,joy,True,0.9398742,
emotion-te-01458,en-Latn,brighter-eng,emotion,transformer,10,fear|sadness,fear|sadness,False,0.8504365,
emotion-te-01459,en-Latn,brighter-eng,emotion,transformer,4,fear|sadness,anger|disgust|fear|sadness,True,0.826621,
emotion-te-01460,en-Latn,brighter-eng,emotion,transformer,24,none,none,False,0.30639556,
emotion-te-01461,en-Latn,brighter-eng,emotion,transformer,10,fear,fear|sadness,True,0.8919007,
emotion-te-01462,en-Latn,brighter-eng,emotion,transformer,3,sadness,fear|sadness,True,0.80461,
emotion-te-01463,en-Latn,brighter-eng,emotion,transformer,23,fear,fear,False,0.68766344,
emotion-te-01464,en-Latn,brighter-eng,emotion,transformer,4,fear|surprise,fear|surprise,False,0.95106065,
emotion-te-01465,en-Latn,brighter-eng,emotion,transformer,15,fear|sadness,joy,True,0.9190787,
emotion-te-01466,en-Latn,brighter-eng,emotion,transformer,7,anger|fear|sadness,fear|sadness,True,0.83225256,
emotion-te-01467,en-Latn,brighter-eng,emotion,transformer,12,sadness,fear|sadness,True,0.90475816,
emotion-te-01468,en-Latn,brighter-eng,emotion,transformer,25,fear|sadness|surprise,fear|surprise,True,0.90246356,
emotion-te-01469,en-Latn,brighter-eng,emotion,transformer,10,anger,fear|sadness,True,0.8406302,
emotion-te-01470,en-Latn,brighter-eng,emotion,transformer,3,none,none,False,0.4772707,
emotion-te-01471,en-Latn,brighter-eng,emotion,transformer,19,anger|fear|sadness,fear|sadness,True,0.8795192,
emotion-te-01472,en-Latn,brighter-eng,emotion,transformer,8,fear,fear|surprise,True,0.8940091,
emotion-te-01473,en-Latn,brighter-eng,emotion,transformer,12,none,joy,True,0.80377376,
emotion-te-01474,en-Latn,brighter-eng,emotion,transformer,32,joy,joy|surprise,True,0.97798365,
emotion-te-01475,en-Latn,brighter-eng,emotion,transformer,9,fear|surprise,none,True,0.5415715,
emotion-te-01476,en-Latn,brighter-eng,emotion,transformer,11,fear|sadness|surprise,fear|sadness,True,0.93905663,
emotion-te-01477,en-Latn,brighter-eng,emotion,transformer,4,sadness,anger|disgust|fear|sadness,True,0.8785838,
emotion-te-01478,en-Latn,brighter-eng,emotion,transformer,12,sadness,fear|sadness,True,0.88975364,
emotion-te-01479,en-Latn,brighter-eng,emotion,transformer,51,anger|fear|sadness|surprise,fear|sadness,True,0.91693556,
emotion-te-01480,en-Latn,brighter-eng,emotion,transformer,8,anger|fear|surprise,disgust|fear|sadness|surprise,True,0.9220216,
emotion-te-01481,en-Latn,brighter-eng,emotion,transformer,11,joy|sadness,joy,True,0.7337113,
emotion-te-01482,en-Latn,brighter-eng,emotion,transformer,7,fear|surprise,joy|surprise,True,0.95223105,
emotion-te-01483,en-Latn,brighter-eng,emotion,transformer,16,joy|surprise,joy,True,0.9650451,
emotion-te-01484,en-Latn,brighter-eng,emotion,transformer,15,fear,fear|sadness,True,0.9198507,
emotion-te-01485,en-Latn,brighter-eng,emotion,transformer,17,none,none,False,0.23833288,
emotion-te-01486,en-Latn,brighter-eng,emotion,transformer,8,fear,none,True,0.48861843,
emotion-te-01487,en-Latn,brighter-eng,emotion,transformer,14,fear,fear|sadness,True,0.90032434,
emotion-te-01488,en-Latn,brighter-eng,emotion,transformer,10,joy,joy,False,0.86293477,
emotion-te-01489,en-Latn,brighter-eng,emotion,transformer,15,none,fear|sadness,True,0.84318143,
emotion-te-01490,en-Latn,brighter-eng,emotion,transformer,4,joy,joy,False,0.9627492,
emotion-te-01491,en-Latn,brighter-eng,emotion,transformer,16,fear,fear|sadness,True,0.9162722,
emotion-te-01492,en-Latn,brighter-eng,emotion,transformer,38,fear|sadness,fear|sadness,False,0.92441833,
emotion-te-01493,en-Latn,brighter-eng,emotion,transformer,20,none,fear|sadness,True,0.9289475,
emotion-te-01494,en-Latn,brighter-eng,emotion,transformer,6,joy,joy|surprise,True,0.88791454,
emotion-te-01495,en-Latn,brighter-eng,emotion,transformer,4,fear,fear|sadness,True,0.8715995,
emotion-te-01496,en-Latn,brighter-eng,emotion,transformer,24,joy,surprise,True,0.5980394,
emotion-te-01497,en-Latn,brighter-eng,emotion,transformer,39,joy,joy|surprise,True,0.9337645,
emotion-te-01498,en-Latn,brighter-eng,emotion,transformer,7,fear|sadness,fear|sadness,False,0.8869535,
emotion-te-01499,en-Latn,brighter-eng,emotion,transformer,19,fear|surprise,fear|surprise,False,0.86132175,
emotion-te-01500,en-Latn,brighter-eng,emotion,transformer,21,fear|sadness,fear|surprise,True,0.9313359,
emotion-te-01501,en-Latn,brighter-eng,emotion,transformer,13,sadness,joy,True,0.8080878,
emotion-te-01502,en-Latn,brighter-eng,emotion,transformer,11,none,none,False,0.49324802,
emotion-te-01503,en-Latn,brighter-eng,emotion,transformer,16,fear,fear|surprise,True,0.95395064,
emotion-te-01504,en-Latn,brighter-eng,emotion,transformer,15,surprise,fear|surprise,True,0.9453709,
emotion-te-01505,en-Latn,brighter-eng,emotion,transformer,56,fear,fear|sadness,True,0.8902434,
emotion-te-01506,en-Latn,brighter-eng,emotion,transformer,22,fear|joy,fear,True,0.8559072,
emotion-te-01507,en-Latn,brighter-eng,emotion,transformer,6,anger,none,True,0.48896697,
emotion-te-01508,en-Latn,brighter-eng,emotion,transformer,35,fear|sadness,joy,True,0.90372705,
emotion-te-01509,en-Latn,brighter-eng,emotion,transformer,12,none,none,False,0.25514084,
emotion-te-01510,en-Latn,brighter-eng,emotion,transformer,16,fear,fear|sadness,True,0.8938593,
emotion-te-01511,en-Latn,brighter-eng,emotion,transformer,12,fear|surprise,fear|sadness,True,0.9394336,
emotion-te-01512,en-Latn,brighter-eng,emotion,transformer,24,joy,joy,False,0.96252596,
emotion-te-01513,en-Latn,brighter-eng,emotion,transformer,5,fear|sadness,fear|sadness,False,0.8423398,
emotion-te-01514,en-Latn,brighter-eng,emotion,transformer,17,none,fear,True,0.5517484,
emotion-te-01515,en-Latn,brighter-eng,emotion,transformer,30,fear|sadness,fear|sadness,False,0.93256754,
emotion-te-01516,en-Latn,brighter-eng,emotion,transformer,4,surprise,joy|surprise,True,0.9139532,
emotion-te-01517,en-Latn,brighter-eng,emotion,transformer,4,anger,fear|sadness|surprise,True,0.88343215,
emotion-te-01518,en-Latn,brighter-eng,emotion,transformer,20,fear,fear|surprise,True,0.8936257,
emotion-te-01519,en-Latn,brighter-eng,emotion,transformer,15,fear|joy,joy,True,0.94197905,
emotion-te-01520,en-Latn,brighter-eng,emotion,transformer,5,none,joy,True,0.813003,
emotion-te-01521,en-Latn,brighter-eng,emotion,transformer,10,joy,joy,False,0.9698789,
emotion-te-01522,en-Latn,brighter-eng,emotion,transformer,18,none,fear|surprise,True,0.5811548,
emotion-te-01523,en-Latn,brighter-eng,emotion,transformer,12,sadness,fear|sadness,True,0.8904192,
emotion-te-01524,en-Latn,brighter-eng,emotion,transformer,13,fear|surprise,fear|sadness|surprise,True,0.9445064,
emotion-te-01525,en-Latn,brighter-eng,emotion,transformer,13,anger|fear,joy,True,0.96996015,
emotion-te-01526,en-Latn,brighter-eng,emotion,transformer,9,anger|fear,anger|disgust|sadness,True,0.9152297,
emotion-te-01527,en-Latn,brighter-eng,emotion,transformer,17,joy,joy,False,0.9241755,
emotion-te-01528,en-Latn,brighter-eng,emotion,transformer,8,joy,none,True,0.48864263,
emotion-te-01529,en-Latn,brighter-eng,emotion,transformer,46,none,joy,True,0.956904,
emotion-te-01530,en-Latn,brighter-eng,emotion,transformer,3,fear|surprise,fear|surprise,False,0.89993197,
emotion-te-01531,en-Latn,brighter-eng,emotion,transformer,28,fear,fear|surprise,True,0.82070225,
emotion-te-01532,en-Latn,brighter-eng,emotion,transformer,4,none,joy,True,0.88936555,
emotion-te-01533,en-Latn,brighter-eng,emotion,transformer,11,fear|surprise,fear|surprise,False,0.94384986,
emotion-te-01534,en-Latn,brighter-eng,emotion,transformer,19,fear,fear,False,0.7849252,
emotion-te-01535,en-Latn,brighter-eng,emotion,transformer,21,fear|sadness,fear|sadness,False,0.8724803,
emotion-te-01536,en-Latn,brighter-eng,emotion,transformer,26,joy,joy,False,0.9665142,
emotion-te-01537,en-Latn,brighter-eng,emotion,transformer,13,fear|surprise,fear|sadness,True,0.9169767,
emotion-te-01538,en-Latn,brighter-eng,emotion,transformer,15,anger|sadness|surprise,fear|surprise,True,0.71174794,
emotion-te-01539,en-Latn,brighter-eng,emotion,transformer,10,surprise,joy|surprise,True,0.90063703,
emotion-te-01540,en-Latn,brighter-eng,emotion,transformer,13,fear|sadness,fear|sadness,False,0.74625665,
emotion-te-01541,en-Latn,brighter-eng,emotion,transformer,15,none,joy,True,0.91095585,
emotion-te-01542,en-Latn,brighter-eng,emotion,transformer,10,fear|surprise,fear|surprise,False,0.9576372,
emotion-te-01543,en-Latn,brighter-eng,emotion,transformer,4,sadness|surprise,fear|sadness|surprise,True,0.9012976,
emotion-te-01544,en-Latn,brighter-eng,emotion,transformer,11,anger|fear|surprise,fear|surprise,True,0.9249683,
emotion-te-01545,en-Latn,brighter-eng,emotion,transformer,13,sadness,fear|sadness,True,0.8688529,
emotion-te-01546,en-Latn,brighter-eng,emotion,transformer,5,fear|sadness|surprise,fear|surprise,True,0.93938833,
emotion-te-01547,en-Latn,brighter-eng,emotion,transformer,18,fear,joy,True,0.74574816,
emotion-te-01548,en-Latn,brighter-eng,emotion,transformer,10,fear,fear|surprise,True,0.8653022,
emotion-te-01549,en-Latn,brighter-eng,emotion,transformer,9,fear,fear|sadness,True,0.74812067,
emotion-te-01550,en-Latn,brighter-eng,emotion,transformer,8,none,fear|sadness,True,0.79913545,
emotion-te-01551,en-Latn,brighter-eng,emotion,transformer,4,anger|fear,fear|sadness|surprise,True,0.898375,
emotion-te-01552,en-Latn,brighter-eng,emotion,transformer,10,none,none,False,0.30632603,
emotion-te-01553,en-Latn,brighter-eng,emotion,transformer,82,anger|fear|sadness,fear|sadness,True,0.94265825,
emotion-te-01554,en-Latn,brighter-eng,emotion,transformer,36,joy,joy,False,0.9805869,
emotion-te-01555,en-Latn,brighter-eng,emotion,transformer,5,joy,joy,False,0.98512495,
emotion-te-01556,en-Latn,brighter-eng,emotion,transformer,16,joy,joy,False,0.9112189,
emotion-te-01557,en-Latn,brighter-eng,emotion,transformer,21,fear,fear|sadness,True,0.9356509,
emotion-te-01558,en-Latn,brighter-eng,emotion,transformer,49,fear|surprise,anger|disgust|fear|sadness|surprise,True,0.8623179,
emotion-te-01559,en-Latn,brighter-eng,emotion,transformer,15,sadness,fear|sadness,True,0.8591532,
emotion-te-01560,en-Latn,brighter-eng,emotion,transformer,30,joy,fear|surprise,True,0.90335745,
emotion-te-01561,en-Latn,brighter-eng,emotion,transformer,18,fear|sadness,anger|disgust|fear|sadness,True,0.8496569,
emotion-te-01562,en-Latn,brighter-eng,emotion,transformer,4,fear|sadness,fear|sadness,False,0.85621965,
emotion-te-01563,en-Latn,brighter-eng,emotion,transformer,15,fear|sadness,fear|sadness,False,0.884423,
emotion-te-01564,en-Latn,brighter-eng,emotion,transformer,23,joy|surprise,joy|surprise,False,0.91965246,
emotion-te-01565,en-Latn,brighter-eng,emotion,transformer,5,anger|fear|sadness,anger|disgust|sadness,True,0.93976694,
emotion-te-01566,en-Latn,brighter-eng,emotion,transformer,33,joy,fear|sadness,True,0.7241024,
emotion-te-01567,en-Latn,brighter-eng,emotion,transformer,26,fear|surprise,fear|sadness,True,0.93079114,
emotion-te-01568,en-Latn,brighter-eng,emotion,transformer,14,fear|surprise,fear|sadness,True,0.9350786,
emotion-te-01569,en-Latn,brighter-eng,emotion,transformer,27,fear,fear|surprise,True,0.89116365,
emotion-te-01570,en-Latn,brighter-eng,emotion,transformer,5,fear|surprise,anger|disgust|fear|sadness|surprise,True,0.8720018,
emotion-te-01571,en-Latn,brighter-eng,emotion,transformer,18,fear|sadness,fear|sadness,False,0.83950865,
emotion-te-01572,en-Latn,brighter-eng,emotion,transformer,34,fear|joy|surprise,fear|sadness,True,0.9274332,
emotion-te-01573,en-Latn,brighter-eng,emotion,transformer,32,anger|sadness,fear|sadness,True,0.86800367,
emotion-te-01574,en-Latn,brighter-eng,emotion,transformer,7,anger|fear,fear|sadness,True,0.8014246,
emotion-te-01575,en-Latn,brighter-eng,emotion,transformer,10,joy,fear,True,0.579367,
emotion-te-01576,en-Latn,brighter-eng,emotion,transformer,28,fear|surprise,fear|surprise,False,0.9294836,
emotion-te-01577,en-Latn,brighter-eng,emotion,transformer,11,fear|sadness|surprise,anger|disgust|fear|sadness|surprise,True,0.90270466,
emotion-te-01578,en-Latn,brighter-eng,emotion,transformer,24,joy,joy,False,0.878793,
emotion-te-01579,en-Latn,brighter-eng,emotion,transformer,14,fear|sadness,fear,True,0.8458539,
emotion-te-01580,en-Latn,brighter-eng,emotion,transformer,8,fear|surprise,fear|surprise,False,0.9498788,
emotion-te-01581,en-Latn,brighter-eng,emotion,transformer,24,joy,fear|sadness|surprise,True,0.81521624,
emotion-te-01582,en-Latn,brighter-eng,emotion,transformer,4,fear|sadness,fear|sadness,False,0.8524876,
emotion-te-01583,en-Latn,brighter-eng,emotion,transformer,15,sadness,fear|sadness,True,0.8790455,
emotion-te-01584,en-Latn,brighter-eng,emotion,transformer,3,none,fear,True,0.62640643,
emotion-te-01585,en-Latn,brighter-eng,emotion,transformer,23,fear|sadness|surprise,anger|disgust|fear|sadness|surprise,True,0.8751955,
emotion-te-01586,en-Latn,brighter-eng,emotion,transformer,24,fear|surprise,disgust|fear|sadness|surprise,True,0.93000954,
emotion-te-01587,en-Latn,brighter-eng,emotion,transformer,19,fear|joy,none,True,0.5590667,
emotion-te-01588,en-Latn,brighter-eng,emotion,transformer,22,fear|sadness|surprise,fear|sadness,True,0.9068343,
emotion-te-01589,en-Latn,brighter-eng,emotion,transformer,4,fear|sadness|surprise,fear|sadness,True,0.92646277,
emotion-te-01590,en-Latn,brighter-eng,emotion,transformer,13,fear|sadness,fear|sadness,False,0.90344995,
emotion-te-01591,en-Latn,brighter-eng,emotion,transformer,8,none,surprise,True,0.69841605,
emotion-te-01592,en-Latn,brighter-eng,emotion,transformer,22,fear|sadness,anger|disgust|fear|sadness,True,0.77223897,
emotion-te-01593,en-Latn,brighter-eng,emotion,transformer,4,fear|surprise,fear|sadness|surprise,True,0.9526864,
emotion-te-01594,en-Latn,brighter-eng,emotion,transformer,19,fear|sadness,fear|sadness,False,0.88522744,
emotion-te-01595,en-Latn,brighter-eng,emotion,transformer,10,sadness,anger|disgust|fear|sadness|surprise,True,0.8104262,
emotion-te-01596,en-Latn,brighter-eng,emotion,transformer,40,fear,fear,False,0.8300902,
emotion-te-01597,en-Latn,brighter-eng,emotion,transformer,18,joy,joy,False,0.95766085,
emotion-te-01598,en-Latn,brighter-eng,emotion,transformer,10,fear|surprise,fear|surprise,False,0.93047965,
emotion-te-01599,en-Latn,brighter-eng,emotion,transformer,23,anger|fear,fear|surprise,True,0.8250985,
emotion-te-01600,en-Latn,brighter-eng,emotion,transformer,3,sadness,fear|sadness,True,0.8750926,
emotion-te-01601,en-Latn,brighter-eng,emotion,transformer,10,joy,joy,False,0.92309904,
emotion-te-01602,en-Latn,brighter-eng,emotion,transformer,12,fear|sadness|surprise,disgust|fear|sadness|surprise,False,0.9198552,
emotion-te-01603,en-Latn,brighter-eng,emotion,transformer,38,joy,none,True,0.51930714,
emotion-te-01604,en-Latn,brighter-eng,emotion,transformer,7,surprise,fear|sadness,True,0.76155347,
emotion-te-01605,en-Latn,brighter-eng,emotion,transformer,5,joy,fear|surprise,True,0.652663,
emotion-te-01606,en-Latn,brighter-eng,emotion,transformer,7,fear|joy|surprise,joy,True,0.8333508,
emotion-te-01607,en-Latn,brighter-eng,emotion,transformer,6,fear|surprise,fear|sadness|surprise,True,0.87395936,
emotion-te-01608,en-Latn,brighter-eng,emotion,transformer,4,joy,joy,False,0.70402133,
emotion-te-01609,en-Latn,brighter-eng,emotion,transformer,13,fear,fear,False,0.797694,
emotion-te-01610,en-Latn,brighter-eng,emotion,transformer,7,fear|surprise,fear|sadness|surprise,True,0.90029716,
emotion-te-01611,en-Latn,brighter-eng,emotion,transformer,15,none,fear|sadness|surprise,True,0.9002922,
emotion-te-01612,en-Latn,brighter-eng,emotion,transformer,12,fear|sadness,fear,True,0.688392,
emotion-te-01613,en-Latn,brighter-eng,emotion,transformer,5,fear,fear|sadness,True,0.9212636,
emotion-te-01614,en-Latn,brighter-eng,emotion,transformer,23,anger|fear,anger|disgust|fear|sadness,True,0.8368997,
emotion-te-01615,en-Latn,brighter-eng,emotion,transformer,8,joy,joy,False,0.79561365,
emotion-te-01616,en-Latn,brighter-eng,emotion,transformer,7,anger|fear|sadness|surprise,joy|surprise,True,0.8264,
emotion-te-01617,en-Latn,brighter-eng,emotion,transformer,11,fear|sadness|surprise,anger|disgust|fear|surprise,True,0.92092085,
emotion-te-01618,en-Latn,brighter-eng,emotion,transformer,11,surprise,fear|surprise,True,0.95353067,
emotion-te-01619,en-Latn,brighter-eng,emotion,transformer,34,fear,fear|sadness,True,0.7364089,
emotion-te-01620,en-Latn,brighter-eng,emotion,transformer,4,joy|surprise,fear|surprise,True,0.6789304,
emotion-te-01621,en-Latn,brighter-eng,emotion,transformer,21,joy,joy,False,0.8991023,
emotion-te-01622,en-Latn,brighter-eng,emotion,transformer,24,fear,fear|sadness,True,0.9413861,
emotion-te-01623,en-Latn,brighter-eng,emotion,transformer,9,fear|sadness,fear|sadness,False,0.8784508,
emotion-te-01624,en-Latn,brighter-eng,emotion,transformer,16,fear|surprise,fear|surprise,False,0.8785634,
emotion-te-01625,en-Latn,brighter-eng,emotion,transformer,7,surprise,surprise,False,0.7834147,
emotion-te-01626,en-Latn,brighter-eng,emotion,transformer,4,none,sadness,True,0.83033097,
emotion-te-01627,en-Latn,brighter-eng,emotion,transformer,24,fear|sadness,fear|sadness,False,0.89432526,
emotion-te-01628,en-Latn,brighter-eng,emotion,transformer,16,surprise,fear|sadness,True,0.93259144,
emotion-te-01629,en-Latn,brighter-eng,emotion,transformer,20,fear|surprise,fear|joy|surprise,True,0.9591818,
emotion-te-01630,en-Latn,brighter-eng,emotion,transformer,22,fear|surprise,fear|surprise,False,0.8448008,
emotion-te-01631,en-Latn,brighter-eng,emotion,transformer,4,sadness,fear|sadness,True,0.82914203,
emotion-te-01632,en-Latn,brighter-eng,emotion,transformer,4,joy|surprise,joy,True,0.88190126,
emotion-te-01633,en-Latn,brighter-eng,emotion,transformer,4,joy,joy|surprise,True,0.9202526,
emotion-te-01634,en-Latn,brighter-eng,emotion,transformer,5,none,joy,True,0.6313953,
emotion-te-01635,en-Latn,brighter-eng,emotion,transformer,7,fear|surprise,fear,True,0.62974596,
emotion-te-01636,en-Latn,brighter-eng,emotion,transformer,12,fear|sadness,disgust|fear|sadness,False,0.85818833,
emotion-te-01637,en-Latn,brighter-eng,emotion,transformer,6,anger|fear|sadness|surprise,anger|disgust|fear|sadness,True,0.87424153,
emotion-te-01638,en-Latn,brighter-eng,emotion,transformer,4,fear|sadness,fear|sadness,False,0.76100194,
emotion-te-01639,en-Latn,brighter-eng,emotion,transformer,8,fear|surprise,fear|sadness,True,0.9480909,
emotion-te-01640,en-Latn,brighter-eng,emotion,transformer,18,fear|surprise,fear|surprise,False,0.81908137,
emotion-te-01641,en-Latn,brighter-eng,emotion,transformer,21,fear|surprise,joy|surprise,True,0.9222794,
emotion-te-01642,en-Latn,brighter-eng,emotion,transformer,29,fear|sadness,fear|sadness,False,0.7691088,
emotion-te-01643,en-Latn,brighter-eng,emotion,transformer,42,fear|joy|sadness,joy,True,0.6764867,
emotion-te-01644,en-Latn,brighter-eng,emotion,transformer,7,joy|surprise,fear|surprise,True,0.7506617,
emotion-te-01645,en-Latn,brighter-eng,emotion,transformer,9,joy|surprise,fear|surprise,True,0.90435356,
emotion-te-01646,en-Latn,brighter-eng,emotion,transformer,14,fear|sadness,none,True,0.43378899,
emotion-te-01647,en-Latn,brighter-eng,emotion,transformer,40,fear|sadness,fear|sadness,False,0.91500115,
emotion-te-01648,en-Latn,brighter-eng,emotion,transformer,14,fear|joy,joy,True,0.95892227,
emotion-te-01649,en-Latn,brighter-eng,emotion,transformer,9,none,joy,True,0.8597967,
emotion-te-01650,en-Latn,brighter-eng,emotion,transformer,6,fear|sadness,fear|sadness,False,0.8947732,
emotion-te-01651,en-Latn,brighter-eng,emotion,transformer,12,fear|surprise,fear|sadness|surprise,True,0.93349403,
emotion-te-01652,en-Latn,brighter-eng,emotion,transformer,18,none,none,False,0.36902192,
emotion-te-01653,en-Latn,brighter-eng,emotion,transformer,11,joy|surprise,joy|surprise,False,0.95362693,
emotion-te-01654,en-Latn,brighter-eng,emotion,transformer,18,joy,none,True,0.38219938,
emotion-te-01655,en-Latn,brighter-eng,emotion,transformer,19,joy,fear,True,0.57050425,
emotion-te-01656,en-Latn,brighter-eng,emotion,transformer,16,fear|surprise,fear|surprise,False,0.8884286,
emotion-te-01657,en-Latn,brighter-eng,emotion,transformer,36,fear|sadness,fear|sadness,False,0.9148861,
emotion-te-01658,en-Latn,brighter-eng,emotion,transformer,28,fear,none,True,0.50198424,
emotion-te-01659,en-Latn,brighter-eng,emotion,transformer,55,fear|sadness,joy|surprise,True,0.65825075,
emotion-te-01660,en-Latn,brighter-eng,emotion,transformer,16,fear|sadness,fear|surprise,True,0.9196436,
emotion-te-01661,en-Latn,brighter-eng,emotion,transformer,7,none,none,False,0.34126222,
emotion-te-01662,en-Latn,brighter-eng,emotion,transformer,14,fear|sadness,fear|sadness,False,0.8858732,
emotion-te-01663,en-Latn,brighter-eng,emotion,transformer,7,none,fear|sadness,True,0.8165289,
emotion-te-01664,en-Latn,brighter-eng,emotion,transformer,4,fear,fear|surprise,True,0.86847657,
emotion-te-01665,en-Latn,brighter-eng,emotion,transformer,13,anger|fear|sadness|surprise,anger|disgust|fear|sadness|surprise,False,0.91348046,
emotion-te-01666,en-Latn,brighter-eng,emotion,transformer,10,fear|sadness,fear,True,0.78855306,
emotion-te-01667,en-Latn,brighter-eng,emotion,transformer,8,surprise,surprise,False,0.59422255,
emotion-te-01668,en-Latn,brighter-eng,emotion,transformer,16,none,none,False,0.5256701,
emotion-te-01669,en-Latn,brighter-eng,emotion,transformer,4,joy|surprise,joy|surprise,False,0.9396332,
emotion-te-01670,en-Latn,brighter-eng,emotion,transformer,25,fear,fear|surprise,True,0.9299878,
emotion-te-01671,en-Latn,brighter-eng,emotion,transformer,3,surprise,joy|surprise,True,0.84385306,
emotion-te-01672,en-Latn,brighter-eng,emotion,transformer,5,joy,joy,False,0.9212718,
emotion-te-01673,en-Latn,brighter-eng,emotion,transformer,11,sadness,none,True,0.5605819,
emotion-te-01674,en-Latn,brighter-eng,emotion,transformer,9,anger|fear,fear|sadness,True,0.8823459,
emotion-te-01675,en-Latn,brighter-eng,emotion,transformer,20,joy|surprise,anger|disgust|sadness,True,0.87123746,
emotion-te-01676,en-Latn,brighter-eng,emotion,transformer,13,fear,fear|sadness|surprise,True,0.94336337,
emotion-te-01677,en-Latn,brighter-eng,emotion,transformer,8,joy|surprise,joy|surprise,False,0.94857764,
emotion-te-01678,en-Latn,brighter-eng,emotion,transformer,8,anger|fear,fear|surprise,True,0.9387291,
emotion-te-01679,en-Latn,brighter-eng,emotion,transformer,7,fear|sadness|surprise,fear|surprise,True,0.91640645,
emotion-te-01680,en-Latn,brighter-eng,emotion,transformer,20,joy,joy,False,0.89441496,
emotion-te-01681,en-Latn,brighter-eng,emotion,transformer,23,fear|sadness,fear|sadness,False,0.87852067,
emotion-te-01682,en-Latn,brighter-eng,emotion,transformer,16,fear|surprise,fear|sadness,True,0.95433104,
emotion-te-01683,en-Latn,brighter-eng,emotion,transformer,4,none,none,False,0.3855807,
emotion-te-01684,en-Latn,brighter-eng,emotion,transformer,20,fear|surprise,fear|surprise,False,0.87099963,
emotion-te-01685,en-Latn,brighter-eng,emotion,transformer,25,fear|sadness|surprise,surprise,True,0.7609413,
emotion-te-01686,en-Latn,brighter-eng,emotion,transformer,7,anger|fear|sadness|surprise,fear|surprise,True,0.9169936,
emotion-te-01687,en-Latn,brighter-eng,emotion,transformer,10,joy,joy,False,0.9131171,
emotion-te-01688,en-Latn,brighter-eng,emotion,transformer,8,fear|sadness|surprise,fear|surprise,True,0.8805351,
emotion-te-01689,en-Latn,brighter-eng,emotion,transformer,24,anger,fear,True,0.5507309,
emotion-te-01690,en-Latn,brighter-eng,emotion,transformer,16,joy,joy,False,0.8585498,
emotion-te-01691,en-Latn,brighter-eng,emotion,transformer,12,fear|sadness,fear|sadness,False,0.88600177,
emotion-te-01692,en-Latn,brighter-eng,emotion,transformer,32,fear|surprise,fear|surprise,False,0.94680446,
emotion-te-01693,en-Latn,brighter-eng,emotion,transformer,28,fear|sadness,fear|sadness,False,0.9381035,
emotion-te-01694,en-Latn,brighter-eng,emotion,transformer,40,joy,joy,False,0.9732343,
emotion-te-01695,en-Latn,brighter-eng,emotion,transformer,19,anger|fear,none,True,0.5734543,
emotion-te-01696,en-Latn,brighter-eng,emotion,transformer,4,anger|fear|sadness|surprise,disgust|fear|sadness,True,0.8891542,
emotion-te-01697,en-Latn,brighter-eng,emotion,transformer,9,joy,joy,False,0.91561896,
emotion-te-01698,en-Latn,brighter-eng,emotion,transformer,5,anger|fear,fear,True,0.60275435,
emotion-te-01699,en-Latn,brighter-eng,emotion,transformer,28,fear|sadness,anger|disgust|fear|sadness,True,0.8741742,
emotion-te-01700,en-Latn,brighter-eng,emotion,transformer,15,none,none,False,0.31599635,
emotion-te-01701,en-Latn,brighter-eng,emotion,transformer,4,fear|sadness|surprise,fear|sadness,True,0.8934688,
emotion-te-01702,en-Latn,brighter-eng,emotion,transformer,8,anger,anger|disgust|sadness,True,0.88631576,
emotion-te-01703,en-Latn,brighter-eng,emotion,transformer,20,joy,joy,False,0.919933,
emotion-te-01704,en-Latn,brighter-eng,emotion,transformer,22,fear|surprise,joy|surprise,True,0.86551064,
emotion-te-01705,en-Latn,brighter-eng,emotion,transformer,7,none,joy,True,0.6680118,
emotion-te-01706,en-Latn,brighter-eng,emotion,transformer,11,fear|joy|sadness|surprise,joy|surprise,True,0.9287151,
emotion-te-01707,en-Latn,brighter-eng,emotion,transformer,6,fear|sadness,fear|sadness,False,0.908514,
emotion-te-01708,en-Latn,brighter-eng,emotion,transformer,16,fear|sadness|surprise,anger|disgust|fear|sadness|surprise,True,0.90857446,
emotion-te-01709,en-Latn,brighter-eng,emotion,transformer,20,anger|fear|surprise,joy,True,0.7796828,
emotion-te-01710,en-Latn,brighter-eng,emotion,transformer,20,fear|surprise,fear|surprise,False,0.91887736,
emotion-te-01711,en-Latn,brighter-eng,emotion,transformer,26,joy,fear|sadness,True,0.82727426,
emotion-te-01712,en-Latn,brighter-eng,emotion,transformer,33,joy,joy,False,0.81307477,
emotion-te-01713,en-Latn,brighter-eng,emotion,transformer,8,fear|joy|surprise,fear|surprise,True,0.9665381,
emotion-te-01714,en-Latn,brighter-eng,emotion,transformer,11,fear|surprise,joy,True,0.81374073,
emotion-te-01715,en-Latn,brighter-eng,emotion,transformer,6,sadness,none,True,0.36793724,
emotion-te-01716,en-Latn,brighter-eng,emotion,transformer,14,fear|surprise,anger|disgust|fear|sadness|surprise,True,0.9345844,
emotion-te-01717,en-Latn,brighter-eng,emotion,transformer,18,joy,joy,False,0.9688477,
emotion-te-01718,en-Latn,brighter-eng,emotion,transformer,4,fear|surprise,fear|surprise,False,0.8433758,
emotion-te-01719,en-Latn,brighter-eng,emotion,transformer,19,fear|sadness|surprise,fear|sadness,True,0.9454128,
emotion-te-01720,en-Latn,brighter-eng,emotion,transformer,33,none,joy,True,0.83400255,
emotion-te-01721,en-Latn,brighter-eng,emotion,transformer,27,fear|sadness,fear|sadness,False,0.7029901,
emotion-te-01722,en-Latn,brighter-eng,emotion,transformer,16,fear|surprise,fear|sadness,True,0.91887134,
emotion-te-01723,en-Latn,brighter-eng,emotion,transformer,6,surprise,fear|surprise,True,0.884307,
emotion-te-01724,en-Latn,brighter-eng,emotion,transformer,14,fear|joy|surprise,joy,True,0.76856655,
emotion-te-01725,en-Latn,brighter-eng,emotion,transformer,5,joy|surprise,joy|surprise,False,0.905619,
emotion-te-01726,en-Latn,brighter-eng,emotion,transformer,7,fear|joy,joy,True,0.9713003,
emotion-te-01727,en-Latn,brighter-eng,emotion,transformer,6,sadness|surprise,fear|sadness|surprise,True,0.92063624,
emotion-te-01728,en-Latn,brighter-eng,emotion,transformer,8,joy,joy,False,0.9695014,
emotion-te-01729,en-Latn,brighter-eng,emotion,transformer,21,sadness,fear|sadness,True,0.9275906,
emotion-te-01730,en-Latn,brighter-eng,emotion,transformer,19,anger|surprise,fear|surprise,True,0.903037,
emotion-te-01731,en-Latn,brighter-eng,emotion,transformer,8,none,joy,True,0.6735606,
emotion-te-01732,en-Latn,brighter-eng,emotion,transformer,7,none,joy,True,0.975817,
emotion-te-01733,en-Latn,brighter-eng,emotion,transformer,17,fear|sadness,fear|sadness,False,0.82336605,
emotion-te-01734,en-Latn,brighter-eng,emotion,transformer,22,fear|sadness,fear|sadness|surprise,True,0.9222731,
emotion-te-01735,en-Latn,brighter-eng,emotion,transformer,10,fear|surprise,fear|surprise,False,0.8549568,
emotion-te-01736,en-Latn,brighter-eng,emotion,transformer,8,surprise,joy|surprise,True,0.9450711,
emotion-te-01737,en-Latn,brighter-eng,emotion,transformer,16,fear,fear|sadness,True,0.92132086,
emotion-te-01738,en-Latn,brighter-eng,emotion,transformer,8,anger|sadness,anger|disgust|sadness,False,0.9418074,
emotion-te-01739,en-Latn,brighter-eng,emotion,transformer,19,anger,anger|sadness,True,0.70450914,
emotion-te-01740,en-Latn,brighter-eng,emotion,transformer,34,fear,joy,True,0.92106897,
emotion-te-01741,en-Latn,brighter-eng,emotion,transformer,54,fear|joy,fear,True,0.7346539,
emotion-te-01742,en-Latn,brighter-eng,emotion,transformer,47,fear|sadness,fear|sadness,False,0.8968693,
emotion-te-01743,en-Latn,brighter-eng,emotion,transformer,4,fear|sadness,anger|disgust|fear|sadness|surprise,True,0.8941811,
emotion-te-01744,en-Latn,brighter-eng,emotion,transformer,4,fear|surprise,fear|sadness|surprise,True,0.9396413,
emotion-te-01745,en-Latn,brighter-eng,emotion,transformer,13,joy,none,True,0.52437794,
emotion-te-01746,en-Latn,brighter-eng,emotion,transformer,16,fear|surprise,fear|sadness|surprise,True,0.94539946,
emotion-te-01747,en-Latn,brighter-eng,emotion,transformer,41,fear|sadness,fear|sadness,False,0.86723214,
emotion-te-01748,en-Latn,brighter-eng,emotion,transformer,24,fear|surprise,fear|surprise,False,0.88992876,
emotion-te-01749,en-Latn,brighter-eng,emotion,transformer,8,joy,fear|sadness,True,0.71828616,
emotion-te-01750,en-Latn,brighter-eng,emotion,transformer,5,fear|joy|surprise,fear|surprise,True,0.9499968,
emotion-te-01751,en-Latn,brighter-eng,emotion,transformer,46,anger|fear|sadness|surprise,anger|disgust|fear|sadness|surprise,False,0.9116546,
emotion-te-01752,en-Latn,brighter-eng,emotion,transformer,28,fear|sadness|surprise,fear|sadness,True,0.9381155,
emotion-te-01753,en-Latn,brighter-eng,emotion,transformer,14,joy,none,True,0.57915914,
emotion-te-01754,en-Latn,brighter-eng,emotion,transformer,10,fear|surprise,fear|surprise,False,0.95084053,
emotion-te-01755,en-Latn,brighter-eng,emotion,transformer,19,fear|sadness,fear|sadness,False,0.9067904,
emotion-te-01756,en-Latn,brighter-eng,emotion,transformer,36,joy|surprise,joy|surprise,False,0.8739273,
emotion-te-01757,en-Latn,brighter-eng,emotion,transformer,11,anger|fear|sadness,fear|sadness,True,0.891731,
emotion-te-01758,en-Latn,brighter-eng,emotion,transformer,7,fear|surprise,fear|sadness|surprise,True,0.92801625,
emotion-te-01759,en-Latn,brighter-eng,emotion,transformer,17,anger|fear,fear,True,0.71993107,
emotion-te-01760,en-Latn,brighter-eng,emotion,transformer,6,anger,anger|disgust|sadness,True,0.94995403,
emotion-te-01761,en-Latn,brighter-eng,emotion,transformer,6,fear|surprise,fear|sadness|surprise,True,0.8684411,
emotion-te-01762,en-Latn,brighter-eng,emotion,transformer,8,fear,fear|sadness,True,0.9416502,
emotion-te-01763,en-Latn,brighter-eng,emotion,transformer,10,joy,fear|sadness,True,0.82069576,
emotion-te-01764,en-Latn,brighter-eng,emotion,transformer,32,joy|surprise,fear|surprise,True,0.96420074,
emotion-te-01765,en-Latn,brighter-eng,emotion,transformer,16,anger|fear|sadness|surprise,anger|disgust|fear|sadness,True,0.94247085,
emotion-te-01766,en-Latn,brighter-eng,emotion,transformer,7,fear,fear|sadness,True,0.8948022,
emotion-te-01767,en-Latn,brighter-eng,emotion,transformer,16,fear|sadness,joy,True,0.89664555,
emotion-te-01768,en-Latn,brighter-eng,emotion,transformer,11,fear,fear|surprise,True,0.7662065,
emotion-te-01769,en-Latn,brighter-eng,emotion,transformer,5,none,fear,True,0.73786163,
emotion-te-01770,en-Latn,brighter-eng,emotion,transformer,20,fear|sadness,fear|sadness,False,0.889976,
emotion-te-01771,en-Latn,brighter-eng,emotion,transformer,18,fear|surprise,fear|surprise,False,0.9408291,
emotion-te-01772,en-Latn,brighter-eng,emotion,transformer,20,joy,joy,False,0.9789965,
emotion-te-01773,en-Latn,brighter-eng,emotion,transformer,4,fear|sadness,fear|sadness,False,0.79387254,
emotion-te-01774,en-Latn,brighter-eng,emotion,transformer,3,fear,fear|sadness,True,0.87659097,
emotion-te-01775,en-Latn,brighter-eng,emotion,transformer,6,surprise,surprise,False,0.96097124,
emotion-te-01776,en-Latn,brighter-eng,emotion,transformer,15,fear|sadness,fear|sadness,False,0.9140025,
emotion-te-01777,en-Latn,brighter-eng,emotion,transformer,14,joy|surprise,joy|surprise,False,0.8890575,
emotion-te-01778,en-Latn,brighter-eng,emotion,transformer,11,fear,fear|sadness,True,0.8826721,
emotion-te-01779,en-Latn,brighter-eng,emotion,transformer,16,fear,fear|surprise,True,0.88592523,
emotion-te-01780,en-Latn,brighter-eng,emotion,transformer,14,fear|surprise,none,True,0.40071255,
emotion-te-01781,en-Latn,brighter-eng,emotion,transformer,31,anger|surprise,joy|surprise,True,0.9395223,
emotion-te-01782,en-Latn,brighter-eng,emotion,transformer,15,anger|fear,fear,True,0.8168333,
emotion-te-01783,en-Latn,brighter-eng,emotion,transformer,28,joy,joy,False,0.90959793,
emotion-te-01784,en-Latn,brighter-eng,emotion,transformer,19,fear,none,True,0.5226192,
emotion-te-01785,en-Latn,brighter-eng,emotion,transformer,4,fear|sadness,sadness,True,0.77181566,
emotion-te-01786,en-Latn,brighter-eng,emotion,transformer,6,fear|surprise,fear|surprise,False,0.9570899,
emotion-te-01787,en-Latn,brighter-eng,emotion,transformer,4,joy,joy,False,0.97519946,
emotion-te-01788,en-Latn,brighter-eng,emotion,transformer,12,fear|sadness,joy,True,0.96294117,
emotion-te-01789,en-Latn,brighter-eng,emotion,transformer,14,joy,joy,False,0.8857357,
emotion-te-01790,en-Latn,brighter-eng,emotion,transformer,36,joy,joy,False,0.9643976,
emotion-te-01791,en-Latn,brighter-eng,emotion,transformer,16,fear|joy,joy,True,0.9756781,
emotion-te-01792,en-Latn,brighter-eng,emotion,transformer,22,none,joy|surprise,True,0.877756,
emotion-te-01793,en-Latn,brighter-eng,emotion,transformer,20,joy,fear,True,0.7065801,
emotion-te-01794,en-Latn,brighter-eng,emotion,transformer,39,fear|sadness,fear|sadness,False,0.8659416,
emotion-te-01795,en-Latn,brighter-eng,emotion,transformer,10,joy,joy,False,0.9771935,
emotion-te-01796,en-Latn,brighter-eng,emotion,transformer,21,anger,fear|sadness,True,0.8829175,
emotion-te-01797,en-Latn,brighter-eng,emotion,transformer,7,joy,fear|sadness,True,0.8300356,
emotion-te-01798,en-Latn,brighter-eng,emotion,transformer,4,fear|surprise,fear|joy|surprise,True,0.93386483,
emotion-te-01799,en-Latn,brighter-eng,emotion,transformer,25,joy,joy,False,0.73120046,
emotion-te-01800,en-Latn,brighter-eng,emotion,transformer,19,fear|joy|surprise,fear|surprise,True,0.9190565,
emotion-te-01801,en-Latn,brighter-eng,emotion,transformer,11,fear|sadness,fear|sadness,False,0.89012325,
emotion-te-01802,en-Latn,brighter-eng,emotion,transformer,13,joy|sadness,joy,True,0.7483281,
emotion-te-01803,en-Latn,brighter-eng,emotion,transformer,8,fear|surprise,fear|surprise,False,0.8529643,
emotion-te-01804,en-Latn,brighter-eng,emotion,transformer,22,anger|fear|surprise,fear|sadness|surprise,True,0.9198635,
emotion-te-01805,en-Latn,brighter-eng,emotion,transformer,5,fear|surprise,fear|surprise,False,0.9544702,
emotion-te-01806,en-Latn,brighter-eng,emotion,transformer,12,fear,fear|sadness,True,0.82282114,
emotion-te-01807,en-Latn,brighter-eng,emotion,transformer,8,anger,anger|disgust|sadness,True,0.94732636,
emotion-te-01808,en-Latn,brighter-eng,emotion,transformer,34,joy|surprise,joy|surprise,False,0.85319483,
emotion-te-01809,en-Latn,brighter-eng,emotion,transformer,7,fear|sadness,fear|sadness,False,0.8648268,
emotion-te-01810,en-Latn,brighter-eng,emotion,transformer,33,fear,fear,False,0.7375883,
emotion-te-01811,en-Latn,brighter-eng,emotion,transformer,14,fear,fear|sadness,True,0.904066,
emotion-te-01812,en-Latn,brighter-eng,emotion,transformer,38,none,none,False,0.45092115,
emotion-te-01813,en-Latn,brighter-eng,emotion,transformer,40,fear|sadness,fear|sadness,False,0.90488636,
emotion-te-01814,en-Latn,brighter-eng,emotion,transformer,11,none,none,False,0.38511807,
emotion-te-01815,en-Latn,brighter-eng,emotion,transformer,29,surprise,joy|surprise,True,0.9544106,
emotion-te-01816,en-Latn,brighter-eng,emotion,transformer,9,joy,joy,False,0.7534118,
emotion-te-01817,en-Latn,brighter-eng,emotion,transformer,7,joy,joy,False,0.86233246,
emotion-te-01818,en-Latn,brighter-eng,emotion,transformer,5,fear|sadness,fear|sadness,False,0.88454974,
emotion-te-01819,en-Latn,brighter-eng,emotion,transformer,11,surprise,joy|surprise,True,0.8342056,
emotion-te-01820,en-Latn,brighter-eng,emotion,transformer,18,fear,fear|sadness,True,0.94131315,
emotion-te-01821,en-Latn,brighter-eng,emotion,transformer,15,fear|surprise,fear,True,0.6671118,
emotion-te-01822,en-Latn,brighter-eng,emotion,transformer,7,joy|surprise,joy,True,0.9777049,
emotion-te-01823,en-Latn,brighter-eng,emotion,transformer,22,fear|surprise,fear|surprise,False,0.9292815,
emotion-te-01824,en-Latn,brighter-eng,emotion,transformer,12,anger,anger|disgust|fear|sadness|surprise,True,0.84578615,
emotion-te-01825,en-Latn,brighter-eng,emotion,transformer,9,joy,joy,False,0.65702486,
emotion-te-01826,en-Latn,brighter-eng,emotion,transformer,39,fear,fear,False,0.5539153,
emotion-te-01827,en-Latn,brighter-eng,emotion,transformer,24,fear,anger|fear,True,0.6414428,
emotion-te-01828,en-Latn,brighter-eng,emotion,transformer,6,fear|surprise,fear|surprise,False,0.90718853,
emotion-te-01829,en-Latn,brighter-eng,emotion,transformer,20,fear|sadness,fear|sadness,False,0.94490963,
emotion-te-01830,en-Latn,brighter-eng,emotion,transformer,15,fear|surprise,fear|surprise,False,0.9305881,
emotion-te-01831,en-Latn,brighter-eng,emotion,transformer,10,fear|sadness,disgust|fear|sadness|surprise,True,0.92854065,
emotion-te-01832,en-Latn,brighter-eng,emotion,transformer,17,joy,joy,False,0.97668695,
emotion-te-01833,en-Latn,brighter-eng,emotion,transformer,15,fear|surprise,fear|sadness|surprise,True,0.8597629,
emotion-te-01834,en-Latn,brighter-eng,emotion,transformer,11,fear|sadness,fear|sadness,False,0.87934506,
emotion-te-01835,en-Latn,brighter-eng,emotion,transformer,19,surprise,joy|surprise,True,0.85017693,
emotion-te-01836,en-Latn,brighter-eng,emotion,transformer,26,none,fear,True,0.6861352,
emotion-te-01837,en-Latn,brighter-eng,emotion,transformer,17,fear|sadness,fear|sadness,False,0.8561144,
emotion-te-01838,en-Latn,brighter-eng,emotion,transformer,7,fear|sadness|surprise,fear|sadness,True,0.93567467,
emotion-te-01839,en-Latn,brighter-eng,emotion,transformer,12,fear,joy|surprise,True,0.6566066,
emotion-te-01840,en-Latn,brighter-eng,emotion,transformer,21,joy,fear,True,0.60536474,
emotion-te-01841,en-Latn,brighter-eng,emotion,transformer,5,fear|sadness|surprise,fear|sadness|surprise,False,0.91916984,
emotion-te-01842,en-Latn,brighter-eng,emotion,transformer,19,fear,none,True,0.3431248,
emotion-te-01843,en-Latn,brighter-eng,emotion,transformer,6,fear|surprise,fear|surprise,False,0.8899878,
emotion-te-01844,en-Latn,brighter-eng,emotion,transformer,24,fear,fear|sadness,True,0.9521127,
emotion-te-01845,en-Latn,brighter-eng,emotion,transformer,21,none,joy|surprise,True,0.94391996,
emotion-te-01846,en-Latn,brighter-eng,emotion,transformer,14,joy,joy,False,0.96860397,
emotion-te-01847,en-Latn,brighter-eng,emotion,transformer,11,none,joy,True,0.6191178,
emotion-te-01848,en-Latn,brighter-eng,emotion,transformer,11,surprise,none,True,0.3893422,
emotion-te-01849,en-Latn,brighter-eng,emotion,transformer,8,joy|surprise,joy|surprise,False,0.8308212,
emotion-te-01850,en-Latn,brighter-eng,emotion,transformer,17,sadness,fear|sadness,True,0.88253,
emotion-te-01851,en-Latn,brighter-eng,emotion,transformer,12,anger|fear|sadness,anger|disgust|fear|sadness,False,0.8857979,
emotion-te-01852,en-Latn,brighter-eng,emotion,transformer,7,anger|fear,anger|disgust|sadness,True,0.9424409,
emotion-te-01853,en-Latn,brighter-eng,emotion,transformer,6,surprise,surprise,False,0.8766361,
emotion-te-01854,en-Latn,brighter-eng,emotion,transformer,27,anger|fear,joy|surprise,True,0.9159109,
emotion-te-01855,en-Latn,brighter-eng,emotion,transformer,18,joy,joy,False,0.97536635,
emotion-te-01856,en-Latn,brighter-eng,emotion,transformer,43,fear|sadness,fear|surprise,True,0.8105405,
emotion-te-01857,en-Latn,brighter-eng,emotion,transformer,36,fear,fear,False,0.6967138,
emotion-te-01858,en-Latn,brighter-eng,emotion,transformer,17,fear|surprise,fear|sadness,True,0.86871433,
emotion-te-01859,en-Latn,brighter-eng,emotion,transformer,5,joy,joy,False,0.97641057,
emotion-te-01860,en-Latn,brighter-eng,emotion,transformer,40,joy,fear|surprise,True,0.78174716,
emotion-te-01861,en-Latn,brighter-eng,emotion,transformer,6,fear|sadness|surprise,joy|surprise,True,0.79534805,
emotion-te-01862,en-Latn,brighter-eng,emotion,transformer,41,fear|sadness,fear|sadness,False,0.90667254,
emotion-te-01863,en-Latn,brighter-eng,emotion,transformer,5,fear,fear|sadness,True,0.70781314,
emotion-te-01864,en-Latn,brighter-eng,emotion,transformer,21,fear,fear|sadness,True,0.850546,
emotion-te-01865,en-Latn,brighter-eng,emotion,transformer,11,fear|surprise,fear|surprise,False,0.95760113,
emotion-te-01866,en-Latn,brighter-eng,emotion,transformer,4,surprise,joy|surprise,True,0.88117945,
emotion-te-01867,en-Latn,brighter-eng,emotion,transformer,20,joy,joy,False,0.95852804,
emotion-te-01868,en-Latn,brighter-eng,emotion,transformer,15,anger|fear,anger|disgust|fear|sadness,True,0.9121588,
emotion-te-01869,en-Latn,brighter-eng,emotion,transformer,20,surprise,fear|surprise,True,0.92928857,
emotion-te-01870,en-Latn,brighter-eng,emotion,transformer,13,joy|surprise,joy|surprise,False,0.93309456,
emotion-te-01871,en-Latn,brighter-eng,emotion,transformer,14,joy,joy,False,0.94851387,
emotion-te-01872,en-Latn,brighter-eng,emotion,transformer,16,none,fear|sadness,True,0.86502916,
emotion-te-01873,en-Latn,brighter-eng,emotion,transformer,38,joy,joy,False,0.9617117,
emotion-te-01874,en-Latn,brighter-eng,emotion,transformer,19,fear,fear,False,0.78814524,
emotion-te-01875,en-Latn,brighter-eng,emotion,transformer,21,anger|fear,fear|surprise,True,0.6895679,
emotion-te-01876,en-Latn,brighter-eng,emotion,transformer,12,fear|surprise,fear|surprise,False,0.8981431,
emotion-te-01877,en-Latn,brighter-eng,emotion,transformer,37,anger,fear|joy|surprise,True,0.94621485,
emotion-te-01878,en-Latn,brighter-eng,emotion,transformer,10,fear|surprise,fear|surprise,False,0.93469256,
emotion-te-01879,en-Latn,brighter-eng,emotion,transformer,4,none,fear|sadness,True,0.91511714,
emotion-te-01880,en-Latn,brighter-eng,emotion,transformer,13,fear|joy,surprise,True,0.71995276,
emotion-te-01881,en-Latn,brighter-eng,emotion,transformer,11,fear|sadness,joy,True,0.75786346,
emotion-te-01882,en-Latn,brighter-eng,emotion,transformer,6,fear|surprise,fear|surprise,False,0.94564664,
emotion-te-01883,en-Latn,brighter-eng,emotion,transformer,26,none,none,False,0.5135085,
emotion-te-01884,en-Latn,brighter-eng,emotion,transformer,8,anger,anger|disgust|sadness,True,0.9475544,
emotion-te-01885,en-Latn,brighter-eng,emotion,transformer,9,joy,joy,False,0.96486557,
emotion-te-01886,en-Latn,brighter-eng,emotion,transformer,4,fear|surprise,anger|disgust|fear|sadness|surprise,True,0.88228476,
emotion-te-01887,en-Latn,brighter-eng,emotion,transformer,15,none,fear,True,0.57907027,
emotion-te-01888,en-Latn,brighter-eng,emotion,transformer,40,joy,joy,False,0.8647993,
emotion-te-01889,en-Latn,brighter-eng,emotion,transformer,14,fear|sadness,fear|sadness,False,0.8884388,
emotion-te-01890,en-Latn,brighter-eng,emotion,transformer,4,fear|surprise,fear|surprise,False,0.935216,
emotion-te-01891,en-Latn,brighter-eng,emotion,transformer,7,none,none,False,0.43808365,
emotion-te-01892,en-Latn,brighter-eng,emotion,transformer,8,surprise,fear|surprise,True,0.9248128,
emotion-te-01893,en-Latn,brighter-eng,emotion,transformer,8,anger|surprise,fear|surprise,True,0.9070392,
emotion-te-01894,en-Latn,brighter-eng,emotion,transformer,6,joy,joy,False,0.91504806,
emotion-te-01895,en-Latn,brighter-eng,emotion,transformer,10,fear|sadness,fear|sadness,False,0.9020661,
emotion-te-01896,en-Latn,brighter-eng,emotion,transformer,17,joy,joy,False,0.78321123,
emotion-te-01897,en-Latn,brighter-eng,emotion,transformer,20,anger|fear|sadness|surprise,anger|disgust|sadness,True,0.94949704,
emotion-te-01898,en-Latn,brighter-eng,emotion,transformer,18,surprise,fear|surprise,True,0.8068082,
emotion-te-01899,en-Latn,brighter-eng,emotion,transformer,12,fear|sadness,fear,True,0.877028,
emotion-te-01900,en-Latn,brighter-eng,emotion,transformer,23,fear,fear|sadness,True,0.9025775,
emotion-te-01901,en-Latn,brighter-eng,emotion,transformer,21,joy,fear|sadness,True,0.89300126,
emotion-te-01902,en-Latn,brighter-eng,emotion,transformer,22,none,fear|surprise,True,0.7359717,
emotion-te-01903,en-Latn,brighter-eng,emotion,transformer,12,fear|surprise,fear|sadness,True,0.95494336,
emotion-te-01904,en-Latn,brighter-eng,emotion,transformer,16,fear,fear|sadness,True,0.9435683,
emotion-te-01905,en-Latn,brighter-eng,emotion,transformer,4,anger|fear|sadness,anger|disgust|fear|sadness,False,0.9306114,
emotion-te-01906,en-Latn,brighter-eng,emotion,transformer,10,none,joy,True,0.6492912,
emotion-te-01907,en-Latn,brighter-eng,emotion,transformer,11,fear|surprise,fear|sadness|surprise,True,0.8899855,
emotion-te-01908,en-Latn,brighter-eng,emotion,transformer,8,fear,fear|surprise,True,0.64185685,
emotion-te-01909,en-Latn,brighter-eng,emotion,transformer,4,anger|joy,fear|sadness,True,0.82146084,
emotion-te-01910,en-Latn,brighter-eng,emotion,transformer,7,anger|fear|surprise,anger|disgust|fear|sadness|surprise,True,0.83101946,
emotion-te-01911,en-Latn,brighter-eng,emotion,transformer,4,anger,fear|surprise,True,0.8659198,
emotion-te-01912,en-Latn,brighter-eng,emotion,transformer,4,joy|surprise,joy|surprise,False,0.8361681,
emotion-te-01913,en-Latn,brighter-eng,emotion,transformer,2,surprise,none,True,0.41980016,
emotion-te-01914,en-Latn,brighter-eng,emotion,transformer,13,none,none,False,0.31297958,
emotion-te-01915,en-Latn,brighter-eng,emotion,transformer,8,fear|surprise,fear|surprise,False,0.92503995,
emotion-te-01916,en-Latn,brighter-eng,emotion,transformer,35,fear|joy|surprise,joy|surprise,True,0.92575186,
emotion-te-01917,en-Latn,brighter-eng,emotion,transformer,9,sadness,fear,True,0.8141816,
emotion-te-01918,en-Latn,brighter-eng,emotion,transformer,13,joy|sadness,joy|surprise,True,0.684156,
emotion-te-01919,en-Latn,brighter-eng,emotion,transformer,39,none,fear,True,0.56877095,
emotion-te-01920,en-Latn,brighter-eng,emotion,transformer,47,fear,fear,False,0.89166,
emotion-te-01921,en-Latn,brighter-eng,emotion,transformer,12,fear|sadness|surprise,joy,True,0.8853804,
emotion-te-01922,en-Latn,brighter-eng,emotion,transformer,7,fear|sadness,fear|sadness,False,0.90119076,
emotion-te-01923,en-Latn,brighter-eng,emotion,transformer,28,fear|sadness|surprise,fear,True,0.6566166,
emotion-te-01924,en-Latn,brighter-eng,emotion,transformer,28,joy,joy,False,0.9154523,
emotion-te-01925,en-Latn,brighter-eng,emotion,transformer,5,none,fear|surprise,True,0.94824195,
emotion-te-01926,en-Latn,brighter-eng,emotion,transformer,13,joy,fear,True,0.5690854,
emotion-te-01927,en-Latn,brighter-eng,emotion,transformer,8,surprise,fear|surprise,True,0.7158611,
emotion-te-01928,en-Latn,brighter-eng,emotion,transformer,54,fear|sadness,fear|sadness,False,0.89389867,
emotion-te-01929,en-Latn,brighter-eng,emotion,transformer,19,anger|fear,fear,True,0.55640364,
emotion-te-01930,en-Latn,brighter-eng,emotion,transformer,14,fear|sadness|surprise,fear|sadness,True,0.94031286,
emotion-te-01931,en-Latn,brighter-eng,emotion,transformer,20,joy,joy,False,0.90280837,
emotion-te-01932,en-Latn,brighter-eng,emotion,transformer,4,none,joy|surprise,True,0.7914117,
emotion-te-01933,en-Latn,brighter-eng,emotion,transformer,19,fear|sadness,fear|sadness,False,0.946877,
emotion-te-01934,en-Latn,brighter-eng,emotion,transformer,11,fear|joy|sadness,fear,True,0.7815397,
emotion-te-01935,en-Latn,brighter-eng,emotion,transformer,12,anger|fear|sadness,anger|disgust|fear|sadness,False,0.91078466,
emotion-te-01936,en-Latn,brighter-eng,emotion,transformer,4,fear|surprise,none,True,0.4498824,
emotion-te-01937,en-Latn,brighter-eng,emotion,transformer,4,anger,fear|surprise,True,0.8389987,
emotion-te-01938,en-Latn,brighter-eng,emotion,transformer,4,anger|fear|surprise,fear|surprise,True,0.91219735,
emotion-te-01939,en-Latn,brighter-eng,emotion,transformer,13,joy,joy,False,0.97818553,
emotion-te-01940,en-Latn,brighter-eng,emotion,transformer,7,sadness|surprise,anger|disgust|surprise,True,0.77788323,
emotion-te-01941,en-Latn,brighter-eng,emotion,transformer,29,joy,joy,False,0.87296146,
emotion-te-01942,en-Latn,brighter-eng,emotion,transformer,9,fear|surprise,joy,True,0.90014416,
emotion-te-01943,en-Latn,brighter-eng,emotion,transformer,5,none,fear|sadness,True,0.8409286,
emotion-te-01944,en-Latn,brighter-eng,emotion,transformer,21,fear|joy,none,True,0.5491996,
emotion-te-01945,en-Latn,brighter-eng,emotion,transformer,8,fear,fear|sadness,True,0.91831887,
emotion-te-01946,en-Latn,brighter-eng,emotion,transformer,5,fear|surprise,joy|surprise,True,0.920036,
emotion-te-01947,en-Latn,brighter-eng,emotion,transformer,15,fear,none,True,0.30207202,
emotion-te-01948,en-Latn,brighter-eng,emotion,transformer,10,fear,fear|sadness,True,0.7501959,
emotion-te-01949,en-Latn,brighter-eng,emotion,transformer,22,fear,fear,False,0.82805586,
emotion-te-01950,en-Latn,brighter-eng,emotion,transformer,30,fear|sadness,fear|sadness,False,0.64335704,
emotion-te-01951,en-Latn,brighter-eng,emotion,transformer,30,fear|sadness,fear|sadness,False,0.882649,
emotion-te-01952,en-Latn,brighter-eng,emotion,transformer,13,joy|surprise,joy,True,0.7110035,
emotion-te-01953,en-Latn,brighter-eng,emotion,transformer,4,fear|surprise,fear|surprise,False,0.84804386,
emotion-te-01954,en-Latn,brighter-eng,emotion,transformer,12,anger|fear|sadness|surprise,anger|disgust|sadness,True,0.9436804,
emotion-te-01955,en-Latn,brighter-eng,emotion,transformer,8,none,none,False,0.36447307,
emotion-te-01956,en-Latn,brighter-eng,emotion,transformer,7,fear|surprise,fear|surprise,False,0.9337641,
emotion-te-01957,en-Latn,brighter-eng,emotion,transformer,13,surprise,joy,True,0.861761,
emotion-te-01958,en-Latn,brighter-eng,emotion,transformer,7,joy,joy,False,0.654864,
emotion-te-01959,en-Latn,brighter-eng,emotion,transformer,19,fear|sadness|surprise,disgust|fear|sadness|surprise,False,0.9251365,
emotion-te-01960,en-Latn,brighter-eng,emotion,transformer,33,anger|fear|sadness,anger|disgust|sadness,True,0.9399725,
emotion-te-01961,en-Latn,brighter-eng,emotion,transformer,33,joy|surprise,joy|surprise,False,0.9257696,
emotion-te-01962,en-Latn,brighter-eng,emotion,transformer,16,fear|sadness,joy|surprise,True,0.84615594,
emotion-te-01963,en-Latn,brighter-eng,emotion,transformer,7,joy,joy,False,0.84301203,
emotion-te-01964,en-Latn,brighter-eng,emotion,transformer,11,fear|sadness,fear|sadness,False,0.83809495,
emotion-te-01965,en-Latn,brighter-eng,emotion,transformer,21,anger|fear,fear|sadness,True,0.7501481,
emotion-te-01966,en-Latn,brighter-eng,emotion,transformer,26,none,none,False,0.5266409,
emotion-te-01967,en-Latn,brighter-eng,emotion,transformer,4,none,joy,True,0.66866785,
emotion-te-01968,en-Latn,brighter-eng,emotion,transformer,39,anger|fear,fear|sadness,True,0.9160394,
emotion-te-01969,en-Latn,brighter-eng,emotion,transformer,4,fear|surprise,joy|surprise,True,0.8584791,
emotion-te-01970,en-Latn,brighter-eng,emotion,transformer,15,fear|sadness|surprise,anger|disgust|fear|sadness,True,0.8533108,
emotion-te-01971,en-Latn,brighter-eng,emotion,transformer,53,fear|sadness|surprise,anger|disgust|fear|sadness,True,0.8879289,
emotion-te-01972,en-Latn,brighter-eng,emotion,transformer,20,fear|sadness,anger|disgust|fear|sadness,True,0.86689997,
emotion-te-01973,en-Latn,brighter-eng,emotion,transformer,18,sadness,fear|sadness,True,0.87352544,
emotion-te-01974,en-Latn,brighter-eng,emotion,transformer,4,fear|surprise,fear|surprise,False,0.9285314,
emotion-te-01975,en-Latn,brighter-eng,emotion,transformer,7,fear|sadness,fear|sadness,False,0.8643072,
emotion-te-01976,en-Latn,brighter-eng,emotion,transformer,10,none,none,False,0.32982403,
emotion-te-01977,en-Latn,brighter-eng,emotion,transformer,9,anger|fear|surprise,anger|disgust|fear|surprise,False,0.8602311,
emotion-te-01978,en-Latn,brighter-eng,emotion,transformer,7,fear|sadness,fear|sadness,False,0.8909595,
emotion-te-01979,en-Latn,brighter-eng,emotion,transformer,7,joy,none,True,0.5456821,
emotion-te-01980,en-Latn,brighter-eng,emotion,transformer,12,joy,fear|surprise,True,0.8983472,
emotion-te-01981,en-Latn,brighter-eng,emotion,transformer,7,fear|sadness,fear|sadness,False,0.8847491,
emotion-te-01982,en-Latn,brighter-eng,emotion,transformer,6,none,joy,True,0.7702036,
emotion-te-01983,en-Latn,brighter-eng,emotion,transformer,36,fear|sadness,fear|sadness,False,0.8107235,
emotion-te-01984,en-Latn,brighter-eng,emotion,transformer,4,fear|surprise,fear|surprise,False,0.76188517,
emotion-te-01985,en-Latn,brighter-eng,emotion,transformer,32,fear|joy|surprise,joy,True,0.90323615,
emotion-te-01986,en-Latn,brighter-eng,emotion,transformer,12,anger|fear|surprise,fear|sadness,True,0.8344884,
emotion-te-01987,en-Latn,brighter-eng,emotion,transformer,5,fear|surprise,fear|surprise,False,0.9506943,
emotion-te-01988,en-Latn,brighter-eng,emotion,transformer,7,anger|fear|sadness,anger|disgust|fear|sadness|surprise,True,0.84235394,
emotion-te-01989,en-Latn,brighter-eng,emotion,transformer,11,fear,fear|sadness,True,0.9073934,
emotion-te-01990,en-Latn,brighter-eng,emotion,transformer,13,surprise,joy|surprise,True,0.7985981,
emotion-te-01991,en-Latn,brighter-eng,emotion,transformer,22,fear|sadness,fear|sadness,False,0.88403636,
emotion-te-01992,en-Latn,brighter-eng,emotion,transformer,7,anger|joy|surprise,anger|disgust|surprise,True,0.8040943,
emotion-te-01993,en-Latn,brighter-eng,emotion,transformer,30,joy,joy|surprise,True,0.9635765,
emotion-te-01994,en-Latn,brighter-eng,emotion,transformer,14,joy,joy|surprise,True,0.96966445,
emotion-te-01995,en-Latn,brighter-eng,emotion,transformer,10,fear|sadness,fear|sadness,False,0.91775006,
emotion-te-01996,en-Latn,brighter-eng,emotion,transformer,12,fear,fear|sadness,True,0.9144926,
emotion-te-01997,en-Latn,brighter-eng,emotion,transformer,7,none,fear|sadness,True,0.85278803,
emotion-te-01998,en-Latn,brighter-eng,emotion,transformer,11,fear|sadness,fear|sadness,False,0.8645542,
emotion-te-01999,en-Latn,brighter-eng,emotion,transformer,36,joy|surprise,joy|surprise,False,0.91210604,
emotion-te-02000,en-Latn,brighter-eng,emotion,transformer,4,joy,joy,False,0.9842588,
emotion-te-02001,en-Latn,brighter-eng,emotion,transformer,4,fear|surprise,fear|sadness|surprise,True,0.9419554,
emotion-te-02002,en-Latn,brighter-eng,emotion,transformer,6,fear,none,True,0.30547976,
emotion-te-02003,en-Latn,brighter-eng,emotion,transformer,20,fear|surprise,fear|surprise,False,0.89068526,
emotion-te-02004,en-Latn,brighter-eng,emotion,transformer,23,none,fear|surprise,True,0.9222493,
emotion-te-02005,en-Latn,brighter-eng,emotion,transformer,6,fear|sadness,fear|sadness,False,0.9543436,
emotion-te-02006,en-Latn,brighter-eng,emotion,transformer,16,fear|surprise,fear|surprise,False,0.9118155,
emotion-te-02007,en-Latn,brighter-eng,emotion,transformer,14,sadness,fear|sadness,True,0.8745901,
emotion-te-02008,en-Latn,brighter-eng,emotion,transformer,44,anger|joy,joy,True,0.83450246,
emotion-te-02009,en-Latn,brighter-eng,emotion,transformer,38,none,none,False,0.5158174,
emotion-te-02010,en-Latn,brighter-eng,emotion,transformer,48,fear,fear|sadness,True,0.910962,
emotion-te-02011,en-Latn,brighter-eng,emotion,transformer,13,anger|fear|sadness,anger|disgust|fear|sadness,False,0.84903306,
emotion-te-02012,en-Latn,brighter-eng,emotion,transformer,20,joy|sadness,joy|surprise,True,0.9223671,
emotion-te-02013,en-Latn,brighter-eng,emotion,transformer,7,fear|surprise,fear|surprise,False,0.81579626,
emotion-te-02014,en-Latn,brighter-eng,emotion,transformer,19,fear|sadness|surprise,fear|sadness|surprise,False,0.9272269,
emotion-te-02015,en-Latn,brighter-eng,emotion,transformer,9,none,none,False,0.3092394,
emotion-te-02016,en-Latn,brighter-eng,emotion,transformer,26,joy,joy,False,0.94791836,
emotion-te-02017,en-Latn,brighter-eng,emotion,transformer,7,none,none,False,0.17732301,
emotion-te-02018,en-Latn,brighter-eng,emotion,transformer,5,fear|sadness,fear|surprise,True,0.9201616,
emotion-te-02019,en-Latn,brighter-eng,emotion,transformer,11,fear,none,True,0.20437078,
emotion-te-02020,en-Latn,brighter-eng,emotion,transformer,9,fear,fear,False,0.6111962,
emotion-te-02021,en-Latn,brighter-eng,emotion,transformer,29,joy,joy,False,0.92746353,
emotion-te-02022,en-Latn,brighter-eng,emotion,transformer,5,none,surprise,True,0.7521888,
emotion-te-02023,en-Latn,brighter-eng,emotion,transformer,21,fear|sadness,fear|sadness,False,0.92292595,
emotion-te-02024,en-Latn,brighter-eng,emotion,transformer,17,joy,joy,False,0.88210195,
emotion-te-02025,en-Latn,brighter-eng,emotion,transformer,17,anger,anger|disgust|fear|sadness,True,0.8559879,
emotion-te-02026,en-Latn,brighter-eng,emotion,transformer,30,fear|surprise,anger|disgust|fear|sadness,True,0.91942286,
emotion-te-02027,en-Latn,brighter-eng,emotion,transformer,18,anger|surprise,joy|surprise,True,0.920378,
emotion-te-02028,en-Latn,brighter-eng,emotion,transformer,27,joy,joy,False,0.8728425,
emotion-te-02029,en-Latn,brighter-eng,emotion,transformer,15,joy,joy,False,0.9515617,
emotion-te-02030,en-Latn,brighter-eng,emotion,transformer,4,anger|fear|sadness,fear|sadness,True,0.62184227,
emotion-te-02031,en-Latn,brighter-eng,emotion,transformer,4,fear|sadness|surprise,fear|surprise,True,0.8840093,
emotion-te-02032,en-Latn,brighter-eng,emotion,transformer,9,joy,joy,False,0.8103285,
emotion-te-02033,en-Latn,brighter-eng,emotion,transformer,16,joy|sadness,joy,True,0.96987367,
emotion-te-02034,en-Latn,brighter-eng,emotion,transformer,21,fear|sadness,fear|sadness,False,0.9451212,
emotion-te-02035,en-Latn,brighter-eng,emotion,transformer,9,joy,joy,False,0.82205796,
emotion-te-02036,en-Latn,brighter-eng,emotion,transformer,9,fear|sadness,anger|disgust|fear|sadness|surprise,True,0.8703094,
emotion-te-02037,en-Latn,brighter-eng,emotion,transformer,3,joy,joy|surprise,True,0.8726092,
emotion-te-02038,en-Latn,brighter-eng,emotion,transformer,10,joy,joy,False,0.95285934,
emotion-te-02039,en-Latn,brighter-eng,emotion,transformer,32,anger|fear|sadness,anger|disgust|fear|sadness,False,0.85726225,
emotion-te-02040,en-Latn,brighter-eng,emotion,transformer,16,joy,joy,False,0.98001796,
emotion-te-02041,en-Latn,brighter-eng,emotion,transformer,6,anger|fear|surprise,surprise,True,0.8027894,
emotion-te-02042,en-Latn,brighter-eng,emotion,transformer,30,anger,none,True,0.32575274,
emotion-te-02043,en-Latn,brighter-eng,emotion,transformer,9,fear|sadness,fear|sadness,False,0.8416884,
emotion-te-02044,en-Latn,brighter-eng,emotion,transformer,6,joy,joy,False,0.9807124,
emotion-te-02045,en-Latn,brighter-eng,emotion,transformer,27,none,anger|disgust|sadness,True,0.9278395,
emotion-te-02046,en-Latn,brighter-eng,emotion,transformer,16,joy,joy,False,0.98513836,
emotion-te-02047,en-Latn,brighter-eng,emotion,transformer,10,joy|surprise,fear|sadness|surprise,True,0.9467659,
emotion-te-02048,en-Latn,brighter-eng,emotion,transformer,27,joy,joy,False,0.9336614,
emotion-te-02049,en-Latn,brighter-eng,emotion,transformer,21,sadness,fear|sadness|surprise,True,0.9266702,
emotion-te-02050,en-Latn,brighter-eng,emotion,transformer,72,fear|joy,joy|surprise,True,0.87711376,
emotion-te-02051,en-Latn,brighter-eng,emotion,transformer,10,fear|surprise,fear|surprise,False,0.90823585,
emotion-te-02052,en-Latn,brighter-eng,emotion,transformer,12,joy,none,True,0.28064886,
emotion-te-02053,en-Latn,brighter-eng,emotion,transformer,4,none,none,False,0.3716827,
emotion-te-02054,en-Latn,brighter-eng,emotion,transformer,12,fear|surprise,fear|sadness,True,0.9599452,
emotion-te-02055,en-Latn,brighter-eng,emotion,transformer,13,fear,fear|sadness,True,0.9200431,
emotion-te-02056,en-Latn,brighter-eng,emotion,transformer,39,none,joy,True,0.71651584,
emotion-te-02057,en-Latn,brighter-eng,emotion,transformer,5,anger|fear|surprise,anger|disgust|fear|sadness|surprise,True,0.8304995,
emotion-te-02058,en-Latn,brighter-eng,emotion,transformer,10,fear,fear|sadness,True,0.9322199,
emotion-te-02059,en-Latn,brighter-eng,emotion,transformer,5,none,fear|sadness,True,0.7242201,
emotion-te-02060,en-Latn,brighter-eng,emotion,transformer,4,anger,anger|disgust|fear|sadness,True,0.7285877,
emotion-te-02061,en-Latn,brighter-eng,emotion,transformer,10,joy,joy,False,0.9689519,
emotion-te-02062,en-Latn,brighter-eng,emotion,transformer,34,fear,joy|surprise,True,0.901015,
emotion-te-02063,en-Latn,brighter-eng,emotion,transformer,14,fear|sadness,none,True,0.53106743,
emotion-te-02064,en-Latn,brighter-eng,emotion,transformer,7,sadness,joy|surprise,True,0.85292363,
emotion-te-02065,en-Latn,brighter-eng,emotion,transformer,9,fear|sadness,fear,True,0.6558673,
emotion-te-02066,en-Latn,brighter-eng,emotion,transformer,8,fear|sadness,fear|sadness,False,0.85030025,
emotion-te-02067,en-Latn,brighter-eng,emotion,transformer,7,none,joy,True,0.9687843,
emotion-te-02068,en-Latn,brighter-eng,emotion,transformer,10,fear|surprise,fear|surprise,False,0.94220126,
emotion-te-02069,en-Latn,brighter-eng,emotion,transformer,3,sadness,anger|disgust|fear|sadness,True,0.9041088,
emotion-te-02070,en-Latn,brighter-eng,emotion,transformer,26,fear|sadness|surprise,anger|disgust|fear|sadness|surprise,True,0.9111035,
emotion-te-02071,en-Latn,brighter-eng,emotion,transformer,13,fear,fear|sadness,True,0.904951,
emotion-te-02072,en-Latn,brighter-eng,emotion,transformer,7,fear,fear,False,0.6948839,
emotion-te-02073,en-Latn,brighter-eng,emotion,transformer,4,fear|surprise,anger|disgust|fear|sadness|surprise,True,0.90333176,
emotion-te-02074,en-Latn,brighter-eng,emotion,transformer,19,fear,none,True,0.47080934,
emotion-te-02075,en-Latn,brighter-eng,emotion,transformer,4,fear|surprise,fear|surprise,False,0.8984434,
emotion-te-02076,en-Latn,brighter-eng,emotion,transformer,13,fear|sadness,fear|sadness,False,0.8864849,
emotion-te-02077,en-Latn,brighter-eng,emotion,transformer,24,fear|sadness,fear|sadness,False,0.88376546,
emotion-te-02078,en-Latn,brighter-eng,emotion,transformer,28,fear|sadness,surprise,True,0.63445526,
emotion-te-02079,en-Latn,brighter-eng,emotion,transformer,31,anger|fear,none,True,0.47878712,
emotion-te-02080,en-Latn,brighter-eng,emotion,transformer,11,joy,fear|sadness|surprise,True,0.9184872,
emotion-te-02081,en-Latn,brighter-eng,emotion,transformer,16,fear|sadness,fear,True,0.62015,
emotion-te-02082,en-Latn,brighter-eng,emotion,transformer,10,joy,joy,False,0.966845,
emotion-te-02083,en-Latn,brighter-eng,emotion,transformer,17,fear|sadness,fear,True,0.70018834,
emotion-te-02084,en-Latn,brighter-eng,emotion,transformer,5,sadness,fear|surprise,True,0.7705566,
emotion-te-02085,en-Latn,brighter-eng,emotion,transformer,7,fear|surprise,joy,True,0.8426501,
emotion-te-02086,en-Latn,brighter-eng,emotion,transformer,63,fear|sadness,joy,True,0.8548758,
emotion-te-02087,en-Latn,brighter-eng,emotion,transformer,8,fear|sadness,disgust|fear|sadness,False,0.9198759,
emotion-te-02088,en-Latn,brighter-eng,emotion,transformer,12,joy,joy,False,0.9571656,
emotion-te-02089,en-Latn,brighter-eng,emotion,transformer,11,anger|fear|surprise,anger|disgust|sadness,True,0.89743495,
emotion-te-02090,en-Latn,brighter-eng,emotion,transformer,22,anger|fear|surprise,surprise,True,0.94464946,
emotion-te-02091,en-Latn,brighter-eng,emotion,transformer,31,fear,fear|sadness,True,0.934976,
emotion-te-02092,en-Latn,brighter-eng,emotion,transformer,17,joy,joy,False,0.958617,
emotion-te-02093,en-Latn,brighter-eng,emotion,transformer,10,sadness,fear|sadness,True,0.8586219,
emotion-te-02094,en-Latn,brighter-eng,emotion,transformer,8,anger,joy,True,0.8013807,
emotion-te-02095,en-Latn,brighter-eng,emotion,transformer,4,none,none,False,0.3518887,
emotion-te-02096,en-Latn,brighter-eng,emotion,transformer,9,fear|sadness|surprise,fear|sadness,True,0.9140309,
emotion-te-02097,en-Latn,brighter-eng,emotion,transformer,19,anger|fear,anger|disgust|fear|sadness,True,0.8783026,
emotion-te-02098,en-Latn,brighter-eng,emotion,transformer,12,fear|sadness,fear|sadness,False,0.90584546,
emotion-te-02099,en-Latn,brighter-eng,emotion,transformer,10,fear,fear|sadness,True,0.9250592,
emotion-te-02100,en-Latn,brighter-eng,emotion,transformer,17,joy,joy,False,0.95386,
emotion-te-02101,en-Latn,brighter-eng,emotion,transformer,63,fear|sadness,none,True,0.4828854,
emotion-te-02102,en-Latn,brighter-eng,emotion,transformer,11,anger|fear|sadness|surprise,anger|disgust|fear|sadness|surprise,False,0.88603956,
emotion-te-02103,en-Latn,brighter-eng,emotion,transformer,7,joy,joy,False,0.9729614,
emotion-te-02104,en-Latn,brighter-eng,emotion,transformer,15,none,joy|surprise,True,0.84239084,
emotion-te-02105,en-Latn,brighter-eng,emotion,transformer,15,fear|sadness,fear|sadness|surprise,True,0.9535623,
emotion-te-02106,en-Latn,brighter-eng,emotion,transformer,17,surprise,none,True,0.28723702,
emotion-te-02107,en-Latn,brighter-eng,emotion,transformer,7,surprise,fear|surprise,True,0.90179706,
emotion-te-02108,en-Latn,brighter-eng,emotion,transformer,15,fear|surprise,fear|surprise,False,0.9458429,
emotion-te-02109,en-Latn,brighter-eng,emotion,transformer,15,fear|sadness,fear|sadness,False,0.9496066,
emotion-te-02110,en-Latn,brighter-eng,emotion,transformer,25,fear|sadness,fear|sadness,False,0.865542,
emotion-te-02111,en-Latn,brighter-eng,emotion,transformer,19,fear,fear|surprise,True,0.9220789,
emotion-te-02112,en-Latn,brighter-eng,emotion,transformer,6,fear|surprise,fear|surprise,False,0.88871837,
emotion-te-02113,en-Latn,brighter-eng,emotion,transformer,31,fear|sadness,disgust|fear|sadness,False,0.8698796,
emotion-te-02114,en-Latn,brighter-eng,emotion,transformer,14,fear|joy,joy|surprise,True,0.9684637,
emotion-te-02115,en-Latn,brighter-eng,emotion,transformer,13,fear,none,True,0.52709067,
emotion-te-02116,en-Latn,brighter-eng,emotion,transformer,31,anger|fear|sadness,fear|sadness,True,0.87875843,
emotion-te-02117,en-Latn,brighter-eng,emotion,transformer,17,fear|sadness,fear|sadness,False,0.8729741,
emotion-te-02118,en-Latn,brighter-eng,emotion,transformer,12,none,joy,True,0.69133306,
emotion-te-02119,en-Latn,brighter-eng,emotion,transformer,33,fear|sadness,disgust|fear|sadness,False,0.9215564,
emotion-te-02120,en-Latn,brighter-eng,emotion,transformer,7,none,none,False,0.3670294,
emotion-te-02121,en-Latn,brighter-eng,emotion,transformer,10,joy,joy,False,0.89133483,
emotion-te-02122,en-Latn,brighter-eng,emotion,transformer,13,fear|sadness,fear|sadness,False,0.8963993,
emotion-te-02123,en-Latn,brighter-eng,emotion,transformer,7,none,joy,True,0.87872356,
emotion-te-02124,en-Latn,brighter-eng,emotion,transformer,11,anger|fear|surprise,fear|sadness|surprise,True,0.85693896,
emotion-te-02125,en-Latn,brighter-eng,emotion,transformer,12,fear|surprise,fear|surprise,False,0.9191859,
emotion-te-02126,en-Latn,brighter-eng,emotion,transformer,16,fear|sadness|surprise,fear|surprise,True,0.9002679,
emotion-te-02127,en-Latn,brighter-eng,emotion,transformer,3,joy,joy,False,0.9353017,
emotion-te-02128,en-Latn,brighter-eng,emotion,transformer,16,fear|surprise,fear|surprise,False,0.92376006,
emotion-te-02129,en-Latn,brighter-eng,emotion,transformer,10,fear|sadness|surprise,fear|surprise,True,0.9241147,
emotion-te-02130,en-Latn,brighter-eng,emotion,transformer,10,joy,joy,False,0.7706361,
emotion-te-02131,en-Latn,brighter-eng,emotion,transformer,4,none,fear|sadness|surprise,True,0.8287186,
emotion-te-02132,en-Latn,brighter-eng,emotion,transformer,12,fear|sadness,fear|sadness,False,0.9158231,
emotion-te-02133,en-Latn,brighter-eng,emotion,transformer,8,none,none,False,0.2673496,
emotion-te-02134,en-Latn,brighter-eng,emotion,transformer,25,joy|sadness,none,True,0.49905813,
emotion-te-02135,en-Latn,brighter-eng,emotion,transformer,11,sadness,joy,True,0.9447354,
emotion-te-02136,en-Latn,brighter-eng,emotion,transformer,18,joy,joy,False,0.6357075,
emotion-te-02137,en-Latn,brighter-eng,emotion,transformer,16,joy|surprise,joy,True,0.85069406,
emotion-te-02138,en-Latn,brighter-eng,emotion,transformer,68,joy,fear|sadness,True,0.91352564,
emotion-te-02139,en-Latn,brighter-eng,emotion,transformer,14,fear|sadness,anger|disgust|fear|sadness,True,0.7415946,
emotion-te-02140,en-Latn,brighter-eng,emotion,transformer,11,fear|sadness,fear|sadness,False,0.90900123,
emotion-te-02141,en-Latn,brighter-eng,emotion,transformer,16,fear|sadness,anger|disgust|fear|sadness,True,0.8766239,
emotion-te-02142,en-Latn,brighter-eng,emotion,transformer,12,joy,joy,False,0.93799263,
emotion-te-02143,en-Latn,brighter-eng,emotion,transformer,22,joy,joy,False,0.9502854,
emotion-te-02144,en-Latn,brighter-eng,emotion,transformer,4,joy|surprise,joy|surprise,False,0.9365689,
emotion-te-02145,en-Latn,brighter-eng,emotion,transformer,38,none,none,False,0.51254636,
emotion-te-02146,en-Latn,brighter-eng,emotion,transformer,13,fear|sadness,anger|disgust|fear|sadness|surprise,True,0.92432415,
emotion-te-02147,en-Latn,brighter-eng,emotion,transformer,33,fear,joy,True,0.9071377,
emotion-te-02148,en-Latn,brighter-eng,emotion,transformer,12,fear|surprise,fear|surprise,False,0.9497309,
emotion-te-02149,en-Latn,brighter-eng,emotion,transformer,18,fear|joy|surprise,fear|surprise,True,0.9552916,
emotion-te-02150,en-Latn,brighter-eng,emotion,transformer,15,fear,fear|sadness,True,0.95180696,
emotion-te-02151,en-Latn,brighter-eng,emotion,transformer,16,sadness,fear|surprise,True,0.8793007,
emotion-te-02152,en-Latn,brighter-eng,emotion,transformer,14,sadness,fear|sadness,True,0.8384002,
emotion-te-02153,en-Latn,brighter-eng,emotion,transformer,5,fear|sadness,fear|sadness,False,0.84884274,
emotion-te-02154,en-Latn,brighter-eng,emotion,transformer,12,surprise,fear|surprise,True,0.85029835,
emotion-te-02155,en-Latn,brighter-eng,emotion,transformer,9,surprise,joy,True,0.86938596,
emotion-te-02156,en-Latn,brighter-eng,emotion,transformer,11,joy,joy,False,0.7588829,
emotion-te-02157,en-Latn,brighter-eng,emotion,transformer,11,anger|fear,anger|fear,False,0.67752844,
emotion-te-02158,en-Latn,brighter-eng,emotion,transformer,18,joy,joy,False,0.93559253,
emotion-te-02159,en-Latn,brighter-eng,emotion,transformer,9,fear|surprise,fear|sadness|surprise,True,0.9417172,
emotion-te-02160,en-Latn,brighter-eng,emotion,transformer,8,fear|surprise,fear|surprise,False,0.891042,
emotion-te-02161,en-Latn,brighter-eng,emotion,transformer,17,joy,surprise,True,0.69462293,
emotion-te-02162,en-Latn,brighter-eng,emotion,transformer,15,anger,anger|disgust|fear|sadness,True,0.9399868,
emotion-te-02163,en-Latn,brighter-eng,emotion,transformer,7,fear|surprise,anger|disgust|fear|sadness|surprise,True,0.8837161,
emotion-te-02164,en-Latn,brighter-eng,emotion,transformer,18,fear|surprise,fear|surprise,False,0.9389403,
emotion-te-02165,en-Latn,brighter-eng,emotion,transformer,7,fear|sadness,none,True,0.4919197,
emotion-te-02166,en-Latn,brighter-eng,emotion,transformer,9,surprise,fear,True,0.61448926,
emotion-te-02167,en-Latn,brighter-eng,emotion,transformer,7,fear|sadness|surprise,fear|sadness,True,0.9141488,
emotion-te-02168,en-Latn,brighter-eng,emotion,transformer,16,anger|fear,fear,True,0.6845806,
emotion-te-02169,en-Latn,brighter-eng,emotion,transformer,16,fear|surprise,fear,True,0.63376963,
emotion-te-02170,en-Latn,brighter-eng,emotion,transformer,10,fear|sadness,none,True,0.40490058,
emotion-te-02171,en-Latn,brighter-eng,emotion,transformer,11,fear|sadness,fear|sadness,False,0.89294213,
emotion-te-02172,en-Latn,brighter-eng,emotion,transformer,14,fear|surprise,fear|surprise,False,0.93261874,
emotion-te-02173,en-Latn,brighter-eng,emotion,transformer,4,fear|sadness|surprise,fear|surprise,True,0.9133825,
emotion-te-02174,en-Latn,brighter-eng,emotion,transformer,14,joy|surprise,fear|surprise,True,0.9603324,
emotion-te-02175,en-Latn,brighter-eng,emotion,transformer,8,surprise,none,True,0.3051897,
emotion-te-02176,en-Latn,brighter-eng,emotion,transformer,21,fear|surprise,fear|surprise,False,0.94082075,
emotion-te-02177,en-Latn,brighter-eng,emotion,transformer,4,fear|surprise,fear|surprise,False,0.95461166,
emotion-te-02178,en-Latn,brighter-eng,emotion,transformer,16,fear|sadness|surprise,fear|sadness,True,0.9179177,
emotion-te-02179,en-Latn,brighter-eng,emotion,transformer,15,none,joy,True,0.86620617,
emotion-te-02180,en-Latn,brighter-eng,emotion,transformer,12,joy,fear|sadness,True,0.64792603,
emotion-te-02181,en-Latn,brighter-eng,emotion,transformer,22,joy|surprise,fear|surprise,True,0.9057483,
emotion-te-02182,en-Latn,brighter-eng,emotion,transformer,31,joy,joy,False,0.7191189,
emotion-te-02183,en-Latn,brighter-eng,emotion,transformer,29,fear,none,True,0.5788399,
emotion-te-02184,en-Latn,brighter-eng,emotion,transformer,18,joy,none,True,0.52488744,
emotion-te-02185,en-Latn,brighter-eng,emotion,transformer,6,none,fear,True,0.5835468,
emotion-te-02186,en-Latn,brighter-eng,emotion,transformer,7,fear,fear|surprise,True,0.9037767,
emotion-te-02187,en-Latn,brighter-eng,emotion,transformer,48,joy,joy,False,0.89676404,
emotion-te-02188,en-Latn,brighter-eng,emotion,transformer,9,fear,fear|sadness,True,0.9501088,
emotion-te-02189,en-Latn,brighter-eng,emotion,transformer,20,fear|sadness,fear|sadness,False,0.920646,
emotion-te-02190,en-Latn,brighter-eng,emotion,transformer,23,fear|sadness,anger|disgust|sadness,True,0.94408756,
emotion-te-02191,en-Latn,brighter-eng,emotion,transformer,15,fear|sadness,fear,True,0.6094396,
emotion-te-02192,en-Latn,brighter-eng,emotion,transformer,4,fear|surprise,fear|surprise,False,0.95844656,
emotion-te-02193,en-Latn,brighter-eng,emotion,transformer,15,joy,joy,False,0.9685097,
emotion-te-02194,en-Latn,brighter-eng,emotion,transformer,4,fear|sadness,fear|sadness,False,0.81940466,
emotion-te-02195,en-Latn,brighter-eng,emotion,transformer,61,fear,joy|surprise,True,0.97515386,
emotion-te-02196,en-Latn,brighter-eng,emotion,transformer,12,none,none,False,0.4970027,
emotion-te-02197,en-Latn,brighter-eng,emotion,transformer,25,joy,joy,False,0.97562337,
emotion-te-02198,en-Latn,brighter-eng,emotion,transformer,18,anger|fear|sadness|surprise,anger|disgust|fear|sadness|surprise,False,0.8694116,
emotion-te-02199,en-Latn,brighter-eng,emotion,transformer,4,none,anger|disgust|fear|sadness|surprise,True,0.91705966,
emotion-te-02200,en-Latn,brighter-eng,emotion,transformer,19,fear|sadness,fear|sadness,False,0.88391876,
emotion-te-02201,en-Latn,brighter-eng,emotion,transformer,6,fear|surprise,fear|surprise,False,0.69949913,
emotion-te-02202,en-Latn,brighter-eng,emotion,transformer,12,fear|sadness|surprise,none,True,0.47815284,
emotion-te-02203,en-Latn,brighter-eng,emotion,transformer,19,fear|surprise,fear|surprise,False,0.96761614,
emotion-te-02204,en-Latn,brighter-eng,emotion,transformer,6,fear|joy,joy|surprise,True,0.6274874,
emotion-te-02205,en-Latn,brighter-eng,emotion,transformer,12,none,fear|sadness,True,0.8771727,
emotion-te-02206,en-Latn,brighter-eng,emotion,transformer,7,fear|sadness,fear|sadness,False,0.90901387,
emotion-te-02207,en-Latn,brighter-eng,emotion,transformer,6,none,anger,True,0.6070192,
emotion-te-02208,en-Latn,brighter-eng,emotion,transformer,15,fear,anger|disgust|fear|sadness|surprise,True,0.84775347,
emotion-te-02209,en-Latn,brighter-eng,emotion,transformer,4,none,none,False,0.37274265,
emotion-te-02210,en-Latn,brighter-eng,emotion,transformer,21,joy,fear|sadness,True,0.68734306,
emotion-te-02211,en-Latn,brighter-eng,emotion,transformer,8,sadness|surprise,anger|fear|sadness,True,0.6980864,
emotion-te-02212,en-Latn,brighter-eng,emotion,transformer,6,joy,fear|surprise,True,0.9476686,
emotion-te-02213,en-Latn,brighter-eng,emotion,transformer,35,anger,anger|disgust|sadness,True,0.8560262,
emotion-te-02214,en-Latn,brighter-eng,emotion,transformer,26,none,fear|surprise,True,0.7040995,
emotion-te-02215,en-Latn,brighter-eng,emotion,transformer,18,joy|surprise,joy|surprise,False,0.7481793,
emotion-te-02216,en-Latn,brighter-eng,emotion,transformer,8,sadness,fear,True,0.89287883,
emotion-te-02217,en-Latn,brighter-eng,emotion,transformer,12,joy|surprise,surprise,True,0.55551064,
emotion-te-02218,en-Latn,brighter-eng,emotion,transformer,29,fear,fear|sadness,True,0.9538488,
emotion-te-02219,en-Latn,brighter-eng,emotion,transformer,8,none,none,False,0.27008864,
emotion-te-02220,en-Latn,brighter-eng,emotion,transformer,28,fear|surprise,fear|surprise,False,0.92641807,
emotion-te-02221,en-Latn,brighter-eng,emotion,transformer,4,fear,surprise,True,0.56722724,
emotion-te-02222,en-Latn,brighter-eng,emotion,transformer,5,fear|sadness|surprise,fear|sadness,True,0.78065985,
emotion-te-02223,en-Latn,brighter-eng,emotion,transformer,17,joy|surprise,fear|surprise,True,0.953072,
emotion-te-02224,en-Latn,brighter-eng,emotion,transformer,31,fear|sadness,fear|sadness,False,0.77204496,
emotion-te-02225,en-Latn,brighter-eng,emotion,transformer,13,fear|surprise,joy,True,0.7119042,
emotion-te-02226,en-Latn,brighter-eng,emotion,transformer,10,fear,anger|disgust|sadness,True,0.93709475,
emotion-te-02227,en-Latn,brighter-eng,emotion,transformer,17,fear|sadness,joy,True,0.77374226,
emotion-te-02228,en-Latn,brighter-eng,emotion,transformer,16,none,fear|sadness,True,0.79159904,
emotion-te-02229,en-Latn,brighter-eng,emotion,transformer,37,sadness,joy,True,0.93451846,
emotion-te-02230,en-Latn,brighter-eng,emotion,transformer,5,fear|surprise,fear|surprise,False,0.89773625,
emotion-te-02231,en-Latn,brighter-eng,emotion,transformer,18,joy,joy,False,0.97608894,
emotion-te-02232,en-Latn,brighter-eng,emotion,transformer,22,fear|surprise,fear|surprise,False,0.9242803,
emotion-te-02233,en-Latn,brighter-eng,emotion,transformer,12,joy,joy,False,0.97013366,
emotion-te-02234,en-Latn,brighter-eng,emotion,transformer,11,fear|joy|sadness,none,True,0.51014143,
emotion-te-02235,en-Latn,brighter-eng,emotion,transformer,8,joy,joy,False,0.91720194,
emotion-te-02236,en-Latn,brighter-eng,emotion,transformer,2,none,fear|sadness,True,0.66273427,
emotion-te-02237,en-Latn,brighter-eng,emotion,transformer,16,anger|fear|surprise,anger|disgust|fear|sadness,True,0.873403,
emotion-te-02238,en-Latn,brighter-eng,emotion,transformer,34,fear,fear|sadness,True,0.88121885,
emotion-te-02239,en-Latn,brighter-eng,emotion,transformer,4,anger,anger|disgust|sadness,True,0.93899065,
emotion-te-02240,en-Latn,brighter-eng,emotion,transformer,22,anger|fear|sadness,fear|sadness,True,0.9232366,
emotion-te-02241,en-Latn,brighter-eng,emotion,transformer,5,anger,anger|disgust|sadness,True,0.8980534,
emotion-te-02242,en-Latn,brighter-eng,emotion,transformer,49,fear,fear|sadness,True,0.67128676,
emotion-te-02243,en-Latn,brighter-eng,emotion,transformer,18,none,none,False,0.30101568,
emotion-te-02244,en-Latn,brighter-eng,emotion,transformer,36,joy,fear|sadness,True,0.88320756,
emotion-te-02245,en-Latn,brighter-eng,emotion,transformer,13,anger|fear|sadness|surprise,anger|disgust|fear|sadness,True,0.85672027,
emotion-te-02246,en-Latn,brighter-eng,emotion,transformer,9,fear|sadness,fear|sadness,False,0.83043975,
emotion-te-02247,en-Latn,brighter-eng,emotion,transformer,15,fear|sadness,fear|sadness,False,0.8659076,
emotion-te-02248,en-Latn,brighter-eng,emotion,transformer,5,fear|sadness,fear|sadness,False,0.9287524,
emotion-te-02249,en-Latn,brighter-eng,emotion,transformer,23,fear|surprise,fear|surprise,False,0.84928286,
emotion-te-02250,en-Latn,brighter-eng,emotion,transformer,30,none,none,False,0.3117557,
emotion-te-02251,en-Latn,brighter-eng,emotion,transformer,4,sadness,fear|sadness,True,0.82955885,
emotion-te-02252,en-Latn,brighter-eng,emotion,transformer,4,joy,joy|surprise,True,0.7546448,
emotion-te-02253,en-Latn,brighter-eng,emotion,transformer,7,fear|sadness,anger|disgust|fear|sadness,True,0.86356807,
emotion-te-02254,en-Latn,brighter-eng,emotion,transformer,12,anger,fear|surprise,True,0.641551,
emotion-te-02255,en-Latn,brighter-eng,emotion,transformer,19,joy,joy,False,0.9613666,
emotion-te-02256,en-Latn,brighter-eng,emotion,transformer,13,fear|sadness|surprise,fear|sadness,True,0.93025964,
emotion-te-02257,en-Latn,brighter-eng,emotion,transformer,5,sadness,fear|sadness|surprise,True,0.80696625,
emotion-te-02258,en-Latn,brighter-eng,emotion,transformer,13,fear,fear|sadness,True,0.9067641,
emotion-te-02259,en-Latn,brighter-eng,emotion,transformer,18,joy,joy,False,0.6343831,
emotion-te-02260,en-Latn,brighter-eng,emotion,transformer,11,joy,joy,False,0.61609834,
emotion-te-02261,en-Latn,brighter-eng,emotion,transformer,7,joy|surprise,anger|surprise,True,0.68832195,
emotion-te-02262,en-Latn,brighter-eng,emotion,transformer,40,fear|joy|surprise,joy|surprise,True,0.9142814,
emotion-te-02263,en-Latn,brighter-eng,emotion,transformer,17,anger|surprise,joy|surprise,True,0.87932837,
emotion-te-02264,en-Latn,brighter-eng,emotion,transformer,4,none,none,False,0.5272072,
emotion-te-02265,en-Latn,brighter-eng,emotion,transformer,12,fear,fear,False,0.6256681,
emotion-te-02266,en-Latn,brighter-eng,emotion,transformer,6,anger|fear|surprise,anger|disgust|fear|sadness|surprise,True,0.88002604,
emotion-te-02267,en-Latn,brighter-eng,emotion,transformer,16,fear|surprise,fear|sadness|surprise,True,0.94550616,
emotion-te-02268,en-Latn,brighter-eng,emotion,transformer,17,joy|surprise,fear|surprise,True,0.95101935,
emotion-te-02269,en-Latn,brighter-eng,emotion,transformer,8,fear|surprise,fear|surprise,False,0.9408431,
emotion-te-02270,en-Latn,brighter-eng,emotion,transformer,16,joy,none,True,0.43903387,
emotion-te-02271,en-Latn,brighter-eng,emotion,transformer,13,fear|sadness,fear|sadness,False,0.8562506,
emotion-te-02272,en-Latn,brighter-eng,emotion,transformer,15,fear,fear|surprise,True,0.9125133,
emotion-te-02273,en-Latn,brighter-eng,emotion,transformer,26,joy,fear,True,0.5756542,
emotion-te-02274,en-Latn,brighter-eng,emotion,transformer,4,sadness,anger|disgust|fear|sadness|surprise,True,0.8805135,
emotion-te-02275,en-Latn,brighter-eng,emotion,transformer,10,fear|surprise,fear|surprise,False,0.7859205,
emotion-te-02276,en-Latn,brighter-eng,emotion,transformer,15,anger|fear|sadness|surprise,fear|surprise,True,0.9513073,
emotion-te-02277,en-Latn,brighter-eng,emotion,transformer,14,fear|sadness,fear|sadness,False,0.8279731,
emotion-te-02278,en-Latn,brighter-eng,emotion,transformer,9,fear|surprise,fear|surprise,False,0.94219935,
emotion-te-02279,en-Latn,brighter-eng,emotion,transformer,34,fear,fear,False,0.8195499,
emotion-te-02280,en-Latn,brighter-eng,emotion,transformer,75,joy,surprise,True,0.7610945,
emotion-te-02281,en-Latn,brighter-eng,emotion,transformer,13,anger|fear|sadness|surprise,fear|sadness,True,0.9064441,
emotion-te-02282,en-Latn,brighter-eng,emotion,transformer,23,joy,joy,False,0.9339765,
emotion-te-02283,en-Latn,brighter-eng,emotion,transformer,11,fear,none,True,0.37003535,
emotion-te-02284,en-Latn,brighter-eng,emotion,transformer,4,joy,joy,False,0.75940186,
emotion-te-02285,en-Latn,brighter-eng,emotion,transformer,24,fear|sadness,fear|sadness,False,0.93705726,
emotion-te-02286,en-Latn,brighter-eng,emotion,transformer,30,fear|sadness,fear|sadness,False,0.7072436,
emotion-te-02287,en-Latn,brighter-eng,emotion,transformer,3,fear|surprise,none,True,0.47886202,
emotion-te-02288,en-Latn,brighter-eng,emotion,transformer,8,joy,joy,False,0.9831693,
emotion-te-02289,en-Latn,brighter-eng,emotion,transformer,19,fear|sadness,fear|sadness,False,0.88778186,
emotion-te-02290,en-Latn,brighter-eng,emotion,transformer,6,fear|sadness,fear|sadness,False,0.84959733,
emotion-te-02291,en-Latn,brighter-eng,emotion,transformer,7,none,fear|sadness,True,0.8476231,
emotion-te-02292,en-Latn,brighter-eng,emotion,transformer,11,fear,fear|sadness|surprise,True,0.8095445,
emotion-te-02293,en-Latn,brighter-eng,emotion,transformer,16,joy,joy|surprise,True,0.9776469,
emotion-te-02294,en-Latn,brighter-eng,emotion,transformer,6,surprise,fear|surprise,True,0.8893257,
emotion-te-02295,en-Latn,brighter-eng,emotion,transformer,21,none,fear|surprise,True,0.65752906,
emotion-te-02296,en-Latn,brighter-eng,emotion,transformer,16,fear|joy|sadness,fear|sadness,True,0.9021066,
emotion-te-02297,en-Latn,brighter-eng,emotion,transformer,4,anger|fear|sadness,anger|disgust|sadness,True,0.9447618,
emotion-te-02298,en-Latn,brighter-eng,emotion,transformer,19,fear|sadness,fear,True,0.8094835,
emotion-te-02299,en-Latn,brighter-eng,emotion,transformer,7,anger,anger|disgust|fear|sadness|surprise,True,0.9069392,
emotion-te-02300,en-Latn,brighter-eng,emotion,transformer,10,fear,none,True,0.437414,
emotion-te-02301,en-Latn,brighter-eng,emotion,transformer,8,fear|sadness,fear|sadness,False,0.9376805,
emotion-te-02302,en-Latn,brighter-eng,emotion,transformer,4,surprise,none,True,0.4535851,
emotion-te-02303,en-Latn,brighter-eng,emotion,transformer,4,surprise,surprise,False,0.60030687,
emotion-te-02304,en-Latn,brighter-eng,emotion,transformer,27,sadness,fear|sadness,True,0.87316245,
emotion-te-02305,en-Latn,brighter-eng,emotion,transformer,50,anger|fear|sadness,anger|disgust|fear|sadness|surprise,True,0.88757765,
emotion-te-02306,en-Latn,brighter-eng,emotion,transformer,18,fear|sadness,fear|sadness,False,0.8710691,
emotion-te-02307,en-Latn,brighter-eng,emotion,transformer,16,anger|fear,anger|disgust|fear|sadness,True,0.8796562,
emotion-te-02308,en-Latn,brighter-eng,emotion,transformer,27,surprise,fear|surprise,True,0.9306851,
emotion-te-02309,en-Latn,brighter-eng,emotion,transformer,6,fear|surprise,fear|surprise,False,0.8778067,
emotion-te-02310,en-Latn,brighter-eng,emotion,transformer,7,surprise,fear|surprise,True,0.8766893,
emotion-te-02311,en-Latn,brighter-eng,emotion,transformer,24,fear,fear,False,0.73289907,
emotion-te-02312,en-Latn,brighter-eng,emotion,transformer,11,joy|surprise,joy|surprise,False,0.93988585,
emotion-te-02313,en-Latn,brighter-eng,emotion,transformer,23,fear,fear|sadness,True,0.8862049,
emotion-te-02314,en-Latn,brighter-eng,emotion,transformer,10,fear|joy|sadness,joy|surprise,True,0.74498874,
emotion-te-02315,en-Latn,brighter-eng,emotion,transformer,11,fear|sadness|surprise,fear|sadness,True,0.8717522,
emotion-te-02316,en-Latn,brighter-eng,emotion,transformer,4,anger|fear|surprise,anger|fear|surprise,False,0.7833784,
emotion-te-02317,en-Latn,brighter-eng,emotion,transformer,21,joy,joy|surprise,True,0.87139124,
emotion-te-02318,en-Latn,brighter-eng,emotion,transformer,12,fear|sadness,none,True,0.38215953,
emotion-te-02319,en-Latn,brighter-eng,emotion,transformer,10,fear,joy,True,0.97622347,
emotion-te-02320,en-Latn,brighter-eng,emotion,transformer,19,joy,joy,False,0.8843368,
emotion-te-02321,en-Latn,brighter-eng,emotion,transformer,18,fear,fear|sadness,True,0.94584376,
emotion-te-02322,en-Latn,brighter-eng,emotion,transformer,13,joy,anger|disgust|fear|sadness|surprise,True,0.85315883,
emotion-te-02323,en-Latn,brighter-eng,emotion,transformer,4,fear,fear|surprise,True,0.7835271,
emotion-te-02324,en-Latn,brighter-eng,emotion,transformer,26,joy,joy,False,0.9692122,
emotion-te-02325,en-Latn,brighter-eng,emotion,transformer,8,fear,joy,True,0.9586241,
emotion-te-02326,en-Latn,brighter-eng,emotion,transformer,18,joy,joy,False,0.98276937,
emotion-te-02327,en-Latn,brighter-eng,emotion,transformer,12,anger|joy,fear|surprise,True,0.7706811,
emotion-te-02328,en-Latn,brighter-eng,emotion,transformer,15,fear|surprise,fear|surprise,False,0.91486925,
emotion-te-02329,en-Latn,brighter-eng,emotion,transformer,36,joy,joy,False,0.97659314,
emotion-te-02330,en-Latn,brighter-eng,emotion,transformer,12,fear,anger|disgust|sadness,True,0.7675884,
emotion-te-02331,en-Latn,brighter-eng,emotion,transformer,11,sadness,anger|disgust|fear|sadness,True,0.8570015,
emotion-te-02332,en-Latn,brighter-eng,emotion,transformer,10,fear|surprise,fear|surprise,False,0.95100695,
emotion-te-02333,en-Latn,brighter-eng,emotion,transformer,4,surprise,none,True,0.3555986,
emotion-te-02334,en-Latn,brighter-eng,emotion,transformer,4,fear|surprise,fear|surprise,False,0.9479138,
emotion-te-02335,en-Latn,brighter-eng,emotion,transformer,17,anger|sadness,anger|disgust|fear|sadness|surprise,True,0.8447607,
emotion-te-02336,en-Latn,brighter-eng,emotion,transformer,19,fear|sadness,fear|sadness,False,0.92760384,
emotion-te-02337,en-Latn,brighter-eng,emotion,transformer,5,fear,fear|surprise,True,0.9482011,
emotion-te-02338,en-Latn,brighter-eng,emotion,transformer,52,fear|surprise,none,True,0.47928578,
emotion-te-02339,en-Latn,brighter-eng,emotion,transformer,4,fear|sadness|surprise,anger|disgust|fear|sadness|surprise,True,0.8513306,
emotion-te-02340,en-Latn,brighter-eng,emotion,transformer,9,sadness,fear,True,0.8478611,
emotion-te-02341,en-Latn,brighter-eng,emotion,transformer,9,joy,joy,False,0.8471412,
emotion-te-02342,en-Latn,brighter-eng,emotion,transformer,16,fear|surprise,fear|surprise,False,0.9423009,
emotion-te-02343,en-Latn,brighter-eng,emotion,transformer,15,surprise,fear|surprise,True,0.8678212,
emotion-te-02344,en-Latn,brighter-eng,emotion,transformer,12,joy,joy,False,0.9464423,
emotion-te-02345,en-Latn,brighter-eng,emotion,transformer,21,fear|sadness,fear|sadness|surprise,True,0.9232072,
emotion-te-02346,en-Latn,brighter-eng,emotion,transformer,29,joy,joy|surprise,True,0.95178485,
emotion-te-02347,en-Latn,brighter-eng,emotion,transformer,8,fear|surprise,joy,True,0.71175313,
emotion-te-02348,en-Latn,brighter-eng,emotion,transformer,8,anger|surprise,fear|surprise,True,0.80374867,
emotion-te-02349,en-Latn,brighter-eng,emotion,transformer,6,fear|surprise,fear|sadness,True,0.908719,
emotion-te-02350,en-Latn,brighter-eng,emotion,transformer,17,fear|sadness,none,True,0.40683705,
emotion-te-02351,en-Latn,brighter-eng,emotion,transformer,29,none,joy|surprise,True,0.88388854,
emotion-te-02352,en-Latn,brighter-eng,emotion,transformer,28,fear,fear|sadness,True,0.95549285,
emotion-te-02353,en-Latn,brighter-eng,emotion,transformer,16,fear,fear|surprise,True,0.8750035,
emotion-te-02354,en-Latn,brighter-eng,emotion,transformer,6,joy,none,True,0.25128654,
emotion-te-02355,en-Latn,brighter-eng,emotion,transformer,16,anger|sadness|surprise,surprise,True,0.67038727,
emotion-te-02356,en-Latn,brighter-eng,emotion,transformer,7,none,none,False,0.36577758,
emotion-te-02357,en-Latn,brighter-eng,emotion,transformer,16,fear|joy,fear|sadness,True,0.7644187,
emotion-te-02358,en-Latn,brighter-eng,emotion,transformer,22,joy,fear,True,0.9046985,
emotion-te-02359,en-Latn,brighter-eng,emotion,transformer,24,fear|surprise,fear|sadness,True,0.9151432,
emotion-te-02360,en-Latn,brighter-eng,emotion,transformer,9,joy|sadness|surprise,fear|sadness,True,0.88307655,
emotion-te-02361,en-Latn,brighter-eng,emotion,transformer,6,none,none,False,0.3083573,
emotion-te-02362,en-Latn,brighter-eng,emotion,transformer,10,surprise,fear|surprise,True,0.93407,
emotion-te-02363,en-Latn,brighter-eng,emotion,transformer,4,fear|surprise,fear|surprise,False,0.9481535,
emotion-te-02364,en-Latn,brighter-eng,emotion,transformer,12,surprise,fear|surprise,True,0.89954984,
emotion-te-02365,en-Latn,brighter-eng,emotion,transformer,9,anger|fear|sadness,fear|sadness|surprise,True,0.8807335,
emotion-te-02366,en-Latn,brighter-eng,emotion,transformer,30,fear|sadness,fear,True,0.7494868,
emotion-te-02367,en-Latn,brighter-eng,emotion,transformer,32,anger|surprise,joy,True,0.6984097,
emotion-te-02368,en-Latn,brighter-eng,emotion,transformer,12,joy,anger|surprise,True,0.6271346,
emotion-te-02369,en-Latn,brighter-eng,emotion,transformer,14,fear|sadness,fear|sadness|surprise,True,0.94960237,
emotion-te-02370,en-Latn,brighter-eng,emotion,transformer,5,surprise,none,True,0.46004254,
emotion-te-02371,en-Latn,brighter-eng,emotion,transformer,15,fear|surprise,fear|sadness,True,0.9241856,
emotion-te-02372,en-Latn,brighter-eng,emotion,transformer,20,anger|fear,anger|disgust|sadness,True,0.9322097,
emotion-te-02373,en-Latn,brighter-eng,emotion,transformer,23,fear|sadness,disgust|fear|sadness,False,0.8792243,
emotion-te-02374,en-Latn,brighter-eng,emotion,transformer,21,anger|fear,anger|disgust|fear|sadness|surprise,True,0.9092161,
emotion-te-02375,en-Latn,brighter-eng,emotion,transformer,10,fear|sadness,fear|sadness,False,0.90624374,
emotion-te-02376,en-Latn,brighter-eng,emotion,transformer,4,joy,joy,False,0.69454616,
emotion-te-02377,en-Latn,brighter-eng,emotion,transformer,8,fear|surprise,none,True,0.49356842,
emotion-te-02378,en-Latn,brighter-eng,emotion,transformer,19,fear|sadness,fear|sadness,False,0.86015075,
emotion-te-02379,en-Latn,brighter-eng,emotion,transformer,12,fear|sadness|surprise,fear|surprise,True,0.9362778,
emotion-te-02380,en-Latn,brighter-eng,emotion,transformer,17,joy,joy,False,0.98014957,
emotion-te-02381,en-Latn,brighter-eng,emotion,transformer,11,fear|sadness,fear|sadness,False,0.83833796,
emotion-te-02382,en-Latn,brighter-eng,emotion,transformer,16,none,surprise,True,0.89332145,
emotion-te-02383,en-Latn,brighter-eng,emotion,transformer,10,fear,none,True,0.5056445,
emotion-te-02384,en-Latn,brighter-eng,emotion,transformer,16,fear|joy|surprise,anger|disgust|fear|sadness|surprise,True,0.90964866,
emotion-te-02385,en-Latn,brighter-eng,emotion,transformer,4,surprise,fear|surprise,True,0.9286783,
emotion-te-02386,en-Latn,brighter-eng,emotion,transformer,4,fear|surprise,fear|sadness|surprise,True,0.93626785,
emotion-te-02387,en-Latn,brighter-eng,emotion,transformer,4,anger|fear|surprise,fear|surprise,True,0.659662,
emotion-te-02388,en-Latn,brighter-eng,emotion,transformer,7,fear|joy,fear,True,0.5868533,
emotion-te-02389,en-Latn,brighter-eng,emotion,transformer,6,fear|surprise,none,True,0.41690898,
emotion-te-02390,en-Latn,brighter-eng,emotion,transformer,4,fear|sadness,anger|disgust|fear|sadness,True,0.8664992,
emotion-te-02391,en-Latn,brighter-eng,emotion,transformer,15,none,joy,True,0.83411247,
emotion-te-02392,en-Latn,brighter-eng,emotion,transformer,4,none,fear|sadness,True,0.8799822,
emotion-te-02393,en-Latn,brighter-eng,emotion,transformer,11,fear|surprise,fear|surprise,False,0.9314951,
emotion-te-02394,en-Latn,brighter-eng,emotion,transformer,24,fear|surprise,fear|surprise,False,0.95989656,
emotion-te-02395,en-Latn,brighter-eng,emotion,transformer,4,none,none,False,0.5375592,
emotion-te-02396,en-Latn,brighter-eng,emotion,transformer,8,fear,fear|surprise,True,0.91082776,
emotion-te-02397,en-Latn,brighter-eng,emotion,transformer,8,fear|sadness|surprise,fear|sadness,True,0.89849305,
emotion-te-02398,en-Latn,brighter-eng,emotion,transformer,20,joy,fear|surprise,True,0.92294717,
emotion-te-02399,en-Latn,brighter-eng,emotion,transformer,26,fear,fear|sadness,True,0.82859445,
emotion-te-02400,en-Latn,brighter-eng,emotion,transformer,11,sadness,sadness,False,0.82744104,
emotion-te-02401,en-Latn,brighter-eng,emotion,transformer,20,joy|surprise,joy|surprise,False,0.8797335,
emotion-te-02402,en-Latn,brighter-eng,emotion,transformer,12,surprise,joy|surprise,True,0.8322531,
emotion-te-02403,en-Latn,brighter-eng,emotion,transformer,19,joy|surprise,anger|surprise,True,0.6118525,
emotion-te-02404,en-Latn,brighter-eng,emotion,transformer,4,fear|sadness,fear|sadness,False,0.8330316,
emotion-te-02405,en-Latn,brighter-eng,emotion,transformer,16,fear|surprise,fear|surprise,False,0.7861294,
emotion-te-02406,en-Latn,brighter-eng,emotion,transformer,38,joy,joy,False,0.84364545,
emotion-te-02407,en-Latn,brighter-eng,emotion,transformer,3,sadness,fear|sadness,True,0.8523563,
emotion-te-02408,en-Latn,brighter-eng,emotion,transformer,6,fear|surprise,joy|surprise,True,0.911013,
emotion-te-02409,en-Latn,brighter-eng,emotion,transformer,4,fear,fear|surprise,True,0.9185081,
emotion-te-02410,en-Latn,brighter-eng,emotion,transformer,7,fear|sadness|surprise,anger|disgust|fear|sadness|surprise,True,0.8982407,
emotion-te-02411,en-Latn,brighter-eng,emotion,transformer,4,surprise,anger|fear|surprise,True,0.8557894,
emotion-te-02412,en-Latn,brighter-eng,emotion,transformer,18,fear|joy|sadness,joy|surprise,True,0.9766858,
emotion-te-02413,en-Latn,brighter-eng,emotion,transformer,5,joy,joy|surprise,True,0.84272486,
emotion-te-02414,en-Latn,brighter-eng,emotion,transformer,13,fear,fear|sadness,True,0.92069787,
emotion-te-02415,en-Latn,brighter-eng,emotion,transformer,28,joy|sadness,joy,True,0.906732,
emotion-te-02416,en-Latn,brighter-eng,emotion,transformer,69,fear|sadness,anger|disgust|fear|sadness,True,0.8676291,
emotion-te-02417,en-Latn,brighter-eng,emotion,transformer,38,joy,joy|surprise,True,0.79231304,
emotion-te-02418,en-Latn,brighter-eng,emotion,transformer,14,none,fear|surprise,True,0.86743355,
emotion-te-02419,en-Latn,brighter-eng,emotion,transformer,14,fear|sadness,fear|sadness,False,0.9013015,
emotion-te-02420,en-Latn,brighter-eng,emotion,transformer,12,fear|surprise,joy|surprise,True,0.71787244,
emotion-te-02421,en-Latn,brighter-eng,emotion,transformer,8,surprise,none,True,0.5446807,
emotion-te-02422,en-Latn,brighter-eng,emotion,transformer,9,anger|fear,anger|disgust|fear|sadness|surprise,True,0.89428395,
emotion-te-02423,en-Latn,brighter-eng,emotion,transformer,15,fear|sadness,fear|sadness,False,0.8381557,
emotion-te-02424,en-Latn,brighter-eng,emotion,transformer,10,fear|sadness,fear|sadness,False,0.8342532,
emotion-te-02425,en-Latn,brighter-eng,emotion,transformer,7,surprise,surprise,False,0.7157067,
emotion-te-02426,en-Latn,brighter-eng,emotion,transformer,16,joy|surprise,joy,True,0.9860771,
emotion-te-02427,en-Latn,brighter-eng,emotion,transformer,6,fear|surprise,none,True,0.5409423,
emotion-te-02428,en-Latn,brighter-eng,emotion,transformer,12,none,surprise,True,0.69253004,
emotion-te-02429,en-Latn,brighter-eng,emotion,transformer,18,fear|sadness,fear|sadness,False,0.80442053,
emotion-te-02430,en-Latn,brighter-eng,emotion,transformer,9,joy,joy,False,0.859993,
emotion-te-02431,en-Latn,brighter-eng,emotion,transformer,6,joy,joy,False,0.80918044,
emotion-te-02432,en-Latn,brighter-eng,emotion,transformer,5,joy,joy,False,0.9522742,
emotion-te-02433,en-Latn,brighter-eng,emotion,transformer,6,sadness,joy,True,0.6368842,
emotion-te-02434,en-Latn,brighter-eng,emotion,transformer,28,none,joy,True,0.92318445,
emotion-te-02435,en-Latn,brighter-eng,emotion,transformer,6,joy,none,True,0.3392353,
emotion-te-02436,en-Latn,brighter-eng,emotion,transformer,29,joy,joy,False,0.8565963,
emotion-te-02437,en-Latn,brighter-eng,emotion,transformer,26,fear|sadness,fear|sadness,False,0.89172035,
emotion-te-02438,en-Latn,brighter-eng,emotion,transformer,7,sadness|surprise,fear|sadness|surprise,True,0.9092311,
emotion-te-02439,en-Latn,brighter-eng,emotion,transformer,15,fear|surprise,disgust|fear|sadness|surprise,True,0.90790516,
emotion-te-02440,en-Latn,brighter-eng,emotion,transformer,4,none,anger|disgust|fear|sadness|surprise,True,0.8927842,
emotion-te-02441,en-Latn,brighter-eng,emotion,transformer,23,fear|sadness,none,True,0.4849809,
emotion-te-02442,en-Latn,brighter-eng,emotion,transformer,43,joy,none,True,0.47403914,
emotion-te-02443,en-Latn,brighter-eng,emotion,transformer,4,joy,joy,False,0.98386335,
emotion-te-02444,en-Latn,brighter-eng,emotion,transformer,5,fear|sadness,fear|sadness,False,0.82144415,
emotion-te-02445,en-Latn,brighter-eng,emotion,transformer,10,joy,joy,False,0.81441563,
emotion-te-02446,en-Latn,brighter-eng,emotion,transformer,24,fear|sadness,fear|sadness,False,0.8679064,
emotion-te-02447,en-Latn,brighter-eng,emotion,transformer,41,fear|surprise,fear|sadness,True,0.9160312,
emotion-te-02448,en-Latn,brighter-eng,emotion,transformer,11,anger|surprise,fear|surprise,True,0.87048227,
emotion-te-02449,en-Latn,brighter-eng,emotion,transformer,9,none,joy,True,0.9425848,
emotion-te-02450,en-Latn,brighter-eng,emotion,transformer,18,fear,fear,False,0.8395728,
emotion-te-02451,en-Latn,brighter-eng,emotion,transformer,23,joy,fear|surprise,True,0.74100995,
emotion-te-02452,en-Latn,brighter-eng,emotion,transformer,31,fear|sadness|surprise,fear,True,0.6023142,
emotion-te-02453,en-Latn,brighter-eng,emotion,transformer,5,fear|sadness|surprise,fear|sadness,True,0.9290917,
emotion-te-02454,en-Latn,brighter-eng,emotion,transformer,20,fear|sadness|surprise,fear|sadness,True,0.9386051,
emotion-te-02455,en-Latn,brighter-eng,emotion,transformer,27,joy|surprise,joy,True,0.9213429,
emotion-te-02456,en-Latn,brighter-eng,emotion,transformer,13,none,joy,True,0.8061207,
emotion-te-02457,en-Latn,brighter-eng,emotion,transformer,28,joy,joy,False,0.9809729,
emotion-te-02458,en-Latn,brighter-eng,emotion,transformer,8,anger|sadness|surprise,anger|disgust|fear|sadness,True,0.9372489,
emotion-te-02459,en-Latn,brighter-eng,emotion,transformer,25,joy,joy,False,0.91572803,
emotion-te-02460,en-Latn,brighter-eng,emotion,transformer,48,fear|sadness,fear|sadness,False,0.691118,
emotion-te-02461,en-Latn,brighter-eng,emotion,transformer,7,fear|surprise,fear|surprise,False,0.9012904,
emotion-te-02462,en-Latn,brighter-eng,emotion,transformer,23,fear,fear|sadness,True,0.9516973,
emotion-te-02463,en-Latn,brighter-eng,emotion,transformer,6,fear|joy,joy|surprise,True,0.78687805,
emotion-te-02464,en-Latn,brighter-eng,emotion,transformer,12,joy,none,True,0.26895323,
emotion-te-02465,en-Latn,brighter-eng,emotion,transformer,13,fear|sadness|surprise,fear|sadness,True,0.9193746,
emotion-te-02466,en-Latn,brighter-eng,emotion,transformer,8,fear|surprise,fear|surprise,False,0.9508692,
emotion-te-02467,en-Latn,brighter-eng,emotion,transformer,35,fear|sadness,fear|sadness|surprise,True,0.92742383,
emotion-te-02468,en-Latn,brighter-eng,emotion,transformer,23,fear|sadness,fear|sadness,False,0.82843214,
emotion-te-02469,en-Latn,brighter-eng,emotion,transformer,22,fear|surprise,fear|surprise,False,0.9563231,
emotion-te-02470,en-Latn,brighter-eng,emotion,transformer,7,anger|fear|sadness,anger|disgust|fear|sadness|surprise,True,0.893951,
emotion-te-02471,en-Latn,brighter-eng,emotion,transformer,26,joy|surprise,fear|surprise,True,0.87805635,
emotion-te-02472,en-Latn,brighter-eng,emotion,transformer,17,none,fear|sadness,True,0.71729064,
emotion-te-02473,en-Latn,brighter-eng,emotion,transformer,9,fear|surprise,fear|sadness,True,0.8957977,
emotion-te-02474,en-Latn,brighter-eng,emotion,transformer,11,fear|sadness|surprise,fear|surprise,True,0.90231484,
emotion-te-02475,en-Latn,brighter-eng,emotion,transformer,13,anger|fear|sadness,anger|disgust|fear|sadness|surprise,True,0.940102,
emotion-te-02476,en-Latn,brighter-eng,emotion,transformer,7,anger|fear|sadness|surprise,anger|disgust|fear|sadness,True,0.8251985,
emotion-te-02477,en-Latn,brighter-eng,emotion,transformer,20,joy,anger|fear|sadness|surprise,True,0.77670133,
emotion-te-02478,en-Latn,brighter-eng,emotion,transformer,4,none,joy,True,0.63622725,
emotion-te-02479,en-Latn,brighter-eng,emotion,transformer,12,joy,joy,False,0.9808579,
emotion-te-02480,en-Latn,brighter-eng,emotion,transformer,4,fear,fear|joy,True,0.6529597,
emotion-te-02481,en-Latn,brighter-eng,emotion,transformer,31,joy,joy|surprise,True,0.8126049,
emotion-te-02482,en-Latn,brighter-eng,emotion,transformer,19,fear|surprise,fear|surprise,False,0.9365015,
emotion-te-02483,en-Latn,brighter-eng,emotion,transformer,8,joy|surprise,joy|surprise,False,0.8590401,
emotion-te-02484,en-Latn,brighter-eng,emotion,transformer,16,none,none,False,0.5437602,
emotion-te-02485,en-Latn,brighter-eng,emotion,transformer,7,fear|sadness,fear|sadness,False,0.86432683,
emotion-te-02486,en-Latn,brighter-eng,emotion,transformer,13,sadness,fear|sadness,True,0.8485634,
emotion-te-02487,en-Latn,brighter-eng,emotion,transformer,21,none,joy,True,0.8524553,
emotion-te-02488,en-Latn,brighter-eng,emotion,transformer,10,none,joy,True,0.9668769,
emotion-te-02489,en-Latn,brighter-eng,emotion,transformer,11,sadness,fear|sadness,True,0.87607443,
emotion-te-02490,en-Latn,brighter-eng,emotion,transformer,15,anger|fear,anger|disgust|fear|sadness|surprise,True,0.883939,
emotion-te-02491,en-Latn,brighter-eng,emotion,transformer,6,fear|sadness,none,True,0.45236638,
emotion-te-02492,en-Latn,brighter-eng,emotion,transformer,27,fear|sadness,fear|sadness,False,0.90342426,
emotion-te-02493,en-Latn,brighter-eng,emotion,transformer,6,fear|sadness,fear|sadness,False,0.93482655,
emotion-te-02494,en-Latn,brighter-eng,emotion,transformer,14,surprise,none,True,0.51798004,
emotion-te-02495,en-Latn,brighter-eng,emotion,transformer,7,anger|fear,none,True,0.43796682,
emotion-te-02496,en-Latn,brighter-eng,emotion,transformer,14,fear|joy|surprise,joy|surprise,True,0.9769986,
emotion-te-02497,en-Latn,brighter-eng,emotion,transformer,20,fear|sadness,joy,True,0.80563354,
emotion-te-02498,en-Latn,brighter-eng,emotion,transformer,21,fear,fear|sadness,True,0.9150887,
emotion-te-02499,en-Latn,brighter-eng,emotion,transformer,13,fear|sadness,fear|sadness,False,0.9090831,
emotion-te-02500,en-Latn,brighter-eng,emotion,transformer,16,fear|sadness|surprise,fear|sadness,True,0.9416218,
emotion-te-02501,en-Latn,brighter-eng,emotion,transformer,10,fear,fear|sadness,True,0.82875514,
emotion-te-02502,en-Latn,brighter-eng,emotion,transformer,4,fear|sadness|surprise,fear|sadness,True,0.86915565,
emotion-te-02503,en-Latn,brighter-eng,emotion,transformer,27,fear|sadness,anger|disgust|sadness,True,0.8969304,
emotion-te-02504,en-Latn,brighter-eng,emotion,transformer,13,sadness,fear|sadness,True,0.8558893,
emotion-te-02505,en-Latn,brighter-eng,emotion,transformer,4,sadness|surprise,anger|disgust|fear|sadness|surprise,True,0.8503617,
emotion-te-02506,en-Latn,brighter-eng,emotion,transformer,29,none,none,False,0.44554704,
emotion-te-02507,en-Latn,brighter-eng,emotion,transformer,12,sadness,fear|sadness,True,0.680342,
emotion-te-02508,en-Latn,brighter-eng,emotion,transformer,7,joy,none,True,0.54209906,
emotion-te-02509,en-Latn,brighter-eng,emotion,transformer,32,joy,joy,False,0.8244401,
emotion-te-02510,en-Latn,brighter-eng,emotion,transformer,38,fear|sadness,fear|sadness,False,0.92680323,
emotion-te-02511,en-Latn,brighter-eng,emotion,transformer,16,none,fear|sadness,True,0.8628233,
emotion-te-02512,en-Latn,brighter-eng,emotion,transformer,24,fear,fear|surprise,True,0.92257947,
emotion-te-02513,en-Latn,brighter-eng,emotion,transformer,18,fear|sadness,fear|sadness,False,0.8584644,
emotion-te-02514,en-Latn,brighter-eng,emotion,transformer,44,fear|surprise,fear|surprise,False,0.95546305,
emotion-te-02515,en-Latn,brighter-eng,emotion,transformer,7,fear|surprise,fear|surprise,False,0.82876176,
emotion-te-02516,en-Latn,brighter-eng,emotion,transformer,15,surprise,fear|surprise,True,0.9615189,
emotion-te-02517,en-Latn,brighter-eng,emotion,transformer,73,joy,joy,False,0.9738937,
emotion-te-02518,en-Latn,brighter-eng,emotion,transformer,15,fear|surprise,fear|surprise,False,0.921292,
emotion-te-02519,en-Latn,brighter-eng,emotion,transformer,21,fear|sadness,joy,True,0.64600664,
emotion-te-02520,en-Latn,brighter-eng,emotion,transformer,17,fear,fear|sadness,True,0.90435666,
emotion-te-02521,en-Latn,brighter-eng,emotion,transformer,13,fear|sadness,fear|sadness,False,0.8751974,
emotion-te-02522,en-Latn,brighter-eng,emotion,transformer,10,none,joy,True,0.8291989,
emotion-te-02523,en-Latn,brighter-eng,emotion,transformer,7,sadness,fear|sadness,True,0.875014,
emotion-te-02524,en-Latn,brighter-eng,emotion,transformer,4,fear|surprise,anger|disgust|fear|sadness|surprise,True,0.9095083,
emotion-te-02525,en-Latn,brighter-eng,emotion,transformer,19,joy,joy,False,0.9397116,
emotion-te-02526,en-Latn,brighter-eng,emotion,transformer,16,joy,joy,False,0.9790177,
emotion-te-02527,en-Latn,brighter-eng,emotion,transformer,4,joy|sadness,joy,True,0.88040066,
emotion-te-02528,en-Latn,brighter-eng,emotion,transformer,15,none,fear|sadness|surprise,True,0.8977445,
emotion-te-02529,en-Latn,brighter-eng,emotion,transformer,15,surprise,fear|sadness|surprise,True,0.9157539,
emotion-te-02530,en-Latn,brighter-eng,emotion,transformer,7,joy,joy,False,0.97639084,
emotion-te-02531,en-Latn,brighter-eng,emotion,transformer,7,anger|fear|surprise,disgust|fear|sadness|surprise,True,0.9042434,
emotion-te-02532,en-Latn,brighter-eng,emotion,transformer,2,fear|surprise,fear|sadness|surprise,True,0.9333228,
emotion-te-02533,en-Latn,brighter-eng,emotion,transformer,38,sadness,fear|surprise,True,0.8117138,
emotion-te-02534,en-Latn,brighter-eng,emotion,transformer,8,joy,joy,False,0.98473626,
emotion-te-02535,en-Latn,brighter-eng,emotion,transformer,9,joy,surprise,True,0.65988153,
emotion-te-02536,en-Latn,brighter-eng,emotion,transformer,17,fear,fear|surprise,True,0.8495915,
emotion-te-02537,en-Latn,brighter-eng,emotion,transformer,25,none,fear,True,0.56453943,
emotion-te-02538,en-Latn,brighter-eng,emotion,transformer,10,fear|surprise,fear|surprise,False,0.95102507,
emotion-te-02539,en-Latn,brighter-eng,emotion,transformer,18,fear|sadness|surprise,anger|disgust|fear|sadness|surprise,True,0.8840459,
emotion-te-02540,en-Latn,brighter-eng,emotion,transformer,10,fear,fear,False,0.7741765,
emotion-te-02541,en-Latn,brighter-eng,emotion,transformer,5,fear,fear|sadness,True,0.87447923,
emotion-te-02542,en-Latn,brighter-eng,emotion,transformer,9,none,none,False,0.35309505,
emotion-te-02543,en-Latn,brighter-eng,emotion,transformer,16,fear|sadness|surprise,fear|surprise,True,0.916081,
emotion-te-02544,en-Latn,brighter-eng,emotion,transformer,8,fear,anger|disgust|fear|sadness,True,0.8810055,
emotion-te-02545,en-Latn,brighter-eng,emotion,transformer,32,none,joy,True,0.7627345,
emotion-te-02546,en-Latn,brighter-eng,emotion,transformer,6,anger,anger|disgust|sadness,True,0.9477818,
emotion-te-02547,en-Latn,brighter-eng,emotion,transformer,17,anger|fear|surprise,fear|surprise,True,0.78786016,
emotion-te-02548,en-Latn,brighter-eng,emotion,transformer,28,fear|surprise,fear|surprise,False,0.8128262,
emotion-te-02549,en-Latn,brighter-eng,emotion,transformer,14,fear|surprise,none,True,0.33919376,
emotion-te-02550,en-Latn,brighter-eng,emotion,transformer,8,fear,fear|sadness,True,0.92770505,
emotion-te-02551,en-Latn,brighter-eng,emotion,transformer,4,surprise,disgust|fear|sadness,True,0.85916,
emotion-te-02552,en-Latn,brighter-eng,emotion,transformer,9,fear|sadness,fear|sadness,False,0.87255937,
emotion-te-02553,en-Latn,brighter-eng,emotion,transformer,22,joy,joy,False,0.9754126,
emotion-te-02554,en-Latn,brighter-eng,emotion,transformer,18,fear|surprise,joy,True,0.9544637,
emotion-te-02555,en-Latn,brighter-eng,emotion,transformer,29,fear,none,True,0.4808894,
emotion-te-02556,en-Latn,brighter-eng,emotion,transformer,7,fear|surprise,anger|disgust|fear|sadness|surprise,True,0.8746717,
emotion-te-02557,en-Latn,brighter-eng,emotion,transformer,23,fear|sadness|surprise,fear|sadness|surprise,False,0.9030749,
emotion-te-02558,en-Latn,brighter-eng,emotion,transformer,9,joy|surprise,surprise,True,0.6557431,
emotion-te-02559,en-Latn,brighter-eng,emotion,transformer,4,fear,anger|disgust|fear|sadness,True,0.894836,
emotion-te-02560,en-Latn,brighter-eng,emotion,transformer,51,fear|joy,joy|surprise,True,0.8851043,
emotion-te-02561,en-Latn,brighter-eng,emotion,transformer,4,sadness|surprise,fear|surprise,True,0.6199251,
emotion-te-02562,en-Latn,brighter-eng,emotion,transformer,19,fear,fear,False,0.60978264,
emotion-te-02563,en-Latn,brighter-eng,emotion,transformer,7,anger,anger|disgust|fear|sadness,True,0.92697465,
emotion-te-02564,en-Latn,brighter-eng,emotion,transformer,11,joy|surprise,joy|surprise,False,0.8790646,
emotion-te-02565,en-Latn,brighter-eng,emotion,transformer,14,joy,joy,False,0.87555295,
emotion-te-02566,en-Latn,brighter-eng,emotion,transformer,8,none,fear,True,0.60809433,
emotion-te-02567,en-Latn,brighter-eng,emotion,transformer,5,sadness,fear|sadness,True,0.90332246,
emotion-te-02568,en-Latn,brighter-eng,emotion,transformer,13,fear,fear|sadness,True,0.799677,
emotion-te-02569,en-Latn,brighter-eng,emotion,transformer,15,anger|fear|sadness,fear|sadness,True,0.8854142,
emotion-te-02570,en-Latn,brighter-eng,emotion,transformer,16,anger,joy,True,0.73005503,
emotion-te-02571,en-Latn,brighter-eng,emotion,transformer,11,joy|surprise,joy,True,0.977887,
emotion-te-02572,en-Latn,brighter-eng,emotion,transformer,33,fear|sadness|surprise,fear|sadness,True,0.90521806,
emotion-te-02573,en-Latn,brighter-eng,emotion,transformer,14,fear|sadness,fear|sadness,False,0.88790447,
emotion-te-02574,en-Latn,brighter-eng,emotion,transformer,19,anger|fear,fear|sadness,True,0.8664815,
emotion-te-02575,en-Latn,brighter-eng,emotion,transformer,11,anger|sadness,anger|disgust|fear|sadness|surprise,True,0.7600034,
emotion-te-02576,en-Latn,brighter-eng,emotion,transformer,22,fear|sadness,fear|sadness,False,0.8836026,
emotion-te-02577,en-Latn,brighter-eng,emotion,transformer,13,fear|sadness,fear|sadness,False,0.8390786,
emotion-te-02578,en-Latn,brighter-eng,emotion,transformer,8,fear|sadness,fear|sadness,False,0.8518114,
emotion-te-02579,en-Latn,brighter-eng,emotion,transformer,3,surprise,fear|surprise,True,0.8620962,
emotion-te-02580,en-Latn,brighter-eng,emotion,transformer,28,sadness,fear,True,0.67730355,
emotion-te-02581,en-Latn,brighter-eng,emotion,transformer,3,fear|surprise,fear|surprise,False,0.95803356,
emotion-te-02582,en-Latn,brighter-eng,emotion,transformer,14,fear|surprise,fear|surprise,False,0.93648034,
emotion-te-02583,en-Latn,brighter-eng,emotion,transformer,38,none,fear,True,0.59149355,
emotion-te-02584,en-Latn,brighter-eng,emotion,transformer,4,fear|sadness|surprise,fear|surprise,True,0.92643136,
emotion-te-02585,en-Latn,brighter-eng,emotion,transformer,4,none,fear,True,0.60612124,
emotion-te-02586,en-Latn,brighter-eng,emotion,transformer,4,fear|joy|sadness,anger|disgust|fear|sadness|surprise,True,0.8476996,
emotion-te-02587,en-Latn,brighter-eng,emotion,transformer,28,fear|sadness,fear,True,0.62641233,
emotion-te-02588,en-Latn,brighter-eng,emotion,transformer,35,joy,joy,False,0.95871603,
emotion-te-02589,en-Latn,brighter-eng,emotion,transformer,4,fear|sadness|surprise,anger|disgust|fear|sadness|surprise,True,0.9004364,
emotion-te-02590,en-Latn,brighter-eng,emotion,transformer,29,fear,anger|disgust|fear|sadness,True,0.85540396,
emotion-te-02591,en-Latn,brighter-eng,emotion,transformer,8,surprise,joy|surprise,True,0.9021512,
emotion-te-02592,en-Latn,brighter-eng,emotion,transformer,38,fear|sadness,fear|sadness,False,0.89331484,
emotion-te-02593,en-Latn,brighter-eng,emotion,transformer,30,joy,joy|surprise,True,0.9286087,
emotion-te-02594,en-Latn,brighter-eng,emotion,transformer,23,fear|surprise,fear|sadness,True,0.90066206,
emotion-te-02595,en-Latn,brighter-eng,emotion,transformer,8,fear|surprise,joy|surprise,True,0.92055416,
emotion-te-02596,en-Latn,brighter-eng,emotion,transformer,14,fear|joy,joy,True,0.6071252,
emotion-te-02597,en-Latn,brighter-eng,emotion,transformer,9,fear|surprise,fear|surprise,False,0.94747114,
emotion-te-02598,en-Latn,brighter-eng,emotion,transformer,39,fear|sadness|surprise,fear,True,0.7851013,
emotion-te-02599,en-Latn,brighter-eng,emotion,transformer,10,fear,fear|sadness,True,0.9534612,
emotion-te-02600,en-Latn,brighter-eng,emotion,transformer,23,fear,joy,True,0.87296003,
emotion-te-02601,en-Latn,brighter-eng,emotion,transformer,28,fear,fear|sadness,True,0.91155356,
emotion-te-02602,en-Latn,brighter-eng,emotion,transformer,11,surprise,fear|surprise,True,0.92583454,
emotion-te-02603,en-Latn,brighter-eng,emotion,transformer,17,joy|surprise,joy|surprise,False,0.8479395,
emotion-te-02604,en-Latn,brighter-eng,emotion,transformer,17,sadness,joy,True,0.67711604,
emotion-te-02605,en-Latn,brighter-eng,emotion,transformer,64,anger|fear|sadness,fear|sadness,True,0.8773891,
emotion-te-02606,en-Latn,brighter-eng,emotion,transformer,17,fear|sadness,fear,True,0.7327675,
emotion-te-02607,en-Latn,brighter-eng,emotion,transformer,12,fear|sadness,fear|surprise,True,0.9245738,
emotion-te-02608,en-Latn,brighter-eng,emotion,transformer,20,fear|sadness,fear|sadness,False,0.8947696,
emotion-te-02609,en-Latn,brighter-eng,emotion,transformer,13,joy,none,True,0.49187666,
emotion-te-02610,en-Latn,brighter-eng,emotion,transformer,28,fear|joy,joy,True,0.9595856,
emotion-te-02611,en-Latn,brighter-eng,emotion,transformer,6,fear,fear|sadness,True,0.7496561,
emotion-te-02612,en-Latn,brighter-eng,emotion,transformer,17,fear|joy,fear|sadness,True,0.80093384,
emotion-te-02613,en-Latn,brighter-eng,emotion,transformer,19,anger,anger|disgust|sadness,True,0.90418035,
emotion-te-02614,en-Latn,brighter-eng,emotion,transformer,23,none,fear,True,0.5949909,
emotion-te-02615,en-Latn,brighter-eng,emotion,transformer,18,fear,anger|disgust|fear|sadness,True,0.83273005,
emotion-te-02616,en-Latn,brighter-eng,emotion,transformer,16,fear,fear,False,0.6994331,
emotion-te-02617,en-Latn,brighter-eng,emotion,transformer,10,fear,fear|sadness,True,0.8451671,
emotion-te-02618,en-Latn,brighter-eng,emotion,transformer,31,none,fear|sadness,True,0.8693406,
emotion-te-02619,en-Latn,brighter-eng,emotion,transformer,28,sadness,fear|surprise,True,0.9151763,
emotion-te-02620,en-Latn,brighter-eng,emotion,transformer,17,sadness,none,True,0.49490038,
emotion-te-02621,en-Latn,brighter-eng,emotion,transformer,16,joy,joy,False,0.9818241,
emotion-te-02622,en-Latn,brighter-eng,emotion,transformer,10,fear|sadness|surprise,fear,True,0.7968153,
emotion-te-02623,en-Latn,brighter-eng,emotion,transformer,13,fear,fear|sadness,True,0.93832755,
emotion-te-02624,en-Latn,brighter-eng,emotion,transformer,10,none,none,False,0.3091424,
emotion-te-02625,en-Latn,brighter-eng,emotion,transformer,33,fear|sadness,fear|sadness,False,0.94606596,
emotion-te-02626,en-Latn,brighter-eng,emotion,transformer,10,fear|surprise,joy|surprise,True,0.8146097,
emotion-te-02627,en-Latn,brighter-eng,emotion,transformer,24,joy|surprise,joy,True,0.9127655,
emotion-te-02628,en-Latn,brighter-eng,emotion,transformer,6,sadness,joy,True,0.6850742,
emotion-te-02629,en-Latn,brighter-eng,emotion,transformer,15,joy,none,True,0.32671237,
emotion-te-02630,en-Latn,brighter-eng,emotion,transformer,10,fear|sadness,fear|sadness,False,0.8366289,
emotion-te-02631,en-Latn,brighter-eng,emotion,transformer,45,fear,anger|disgust|fear|sadness,True,0.84229577,
emotion-te-02632,en-Latn,brighter-eng,emotion,transformer,5,fear,joy,True,0.6712768,
emotion-te-02633,en-Latn,brighter-eng,emotion,transformer,12,sadness,fear|sadness,True,0.8824597,
emotion-te-02634,en-Latn,brighter-eng,emotion,transformer,23,fear|sadness,fear|sadness,False,0.9209437,
emotion-te-02635,en-Latn,brighter-eng,emotion,transformer,17,joy,none,True,0.55343795,
emotion-te-02636,en-Latn,brighter-eng,emotion,transformer,21,fear,fear|sadness,True,0.86513996,
emotion-te-02637,en-Latn,brighter-eng,emotion,transformer,16,anger|fear|surprise,fear|surprise,True,0.9169397,
emotion-te-02638,en-Latn,brighter-eng,emotion,transformer,31,fear|sadness,fear|sadness,False,0.7580805,
emotion-te-02639,en-Latn,brighter-eng,emotion,transformer,14,fear,fear|sadness,True,0.90381986,
emotion-te-02640,en-Latn,brighter-eng,emotion,transformer,15,anger,fear|sadness,True,0.8993431,
emotion-te-02641,en-Latn,brighter-eng,emotion,transformer,19,joy|sadness,fear|sadness,True,0.7615056,
emotion-te-02642,en-Latn,brighter-eng,emotion,transformer,56,sadness,joy,True,0.72650725,
emotion-te-02643,en-Latn,brighter-eng,emotion,transformer,28,fear|sadness,fear|sadness|surprise,True,0.8759652,
emotion-te-02644,en-Latn,brighter-eng,emotion,transformer,10,joy,joy,False,0.8679189,
emotion-te-02645,en-Latn,brighter-eng,emotion,transformer,30,fear,fear|sadness,True,0.8598305,
emotion-te-02646,en-Latn,brighter-eng,emotion,transformer,18,fear,none,True,0.39298436,
emotion-te-02647,en-Latn,brighter-eng,emotion,transformer,19,none,none,False,0.35209924,
emotion-te-02648,en-Latn,brighter-eng,emotion,transformer,3,none,none,False,0.32206842,
emotion-te-02649,en-Latn,brighter-eng,emotion,transformer,21,joy,joy,False,0.9821743,
emotion-te-02650,en-Latn,brighter-eng,emotion,transformer,15,fear,fear|sadness,True,0.9500243,
emotion-te-02651,en-Latn,brighter-eng,emotion,transformer,12,anger|fear,fear,True,0.8110471,
emotion-te-02652,en-Latn,brighter-eng,emotion,transformer,27,joy,joy,False,0.97495234,
emotion-te-02653,en-Latn,brighter-eng,emotion,transformer,10,sadness,fear|sadness,True,0.8343235,
emotion-te-02654,en-Latn,brighter-eng,emotion,transformer,19,fear,fear|sadness,True,0.93366736,
emotion-te-02655,en-Latn,brighter-eng,emotion,transformer,22,joy,joy,False,0.7134915,
emotion-te-02656,en-Latn,brighter-eng,emotion,transformer,20,fear,fear|sadness|surprise,True,0.92986864,
emotion-te-02657,en-Latn,brighter-eng,emotion,transformer,11,fear|sadness,fear|sadness,False,0.883972,
emotion-te-02658,en-Latn,brighter-eng,emotion,transformer,26,anger|fear|sadness,fear|sadness,True,0.91718,
emotion-te-02659,en-Latn,brighter-eng,emotion,transformer,11,none,fear|surprise,True,0.8817319,
emotion-te-02660,en-Latn,brighter-eng,emotion,transformer,64,sadness,fear|joy|surprise,True,0.92214423,
emotion-te-02661,en-Latn,brighter-eng,emotion,transformer,20,surprise,fear|surprise,True,0.8102913,
emotion-te-02662,en-Latn,brighter-eng,emotion,transformer,14,sadness,fear|sadness,True,0.91181505,
emotion-te-02663,en-Latn,brighter-eng,emotion,transformer,16,none,none,False,0.45280972,
emotion-te-02664,en-Latn,brighter-eng,emotion,transformer,4,none,fear|sadness,True,0.7585191,
emotion-te-02665,en-Latn,brighter-eng,emotion,transformer,7,fear,fear|sadness,True,0.9062378,
emotion-te-02666,en-Latn,brighter-eng,emotion,transformer,87,fear|sadness,fear|sadness,False,0.91401017,
emotion-te-02667,en-Latn,brighter-eng,emotion,transformer,20,fear|sadness,fear|sadness,False,0.83251506,
emotion-te-02668,en-Latn,brighter-eng,emotion,transformer,17,joy,joy,False,0.9589238,
emotion-te-02669,en-Latn,brighter-eng,emotion,transformer,21,sadness,fear|sadness,True,0.88057995,
emotion-te-02670,en-Latn,brighter-eng,emotion,transformer,8,anger|fear,fear|joy|surprise,True,0.64932257,
emotion-te-02671,en-Latn,brighter-eng,emotion,transformer,24,fear|sadness,joy|surprise,True,0.68482643,
emotion-te-02672,en-Latn,brighter-eng,emotion,transformer,22,fear|joy,none,True,0.5014867,
emotion-te-02673,en-Latn,brighter-eng,emotion,transformer,21,none,fear|sadness,True,0.8659443,
emotion-te-02674,en-Latn,brighter-eng,emotion,transformer,14,fear|joy,fear|sadness,True,0.8531381,
emotion-te-02675,en-Latn,brighter-eng,emotion,transformer,38,joy,fear,True,0.7486109,
emotion-te-02676,en-Latn,brighter-eng,emotion,transformer,19,fear|sadness,fear|sadness,False,0.90467566,
emotion-te-02677,en-Latn,brighter-eng,emotion,transformer,25,fear,fear,False,0.5534711,
emotion-te-02678,en-Latn,brighter-eng,emotion,transformer,7,fear|sadness,fear|sadness,False,0.8306249,
emotion-te-02679,en-Latn,brighter-eng,emotion,transformer,8,surprise,fear|sadness,True,0.9339757,
emotion-te-02680,en-Latn,brighter-eng,emotion,transformer,18,fear|surprise,fear|surprise,False,0.95844734,
emotion-te-02681,en-Latn,brighter-eng,emotion,transformer,19,fear|sadness,fear|sadness,False,0.8825323,
emotion-te-02682,en-Latn,brighter-eng,emotion,transformer,11,joy,joy,False,0.98124814,
emotion-te-02683,en-Latn,brighter-eng,emotion,transformer,20,joy,none,True,0.42463103,
emotion-te-02684,en-Latn,brighter-eng,emotion,transformer,12,joy,fear|sadness,True,0.76663226,
emotion-te-02685,en-Latn,brighter-eng,emotion,transformer,8,fear|sadness,fear|sadness,False,0.88459855,
emotion-te-02686,en-Latn,brighter-eng,emotion,transformer,25,surprise,anger|disgust|fear|sadness|surprise,True,0.87399095,
emotion-te-02687,en-Latn,brighter-eng,emotion,transformer,21,fear|sadness,fear,True,0.861463,
emotion-te-02688,en-Latn,brighter-eng,emotion,transformer,36,fear|sadness,joy,True,0.9355291,
emotion-te-02689,en-Latn,brighter-eng,emotion,transformer,31,anger|fear,fear|sadness,True,0.8588662,
emotion-te-02690,en-Latn,brighter-eng,emotion,transformer,9,joy,none,True,0.5444569,
emotion-te-02691,en-Latn,brighter-eng,emotion,transformer,28,fear|sadness,joy,True,0.7231601,
emotion-te-02692,en-Latn,brighter-eng,emotion,transformer,24,fear|sadness|surprise,anger|disgust|fear|sadness|surprise,True,0.9015553,
emotion-te-02693,en-Latn,brighter-eng,emotion,transformer,13,none,none,False,0.3273513,
emotion-te-02694,en-Latn,brighter-eng,emotion,transformer,15,none,none,False,0.43238187,
emotion-te-02695,en-Latn,brighter-eng,emotion,transformer,44,fear,fear|sadness,True,0.8037512,
emotion-te-02696,en-Latn,brighter-eng,emotion,transformer,19,fear|joy,joy,True,0.90502244,
emotion-te-02697,en-Latn,brighter-eng,emotion,transformer,8,anger|fear|sadness,fear|sadness,True,0.8301364,
emotion-te-02698,en-Latn,brighter-eng,emotion,transformer,15,fear|sadness,fear|sadness,False,0.87693685,
emotion-te-02699,en-Latn,brighter-eng,emotion,transformer,13,fear|sadness|surprise,fear|sadness,True,0.949277,
emotion-te-02700,en-Latn,brighter-eng,emotion,transformer,22,joy,fear,True,0.56163883,
emotion-te-02701,en-Latn,brighter-eng,emotion,transformer,11,joy,joy,False,0.98221684,
emotion-te-02702,en-Latn,brighter-eng,emotion,transformer,24,fear|sadness,joy,True,0.8556594,
emotion-te-02703,en-Latn,brighter-eng,emotion,transformer,16,sadness,fear|sadness,True,0.91268843,
emotion-te-02704,en-Latn,brighter-eng,emotion,transformer,14,fear|sadness,fear|sadness,False,0.9302746,
emotion-te-02705,en-Latn,brighter-eng,emotion,transformer,19,joy,joy,False,0.9528515,
emotion-te-02706,en-Latn,brighter-eng,emotion,transformer,19,joy,joy,False,0.9766882,
emotion-te-02707,en-Latn,brighter-eng,emotion,transformer,13,joy|surprise,joy,True,0.8050023,
emotion-te-02708,en-Latn,brighter-eng,emotion,transformer,20,fear,none,True,0.4371736,
emotion-te-02709,en-Latn,brighter-eng,emotion,transformer,21,fear,fear,False,0.56925523,
emotion-te-02710,en-Latn,brighter-eng,emotion,transformer,43,joy,none,True,0.48513404,
emotion-te-02711,en-Latn,brighter-eng,emotion,transformer,5,fear,fear|sadness,True,0.89512473,
emotion-te-02712,en-Latn,brighter-eng,emotion,transformer,8,joy,joy,False,0.9401165,
emotion-te-02713,en-Latn,brighter-eng,emotion,transformer,43,fear|sadness,fear|sadness,False,0.8726282,
emotion-te-02714,en-Latn,brighter-eng,emotion,transformer,2,none,none,False,0.34438664,
emotion-te-02715,en-Latn,brighter-eng,emotion,transformer,22,fear,surprise,True,0.5655793,
emotion-te-02716,en-Latn,brighter-eng,emotion,transformer,8,sadness,fear|sadness,True,0.87004775,
emotion-te-02717,en-Latn,brighter-eng,emotion,transformer,10,fear|sadness,fear|sadness,False,0.877278,
emotion-te-02718,en-Latn,brighter-eng,emotion,transformer,31,fear,fear|sadness,True,0.9623052,
emotion-te-02719,en-Latn,brighter-eng,emotion,transformer,18,fear,joy|surprise,True,0.6734021,
emotion-te-02720,en-Latn,brighter-eng,emotion,transformer,7,fear,joy,True,0.6885639,
emotion-te-02721,en-Latn,brighter-eng,emotion,transformer,8,fear,fear,False,0.6301324,
emotion-te-02722,en-Latn,brighter-eng,emotion,transformer,13,fear|sadness,fear|sadness,False,0.8587396,
emotion-te-02723,en-Latn,brighter-eng,emotion,transformer,4,joy,none,True,0.5136276,
emotion-te-02724,en-Latn,brighter-eng,emotion,transformer,25,fear|sadness,anger|disgust|sadness,True,0.9302361,
emotion-te-02725,en-Latn,brighter-eng,emotion,transformer,18,fear,fear|surprise,True,0.83556485,
emotion-te-02726,en-Latn,brighter-eng,emotion,transformer,16,fear|sadness,fear|sadness,False,0.9137339,
emotion-te-02727,en-Latn,brighter-eng,emotion,transformer,7,fear|sadness,fear|sadness,False,0.8843763,
emotion-te-02728,en-Latn,brighter-eng,emotion,transformer,11,fear|joy|surprise,fear|surprise,True,0.87735605,
emotion-te-02729,en-Latn,brighter-eng,emotion,transformer,16,fear,anger|disgust|fear|sadness,True,0.86427695,
emotion-te-02730,en-Latn,brighter-eng,emotion,transformer,30,none,joy,True,0.9486946,
emotion-te-02731,en-Latn,brighter-eng,emotion,transformer,25,fear,fear|sadness,True,0.9124171,
emotion-te-02732,en-Latn,brighter-eng,emotion,transformer,19,fear,fear|sadness,True,0.921091,
emotion-te-02733,en-Latn,brighter-eng,emotion,transformer,10,fear|sadness,fear|sadness,False,0.8473803,
emotion-te-02734,en-Latn,brighter-eng,emotion,transformer,18,fear,fear|sadness,True,0.9031984,
emotion-te-02735,en-Latn,brighter-eng,emotion,transformer,23,fear|surprise,fear|surprise,False,0.87377226,
emotion-te-02736,en-Latn,brighter-eng,emotion,transformer,9,fear,fear|sadness,True,0.83948094,
emotion-te-02737,en-Latn,brighter-eng,emotion,transformer,10,sadness,fear|sadness,True,0.9259065,
emotion-te-02738,en-Latn,brighter-eng,emotion,transformer,13,fear|sadness,fear|sadness|surprise,True,0.9180119,
emotion-te-02739,en-Latn,brighter-eng,emotion,transformer,12,fear,fear|sadness,True,0.9599139,
emotion-te-02740,en-Latn,brighter-eng,emotion,transformer,8,sadness,fear|sadness,True,0.8553896,
emotion-te-02741,en-Latn,brighter-eng,emotion,transformer,25,none,none,False,0.3863175,
emotion-te-02742,en-Latn,brighter-eng,emotion,transformer,24,fear|sadness,fear|sadness,False,0.8962129,
emotion-te-02743,en-Latn,brighter-eng,emotion,transformer,9,fear|sadness,fear|sadness,False,0.7815583,
emotion-te-02744,en-Latn,brighter-eng,emotion,transformer,15,fear|sadness,fear|sadness,False,0.83980525,
emotion-te-02745,en-Latn,brighter-eng,emotion,transformer,22,sadness,anger|disgust|fear|surprise,True,0.7730936,
emotion-te-02746,en-Latn,brighter-eng,emotion,transformer,9,joy,joy,False,0.983558,
emotion-te-02747,en-Latn,brighter-eng,emotion,transformer,54,joy,fear|sadness,True,0.7464984,
emotion-te-02748,en-Latn,brighter-eng,emotion,transformer,37,joy,joy,False,0.9655017,
emotion-te-02749,en-Latn,brighter-eng,emotion,transformer,21,fear|sadness,fear,True,0.6472129,
emotion-te-02750,en-Latn,brighter-eng,emotion,transformer,34,fear|sadness,joy|surprise,True,0.70083123,
emotion-te-02751,en-Latn,brighter-eng,emotion,transformer,16,joy,joy,False,0.955083,
emotion-te-02752,en-Latn,brighter-eng,emotion,transformer,8,joy,joy,False,0.6797798,
emotion-te-02753,en-Latn,brighter-eng,emotion,transformer,12,fear|sadness,none,True,0.31901368,
emotion-te-02754,en-Latn,brighter-eng,emotion,transformer,14,fear,fear,False,0.77540636,
emotion-te-02755,en-Latn,brighter-eng,emotion,transformer,26,none,fear,True,0.731529,
emotion-te-02756,en-Latn,brighter-eng,emotion,transformer,17,fear,anger|disgust|fear|sadness,True,0.85909307,
emotion-te-02757,en-Latn,brighter-eng,emotion,transformer,7,fear|sadness,fear|sadness,False,0.8777067,
emotion-te-02758,en-Latn,brighter-eng,emotion,transformer,17,fear,fear|sadness,True,0.9313749,
emotion-te-02759,en-Latn,brighter-eng,emotion,transformer,22,sadness,joy,True,0.76288337,
emotion-te-02760,hi-Deva,brighter-hin,emotion,transformer,18,fear|sadness|surprise,fear|surprise,True,0.81640303,
emotion-te-02761,hi-Deva,brighter-hin,emotion,transformer,15,sadness,sadness,False,0.7287035,
emotion-te-02762,hi-Deva,brighter-hin,emotion,transformer,17,fear,fear|sadness,True,0.8244346,
emotion-te-02763,hi-Deva,brighter-hin,emotion,transformer,25,surprise,surprise,False,0.908717,
emotion-te-02764,hi-Deva,brighter-hin,emotion,transformer,13,anger,anger|disgust,True,0.9173156,
emotion-te-02765,hi-Deva,brighter-hin,emotion,transformer,12,anger,anger|disgust|sadness,True,0.8628186,
emotion-te-02766,hi-Deva,brighter-hin,emotion,transformer,11,none,none,False,0.08065934,
emotion-te-02767,hi-Deva,brighter-hin,emotion,transformer,18,none,none,False,0.041508302,
emotion-te-02768,hi-Deva,brighter-hin,emotion,transformer,17,anger|disgust,anger|disgust,False,0.9406895,
emotion-te-02769,hi-Deva,brighter-hin,emotion,transformer,15,none,none,False,0.14062065,
emotion-te-02770,hi-Deva,brighter-hin,emotion,transformer,12,sadness,anger|sadness,True,0.64348614,
emotion-te-02771,hi-Deva,brighter-hin,emotion,transformer,13,none,none,False,0.05254543,
emotion-te-02772,hi-Deva,brighter-hin,emotion,transformer,13,surprise,surprise,False,0.83972234,
emotion-te-02773,hi-Deva,brighter-hin,emotion,transformer,14,none,none,False,0.042994175,
emotion-te-02774,hi-Deva,brighter-hin,emotion,transformer,19,surprise,surprise,False,0.93244666,
emotion-te-02775,hi-Deva,brighter-hin,emotion,transformer,14,disgust,anger|disgust,True,0.9455255,
emotion-te-02776,hi-Deva,brighter-hin,emotion,transformer,19,fear,none,True,0.42771795,
emotion-te-02777,hi-Deva,brighter-hin,emotion,transformer,13,fear,fear,False,0.79113,
emotion-te-02778,hi-Deva,brighter-hin,emotion,transformer,15,joy,joy,False,0.98347837,
emotion-te-02779,hi-Deva,brighter-hin,emotion,transformer,18,none,fear,True,0.840364,
emotion-te-02780,hi-Deva,brighter-hin,emotion,transformer,16,anger,anger|disgust,True,0.91002446,
emotion-te-02781,hi-Deva,brighter-hin,emotion,transformer,12,sadness,sadness,False,0.757504,
emotion-te-02782,hi-Deva,brighter-hin,emotion,transformer,11,none,none,False,0.06406073,
emotion-te-02783,hi-Deva,brighter-hin,emotion,transformer,7,none,surprise,True,0.6392044,
emotion-te-02784,hi-Deva,brighter-hin,emotion,transformer,21,surprise,joy|surprise,True,0.8009748,
emotion-te-02785,hi-Deva,brighter-hin,emotion,transformer,16,surprise,joy|surprise,True,0.9217758,
emotion-te-02786,hi-Deva,brighter-hin,emotion,transformer,22,fear,fear,False,0.85735416,
emotion-te-02787,hi-Deva,brighter-hin,emotion,transformer,18,disgust,anger|disgust,True,0.9420626,
emotion-te-02788,hi-Deva,brighter-hin,emotion,transformer,20,fear,fear,False,0.8471635,
emotion-te-02789,hi-Deva,brighter-hin,emotion,transformer,14,joy,joy,False,0.8644001,
emotion-te-02790,hi-Deva,brighter-hin,emotion,transformer,26,disgust,anger|disgust,True,0.94300485,
emotion-te-02791,hi-Deva,brighter-hin,emotion,transformer,11,fear,fear,False,0.7700145,
emotion-te-02792,hi-Deva,brighter-hin,emotion,transformer,24,anger,anger|disgust,True,0.9091248,
emotion-te-02793,hi-Deva,brighter-hin,emotion,transformer,19,anger,anger,False,0.8625989,
emotion-te-02794,hi-Deva,brighter-hin,emotion,transformer,27,sadness,sadness,False,0.76521707,
emotion-te-02795,hi-Deva,brighter-hin,emotion,transformer,13,sadness,anger,True,0.787761,
emotion-te-02796,hi-Deva,brighter-hin,emotion,transformer,9,fear,fear,False,0.7730475,
emotion-te-02797,hi-Deva,brighter-hin,emotion,transformer,19,surprise,joy|surprise,True,0.9303799,
emotion-te-02798,hi-Deva,brighter-hin,emotion,transformer,15,fear,sadness,True,0.7529404,
emotion-te-02799,hi-Deva,brighter-hin,emotion,transformer,17,surprise,surprise,False,0.927066,
emotion-te-02800,hi-Deva,brighter-hin,emotion,transformer,18,disgust|sadness,anger|sadness,True,0.85093504,
emotion-te-02801,hi-Deva,brighter-hin,emotion,transformer,22,sadness,sadness,False,0.78222024,
emotion-te-02802,hi-Deva,brighter-hin,emotion,transformer,9,anger,anger|disgust,True,0.9135566,
emotion-te-02803,hi-Deva,brighter-hin,emotion,transformer,29,disgust,anger|disgust,True,0.93130606,
emotion-te-02804,hi-Deva,brighter-hin,emotion,transformer,11,joy,joy,False,0.9715745,
emotion-te-02805,hi-Deva,brighter-hin,emotion,transformer,10,none,none,False,0.05126218,
emotion-te-02806,hi-Deva,brighter-hin,emotion,transformer,15,fear,fear,False,0.86575305,
emotion-te-02807,hi-Deva,brighter-hin,emotion,transformer,10,joy,none,True,0.43102515,
emotion-te-02808,hi-Deva,brighter-hin,emotion,transformer,14,sadness,anger|sadness,True,0.70784265,
emotion-te-02809,hi-Deva,brighter-hin,emotion,transformer,14,sadness,sadness,False,0.754706,
emotion-te-02810,hi-Deva,brighter-hin,emotion,transformer,14,fear,fear|surprise,True,0.751236,
emotion-te-02811,hi-Deva,brighter-hin,emotion,transformer,21,fear,fear,False,0.8332092,
emotion-te-02812,hi-Deva,brighter-hin,emotion,transformer,19,joy,joy,False,0.985341,
emotion-te-02813,hi-Deva,brighter-hin,emotion,transformer,16,fear,fear,False,0.80607104,
emotion-te-02814,hi-Deva,brighter-hin,emotion,transformer,29,surprise,joy|surprise,True,0.9096598,
emotion-te-02815,hi-Deva,brighter-hin,emotion,transformer,10,fear,fear,False,0.6064356,
emotion-te-02816,hi-Deva,brighter-hin,emotion,transformer,16,anger,anger,False,0.8296482,
emotion-te-02817,hi-Deva,brighter-hin,emotion,transformer,16,joy|surprise,joy,True,0.97376716,
emotion-te-02818,hi-Deva,brighter-hin,emotion,transformer,10,none,none,False,0.055700984,
emotion-te-02819,hi-Deva,brighter-hin,emotion,transformer,24,surprise,surprise,False,0.86984026,
emotion-te-02820,hi-Deva,brighter-hin,emotion,transformer,15,fear,fear,False,0.7894087,
emotion-te-02821,hi-Deva,brighter-hin,emotion,transformer,17,sadness,fear|sadness,True,0.77166724,
emotion-te-02822,hi-Deva,brighter-hin,emotion,transformer,18,fear,fear,False,0.8294079,
emotion-te-02823,hi-Deva,brighter-hin,emotion,transformer,14,joy,joy,False,0.98026156,
emotion-te-02824,hi-Deva,brighter-hin,emotion,transformer,20,joy,joy,False,0.98394126,
emotion-te-02825,hi-Deva,brighter-hin,emotion,transformer,16,fear,fear,False,0.8342572,
emotion-te-02826,hi-Deva,brighter-hin,emotion,transformer,14,fear,fear,False,0.8609852,
emotion-te-02827,hi-Deva,brighter-hin,emotion,transformer,14,joy,joy,False,0.9794516,
emotion-te-02828,hi-Deva,brighter-hin,emotion,transformer,17,none,none,False,0.05140408,
emotion-te-02829,hi-Deva,brighter-hin,emotion,transformer,18,joy,joy,False,0.94285965,
emotion-te-02830,hi-Deva,brighter-hin,emotion,transformer,19,joy,joy,False,0.9815523,
emotion-te-02831,hi-Deva,brighter-hin,emotion,transformer,14,none,none,False,0.04697314,
emotion-te-02832,hi-Deva,brighter-hin,emotion,transformer,18,fear,fear,False,0.8543896,
emotion-te-02833,hi-Deva,brighter-hin,emotion,transformer,11,none,none,False,0.40447536,
emotion-te-02834,hi-Deva,brighter-hin,emotion,transformer,17,joy,joy,False,0.9769011,
emotion-te-02835,hi-Deva,brighter-hin,emotion,transformer,15,fear,fear|sadness,True,0.7677813,
emotion-te-02836,hi-Deva,brighter-hin,emotion,transformer,11,joy,joy,False,0.97043127,
emotion-te-02837,hi-Deva,brighter-hin,emotion,transformer,30,anger|disgust,anger|disgust,False,0.93460864,
emotion-te-02838,hi-Deva,brighter-hin,emotion,transformer,16,fear,sadness,True,0.78566134,
emotion-te-02839,hi-Deva,brighter-hin,emotion,transformer,25,anger,anger,False,0.88871694,
emotion-te-02840,hi-Deva,brighter-hin,emotion,transformer,21,anger,anger,False,0.80089915,
emotion-te-02841,hi-Deva,brighter-hin,emotion,transformer,18,joy,none,True,0.40846962,
emotion-te-02842,hi-Deva,brighter-hin,emotion,transformer,10,joy,joy,False,0.9788101,
emotion-te-02843,hi-Deva,brighter-hin,emotion,transformer,12,anger,anger|disgust,True,0.9062875,
emotion-te-02844,hi-Deva,brighter-hin,emotion,transformer,24,disgust,anger|disgust,True,0.9448617,
emotion-te-02845,hi-Deva,brighter-hin,emotion,transformer,15,surprise,joy|surprise,True,0.9107818,
emotion-te-02846,hi-Deva,brighter-hin,emotion,transformer,17,anger,anger,False,0.69103795,
emotion-te-02847,hi-Deva,brighter-hin,emotion,transformer,15,joy,joy,False,0.9798697,
emotion-te-02848,hi-Deva,brighter-hin,emotion,transformer,30,surprise,joy|surprise,True,0.86371577,
emotion-te-02849,hi-Deva,brighter-hin,emotion,transformer,31,surprise,surprise,False,0.9110073,
emotion-te-02850,hi-Deva,brighter-hin,emotion,transformer,18,joy,joy,False,0.98241085,
emotion-te-02851,hi-Deva,brighter-hin,emotion,transformer,11,anger,anger,False,0.7852029,
emotion-te-02852,hi-Deva,brighter-hin,emotion,transformer,16,none,none,False,0.042088136,
emotion-te-02853,hi-Deva,brighter-hin,emotion,transformer,12,fear,fear,False,0.84422415,
emotion-te-02854,hi-Deva,brighter-hin,emotion,transformer,13,sadness,anger|disgust,True,0.8843044,
emotion-te-02855,hi-Deva,brighter-hin,emotion,transformer,14,joy,joy,False,0.7412077,
emotion-te-02856,hi-Deva,brighter-hin,emotion,transformer,18,joy,joy,False,0.9766252,
emotion-te-02857,hi-Deva,brighter-hin,emotion,transformer,17,none,none,False,0.06179792,
emotion-te-02858,hi-Deva,brighter-hin,emotion,transformer,12,none,none,False,0.047559828,
emotion-te-02859,hi-Deva,brighter-hin,emotion,transformer,16,fear,fear,False,0.8229004,
emotion-te-02860,hi-Deva,brighter-hin,emotion,transformer,21,none,none,False,0.04239707,
emotion-te-02861,hi-Deva,brighter-hin,emotion,transformer,10,joy,joy,False,0.96844894,
emotion-te-02862,hi-Deva,brighter-hin,emotion,transformer,16,surprise,surprise,False,0.8836911,
emotion-te-02863,hi-Deva,brighter-hin,emotion,transformer,14,fear,fear,False,0.76741743,
emotion-te-02864,hi-Deva,brighter-hin,emotion,transformer,16,sadness,sadness,False,0.71636385,
emotion-te-02865,hi-Deva,brighter-hin,emotion,transformer,17,none,none,False,0.043597456,
emotion-te-02866,hi-Deva,brighter-hin,emotion,transformer,17,sadness,sadness,False,0.77445984,
emotion-te-02867,hi-Deva,brighter-hin,emotion,transformer,19,fear,anger,True,0.8979143,
emotion-te-02868,hi-Deva,brighter-hin,emotion,transformer,13,fear,anger,True,0.67945546,
emotion-te-02869,hi-Deva,brighter-hin,emotion,transformer,15,fear,fear,False,0.88065743,
emotion-te-02870,hi-Deva,brighter-hin,emotion,transformer,20,anger,anger,False,0.8163496,
emotion-te-02871,hi-Deva,brighter-hin,emotion,transformer,14,joy,joy,False,0.9105484,
emotion-te-02872,hi-Deva,brighter-hin,emotion,transformer,9,joy,joy,False,0.97940254,
emotion-te-02873,hi-Deva,brighter-hin,emotion,transformer,18,none,none,False,0.13476223,
emotion-te-02874,hi-Deva,brighter-hin,emotion,transformer,14,fear,fear,False,0.8214688,
emotion-te-02875,hi-Deva,brighter-hin,emotion,transformer,25,joy,joy,False,0.96471614,
emotion-te-02876,hi-Deva,brighter-hin,emotion,transformer,12,sadness,anger,True,0.7318228,
emotion-te-02877,hi-Deva,brighter-hin,emotion,transformer,15,fear,anger,True,0.81928617,
emotion-te-02878,hi-Deva,brighter-hin,emotion,transformer,12,fear,fear,False,0.85076416,
emotion-te-02879,hi-Deva,brighter-hin,emotion,transformer,13,surprise,surprise,False,0.8615334,
emotion-te-02880,hi-Deva,brighter-hin,emotion,transformer,9,sadness,anger,True,0.8204767,
emotion-te-02881,hi-Deva,brighter-hin,emotion,transformer,10,joy|surprise,surprise,True,0.93412,
emotion-te-02882,hi-Deva,brighter-hin,emotion,transformer,15,anger|disgust,anger|disgust,False,0.9466051,
emotion-te-02883,hi-Deva,brighter-hin,emotion,transformer,19,none,none,False,0.23968463,
emotion-te-02884,hi-Deva,brighter-hin,emotion,transformer,24,anger|sadness,sadness,True,0.710263,
emotion-te-02885,hi-Deva,brighter-hin,emotion,transformer,14,sadness,sadness,False,0.7013916,
emotion-te-02886,hi-Deva,brighter-hin,emotion,transformer,24,fear,none,True,0.53915715,
emotion-te-02887,hi-Deva,brighter-hin,emotion,transformer,12,fear,none,True,0.5191632,
emotion-te-02888,hi-Deva,brighter-hin,emotion,transformer,15,none,none,False,0.04461514,
emotion-te-02889,hi-Deva,brighter-hin,emotion,transformer,21,surprise,anger,True,0.55468625,
emotion-te-02890,hi-Deva,brighter-hin,emotion,transformer,14,joy,joy,False,0.97463495,
emotion-te-02891,hi-Deva,brighter-hin,emotion,transformer,13,sadness,none,True,0.2351555,
emotion-te-02892,hi-Deva,brighter-hin,emotion,transformer,14,none,joy,True,0.95808566,
emotion-te-02893,hi-Deva,brighter-hin,emotion,transformer,19,surprise,surprise,False,0.910068,
emotion-te-02894,hi-Deva,brighter-hin,emotion,transformer,21,anger,anger,False,0.74057966,
emotion-te-02895,hi-Deva,brighter-hin,emotion,transformer,10,disgust,anger|disgust,True,0.93544275,
emotion-te-02896,hi-Deva,brighter-hin,emotion,transformer,12,joy,joy,False,0.9469711,
emotion-te-02897,hi-Deva,brighter-hin,emotion,transformer,13,sadness,sadness,False,0.72060096,
emotion-te-02898,hi-Deva,brighter-hin,emotion,transformer,20,anger,anger,False,0.8096163,
emotion-te-02899,hi-Deva,brighter-hin,emotion,transformer,14,surprise,joy|surprise,True,0.8825103,
emotion-te-02900,hi-Deva,brighter-hin,emotion,transformer,17,fear,fear,False,0.8472888,
emotion-te-02901,hi-Deva,brighter-hin,emotion,transformer,17,fear,fear|sadness,True,0.776298,
emotion-te-02902,hi-Deva,brighter-hin,emotion,transformer,11,joy,joy,False,0.9825983,
emotion-te-02903,hi-Deva,brighter-hin,emotion,transformer,13,sadness,sadness,False,0.6635269,
emotion-te-02904,hi-Deva,brighter-hin,emotion,transformer,26,anger,anger,False,0.88545245,
emotion-te-02905,hi-Deva,brighter-hin,emotion,transformer,20,disgust,anger|disgust,True,0.94238585,
emotion-te-02906,hi-Deva,brighter-hin,emotion,transformer,8,sadness,fear|sadness,True,0.75038713,
emotion-te-02907,hi-Deva,brighter-hin,emotion,transformer,21,surprise,surprise,False,0.906177,
emotion-te-02908,hi-Deva,brighter-hin,emotion,transformer,23,none,none,False,0.43082425,
emotion-te-02909,hi-Deva,brighter-hin,emotion,transformer,28,none,joy,True,0.94321024,
emotion-te-02910,hi-Deva,brighter-hin,emotion,transformer,18,sadness,anger,True,0.8536998,
emotion-te-02911,hi-Deva,brighter-hin,emotion,transformer,22,joy|surprise,joy|surprise,False,0.9311912,
emotion-te-02912,hi-Deva,brighter-hin,emotion,transformer,11,fear,fear,False,0.7712849,
emotion-te-02913,hi-Deva,brighter-hin,emotion,transformer,18,disgust,anger|disgust,True,0.93580556,
emotion-te-02914,hi-Deva,brighter-hin,emotion,transformer,25,surprise,surprise,False,0.8249805,
emotion-te-02915,hi-Deva,brighter-hin,emotion,transformer,18,surprise,surprise,False,0.9262494,
emotion-te-02916,hi-Deva,brighter-hin,emotion,transformer,18,joy,joy,False,0.984565,
emotion-te-02917,hi-Deva,brighter-hin,emotion,transformer,16,joy,joy,False,0.9654609,
emotion-te-02918,hi-Deva,brighter-hin,emotion,transformer,11,disgust,anger|disgust,True,0.94407153,
emotion-te-02919,hi-Deva,brighter-hin,emotion,transformer,21,anger,anger,False,0.8490538,
emotion-te-02920,hi-Deva,brighter-hin,emotion,transformer,15,sadness,sadness,False,0.74044734,
emotion-te-02921,hi-Deva,brighter-hin,emotion,transformer,18,surprise,joy|surprise,True,0.88422847,
emotion-te-02922,hi-Deva,brighter-hin,emotion,transformer,8,disgust|surprise,anger,True,0.8062874,
emotion-te-02923,hi-Deva,brighter-hin,emotion,transformer,14,sadness,joy,True,0.9168648,
emotion-te-02924,hi-Deva,brighter-hin,emotion,transformer,19,anger,anger,False,0.87562186,
emotion-te-02925,hi-Deva,brighter-hin,emotion,transformer,16,anger,anger,False,0.71809024,
emotion-te-02926,hi-Deva,brighter-hin,emotion,transformer,25,disgust,anger|disgust,True,0.9470264,
emotion-te-02927,hi-Deva,brighter-hin,emotion,transformer,22,joy,joy,False,0.98425865,
emotion-te-02928,hi-Deva,brighter-hin,emotion,transformer,31,anger,anger|disgust,True,0.9133432,
emotion-te-02929,hi-Deva,brighter-hin,emotion,transformer,23,sadness,joy|surprise,True,0.94348764,
emotion-te-02930,hi-Deva,brighter-hin,emotion,transformer,13,none,none,False,0.17707178,
emotion-te-02931,hi-Deva,brighter-hin,emotion,transformer,8,surprise,joy|surprise,True,0.78385794,
emotion-te-02932,hi-Deva,brighter-hin,emotion,transformer,10,anger,anger,False,0.87069327,
emotion-te-02933,hi-Deva,brighter-hin,emotion,transformer,22,fear,none,True,0.3834357,
emotion-te-02934,hi-Deva,brighter-hin,emotion,transformer,14,fear,fear,False,0.80818677,
emotion-te-02935,hi-Deva,brighter-hin,emotion,transformer,22,sadness,sadness,False,0.6944709,
emotion-te-02936,hi-Deva,brighter-hin,emotion,transformer,16,fear,fear,False,0.8250775,
emotion-te-02937,hi-Deva,brighter-hin,emotion,transformer,12,fear,fear,False,0.73129106,
emotion-te-02938,hi-Deva,brighter-hin,emotion,transformer,14,joy,none,True,0.4239754,
emotion-te-02939,hi-Deva,brighter-hin,emotion,transformer,15,anger|disgust,anger,True,0.8794864,
emotion-te-02940,hi-Deva,brighter-hin,emotion,transformer,12,none,none,False,0.070142776,
emotion-te-02941,hi-Deva,brighter-hin,emotion,transformer,11,anger,anger,False,0.8506015,
emotion-te-02942,hi-Deva,brighter-hin,emotion,transformer,16,joy,joy,False,0.9234992,
emotion-te-02943,hi-Deva,brighter-hin,emotion,transformer,22,anger,anger,False,0.8116007,
emotion-te-02944,hi-Deva,brighter-hin,emotion,transformer,7,surprise,surprise,False,0.7327709,
emotion-te-02945,hi-Deva,brighter-hin,emotion,transformer,16,none,none,False,0.046819136,
emotion-te-02946,hi-Deva,brighter-hin,emotion,transformer,18,anger|disgust,anger|disgust,False,0.9374817,
emotion-te-02947,hi-Deva,brighter-hin,emotion,transformer,11,disgust,anger,True,0.85528547,
emotion-te-02948,hi-Deva,brighter-hin,emotion,transformer,11,anger,surprise,True,0.6263038,
emotion-te-02949,hi-Deva,brighter-hin,emotion,transformer,11,none,none,False,0.20477079,
emotion-te-02950,hi-Deva,brighter-hin,emotion,transformer,18,disgust,fear,True,0.7837402,
emotion-te-02951,hi-Deva,brighter-hin,emotion,transformer,30,joy,joy,False,0.9697714,
emotion-te-02952,hi-Deva,brighter-hin,emotion,transformer,18,none,none,False,0.038547438,
emotion-te-02953,hi-Deva,brighter-hin,emotion,transformer,15,fear,fear,False,0.6849705,
emotion-te-02954,hi-Deva,brighter-hin,emotion,transformer,15,sadness,anger|sadness,True,0.8159361,
emotion-te-02955,hi-Deva,brighter-hin,emotion,transformer,19,fear,fear,False,0.8194002,
emotion-te-02956,hi-Deva,brighter-hin,emotion,transformer,14,none,none,False,0.084006496,
emotion-te-02957,hi-Deva,brighter-hin,emotion,transformer,8,surprise,joy|surprise,True,0.9625998,
emotion-te-02958,hi-Deva,brighter-hin,emotion,transformer,16,surprise,joy|surprise,True,0.9221147,
emotion-te-02959,hi-Deva,brighter-hin,emotion,transformer,14,anger,anger,False,0.89902693,
emotion-te-02960,hi-Deva,brighter-hin,emotion,transformer,26,anger,none,True,0.53603303,
emotion-te-02961,hi-Deva,brighter-hin,emotion,transformer,23,sadness,sadness,False,0.7034092,
emotion-te-02962,hi-Deva,brighter-hin,emotion,transformer,18,fear,fear,False,0.8466739,
emotion-te-02963,hi-Deva,brighter-hin,emotion,transformer,14,anger|disgust,anger|disgust,False,0.9169958,
emotion-te-02964,hi-Deva,brighter-hin,emotion,transformer,18,fear,fear,False,0.80715847,
emotion-te-02965,hi-Deva,brighter-hin,emotion,transformer,17,joy,joy,False,0.94835126,
emotion-te-02966,hi-Deva,brighter-hin,emotion,transformer,20,none,none,False,0.039747074,
emotion-te-02967,hi-Deva,brighter-hin,emotion,transformer,16,none,none,False,0.03839647,
emotion-te-02968,hi-Deva,brighter-hin,emotion,transformer,32,sadness,anger,True,0.88114613,
emotion-te-02969,hi-Deva,brighter-hin,emotion,transformer,14,none,none,False,0.05089183,
emotion-te-02970,hi-Deva,brighter-hin,emotion,transformer,17,fear,none,True,0.2910507,
emotion-te-02971,hi-Deva,brighter-hin,emotion,transformer,13,sadness,sadness,False,0.72795826,
emotion-te-02972,hi-Deva,brighter-hin,emotion,transformer,12,none,none,False,0.054079875,
emotion-te-02973,hi-Deva,brighter-hin,emotion,transformer,15,fear,anger,True,0.6473244,
emotion-te-02974,hi-Deva,brighter-hin,emotion,transformer,18,surprise,surprise,False,0.9112414,
emotion-te-02975,hi-Deva,brighter-hin,emotion,transformer,27,joy,joy,False,0.9005766,
emotion-te-02976,hi-Deva,brighter-hin,emotion,transformer,27,anger|disgust,sadness,True,0.56907505,
emotion-te-02977,hi-Deva,brighter-hin,emotion,transformer,17,anger,anger,False,0.8897504,
emotion-te-02978,hi-Deva,brighter-hin,emotion,transformer,18,surprise,surprise,False,0.784978,
emotion-te-02979,hi-Deva,brighter-hin,emotion,transformer,16,joy,joy,False,0.97372943,
emotion-te-02980,hi-Deva,brighter-hin,emotion,transformer,11,joy|surprise,joy|surprise,False,0.92826116,
emotion-te-02981,hi-Deva,brighter-hin,emotion,transformer,14,disgust,anger|disgust,True,0.9419911,
emotion-te-02982,hi-Deva,brighter-hin,emotion,transformer,14,sadness,sadness,False,0.7941672,
emotion-te-02983,hi-Deva,brighter-hin,emotion,transformer,22,sadness,sadness,False,0.7781084,
emotion-te-02984,hi-Deva,brighter-hin,emotion,transformer,13,sadness,sadness,False,0.6945053,
emotion-te-02985,hi-Deva,brighter-hin,emotion,transformer,19,sadness,fear|sadness,True,0.6563627,
emotion-te-02986,hi-Deva,brighter-hin,emotion,transformer,18,joy,joy,False,0.940816,
emotion-te-02987,hi-Deva,brighter-hin,emotion,transformer,15,anger,sadness,True,0.8186743,
emotion-te-02988,hi-Deva,brighter-hin,emotion,transformer,19,joy,joy,False,0.95936906,
emotion-te-02989,hi-Deva,brighter-hin,emotion,transformer,20,joy,joy,False,0.98518765,
emotion-te-02990,hi-Deva,brighter-hin,emotion,transformer,23,surprise,surprise,False,0.7907442,
emotion-te-02991,hi-Deva,brighter-hin,emotion,transformer,20,anger,none,True,0.50075567,
emotion-te-02992,hi-Deva,brighter-hin,emotion,transformer,16,disgust,anger|disgust,True,0.94240946,
emotion-te-02993,hi-Deva,brighter-hin,emotion,transformer,17,surprise,joy|surprise,True,0.925511,
emotion-te-02994,hi-Deva,brighter-hin,emotion,transformer,18,sadness,sadness,False,0.64008224,
emotion-te-02995,hi-Deva,brighter-hin,emotion,transformer,10,anger|disgust,none,True,0.5052223,
emotion-te-02996,hi-Deva,brighter-hin,emotion,transformer,12,sadness,sadness,False,0.67727077,
emotion-te-02997,hi-Deva,brighter-hin,emotion,transformer,10,joy,anger,True,0.7562222,
emotion-te-02998,hi-Deva,brighter-hin,emotion,transformer,14,none,none,False,0.096315615,
emotion-te-02999,hi-Deva,brighter-hin,emotion,transformer,32,anger,anger,False,0.8569651,
emotion-te-03000,hi-Deva,brighter-hin,emotion,transformer,30,anger,anger|disgust,True,0.9120412,
emotion-te-03001,hi-Deva,brighter-hin,emotion,transformer,18,surprise,joy|surprise,True,0.9091763,
emotion-te-03002,hi-Deva,brighter-hin,emotion,transformer,17,fear,fear,False,0.8475251,
emotion-te-03003,hi-Deva,brighter-hin,emotion,transformer,16,sadness,sadness,False,0.74679416,
emotion-te-03004,hi-Deva,brighter-hin,emotion,transformer,16,none,none,False,0.044126697,
emotion-te-03005,hi-Deva,brighter-hin,emotion,transformer,15,none,none,False,0.048172288,
emotion-te-03006,hi-Deva,brighter-hin,emotion,transformer,14,none,none,False,0.049433164,
emotion-te-03007,hi-Deva,brighter-hin,emotion,transformer,11,disgust,anger|disgust,True,0.93886995,
emotion-te-03008,hi-Deva,brighter-hin,emotion,transformer,14,fear,fear,False,0.79320925,
emotion-te-03009,hi-Deva,brighter-hin,emotion,transformer,20,none,none,False,0.046896227,
emotion-te-03010,hi-Deva,brighter-hin,emotion,transformer,19,joy,joy,False,0.94532317,
emotion-te-03011,hi-Deva,brighter-hin,emotion,transformer,15,none,none,False,0.040657286,
emotion-te-03012,hi-Deva,brighter-hin,emotion,transformer,22,fear,anger,True,0.82631665,
emotion-te-03013,hi-Deva,brighter-hin,emotion,transformer,16,surprise,joy|surprise,True,0.9048677,
emotion-te-03014,hi-Deva,brighter-hin,emotion,transformer,16,anger,anger,False,0.8697076,
emotion-te-03015,hi-Deva,brighter-hin,emotion,transformer,11,none,none,False,0.06370655,
emotion-te-03016,hi-Deva,brighter-hin,emotion,transformer,14,sadness,sadness,False,0.7378119,
emotion-te-03017,hi-Deva,brighter-hin,emotion,transformer,13,none,sadness,True,0.6774086,
emotion-te-03018,hi-Deva,brighter-hin,emotion,transformer,19,joy,joy|surprise,True,0.9014984,
emotion-te-03019,hi-Deva,brighter-hin,emotion,transformer,31,joy,none,True,0.38613576,
emotion-te-03020,hi-Deva,brighter-hin,emotion,transformer,20,joy,sadness,True,0.7839048,
emotion-te-03021,hi-Deva,brighter-hin,emotion,transformer,18,sadness,sadness,False,0.52918524,
emotion-te-03022,hi-Deva,brighter-hin,emotion,transformer,19,sadness,anger|sadness,True,0.72474325,
emotion-te-03023,hi-Deva,brighter-hin,emotion,transformer,18,sadness,sadness,False,0.74134713,
emotion-te-03024,hi-Deva,brighter-hin,emotion,transformer,17,sadness,fear|sadness,True,0.7087662,
emotion-te-03025,hi-Deva,brighter-hin,emotion,transformer,13,none,none,False,0.050320663,
emotion-te-03026,hi-Deva,brighter-hin,emotion,transformer,12,surprise,joy|surprise,True,0.75685596,
emotion-te-03027,hi-Deva,brighter-hin,emotion,transformer,20,anger,anger,False,0.8786532,
emotion-te-03028,hi-Deva,brighter-hin,emotion,transformer,14,none,none,False,0.03979151,
emotion-te-03029,hi-Deva,brighter-hin,emotion,transformer,12,none,none,False,0.07801037,
emotion-te-03030,hi-Deva,brighter-hin,emotion,transformer,16,fear,fear,False,0.9185182,
emotion-te-03031,hi-Deva,brighter-hin,emotion,transformer,10,fear,fear,False,0.600871,
emotion-te-03032,hi-Deva,brighter-hin,emotion,transformer,11,sadness,sadness,False,0.7624292,
emotion-te-03033,hi-Deva,brighter-hin,emotion,transformer,16,none,none,False,0.28058594,
emotion-te-03034,hi-Deva,brighter-hin,emotion,transformer,7,disgust,anger|disgust,True,0.9422807,
emotion-te-03035,hi-Deva,brighter-hin,emotion,transformer,14,fear,fear,False,0.7358888,
emotion-te-03036,hi-Deva,brighter-hin,emotion,transformer,33,anger,anger,False,0.8848443,
emotion-te-03037,hi-Deva,brighter-hin,emotion,transformer,16,disgust,fear|sadness,True,0.7057681,
emotion-te-03038,hi-Deva,brighter-hin,emotion,transformer,19,none,none,False,0.08471926,
emotion-te-03039,hi-Deva,brighter-hin,emotion,transformer,12,disgust,anger|disgust,True,0.93708557,
emotion-te-03040,hi-Deva,brighter-hin,emotion,transformer,13,sadness,sadness,False,0.7083641,
emotion-te-03041,hi-Deva,brighter-hin,emotion,transformer,15,surprise,joy|surprise,True,0.8684005,
emotion-te-03042,hi-Deva,brighter-hin,emotion,transformer,13,disgust,sadness,True,0.6807657,
emotion-te-03043,hi-Deva,brighter-hin,emotion,transformer,19,sadness,sadness,False,0.70234865,
emotion-te-03044,hi-Deva,brighter-hin,emotion,transformer,14,disgust,anger|disgust,True,0.946208,
emotion-te-03045,hi-Deva,brighter-hin,emotion,transformer,17,joy|surprise,joy|surprise,False,0.94068336,
emotion-te-03046,hi-Deva,brighter-hin,emotion,transformer,25,anger,anger|disgust,True,0.9085762,
emotion-te-03047,hi-Deva,brighter-hin,emotion,transformer,13,sadness,sadness,False,0.5241905,
emotion-te-03048,hi-Deva,brighter-hin,emotion,transformer,13,fear,fear,False,0.89265543,
emotion-te-03049,hi-Deva,brighter-hin,emotion,transformer,16,joy,joy,False,0.97608566,
emotion-te-03050,hi-Deva,brighter-hin,emotion,transformer,20,joy,joy,False,0.97609645,
emotion-te-03051,hi-Deva,brighter-hin,emotion,transformer,21,joy,joy,False,0.6888882,
emotion-te-03052,hi-Deva,brighter-hin,emotion,transformer,6,disgust,anger|disgust,True,0.9446691,
emotion-te-03053,hi-Deva,brighter-hin,emotion,transformer,17,disgust,anger|disgust,True,0.9405833,
emotion-te-03054,hi-Deva,brighter-hin,emotion,transformer,15,sadness,sadness,False,0.68151695,
emotion-te-03055,hi-Deva,brighter-hin,emotion,transformer,22,surprise,joy|surprise,True,0.9059811,
emotion-te-03056,hi-Deva,brighter-hin,emotion,transformer,8,none,none,False,0.05597259,
emotion-te-03057,hi-Deva,brighter-hin,emotion,transformer,28,anger|sadness,anger,True,0.81976974,
emotion-te-03058,hi-Deva,brighter-hin,emotion,transformer,16,sadness,sadness,False,0.726303,
emotion-te-03059,hi-Deva,brighter-hin,emotion,transformer,10,surprise,surprise,False,0.86717415,
emotion-te-03060,hi-Deva,brighter-hin,emotion,transformer,16,anger,anger|disgust,True,0.90013,
emotion-te-03061,hi-Deva,brighter-hin,emotion,transformer,12,none,none,False,0.06079313,
emotion-te-03062,hi-Deva,brighter-hin,emotion,transformer,15,none,none,False,0.08653595,
emotion-te-03063,hi-Deva,brighter-hin,emotion,transformer,12,fear,fear,False,0.8318866,
emotion-te-03064,hi-Deva,brighter-hin,emotion,transformer,29,fear,fear,False,0.87864035,
emotion-te-03065,hi-Deva,brighter-hin,emotion,transformer,14,anger,sadness,True,0.5343754,
emotion-te-03066,hi-Deva,brighter-hin,emotion,transformer,14,joy,joy,False,0.97438383,
emotion-te-03067,hi-Deva,brighter-hin,emotion,transformer,27,anger,anger,False,0.8755106,
emotion-te-03068,hi-Deva,brighter-hin,emotion,transformer,13,surprise,surprise,False,0.9338764,
emotion-te-03069,hi-Deva,brighter-hin,emotion,transformer,16,fear,surprise,True,0.7291451,
emotion-te-03070,hi-Deva,brighter-hin,emotion,transformer,10,none,none,False,0.043432698,
emotion-te-03071,hi-Deva,brighter-hin,emotion,transformer,9,disgust,anger|disgust,True,0.93224365,
emotion-te-03072,hi-Deva,brighter-hin,emotion,transformer,16,joy,joy,False,0.98035663,
emotion-te-03073,hi-Deva,brighter-hin,emotion,transformer,16,surprise,surprise,False,0.92887586,
emotion-te-03074,hi-Deva,brighter-hin,emotion,transformer,12,anger,none,True,0.5371316,
emotion-te-03075,hi-Deva,brighter-hin,emotion,transformer,18,anger,anger,False,0.8712932,
emotion-te-03076,hi-Deva,brighter-hin,emotion,transformer,19,none,none,False,0.037489843,
emotion-te-03077,hi-Deva,brighter-hin,emotion,transformer,14,disgust,anger|disgust,True,0.9373753,
emotion-te-03078,hi-Deva,brighter-hin,emotion,transformer,14,sadness,fear|sadness,True,0.66029584,
emotion-te-03079,hi-Deva,brighter-hin,emotion,transformer,29,anger,anger,False,0.84786344,
emotion-te-03080,hi-Deva,brighter-hin,emotion,transformer,12,surprise,joy|surprise,True,0.8867697,
emotion-te-03081,hi-Deva,brighter-hin,emotion,transformer,16,surprise,surprise,False,0.92604506,
emotion-te-03082,hi-Deva,brighter-hin,emotion,transformer,15,joy,joy,False,0.98096734,
emotion-te-03083,hi-Deva,brighter-hin,emotion,transformer,9,sadness,sadness,False,0.71899784,
emotion-te-03084,hi-Deva,brighter-hin,emotion,transformer,18,disgust,anger|disgust,True,0.9452084,
emotion-te-03085,hi-Deva,brighter-hin,emotion,transformer,12,surprise,joy|surprise,True,0.89663255,
emotion-te-03086,hi-Deva,brighter-hin,emotion,transformer,17,sadness,sadness,False,0.6996198,
emotion-te-03087,hi-Deva,brighter-hin,emotion,transformer,18,joy,joy,False,0.6720994,
emotion-te-03088,hi-Deva,brighter-hin,emotion,transformer,18,none,none,False,0.04233977,
emotion-te-03089,hi-Deva,brighter-hin,emotion,transformer,10,none,none,False,0.060767483,
emotion-te-03090,hi-Deva,brighter-hin,emotion,transformer,17,anger,anger,False,0.8775297,
emotion-te-03091,hi-Deva,brighter-hin,emotion,transformer,8,disgust,anger|disgust,True,0.9354988,
emotion-te-03092,hi-Deva,brighter-hin,emotion,transformer,16,sadness,anger,True,0.78352123,
emotion-te-03093,hi-Deva,brighter-hin,emotion,transformer,26,anger,anger,False,0.877309,
emotion-te-03094,hi-Deva,brighter-hin,emotion,transformer,14,surprise,joy|surprise,True,0.91477364,
emotion-te-03095,hi-Deva,brighter-hin,emotion,transformer,13,disgust,anger|disgust,True,0.93575704,
emotion-te-03096,hi-Deva,brighter-hin,emotion,transformer,26,surprise,surprise,False,0.92505413,
emotion-te-03097,hi-Deva,brighter-hin,emotion,transformer,10,anger,anger,False,0.6857465,
emotion-te-03098,hi-Deva,brighter-hin,emotion,transformer,22,joy,joy|surprise,True,0.8867604,
emotion-te-03099,hi-Deva,brighter-hin,emotion,transformer,15,sadness,sadness,False,0.64028555,
emotion-te-03100,hi-Deva,brighter-hin,emotion,transformer,16,anger,anger,False,0.8934197,
emotion-te-03101,hi-Deva,brighter-hin,emotion,transformer,13,none,none,False,0.070756495,
emotion-te-03102,hi-Deva,brighter-hin,emotion,transformer,12,sadness,sadness,False,0.5846767,
emotion-te-03103,hi-Deva,brighter-hin,emotion,transformer,18,joy,joy,False,0.98164487,
emotion-te-03104,hi-Deva,brighter-hin,emotion,transformer,23,fear,fear,False,0.81436706,
emotion-te-03105,hi-Deva,brighter-hin,emotion,transformer,13,fear,fear,False,0.83695185,
emotion-te-03106,hi-Deva,brighter-hin,emotion,transformer,20,sadness,anger|sadness,True,0.8237683,
emotion-te-03107,hi-Deva,brighter-hin,emotion,transformer,13,joy,joy|surprise,True,0.9021714,
emotion-te-03108,hi-Deva,brighter-hin,emotion,transformer,12,sadness,sadness,False,0.71270263,
emotion-te-03109,hi-Deva,brighter-hin,emotion,transformer,26,anger,anger|sadness,True,0.7924302,
emotion-te-03110,hi-Deva,brighter-hin,emotion,transformer,29,anger,anger,False,0.87140256,
emotion-te-03111,hi-Deva,brighter-hin,emotion,transformer,16,none,none,False,0.061366785,
emotion-te-03112,hi-Deva,brighter-hin,emotion,transformer,11,surprise,joy|surprise,True,0.86586756,
emotion-te-03113,hi-Deva,brighter-hin,emotion,transformer,27,anger,anger,False,0.8873229,
emotion-te-03114,hi-Deva,brighter-hin,emotion,transformer,15,none,none,False,0.1861643,
emotion-te-03115,hi-Deva,brighter-hin,emotion,transformer,11,anger,sadness,True,0.7154113,
emotion-te-03116,hi-Deva,brighter-hin,emotion,transformer,15,sadness,fear|sadness,True,0.5878635,
emotion-te-03117,hi-Deva,brighter-hin,emotion,transformer,10,disgust,anger|disgust,True,0.93569535,
emotion-te-03118,hi-Deva,brighter-hin,emotion,transformer,12,none,surprise,True,0.65047854,
emotion-te-03119,hi-Deva,brighter-hin,emotion,transformer,13,joy,joy,False,0.965953,
emotion-te-03120,hi-Deva,brighter-hin,emotion,transformer,14,joy,joy,False,0.9790395,
emotion-te-03121,hi-Deva,brighter-hin,emotion,transformer,26,surprise,none,True,0.48705915,
emotion-te-03122,hi-Deva,brighter-hin,emotion,transformer,19,sadness,sadness,False,0.6462206,
emotion-te-03123,hi-Deva,brighter-hin,emotion,transformer,14,none,none,False,0.040464073,
emotion-te-03124,hi-Deva,brighter-hin,emotion,transformer,14,sadness,sadness,False,0.7257223,
emotion-te-03125,hi-Deva,brighter-hin,emotion,transformer,17,sadness,sadness,False,0.74658114,
emotion-te-03126,hi-Deva,brighter-hin,emotion,transformer,19,fear,fear,False,0.8931777,
emotion-te-03127,hi-Deva,brighter-hin,emotion,transformer,12,joy|surprise,joy|surprise,False,0.9244225,
emotion-te-03128,hi-Deva,brighter-hin,emotion,transformer,18,none,none,False,0.0477029,
emotion-te-03129,hi-Deva,brighter-hin,emotion,transformer,16,surprise,none,True,0.4736727,
emotion-te-03130,hi-Deva,brighter-hin,emotion,transformer,29,anger,anger,False,0.896393,
emotion-te-03131,hi-Deva,brighter-hin,emotion,transformer,17,anger,sadness,True,0.7817493,
emotion-te-03132,hi-Deva,brighter-hin,emotion,transformer,12,fear,fear,False,0.81757563,
emotion-te-03133,hi-Deva,brighter-hin,emotion,transformer,23,anger,anger,False,0.8768487,
emotion-te-03134,hi-Deva,brighter-hin,emotion,transformer,10,none,none,False,0.07055963,
emotion-te-03135,hi-Deva,brighter-hin,emotion,transformer,21,anger,anger,False,0.8783843,
emotion-te-03136,hi-Deva,brighter-hin,emotion,transformer,10,joy|surprise,joy|surprise,False,0.9804345,
emotion-te-03137,hi-Deva,brighter-hin,emotion,transformer,12,joy,joy,False,0.97447884,
emotion-te-03138,hi-Deva,brighter-hin,emotion,transformer,14,fear,sadness,True,0.54148525,
emotion-te-03139,hi-Deva,brighter-hin,emotion,transformer,14,none,none,False,0.05280527,
emotion-te-03140,hi-Deva,brighter-hin,emotion,transformer,10,none,none,False,0.054086477,
emotion-te-03141,hi-Deva,brighter-hin,emotion,transformer,15,fear,fear,False,0.79856354,
emotion-te-03142,hi-Deva,brighter-hin,emotion,transformer,20,joy,joy,False,0.97061723,
emotion-te-03143,hi-Deva,brighter-hin,emotion,transformer,13,sadness,sadness,False,0.74045557,
emotion-te-03144,hi-Deva,brighter-hin,emotion,transformer,17,anger,anger,False,0.8667101,
emotion-te-03145,hi-Deva,brighter-hin,emotion,transformer,11,anger,anger,False,0.8464594,
emotion-te-03146,hi-Deva,brighter-hin,emotion,transformer,14,fear,fear,False,0.8278249,
emotion-te-03147,hi-Deva,brighter-hin,emotion,transformer,15,anger,anger,False,0.73522675,
emotion-te-03148,hi-Deva,brighter-hin,emotion,transformer,11,surprise,joy|surprise,True,0.91856426,
emotion-te-03149,hi-Deva,brighter-hin,emotion,transformer,30,anger,anger,False,0.8786666,
emotion-te-03150,hi-Deva,brighter-hin,emotion,transformer,11,sadness,sadness,False,0.7115259,
emotion-te-03151,hi-Deva,brighter-hin,emotion,transformer,12,joy,joy,False,0.9817824,
emotion-te-03152,hi-Deva,brighter-hin,emotion,transformer,15,surprise,surprise,False,0.911438,
emotion-te-03153,hi-Deva,brighter-hin,emotion,transformer,17,anger,anger,False,0.77668005,
emotion-te-03154,hi-Deva,brighter-hin,emotion,transformer,32,joy|surprise,surprise,True,0.8987682,
emotion-te-03155,hi-Deva,brighter-hin,emotion,transformer,16,none,none,False,0.51357275,
emotion-te-03156,hi-Deva,brighter-hin,emotion,transformer,18,surprise,surprise,False,0.8891764,
emotion-te-03157,hi-Deva,brighter-hin,emotion,transformer,11,none,none,False,0.0800049,
emotion-te-03158,hi-Deva,brighter-hin,emotion,transformer,18,disgust,anger|disgust,True,0.94693583,
emotion-te-03159,hi-Deva,brighter-hin,emotion,transformer,12,none,none,False,0.0491881,
emotion-te-03160,hi-Deva,brighter-hin,emotion,transformer,14,joy,joy,False,0.98151475,
emotion-te-03161,hi-Deva,brighter-hin,emotion,transformer,24,disgust,anger,True,0.86927897,
emotion-te-03162,hi-Deva,brighter-hin,emotion,transformer,15,joy,joy,False,0.93358886,
emotion-te-03163,hi-Deva,brighter-hin,emotion,transformer,13,anger,anger,False,0.88757426,
emotion-te-03164,hi-Deva,brighter-hin,emotion,transformer,18,disgust,anger|disgust,True,0.9433669,
emotion-te-03165,hi-Deva,brighter-hin,emotion,transformer,14,joy,joy,False,0.97395813,
emotion-te-03166,hi-Deva,brighter-hin,emotion,transformer,17,anger,anger,False,0.8966696,
emotion-te-03167,hi-Deva,brighter-hin,emotion,transformer,20,disgust,anger|disgust,True,0.93878317,
emotion-te-03168,hi-Deva,brighter-hin,emotion,transformer,20,sadness,fear|sadness,True,0.75232816,
emotion-te-03169,hi-Deva,brighter-hin,emotion,transformer,18,sadness,sadness,False,0.71490806,
emotion-te-03170,hi-Deva,brighter-hin,emotion,transformer,22,fear,fear,False,0.8186382,
emotion-te-03171,hi-Deva,brighter-hin,emotion,transformer,19,disgust,surprise,True,0.8948637,
emotion-te-03172,hi-Deva,brighter-hin,emotion,transformer,11,joy|surprise,surprise,True,0.92502236,
emotion-te-03173,hi-Deva,brighter-hin,emotion,transformer,13,none,none,False,0.04613066,
emotion-te-03174,hi-Deva,brighter-hin,emotion,transformer,16,disgust,anger|disgust,True,0.93461084,
emotion-te-03175,hi-Deva,brighter-hin,emotion,transformer,16,anger,none,True,0.3774327,
emotion-te-03176,hi-Deva,brighter-hin,emotion,transformer,15,joy,joy,False,0.97495323,
emotion-te-03177,hi-Deva,brighter-hin,emotion,transformer,6,surprise,joy|surprise,True,0.7649276,
emotion-te-03178,hi-Deva,brighter-hin,emotion,transformer,15,fear,fear,False,0.84112716,
emotion-te-03179,hi-Deva,brighter-hin,emotion,transformer,16,surprise,surprise,False,0.6528127,
emotion-te-03180,hi-Deva,brighter-hin,emotion,transformer,13,joy,sadness,True,0.6665603,
emotion-te-03181,hi-Deva,brighter-hin,emotion,transformer,22,anger,anger,False,0.8824207,
emotion-te-03182,hi-Deva,brighter-hin,emotion,transformer,21,anger,anger,False,0.89007133,
emotion-te-03183,hi-Deva,brighter-hin,emotion,transformer,26,disgust,anger|disgust,True,0.91758955,
emotion-te-03184,hi-Deva,brighter-hin,emotion,transformer,9,fear,fear,False,0.7941154,
emotion-te-03185,hi-Deva,brighter-hin,emotion,transformer,21,disgust,anger|disgust,True,0.937563,
emotion-te-03186,hi-Deva,brighter-hin,emotion,transformer,14,fear,fear,False,0.7970588,
emotion-te-03187,hi-Deva,brighter-hin,emotion,transformer,17,joy,joy,False,0.97092944,
emotion-te-03188,hi-Deva,brighter-hin,emotion,transformer,19,joy,joy,False,0.98013604,
emotion-te-03189,hi-Deva,brighter-hin,emotion,transformer,12,joy,joy,False,0.97574586,
emotion-te-03190,hi-Deva,brighter-hin,emotion,transformer,12,fear,fear,False,0.83011997,
emotion-te-03191,hi-Deva,brighter-hin,emotion,transformer,13,joy,joy,False,0.97537404,
emotion-te-03192,hi-Deva,brighter-hin,emotion,transformer,18,surprise,surprise,False,0.9266309,
emotion-te-03193,hi-Deva,brighter-hin,emotion,transformer,26,anger,anger|disgust,True,0.899959,
emotion-te-03194,hi-Deva,brighter-hin,emotion,transformer,11,sadness,anger|sadness,True,0.60523254,
emotion-te-03195,hi-Deva,brighter-hin,emotion,transformer,16,fear,fear|sadness,True,0.78692913,
emotion-te-03196,hi-Deva,brighter-hin,emotion,transformer,20,none,none,False,0.040312298,
emotion-te-03197,hi-Deva,brighter-hin,emotion,transformer,25,disgust,anger|sadness,True,0.8001062,
emotion-te-03198,hi-Deva,brighter-hin,emotion,transformer,18,fear,fear,False,0.87548006,
emotion-te-03199,hi-Deva,brighter-hin,emotion,transformer,19,surprise,joy|surprise,True,0.9158795,
emotion-te-03200,hi-Deva,brighter-hin,emotion,transformer,13,none,none,False,0.07255462,
emotion-te-03201,hi-Deva,brighter-hin,emotion,transformer,16,none,none,False,0.052003846,
emotion-te-03202,hi-Deva,brighter-hin,emotion,transformer,26,fear,fear,False,0.841849,
emotion-te-03203,hi-Deva,brighter-hin,emotion,transformer,9,sadness,sadness,False,0.7680383,
emotion-te-03204,hi-Deva,brighter-hin,emotion,transformer,9,fear,fear,False,0.763553,
emotion-te-03205,hi-Deva,brighter-hin,emotion,transformer,11,sadness,fear|sadness,True,0.68916565,
emotion-te-03206,hi-Deva,brighter-hin,emotion,transformer,8,sadness,sadness,False,0.678219,
emotion-te-03207,hi-Deva,brighter-hin,emotion,transformer,11,none,none,False,0.06524555,
emotion-te-03208,hi-Deva,brighter-hin,emotion,transformer,19,none,none,False,0.034231294,
emotion-te-03209,hi-Deva,brighter-hin,emotion,transformer,12,sadness,sadness,False,0.71755683,
emotion-te-03210,hi-Deva,brighter-hin,emotion,transformer,15,fear,fear,False,0.74901503,
emotion-te-03211,hi-Deva,brighter-hin,emotion,transformer,17,sadness,sadness,False,0.74995947,
emotion-te-03212,hi-Deva,brighter-hin,emotion,transformer,33,anger,anger,False,0.9030339,
emotion-te-03213,hi-Deva,brighter-hin,emotion,transformer,20,none,none,False,0.040855784,
emotion-te-03214,hi-Deva,brighter-hin,emotion,transformer,18,sadness,sadness,False,0.742045,
emotion-te-03215,hi-Deva,brighter-hin,emotion,transformer,18,fear,fear|surprise,True,0.8059758,
emotion-te-03216,hi-Deva,brighter-hin,emotion,transformer,11,none,none,False,0.06742704,
emotion-te-03217,hi-Deva,brighter-hin,emotion,transformer,11,none,none,False,0.04539774,
emotion-te-03218,hi-Deva,brighter-hin,emotion,transformer,16,none,none,False,0.061441578,
emotion-te-03219,hi-Deva,brighter-hin,emotion,transformer,18,joy,none,True,0.2572014,
emotion-te-03220,hi-Deva,brighter-hin,emotion,transformer,21,sadness,sadness,False,0.56503344,
emotion-te-03221,hi-Deva,brighter-hin,emotion,transformer,8,none,none,False,0.06771699,
emotion-te-03222,hi-Deva,brighter-hin,emotion,transformer,17,joy,joy,False,0.971194,
emotion-te-03223,hi-Deva,brighter-hin,emotion,transformer,20,surprise,fear|surprise,True,0.8302099,
emotion-te-03224,hi-Deva,brighter-hin,emotion,transformer,8,none,none,False,0.059469163,
emotion-te-03225,hi-Deva,brighter-hin,emotion,transformer,11,surprise,joy|surprise,True,0.89550775,
emotion-te-03226,hi-Deva,brighter-hin,emotion,transformer,16,disgust,anger|disgust,True,0.9389859,
emotion-te-03227,hi-Deva,brighter-hin,emotion,transformer,10,fear,fear,False,0.82577693,
emotion-te-03228,hi-Deva,brighter-hin,emotion,transformer,25,anger,anger|disgust,True,0.9267438,
emotion-te-03229,hi-Deva,brighter-hin,emotion,transformer,12,none,none,False,0.5796737,
emotion-te-03230,hi-Deva,brighter-hin,emotion,transformer,8,disgust,anger|sadness,True,0.601895,
emotion-te-03231,hi-Deva,brighter-hin,emotion,transformer,30,anger,anger,False,0.8630462,
emotion-te-03232,hi-Deva,brighter-hin,emotion,transformer,18,sadness,sadness,False,0.7371776,
emotion-te-03233,hi-Deva,brighter-hin,emotion,transformer,18,none,none,False,0.04474656,
emotion-te-03234,hi-Deva,brighter-hin,emotion,transformer,24,anger|disgust,anger|disgust,False,0.9277613,
emotion-te-03235,hi-Deva,brighter-hin,emotion,transformer,13,surprise,surprise,False,0.92511284,
emotion-te-03236,hi-Deva,brighter-hin,emotion,transformer,30,sadness,sadness,False,0.7491846,
emotion-te-03237,hi-Deva,brighter-hin,emotion,transformer,12,disgust,sadness,True,0.65847117,
emotion-te-03238,hi-Deva,brighter-hin,emotion,transformer,15,joy,joy,False,0.9748946,
emotion-te-03239,hi-Deva,brighter-hin,emotion,transformer,26,sadness,sadness,False,0.76025015,
emotion-te-03240,hi-Deva,brighter-hin,emotion,transformer,22,surprise,surprise,False,0.9288684,
emotion-te-03241,hi-Deva,brighter-hin,emotion,transformer,23,disgust,anger|disgust,True,0.93448144,
emotion-te-03242,hi-Deva,brighter-hin,emotion,transformer,12,none,none,False,0.04378416,
emotion-te-03243,hi-Deva,brighter-hin,emotion,transformer,14,fear,fear,False,0.6882827,
emotion-te-03244,hi-Deva,brighter-hin,emotion,transformer,17,none,none,False,0.062154707,
emotion-te-03245,hi-Deva,brighter-hin,emotion,transformer,11,fear,fear,False,0.8279842,
emotion-te-03246,hi-Deva,brighter-hin,emotion,transformer,15,anger,anger,False,0.8871626,
emotion-te-03247,hi-Deva,brighter-hin,emotion,transformer,14,surprise,surprise,False,0.8835094,
emotion-te-03248,hi-Deva,brighter-hin,emotion,transformer,9,anger,anger,False,0.7837772,
emotion-te-03249,hi-Deva,brighter-hin,emotion,transformer,10,joy,joy,False,0.8654439,
emotion-te-03250,hi-Deva,brighter-hin,emotion,transformer,31,anger,anger,False,0.90600383,
emotion-te-03251,hi-Deva,brighter-hin,emotion,transformer,14,sadness,sadness,False,0.7752742,
emotion-te-03252,hi-Deva,brighter-hin,emotion,transformer,15,disgust,sadness,True,0.62317824,
emotion-te-03253,hi-Deva,brighter-hin,emotion,transformer,19,anger,anger,False,0.7582025,
emotion-te-03254,hi-Deva,brighter-hin,emotion,transformer,24,surprise,surprise,False,0.55201286,
emotion-te-03255,hi-Deva,brighter-hin,emotion,transformer,17,none,anger|disgust|sadness,True,0.86429197,
emotion-te-03256,hi-Deva,brighter-hin,emotion,transformer,16,sadness,anger|sadness,True,0.58667797,
emotion-te-03257,hi-Deva,brighter-hin,emotion,transformer,17,surprise,surprise,False,0.91938525,
emotion-te-03258,hi-Deva,brighter-hin,emotion,transformer,25,anger,anger,False,0.8795431,
emotion-te-03259,hi-Deva,brighter-hin,emotion,transformer,13,disgust,anger|disgust,True,0.9425378,
emotion-te-03260,hi-Deva,brighter-hin,emotion,transformer,15,disgust,anger|disgust,True,0.9469027,
emotion-te-03261,hi-Deva,brighter-hin,emotion,transformer,16,disgust,anger|disgust,True,0.9426696,
emotion-te-03262,hi-Deva,brighter-hin,emotion,transformer,21,anger,sadness,True,0.6064894,
emotion-te-03263,hi-Deva,brighter-hin,emotion,transformer,14,anger,none,True,0.12487563,
emotion-te-03264,hi-Deva,brighter-hin,emotion,transformer,25,disgust,anger|disgust,True,0.90576506,
emotion-te-03265,hi-Deva,brighter-hin,emotion,transformer,18,none,none,False,0.112905346,
emotion-te-03266,hi-Deva,brighter-hin,emotion,transformer,18,joy,joy,False,0.968995,
emotion-te-03267,hi-Deva,brighter-hin,emotion,transformer,18,sadness,sadness,False,0.63230085,
emotion-te-03268,hi-Deva,brighter-hin,emotion,transformer,28,anger,anger,False,0.8831589,
emotion-te-03269,hi-Deva,brighter-hin,emotion,transformer,17,none,none,False,0.055637576,
emotion-te-03270,hi-Deva,brighter-hin,emotion,transformer,13,joy,joy,False,0.9662584,
emotion-te-03271,hi-Deva,brighter-hin,emotion,transformer,11,none,none,False,0.055234045,
emotion-te-03272,hi-Deva,brighter-hin,emotion,transformer,33,disgust,anger|sadness,True,0.8080699,
emotion-te-03273,hi-Deva,brighter-hin,emotion,transformer,25,surprise,surprise,False,0.90532386,
emotion-te-03274,hi-Deva,brighter-hin,emotion,transformer,17,fear|sadness,fear,True,0.89950645,
emotion-te-03275,hi-Deva,brighter-hin,emotion,transformer,22,fear|surprise,fear|sadness,True,0.79179233,
emotion-te-03276,hi-Deva,brighter-hin,emotion,transformer,22,joy,joy,False,0.97794414,
emotion-te-03277,hi-Deva,brighter-hin,emotion,transformer,40,anger,anger,False,0.7151889,
emotion-te-03278,hi-Deva,brighter-hin,emotion,transformer,11,fear,sadness,True,0.7403804,
emotion-te-03279,hi-Deva,brighter-hin,emotion,transformer,17,joy|surprise,joy|surprise,False,0.88997006,
emotion-te-03280,hi-Deva,brighter-hin,emotion,transformer,16,sadness,sadness,False,0.6906039,
emotion-te-03281,hi-Deva,brighter-hin,emotion,transformer,15,joy|surprise,joy|surprise,False,0.94630814,
emotion-te-03282,hi-Deva,brighter-hin,emotion,transformer,16,joy,joy,False,0.9617302,
emotion-te-03283,hi-Deva,brighter-hin,emotion,transformer,16,none,none,False,0.07652849,
emotion-te-03284,hi-Deva,brighter-hin,emotion,transformer,16,fear,fear|surprise,True,0.917579,
emotion-te-03285,hi-Deva,brighter-hin,emotion,transformer,11,fear,none,True,0.06451537,
emotion-te-03286,hi-Deva,brighter-hin,emotion,transformer,13,joy,joy,False,0.97712505,
emotion-te-03287,hi-Deva,brighter-hin,emotion,transformer,18,anger,anger,False,0.88100666,
emotion-te-03288,hi-Deva,brighter-hin,emotion,transformer,19,anger,anger|disgust,True,0.943198,
emotion-te-03289,hi-Deva,brighter-hin,emotion,transformer,19,sadness,none,True,0.2829518,
emotion-te-03290,hi-Deva,brighter-hin,emotion,transformer,18,joy,joy,False,0.9779149,
emotion-te-03291,hi-Deva,brighter-hin,emotion,transformer,29,sadness,anger|sadness,True,0.7000434,
emotion-te-03292,hi-Deva,brighter-hin,emotion,transformer,22,joy,sadness,True,0.7978441,
emotion-te-03293,hi-Deva,brighter-hin,emotion,transformer,17,sadness,sadness,False,0.72867674,
emotion-te-03294,hi-Deva,brighter-hin,emotion,transformer,12,fear,fear,False,0.72186357,
emotion-te-03295,hi-Deva,brighter-hin,emotion,transformer,15,none,none,False,0.06384497,
emotion-te-03296,hi-Deva,brighter-hin,emotion,transformer,16,sadness,sadness,False,0.7585753,
emotion-te-03297,hi-Deva,brighter-hin,emotion,transformer,17,joy,joy|surprise,True,0.91233546,
emotion-te-03298,hi-Deva,brighter-hin,emotion,transformer,11,joy,joy,False,0.95068127,
emotion-te-03299,hi-Deva,brighter-hin,emotion,transformer,8,disgust,anger|disgust,True,0.94075066,
emotion-te-03300,hi-Deva,brighter-hin,emotion,transformer,8,none,none,False,0.06802104,
emotion-te-03301,hi-Deva,brighter-hin,emotion,transformer,18,surprise,surprise,False,0.8647714,
emotion-te-03302,hi-Deva,brighter-hin,emotion,transformer,16,joy,joy,False,0.9780652,
emotion-te-03303,hi-Deva,brighter-hin,emotion,transformer,17,sadness,sadness,False,0.67016834,
emotion-te-03304,hi-Deva,brighter-hin,emotion,transformer,11,sadness,anger|disgust,True,0.93553287,
emotion-te-03305,hi-Deva,brighter-hin,emotion,transformer,19,anger,anger,False,0.8504925,
emotion-te-03306,hi-Deva,brighter-hin,emotion,transformer,22,surprise,surprise,False,0.9021062,
emotion-te-03307,hi-Deva,brighter-hin,emotion,transformer,7,surprise,joy|surprise,True,0.82683116,
emotion-te-03308,hi-Deva,brighter-hin,emotion,transformer,12,disgust,anger|disgust,True,0.9454078,
emotion-te-03309,hi-Deva,brighter-hin,emotion,transformer,23,joy,joy,False,0.9790484,
emotion-te-03310,hi-Deva,brighter-hin,emotion,transformer,26,surprise,surprise,False,0.9138647,
emotion-te-03311,hi-Deva,brighter-hin,emotion,transformer,22,fear,fear|sadness,True,0.72182554,
emotion-te-03312,hi-Deva,brighter-hin,emotion,transformer,14,anger|disgust,anger|disgust,False,0.93460304,
emotion-te-03313,hi-Deva,brighter-hin,emotion,transformer,8,none,none,False,0.04686133,
emotion-te-03314,hi-Deva,brighter-hin,emotion,transformer,14,disgust,anger|disgust,True,0.94013137,
emotion-te-03315,hi-Deva,brighter-hin,emotion,transformer,19,surprise,joy|surprise,True,0.8993653,
emotion-te-03316,hi-Deva,brighter-hin,emotion,transformer,15,disgust,anger|disgust,True,0.9328501,
emotion-te-03317,hi-Deva,brighter-hin,emotion,transformer,22,sadness,anger,True,0.76467615,
emotion-te-03318,hi-Deva,brighter-hin,emotion,transformer,30,sadness,surprise,True,0.5713645,
emotion-te-03319,hi-Deva,brighter-hin,emotion,transformer,16,sadness,sadness,False,0.765812,
emotion-te-03320,hi-Deva,brighter-hin,emotion,transformer,13,joy,joy,False,0.9842412,
emotion-te-03321,hi-Deva,brighter-hin,emotion,transformer,12,sadness,sadness,False,0.7366969,
emotion-te-03322,hi-Deva,brighter-hin,emotion,transformer,12,surprise,surprise,False,0.9181693,
emotion-te-03323,hi-Deva,brighter-hin,emotion,transformer,12,none,none,False,0.123850815,
emotion-te-03324,hi-Deva,brighter-hin,emotion,transformer,13,joy,joy,False,0.96242553,
emotion-te-03325,hi-Deva,brighter-hin,emotion,transformer,12,joy,joy,False,0.9849369,
emotion-te-03326,hi-Deva,brighter-hin,emotion,transformer,13,joy,joy,False,0.98228765,
emotion-te-03327,hi-Deva,brighter-hin,emotion,transformer,15,sadness,sadness,False,0.7556351,
emotion-te-03328,hi-Deva,brighter-hin,emotion,transformer,22,anger,anger,False,0.8273243,
emotion-te-03329,hi-Deva,brighter-hin,emotion,transformer,31,anger,sadness,True,0.716146,
emotion-te-03330,hi-Deva,brighter-hin,emotion,transformer,21,anger,anger|disgust,True,0.92263496,
emotion-te-03331,hi-Deva,brighter-hin,emotion,transformer,14,none,none,False,0.03852547,
emotion-te-03332,hi-Deva,brighter-hin,emotion,transformer,30,anger,anger|disgust,True,0.92314017,
emotion-te-03333,hi-Deva,brighter-hin,emotion,transformer,12,sadness,sadness,False,0.7338959,
emotion-te-03334,hi-Deva,brighter-hin,emotion,transformer,16,joy,joy,False,0.9757959,
emotion-te-03335,hi-Deva,brighter-hin,emotion,transformer,16,anger,anger,False,0.88662064,
emotion-te-03336,hi-Deva,brighter-hin,emotion,transformer,12,fear|sadness,sadness,True,0.7569536,
emotion-te-03337,hi-Deva,brighter-hin,emotion,transformer,11,disgust,anger|disgust,True,0.9411599,
emotion-te-03338,hi-Deva,brighter-hin,emotion,transformer,29,anger,fear,True,0.8244261,
emotion-te-03339,hi-Deva,brighter-hin,emotion,transformer,16,sadness,sadness,False,0.7191559,
emotion-te-03340,hi-Deva,brighter-hin,emotion,transformer,16,joy,joy,False,0.97660565,
emotion-te-03341,hi-Deva,brighter-hin,emotion,transformer,15,anger,anger,False,0.8544004,
emotion-te-03342,hi-Deva,brighter-hin,emotion,transformer,15,disgust,anger|disgust,True,0.9289295,
emotion-te-03343,hi-Deva,brighter-hin,emotion,transformer,15,joy,joy,False,0.9028786,
emotion-te-03344,hi-Deva,brighter-hin,emotion,transformer,24,anger,anger,False,0.84117824,
emotion-te-03345,hi-Deva,brighter-hin,emotion,transformer,10,none,none,False,0.060313012,
emotion-te-03346,hi-Deva,brighter-hin,emotion,transformer,19,disgust,anger|disgust,True,0.9406013,
emotion-te-03347,hi-Deva,brighter-hin,emotion,transformer,13,fear,surprise,True,0.821242,
emotion-te-03348,hi-Deva,brighter-hin,emotion,transformer,27,joy,joy,False,0.98095006,
emotion-te-03349,hi-Deva,brighter-hin,emotion,transformer,17,sadness,sadness,False,0.77070266,
emotion-te-03350,hi-Deva,brighter-hin,emotion,transformer,19,anger,anger|disgust,True,0.92124045,
emotion-te-03351,hi-Deva,brighter-hin,emotion,transformer,19,sadness,sadness,False,0.71769494,
emotion-te-03352,hi-Deva,brighter-hin,emotion,transformer,18,surprise,joy|surprise,True,0.91849446,
emotion-te-03353,hi-Deva,brighter-hin,emotion,transformer,15,joy,joy,False,0.9834168,
emotion-te-03354,hi-Deva,brighter-hin,emotion,transformer,23,disgust,anger|disgust,True,0.939935,
emotion-te-03355,hi-Deva,brighter-hin,emotion,transformer,25,joy,joy,False,0.9749737,
emotion-te-03356,hi-Deva,brighter-hin,emotion,transformer,16,anger,anger,False,0.86622447,
emotion-te-03357,hi-Deva,brighter-hin,emotion,transformer,18,sadness,sadness,False,0.75547177,
emotion-te-03358,hi-Deva,brighter-hin,emotion,transformer,7,fear,surprise,True,0.90500283,
emotion-te-03359,hi-Deva,brighter-hin,emotion,transformer,22,fear,fear,False,0.87897426,
emotion-te-03360,hi-Deva,brighter-hin,emotion,transformer,14,fear,fear,False,0.81563526,
emotion-te-03361,hi-Deva,brighter-hin,emotion,transformer,14,joy,none,True,0.16580799,
emotion-te-03362,hi-Deva,brighter-hin,emotion,transformer,17,surprise,joy|surprise,True,0.8925123,
emotion-te-03363,hi-Deva,brighter-hin,emotion,transformer,11,sadness,sadness,False,0.70029294,
emotion-te-03364,hi-Deva,brighter-hin,emotion,transformer,16,fear,fear,False,0.8489984,
emotion-te-03365,hi-Deva,brighter-hin,emotion,transformer,8,none,none,False,0.06461972,
emotion-te-03366,hi-Deva,brighter-hin,emotion,transformer,16,sadness,sadness,False,0.74226177,
emotion-te-03367,hi-Deva,brighter-hin,emotion,transformer,14,sadness,sadness,False,0.64774716,
emotion-te-03368,hi-Deva,brighter-hin,emotion,transformer,11,none,none,False,0.058720924,
emotion-te-03369,hi-Deva,brighter-hin,emotion,transformer,29,joy|surprise,joy|surprise,False,0.940228,
emotion-te-03370,hi-Deva,brighter-hin,emotion,transformer,16,fear,fear,False,0.7192344,
emotion-te-03371,hi-Deva,brighter-hin,emotion,transformer,28,anger,anger,False,0.5933514,
emotion-te-03372,hi-Deva,brighter-hin,emotion,transformer,26,anger|fear,anger,True,0.83023596,
emotion-te-03373,hi-Deva,brighter-hin,emotion,transformer,17,joy,joy,False,0.91982794,
emotion-te-03374,hi-Deva,brighter-hin,emotion,transformer,21,anger,anger|disgust,True,0.91775227,
emotion-te-03375,hi-Deva,brighter-hin,emotion,transformer,18,disgust,anger|sadness,True,0.7063115,
emotion-te-03376,hi-Deva,brighter-hin,emotion,transformer,11,none,none,False,0.06207716,
emotion-te-03377,hi-Deva,brighter-hin,emotion,transformer,10,surprise,joy|surprise,True,0.9289377,
emotion-te-03378,hi-Deva,brighter-hin,emotion,transformer,19,joy,joy,False,0.97579646,
emotion-te-03379,hi-Deva,brighter-hin,emotion,transformer,20,disgust,anger|disgust,True,0.94351107,
emotion-te-03380,hi-Deva,brighter-hin,emotion,transformer,21,disgust,anger|disgust,True,0.93388104,
emotion-te-03381,hi-Deva,brighter-hin,emotion,transformer,13,joy,joy,False,0.976922,
emotion-te-03382,hi-Deva,brighter-hin,emotion,transformer,19,anger,anger,False,0.8970277,
emotion-te-03383,hi-Deva,brighter-hin,emotion,transformer,21,sadness,sadness,False,0.775994,
emotion-te-03384,hi-Deva,brighter-hin,emotion,transformer,12,none,none,False,0.06464257,
emotion-te-03385,hi-Deva,brighter-hin,emotion,transformer,21,joy,joy,False,0.9471158,
emotion-te-03386,hi-Deva,brighter-hin,emotion,transformer,12,joy,joy,False,0.96927154,
emotion-te-03387,hi-Deva,brighter-hin,emotion,transformer,15,disgust|sadness,sadness,True,0.8016384,
emotion-te-03388,hi-Deva,brighter-hin,emotion,transformer,14,surprise,surprise,False,0.91729987,
emotion-te-03389,hi-Deva,brighter-hin,emotion,transformer,16,sadness,sadness,False,0.74162936,
emotion-te-03390,hi-Deva,brighter-hin,emotion,transformer,14,sadness,anger,True,0.77721196,
emotion-te-03391,hi-Deva,brighter-hin,emotion,transformer,16,fear,fear,False,0.851389,
emotion-te-03392,hi-Deva,brighter-hin,emotion,transformer,36,anger,anger|disgust,True,0.9164907,
emotion-te-03393,hi-Deva,brighter-hin,emotion,transformer,22,joy,joy,False,0.9481846,
emotion-te-03394,hi-Deva,brighter-hin,emotion,transformer,11,joy,joy,False,0.97571313,
emotion-te-03395,hi-Deva,brighter-hin,emotion,transformer,27,anger,anger,False,0.88159007,
emotion-te-03396,hi-Deva,brighter-hin,emotion,transformer,31,fear,fear,False,0.89382327,
emotion-te-03397,hi-Deva,brighter-hin,emotion,transformer,12,fear,fear,False,0.79460925,
emotion-te-03398,hi-Deva,brighter-hin,emotion,transformer,38,anger,anger,False,0.8956398,
emotion-te-03399,hi-Deva,brighter-hin,emotion,transformer,23,sadness,sadness,False,0.72588444,
emotion-te-03400,hi-Deva,brighter-hin,emotion,transformer,16,joy,joy,False,0.9778129,
emotion-te-03401,hi-Deva,brighter-hin,emotion,transformer,13,joy,joy|surprise,True,0.96037,
emotion-te-03402,hi-Deva,brighter-hin,emotion,transformer,13,joy|surprise,joy,True,0.9772669,
emotion-te-03403,hi-Deva,brighter-hin,emotion,transformer,12,fear,fear,False,0.80637175,
emotion-te-03404,hi-Deva,brighter-hin,emotion,transformer,11,sadness,sadness,False,0.5289086,
emotion-te-03405,hi-Deva,brighter-hin,emotion,transformer,18,anger,anger,False,0.8241791,
emotion-te-03406,hi-Deva,brighter-hin,emotion,transformer,27,fear,fear|sadness,True,0.7926426,
emotion-te-03407,hi-Deva,brighter-hin,emotion,transformer,9,fear,none,True,0.52487755,
emotion-te-03408,hi-Deva,brighter-hin,emotion,transformer,19,fear,none,True,0.33186156,
emotion-te-03409,hi-Deva,brighter-hin,emotion,transformer,26,sadness,sadness,False,0.7269288,
emotion-te-03410,hi-Deva,brighter-hin,emotion,transformer,13,joy,joy,False,0.9462083,
emotion-te-03411,hi-Deva,brighter-hin,emotion,transformer,18,fear,none,True,0.3605524,
emotion-te-03412,hi-Deva,brighter-hin,emotion,transformer,17,joy,joy,False,0.9767562,
emotion-te-03413,hi-Deva,brighter-hin,emotion,transformer,19,none,none,False,0.04076276,
emotion-te-03414,hi-Deva,brighter-hin,emotion,transformer,29,anger|sadness,anger,True,0.6904204,
emotion-te-03415,hi-Deva,brighter-hin,emotion,transformer,18,anger|disgust,anger,True,0.8621239,
emotion-te-03416,hi-Deva,brighter-hin,emotion,transformer,14,surprise,surprise,False,0.8629854,
emotion-te-03417,hi-Deva,brighter-hin,emotion,transformer,12,fear,fear,False,0.7936165,
emotion-te-03418,hi-Deva,brighter-hin,emotion,transformer,24,anger,anger,False,0.87370694,
emotion-te-03419,hi-Deva,brighter-hin,emotion,transformer,20,joy,joy,False,0.98366356,
emotion-te-03420,hi-Deva,brighter-hin,emotion,transformer,19,sadness,sadness,False,0.74784946,
emotion-te-03421,hi-Deva,brighter-hin,emotion,transformer,13,fear,fear,False,0.7325668,
emotion-te-03422,hi-Deva,brighter-hin,emotion,transformer,15,fear|sadness,sadness,True,0.74272156,
emotion-te-03423,hi-Deva,brighter-hin,emotion,transformer,16,fear,fear,False,0.89557105,
emotion-te-03424,hi-Deva,brighter-hin,emotion,transformer,29,surprise,surprise,False,0.9178866,
emotion-te-03425,hi-Deva,brighter-hin,emotion,transformer,26,joy|surprise,surprise,True,0.9165798,
emotion-te-03426,hi-Deva,brighter-hin,emotion,transformer,9,none,none,False,0.057771508,
emotion-te-03427,hi-Deva,brighter-hin,emotion,transformer,16,sadness|surprise,surprise,True,0.8475639,
emotion-te-03428,hi-Deva,brighter-hin,emotion,transformer,17,sadness,sadness,False,0.7209126,
emotion-te-03429,hi-Deva,brighter-hin,emotion,transformer,19,anger,anger|disgust,True,0.9236605,
emotion-te-03430,hi-Deva,brighter-hin,emotion,transformer,18,surprise,surprise,False,0.92467123,
emotion-te-03431,hi-Deva,brighter-hin,emotion,transformer,14,none,none,False,0.05075885,
emotion-te-03432,hi-Deva,brighter-hin,emotion,transformer,14,surprise,surprise,False,0.91728187,
emotion-te-03433,hi-Deva,brighter-hin,emotion,transformer,24,anger,anger,False,0.8844851,
emotion-te-03434,hi-Deva,brighter-hin,emotion,transformer,16,surprise,joy|surprise,True,0.94102484,
emotion-te-03435,hi-Deva,brighter-hin,emotion,transformer,17,joy,joy,False,0.97885615,
emotion-te-03436,hi-Deva,brighter-hin,emotion,transformer,19,joy,joy,False,0.97899574,
emotion-te-03437,hi-Deva,brighter-hin,emotion,transformer,25,disgust,anger|disgust,True,0.9048857,
emotion-te-03438,hi-Deva,brighter-hin,emotion,transformer,16,joy,joy,False,0.966393,
emotion-te-03439,hi-Deva,brighter-hin,emotion,transformer,20,surprise,surprise,False,0.9179048,
emotion-te-03440,hi-Deva,brighter-hin,emotion,transformer,12,sadness,sadness,False,0.671469,
emotion-te-03441,hi-Deva,brighter-hin,emotion,transformer,10,anger|disgust,anger|sadness,True,0.665984,
emotion-te-03442,hi-Deva,brighter-hin,emotion,transformer,27,none,none,False,0.10537673,
emotion-te-03443,hi-Deva,brighter-hin,emotion,transformer,9,fear,fear|surprise,True,0.81853366,
emotion-te-03444,hi-Deva,brighter-hin,emotion,transformer,14,joy,joy,False,0.967805,
emotion-te-03445,hi-Deva,brighter-hin,emotion,transformer,11,sadness,anger,True,0.8757923,
emotion-te-03446,hi-Deva,brighter-hin,emotion,transformer,15,disgust,anger|disgust,True,0.9407091,
emotion-te-03447,hi-Deva,brighter-hin,emotion,transformer,18,none,none,False,0.29904023,
emotion-te-03448,hi-Deva,brighter-hin,emotion,transformer,21,joy,joy,False,0.97431767,
emotion-te-03449,hi-Deva,brighter-hin,emotion,transformer,15,joy,joy,False,0.9817098,
emotion-te-03450,hi-Deva,brighter-hin,emotion,transformer,12,none,sadness,True,0.6050019,
emotion-te-03451,hi-Deva,brighter-hin,emotion,transformer,12,fear,fear|sadness,True,0.6702348,
emotion-te-03452,hi-Deva,brighter-hin,emotion,transformer,27,joy,joy,False,0.98252904,
emotion-te-03453,hi-Deva,brighter-hin,emotion,transformer,17,sadness,anger|sadness,True,0.7540519,
emotion-te-03454,hi-Deva,brighter-hin,emotion,transformer,17,anger,anger,False,0.87260085,
emotion-te-03455,hi-Deva,brighter-hin,emotion,transformer,11,none,none,False,0.06517231,
emotion-te-03456,hi-Deva,brighter-hin,emotion,transformer,10,joy,joy,False,0.96759015,
emotion-te-03457,hi-Deva,brighter-hin,emotion,transformer,9,joy,joy,False,0.97482556,
emotion-te-03458,hi-Deva,brighter-hin,emotion,transformer,21,sadness,anger|sadness,True,0.64315623,
emotion-te-03459,hi-Deva,brighter-hin,emotion,transformer,22,joy,joy,False,0.9792667,
emotion-te-03460,hi-Deva,brighter-hin,emotion,transformer,18,fear,fear,False,0.849202,
emotion-te-03461,hi-Deva,brighter-hin,emotion,transformer,12,disgust,anger|disgust,True,0.9339657,
emotion-te-03462,hi-Deva,brighter-hin,emotion,transformer,23,joy,joy,False,0.9804733,
emotion-te-03463,hi-Deva,brighter-hin,emotion,transformer,14,fear,fear|sadness,True,0.7907705,
emotion-te-03464,hi-Deva,brighter-hin,emotion,transformer,13,surprise,joy|surprise,True,0.86593914,
emotion-te-03465,hi-Deva,brighter-hin,emotion,transformer,21,surprise,joy|surprise,True,0.9252693,
emotion-te-03466,hi-Deva,brighter-hin,emotion,transformer,18,anger|disgust,anger|disgust,False,0.9303625,
emotion-te-03467,hi-Deva,brighter-hin,emotion,transformer,14,surprise,surprise,False,0.9065886,
emotion-te-03468,hi-Deva,brighter-hin,emotion,transformer,23,anger,anger,False,0.8768731,
emotion-te-03469,hi-Deva,brighter-hin,emotion,transformer,23,fear,fear,False,0.8509581,
emotion-te-03470,hi-Deva,brighter-hin,emotion,transformer,19,anger,anger,False,0.8628999,
emotion-te-03471,hi-Deva,brighter-hin,emotion,transformer,14,sadness,fear,True,0.69655484,
emotion-te-03472,hi-Deva,brighter-hin,emotion,transformer,9,none,none,False,0.050786905,
emotion-te-03473,hi-Deva,brighter-hin,emotion,transformer,22,joy,joy,False,0.9640856,
emotion-te-03474,hi-Deva,brighter-hin,emotion,transformer,16,surprise,surprise,False,0.91283166,
emotion-te-03475,hi-Deva,brighter-hin,emotion,transformer,22,fear,fear|sadness,True,0.86824465,
emotion-te-03476,hi-Deva,brighter-hin,emotion,transformer,18,fear|sadness,fear|sadness,False,0.8708798,
emotion-te-03477,hi-Deva,brighter-hin,emotion,transformer,16,surprise,surprise,False,0.89127237,
emotion-te-03478,hi-Deva,brighter-hin,emotion,transformer,9,joy,joy,False,0.96534926,
emotion-te-03479,hi-Deva,brighter-hin,emotion,transformer,24,anger,anger,False,0.6730616,
emotion-te-03480,hi-Deva,brighter-hin,emotion,transformer,15,none,none,False,0.054263633,
emotion-te-03481,hi-Deva,brighter-hin,emotion,transformer,14,disgust,anger|disgust,True,0.9197407,
emotion-te-03482,hi-Deva,brighter-hin,emotion,transformer,16,surprise,joy|surprise,True,0.89688,
emotion-te-03483,hi-Deva,brighter-hin,emotion,transformer,13,sadness,sadness,False,0.715666,
emotion-te-03484,hi-Deva,brighter-hin,emotion,transformer,22,surprise,none,True,0.22619587,
emotion-te-03485,hi-Deva,brighter-hin,emotion,transformer,18,disgust,anger|disgust|sadness,True,0.9460946,
emotion-te-03486,hi-Deva,brighter-hin,emotion,transformer,21,sadness,sadness,False,0.8168102,
emotion-te-03487,hi-Deva,brighter-hin,emotion,transformer,20,sadness,anger|sadness,True,0.62363225,
emotion-te-03488,hi-Deva,brighter-hin,emotion,transformer,15,disgust,anger|disgust,True,0.9414963,
emotion-te-03489,hi-Deva,brighter-hin,emotion,transformer,14,sadness,anger|sadness,True,0.7083373,
emotion-te-03490,hi-Deva,brighter-hin,emotion,transformer,12,sadness,sadness,False,0.546664,
emotion-te-03491,hi-Deva,brighter-hin,emotion,transformer,16,joy,joy,False,0.6443352,
emotion-te-03492,hi-Deva,brighter-hin,emotion,transformer,13,sadness,sadness,False,0.7907807,
emotion-te-03493,hi-Deva,brighter-hin,emotion,transformer,22,sadness,sadness,False,0.7524958,
emotion-te-03494,hi-Deva,brighter-hin,emotion,transformer,32,joy|surprise,joy|surprise,False,0.96732235,
emotion-te-03495,hi-Deva,brighter-hin,emotion,transformer,12,fear,anger,True,0.8152059,
emotion-te-03496,hi-Deva,brighter-hin,emotion,transformer,15,joy|surprise,surprise,True,0.9356249,
emotion-te-03497,hi-Deva,brighter-hin,emotion,transformer,15,sadness,sadness,False,0.74821085,
emotion-te-03498,hi-Deva,brighter-hin,emotion,transformer,22,fear,fear|sadness,True,0.87549967,
emotion-te-03499,hi-Deva,brighter-hin,emotion,transformer,15,sadness,sadness,False,0.6205809,
emotion-te-03500,hi-Deva,brighter-hin,emotion,transformer,30,sadness,anger|sadness,True,0.63107365,
emotion-te-03501,hi-Deva,brighter-hin,emotion,transformer,25,anger,anger,False,0.88074464,
emotion-te-03502,hi-Deva,brighter-hin,emotion,transformer,22,sadness,sadness,False,0.7473949,
emotion-te-03503,hi-Deva,brighter-hin,emotion,transformer,10,joy,none,True,0.064014986,
emotion-te-03504,hi-Deva,brighter-hin,emotion,transformer,16,surprise,anger,True,0.6703297,
emotion-te-03505,hi-Deva,brighter-hin,emotion,transformer,16,fear,fear,False,0.8348446,
emotion-te-03506,hi-Deva,brighter-hin,emotion,transformer,15,sadness,sadness,False,0.67643887,
emotion-te-03507,hi-Deva,brighter-hin,emotion,transformer,15,disgust,anger|disgust|sadness,True,0.93238187,
emotion-te-03508,hi-Deva,brighter-hin,emotion,transformer,13,joy,joy,False,0.96528226,
emotion-te-03509,hi-Deva,brighter-hin,emotion,transformer,16,anger,anger,False,0.88649285,
emotion-te-03510,hi-Deva,brighter-hin,emotion,transformer,18,surprise,surprise,False,0.92855877,
emotion-te-03511,hi-Deva,brighter-hin,emotion,transformer,10,surprise,surprise,False,0.9067361,
emotion-te-03512,hi-Deva,brighter-hin,emotion,transformer,11,joy,joy,False,0.96075153,
emotion-te-03513,hi-Deva,brighter-hin,emotion,transformer,11,joy|surprise,joy|surprise,False,0.9358584,
emotion-te-03514,hi-Deva,brighter-hin,emotion,transformer,27,anger,anger,False,0.8558608,
emotion-te-03515,hi-Deva,brighter-hin,emotion,transformer,15,anger|sadness,anger|disgust|sadness,True,0.78213394,
emotion-te-03516,hi-Deva,brighter-hin,emotion,transformer,17,joy|surprise,joy|surprise,False,0.9306131,
emotion-te-03517,hi-Deva,brighter-hin,emotion,transformer,23,sadness,none,True,0.4506905,
emotion-te-03518,hi-Deva,brighter-hin,emotion,transformer,14,none,none,False,0.05610256,
emotion-te-03519,hi-Deva,brighter-hin,emotion,transformer,15,none,anger|disgust,True,0.9122799,
emotion-te-03520,hi-Deva,brighter-hin,emotion,transformer,18,none,none,False,0.07734722,
emotion-te-03521,hi-Deva,brighter-hin,emotion,transformer,21,joy,joy,False,0.9817461,
emotion-te-03522,hi-Deva,brighter-hin,emotion,transformer,12,sadness,sadness,False,0.7223188,
emotion-te-03523,hi-Deva,brighter-hin,emotion,transformer,13,none,none,False,0.05215839,
emotion-te-03524,hi-Deva,brighter-hin,emotion,transformer,37,anger,anger,False,0.87275994,
emotion-te-03525,hi-Deva,brighter-hin,emotion,transformer,22,surprise,surprise,False,0.92841774,
emotion-te-03526,hi-Deva,brighter-hin,emotion,transformer,16,sadness,sadness,False,0.7379408,
emotion-te-03527,hi-Deva,brighter-hin,emotion,transformer,19,joy,none,True,0.3154303,
emotion-te-03528,hi-Deva,brighter-hin,emotion,transformer,15,joy,joy,False,0.98053247,
emotion-te-03529,hi-Deva,brighter-hin,emotion,transformer,11,sadness,sadness,False,0.71881896,
emotion-te-03530,hi-Deva,brighter-hin,emotion,transformer,8,disgust,anger|disgust,True,0.9377834,
emotion-te-03531,hi-Deva,brighter-hin,emotion,transformer,9,none,none,False,0.48648608,
emotion-te-03532,hi-Deva,brighter-hin,emotion,transformer,15,none,none,False,0.39852485,
emotion-te-03533,hi-Deva,brighter-hin,emotion,transformer,20,joy|surprise,joy|surprise,False,0.94037116,
emotion-te-03534,hi-Deva,brighter-hin,emotion,transformer,20,joy,joy,False,0.9766142,
emotion-te-03535,hi-Deva,brighter-hin,emotion,transformer,18,anger,anger|disgust,True,0.91162896,
emotion-te-03536,hi-Deva,brighter-hin,emotion,transformer,12,surprise,surprise,False,0.9243987,
emotion-te-03537,hi-Deva,brighter-hin,emotion,transformer,15,joy,joy,False,0.9618311,
emotion-te-03538,hi-Deva,brighter-hin,emotion,transformer,21,surprise,joy|surprise,True,0.90884876,
emotion-te-03539,hi-Deva,brighter-hin,emotion,transformer,13,sadness,sadness,False,0.6657357,
emotion-te-03540,hi-Deva,brighter-hin,emotion,transformer,24,anger,anger,False,0.8434958,
emotion-te-03541,hi-Deva,brighter-hin,emotion,transformer,20,disgust,anger|disgust,True,0.93364686,
emotion-te-03542,hi-Deva,brighter-hin,emotion,transformer,26,anger,sadness,True,0.7868513,
emotion-te-03543,hi-Deva,brighter-hin,emotion,transformer,28,anger,sadness,True,0.7095439,
emotion-te-03544,hi-Deva,brighter-hin,emotion,transformer,14,sadness,sadness,False,0.7307188,
emotion-te-03545,hi-Deva,brighter-hin,emotion,transformer,13,none,none,False,0.04833764,
emotion-te-03546,hi-Deva,brighter-hin,emotion,transformer,16,joy|surprise,anger,True,0.6855751,
emotion-te-03547,hi-Deva,brighter-hin,emotion,transformer,11,joy,joy,False,0.98227215,
emotion-te-03548,hi-Deva,brighter-hin,emotion,transformer,9,none,none,False,0.050281823,
emotion-te-03549,hi-Deva,brighter-hin,emotion,transformer,14,surprise,surprise,False,0.6284524,
emotion-te-03550,hi-Deva,brighter-hin,emotion,transformer,25,sadness,sadness,False,0.7449582,
emotion-te-03551,hi-Deva,brighter-hin,emotion,transformer,9,none,joy|surprise,True,0.8070236,
emotion-te-03552,hi-Deva,brighter-hin,emotion,transformer,10,joy,joy,False,0.9663698,
emotion-te-03553,hi-Deva,brighter-hin,emotion,transformer,21,joy,joy,False,0.98326,
emotion-te-03554,hi-Deva,brighter-hin,emotion,transformer,14,joy,joy,False,0.83276254,
emotion-te-03555,hi-Deva,brighter-hin,emotion,transformer,26,anger,anger,False,0.8572835,
emotion-te-03556,hi-Deva,brighter-hin,emotion,transformer,19,surprise,surprise,False,0.9279787,
emotion-te-03557,hi-Deva,brighter-hin,emotion,transformer,15,none,none,False,0.05664924,
emotion-te-03558,hi-Deva,brighter-hin,emotion,transformer,13,disgust,anger|disgust,True,0.93702495,
emotion-te-03559,hi-Deva,brighter-hin,emotion,transformer,22,joy,joy,False,0.9815372,
emotion-te-03560,hi-Deva,brighter-hin,emotion,transformer,10,none,none,False,0.06000106,
emotion-te-03561,hi-Deva,brighter-hin,emotion,transformer,19,sadness,sadness,False,0.690073,
emotion-te-03562,hi-Deva,brighter-hin,emotion,transformer,25,disgust,anger|disgust,True,0.94131136,
emotion-te-03563,hi-Deva,brighter-hin,emotion,transformer,19,none,none,False,0.29968494,
emotion-te-03564,hi-Deva,brighter-hin,emotion,transformer,17,fear|surprise,fear|surprise,False,0.88560253,
emotion-te-03565,hi-Deva,brighter-hin,emotion,transformer,13,anger,none,True,0.3774444,
emotion-te-03566,hi-Deva,brighter-hin,emotion,transformer,22,disgust,anger|disgust,True,0.942622,
emotion-te-03567,hi-Deva,brighter-hin,emotion,transformer,28,joy,joy,False,0.9836235,
emotion-te-03568,hi-Deva,brighter-hin,emotion,transformer,19,joy,joy,False,0.9738043,
emotion-te-03569,hi-Deva,brighter-hin,emotion,transformer,19,anger,anger,False,0.89065725,
emotion-te-03570,hi-Deva,brighter-hin,emotion,transformer,25,surprise,fear|surprise,True,0.878143,
emotion-te-03571,hi-Deva,brighter-hin,emotion,transformer,21,none,none,False,0.0435458,
emotion-te-03572,hi-Deva,brighter-hin,emotion,transformer,10,joy,joy,False,0.9520347,
emotion-te-03573,hi-Deva,brighter-hin,emotion,transformer,15,disgust,anger|disgust,True,0.9458182,
emotion-te-03574,hi-Deva,brighter-hin,emotion,transformer,17,anger,anger,False,0.90226716,
emotion-te-03575,hi-Deva,brighter-hin,emotion,transformer,21,joy,joy,False,0.9848632,
emotion-te-03576,hi-Deva,brighter-hin,emotion,transformer,15,fear,fear,False,0.80882186,
emotion-te-03577,hi-Deva,brighter-hin,emotion,transformer,14,fear,fear,False,0.7187579,
emotion-te-03578,hi-Deva,brighter-hin,emotion,transformer,13,fear,sadness,True,0.7485541,
emotion-te-03579,hi-Deva,brighter-hin,emotion,transformer,16,joy,none,True,0.06632686,
emotion-te-03580,hi-Deva,brighter-hin,emotion,transformer,21,fear,fear,False,0.6590775,
emotion-te-03581,hi-Deva,brighter-hin,emotion,transformer,19,anger,none,True,0.2151959,
emotion-te-03582,hi-Deva,brighter-hin,emotion,transformer,14,anger,anger|disgust,True,0.8965651,
emotion-te-03583,hi-Deva,brighter-hin,emotion,transformer,22,anger,anger|disgust,True,0.9421292,
emotion-te-03584,hi-Deva,brighter-hin,emotion,transformer,13,none,sadness,True,0.74690074,
emotion-te-03585,hi-Deva,brighter-hin,emotion,transformer,14,surprise,joy|surprise,True,0.92698646,
emotion-te-03586,hi-Deva,brighter-hin,emotion,transformer,13,joy,surprise,True,0.76617086,
emotion-te-03587,hi-Deva,brighter-hin,emotion,transformer,10,fear,fear,False,0.81763715,
emotion-te-03588,hi-Deva,brighter-hin,emotion,transformer,25,surprise,joy|surprise,True,0.92244494,
emotion-te-03589,hi-Deva,brighter-hin,emotion,transformer,16,sadness,none,True,0.43305716,
emotion-te-03590,hi-Deva,brighter-hin,emotion,transformer,18,surprise,surprise,False,0.92783725,
emotion-te-03591,hi-Deva,brighter-hin,emotion,transformer,14,fear,none,True,0.28693688,
emotion-te-03592,hi-Deva,brighter-hin,emotion,transformer,21,disgust,anger|disgust,True,0.9412595,
emotion-te-03593,hi-Deva,brighter-hin,emotion,transformer,11,joy,joy,False,0.94396293,
emotion-te-03594,hi-Deva,brighter-hin,emotion,transformer,20,joy,joy,False,0.9804585,
emotion-te-03595,hi-Deva,brighter-hin,emotion,transformer,17,none,none,False,0.041603185,
emotion-te-03596,hi-Deva,brighter-hin,emotion,transformer,12,none,none,False,0.07628349,
emotion-te-03597,hi-Deva,brighter-hin,emotion,transformer,17,disgust,anger|disgust,True,0.9419606,
emotion-te-03598,hi-Deva,brighter-hin,emotion,transformer,12,joy,joy,False,0.97401017,
emotion-te-03599,hi-Deva,brighter-hin,emotion,transformer,18,surprise,joy|surprise,True,0.9332633,
emotion-te-03600,hi-Deva,brighter-hin,emotion,transformer,25,sadness,sadness,False,0.73100126,
emotion-te-03601,hi-Deva,brighter-hin,emotion,transformer,15,disgust,anger|disgust,True,0.9145852,
emotion-te-03602,hi-Deva,brighter-hin,emotion,transformer,21,anger|disgust,anger|disgust,False,0.92584383,
emotion-te-03603,hi-Deva,brighter-hin,emotion,transformer,22,surprise,joy|surprise,True,0.9128111,
emotion-te-03604,hi-Deva,brighter-hin,emotion,transformer,17,none,none,False,0.04271195,
emotion-te-03605,hi-Deva,brighter-hin,emotion,transformer,26,anger,anger,False,0.83581525,
emotion-te-03606,hi-Deva,brighter-hin,emotion,transformer,24,sadness,sadness,False,0.73209757,
emotion-te-03607,hi-Deva,brighter-hin,emotion,transformer,12,surprise,surprise,False,0.88373417,
emotion-te-03608,hi-Deva,brighter-hin,emotion,transformer,12,disgust,anger|disgust,True,0.93541616,
emotion-te-03609,hi-Deva,brighter-hin,emotion,transformer,18,joy,joy,False,0.9691113,
emotion-te-03610,hi-Deva,brighter-hin,emotion,transformer,22,sadness,anger,True,0.85678804,
emotion-te-03611,hi-Deva,brighter-hin,emotion,transformer,27,disgust,anger|disgust,True,0.9403938,
emotion-te-03612,hi-Deva,brighter-hin,emotion,transformer,17,disgust,anger|disgust,True,0.9126735,
emotion-te-03613,hi-Deva,brighter-hin,emotion,transformer,15,none,none,False,0.044768922,
emotion-te-03614,hi-Deva,brighter-hin,emotion,transformer,13,none,none,False,0.06029233,
emotion-te-03615,hi-Deva,brighter-hin,emotion,transformer,13,none,none,False,0.09514254,
emotion-te-03616,hi-Deva,brighter-hin,emotion,transformer,17,fear,fear,False,0.82740283,
emotion-te-03617,hi-Deva,brighter-hin,emotion,transformer,18,fear,fear,False,0.80713624,
emotion-te-03618,hi-Deva,brighter-hin,emotion,transformer,11,fear,fear,False,0.8520352,
emotion-te-03619,hi-Deva,brighter-hin,emotion,transformer,7,none,none,False,0.06752884,
emotion-te-03620,hi-Deva,brighter-hin,emotion,transformer,12,anger,anger,False,0.7559056,
emotion-te-03621,hi-Deva,brighter-hin,emotion,transformer,19,disgust,sadness,True,0.77220464,
emotion-te-03622,hi-Deva,brighter-hin,emotion,transformer,12,none,none,False,0.048868615,
emotion-te-03623,hi-Deva,brighter-hin,emotion,transformer,13,none,none,False,0.048882484,
emotion-te-03624,hi-Deva,brighter-hin,emotion,transformer,12,none,none,False,0.048131697,
emotion-te-03625,hi-Deva,brighter-hin,emotion,transformer,22,fear,fear,False,0.84496135,
emotion-te-03626,hi-Deva,brighter-hin,emotion,transformer,15,disgust,anger|disgust,True,0.94445014,
emotion-te-03627,hi-Deva,brighter-hin,emotion,transformer,18,fear,fear,False,0.84596497,
emotion-te-03628,hi-Deva,brighter-hin,emotion,transformer,16,sadness,anger|disgust,True,0.9302749,
emotion-te-03629,hi-Deva,brighter-hin,emotion,transformer,10,joy,joy,False,0.9799698,
emotion-te-03630,hi-Deva,brighter-hin,emotion,transformer,23,sadness,sadness,False,0.7052005,
emotion-te-03631,hi-Deva,brighter-hin,emotion,transformer,18,joy,joy,False,0.9741078,
emotion-te-03632,hi-Deva,brighter-hin,emotion,transformer,13,sadness,sadness,False,0.75514877,
emotion-te-03633,hi-Deva,brighter-hin,emotion,transformer,23,joy,joy,False,0.9810006,
emotion-te-03634,hi-Deva,brighter-hin,emotion,transformer,15,none,none,False,0.043262683,
emotion-te-03635,hi-Deva,brighter-hin,emotion,transformer,13,disgust,anger|disgust,True,0.9356872,
emotion-te-03636,hi-Deva,brighter-hin,emotion,transformer,15,anger,anger|disgust,True,0.9457172,
emotion-te-03637,hi-Deva,brighter-hin,emotion,transformer,19,fear,fear,False,0.84332865,
emotion-te-03638,hi-Deva,brighter-hin,emotion,transformer,14,sadness,surprise,True,0.5749644,
emotion-te-03639,hi-Deva,brighter-hin,emotion,transformer,14,none,none,False,0.040833943,
emotion-te-03640,hi-Deva,brighter-hin,emotion,transformer,16,anger,anger,False,0.76975703,
emotion-te-03641,hi-Deva,brighter-hin,emotion,transformer,21,surprise,surprise,False,0.90867317,
emotion-te-03642,hi-Deva,brighter-hin,emotion,transformer,27,anger,anger,False,0.88453835,
emotion-te-03643,hi-Deva,brighter-hin,emotion,transformer,13,surprise,surprise,False,0.8882372,
emotion-te-03644,hi-Deva,brighter-hin,emotion,transformer,17,sadness,sadness,False,0.7457919,
emotion-te-03645,hi-Deva,brighter-hin,emotion,transformer,12,none,surprise,True,0.8770148,
emotion-te-03646,hi-Deva,brighter-hin,emotion,transformer,10,disgust,anger|disgust,True,0.9467848,
emotion-te-03647,hi-Deva,brighter-hin,emotion,transformer,19,sadness,sadness,False,0.7497106,
emotion-te-03648,hi-Deva,brighter-hin,emotion,transformer,19,anger,anger|sadness,True,0.62449765,
emotion-te-03649,hi-Deva,brighter-hin,emotion,transformer,19,none,none,False,0.19576079,
emotion-te-03650,hi-Deva,brighter-hin,emotion,transformer,14,fear,fear,False,0.8252058,
emotion-te-03651,hi-Deva,brighter-hin,emotion,transformer,14,fear,fear,False,0.7045653,
emotion-te-03652,hi-Deva,brighter-hin,emotion,transformer,19,joy,joy,False,0.9785912,
emotion-te-03653,hi-Deva,brighter-hin,emotion,transformer,15,disgust,anger|disgust,True,0.92233783,
emotion-te-03654,hi-Deva,brighter-hin,emotion,transformer,10,none,none,False,0.3538487,
emotion-te-03655,hi-Deva,brighter-hin,emotion,transformer,16,joy,joy,False,0.9791413,
emotion-te-03656,hi-Deva,brighter-hin,emotion,transformer,22,fear,sadness,True,0.77300215,
emotion-te-03657,hi-Deva,brighter-hin,emotion,transformer,28,anger,anger,False,0.9061304,
emotion-te-03658,hi-Deva,brighter-hin,emotion,transformer,21,disgust|surprise,anger,True,0.78859514,
emotion-te-03659,hi-Deva,brighter-hin,emotion,transformer,34,anger,anger,False,0.7924702,
emotion-te-03660,hi-Deva,brighter-hin,emotion,transformer,21,disgust,anger|disgust|sadness,True,0.8692055,
emotion-te-03661,hi-Deva,brighter-hin,emotion,transformer,27,sadness,sadness,False,0.7007346,
emotion-te-03662,hi-Deva,brighter-hin,emotion,transformer,13,surprise,surprise,False,0.9157328,
emotion-te-03663,hi-Deva,brighter-hin,emotion,transformer,30,joy,joy,False,0.9731041,
emotion-te-03664,hi-Deva,brighter-hin,emotion,transformer,14,anger|sadness,fear|sadness,True,0.7533487,
emotion-te-03665,hi-Deva,brighter-hin,emotion,transformer,19,joy,joy,False,0.9691311,
emotion-te-03666,hi-Deva,brighter-hin,emotion,transformer,15,none,none,False,0.051892567,
emotion-te-03667,hi-Deva,brighter-hin,emotion,transformer,19,fear,fear,False,0.8882212,
emotion-te-03668,hi-Deva,brighter-hin,emotion,transformer,11,sadness,sadness,False,0.6658731,
emotion-te-03669,hi-Deva,brighter-hin,emotion,transformer,11,surprise,anger,True,0.70697635,
emotion-te-03670,hi-Deva,brighter-hin,emotion,transformer,23,fear,fear,False,0.8192485,
emotion-te-03671,hi-Deva,brighter-hin,emotion,transformer,10,none,none,False,0.117665805,
emotion-te-03672,hi-Deva,brighter-hin,emotion,transformer,26,fear,fear,False,0.86545825,
emotion-te-03673,hi-Deva,brighter-hin,emotion,transformer,13,none,none,False,0.05118597,
emotion-te-03674,hi-Deva,brighter-hin,emotion,transformer,20,anger,anger,False,0.9001518,
emotion-te-03675,hi-Deva,brighter-hin,emotion,transformer,14,anger,anger|disgust,True,0.9183254,
emotion-te-03676,hi-Deva,brighter-hin,emotion,transformer,11,fear,fear,False,0.8268765,
emotion-te-03677,hi-Deva,brighter-hin,emotion,transformer,16,anger,anger|disgust|sadness,True,0.82389635,
emotion-te-03678,hi-Deva,brighter-hin,emotion,transformer,13,joy,joy,False,0.95448077,
emotion-te-03679,hi-Deva,brighter-hin,emotion,transformer,19,fear,fear|sadness,True,0.64771926,
emotion-te-03680,hi-Deva,brighter-hin,emotion,transformer,28,joy,joy,False,0.98012125,
emotion-te-03681,hi-Deva,brighter-hin,emotion,transformer,12,joy,joy,False,0.98228884,
emotion-te-03682,hi-Deva,brighter-hin,emotion,transformer,13,sadness,sadness,False,0.7625989,
emotion-te-03683,hi-Deva,brighter-hin,emotion,transformer,13,sadness,sadness,False,0.698226,
emotion-te-03684,hi-Deva,brighter-hin,emotion,transformer,10,disgust,anger|disgust,True,0.9468842,
emotion-te-03685,hi-Deva,brighter-hin,emotion,transformer,12,none,none,False,0.046950705,
emotion-te-03686,hi-Deva,brighter-hin,emotion,transformer,12,fear,fear,False,0.7708932,
emotion-te-03687,hi-Deva,brighter-hin,emotion,transformer,25,anger,anger,False,0.71599233,
emotion-te-03688,hi-Deva,brighter-hin,emotion,transformer,27,joy,joy,False,0.9694802,
emotion-te-03689,hi-Deva,brighter-hin,emotion,transformer,12,joy,joy,False,0.961842,
emotion-te-03690,hi-Deva,brighter-hin,emotion,transformer,13,anger,anger|sadness,True,0.6482616,
emotion-te-03691,hi-Deva,brighter-hin,emotion,transformer,13,joy,joy,False,0.95234585,
emotion-te-03692,hi-Deva,brighter-hin,emotion,transformer,24,anger|sadness,sadness,True,0.6437516,
emotion-te-03693,hi-Deva,brighter-hin,emotion,transformer,18,anger,anger,False,0.84608436,
emotion-te-03694,hi-Deva,brighter-hin,emotion,transformer,14,joy,joy,False,0.97958815,
emotion-te-03695,hi-Deva,brighter-hin,emotion,transformer,23,surprise,surprise,False,0.9323765,
emotion-te-03696,hi-Deva,brighter-hin,emotion,transformer,14,fear,fear,False,0.81509435,
emotion-te-03697,hi-Deva,brighter-hin,emotion,transformer,14,disgust,anger|disgust,True,0.9404834,
emotion-te-03698,hi-Deva,brighter-hin,emotion,transformer,20,sadness,sadness,False,0.6997916,
emotion-te-03699,hi-Deva,brighter-hin,emotion,transformer,15,joy,joy,False,0.9758055,
emotion-te-03700,hi-Deva,brighter-hin,emotion,transformer,20,joy,joy,False,0.97419983,
emotion-te-03701,hi-Deva,brighter-hin,emotion,transformer,13,surprise,surprise,False,0.9057324,
emotion-te-03702,hi-Deva,brighter-hin,emotion,transformer,14,joy,joy,False,0.9765103,
emotion-te-03703,hi-Deva,brighter-hin,emotion,transformer,23,joy,joy,False,0.9803494,
emotion-te-03704,hi-Deva,brighter-hin,emotion,transformer,18,joy,joy,False,0.7473542,
emotion-te-03705,hi-Deva,brighter-hin,emotion,transformer,18,disgust,anger|disgust,True,0.9412632,
emotion-te-03706,hi-Deva,brighter-hin,emotion,transformer,12,sadness,sadness,False,0.6884776,
emotion-te-03707,hi-Deva,brighter-hin,emotion,transformer,15,fear,fear,False,0.8174834,
emotion-te-03708,hi-Deva,brighter-hin,emotion,transformer,20,surprise,surprise,False,0.9283878,
emotion-te-03709,hi-Deva,brighter-hin,emotion,transformer,20,surprise,surprise,False,0.8613148,
emotion-te-03710,hi-Deva,brighter-hin,emotion,transformer,20,anger|disgust,anger|disgust,False,0.9330353,
emotion-te-03711,hi-Deva,brighter-hin,emotion,transformer,10,disgust,anger|disgust,True,0.94889474,
emotion-te-03712,hi-Deva,brighter-hin,emotion,transformer,33,anger,anger,False,0.8760919,
emotion-te-03713,hi-Deva,brighter-hin,emotion,transformer,12,joy,none,True,0.10122606,
emotion-te-03714,hi-Deva,brighter-hin,emotion,transformer,25,fear,fear,False,0.86021996,
emotion-te-03715,hi-Deva,brighter-hin,emotion,transformer,10,none,none,False,0.040690422,
emotion-te-03716,hi-Deva,brighter-hin,emotion,transformer,21,surprise,surprise,False,0.9031228,
emotion-te-03717,hi-Deva,brighter-hin,emotion,transformer,30,anger|disgust,anger|disgust,False,0.9022177,
emotion-te-03718,hi-Deva,brighter-hin,emotion,transformer,10,fear,none,True,0.43054685,
emotion-te-03719,hi-Deva,brighter-hin,emotion,transformer,13,sadness,sadness,False,0.7330016,
emotion-te-03720,hi-Deva,brighter-hin,emotion,transformer,9,none,none,False,0.046092477,
emotion-te-03721,hi-Deva,brighter-hin,emotion,transformer,17,joy,joy,False,0.9626713,
emotion-te-03722,hi-Deva,brighter-hin,emotion,transformer,14,fear,sadness,True,0.7378127,
emotion-te-03723,hi-Deva,brighter-hin,emotion,transformer,25,anger,anger,False,0.88124275,
emotion-te-03724,hi-Deva,brighter-hin,emotion,transformer,14,surprise,surprise,False,0.9243103,
emotion-te-03725,hi-Deva,brighter-hin,emotion,transformer,14,sadness,sadness,False,0.7167366,
emotion-te-03726,hi-Deva,brighter-hin,emotion,transformer,18,surprise,surprise,False,0.9205366,
emotion-te-03727,hi-Deva,brighter-hin,emotion,transformer,8,none,none,False,0.16554491,
emotion-te-03728,hi-Deva,brighter-hin,emotion,transformer,14,sadness|surprise,fear,True,0.66273814,
emotion-te-03729,hi-Deva,brighter-hin,emotion,transformer,10,fear,sadness,True,0.59177494,
emotion-te-03730,hi-Deva,brighter-hin,emotion,transformer,9,disgust,anger|disgust,True,0.94563264,
emotion-te-03731,hi-Deva,brighter-hin,emotion,transformer,16,joy,joy|surprise,True,0.94441545,
emotion-te-03732,hi-Deva,brighter-hin,emotion,transformer,14,surprise,surprise,False,0.91243124,
emotion-te-03733,hi-Deva,brighter-hin,emotion,transformer,12,surprise,joy|surprise,True,0.96594197,
emotion-te-03734,hi-Deva,brighter-hin,emotion,transformer,20,sadness,sadness,False,0.5947318,
emotion-te-03735,hi-Deva,brighter-hin,emotion,transformer,16,sadness,none,True,0.49447605,
emotion-te-03736,hi-Deva,brighter-hin,emotion,transformer,23,fear,fear,False,0.8487776,
emotion-te-03737,hi-Deva,brighter-hin,emotion,transformer,13,joy,joy,False,0.96724796,
emotion-te-03738,hi-Deva,brighter-hin,emotion,transformer,23,joy,joy,False,0.980166,
emotion-te-03739,hi-Deva,brighter-hin,emotion,transformer,15,joy|surprise,joy|surprise,False,0.91062677,
emotion-te-03740,hi-Deva,brighter-hin,emotion,transformer,13,fear,sadness,True,0.66137874,
emotion-te-03741,hi-Deva,brighter-hin,emotion,transformer,14,sadness,sadness,False,0.76617664,
emotion-te-03742,hi-Deva,brighter-hin,emotion,transformer,9,joy,joy,False,0.95852214,
emotion-te-03743,hi-Deva,brighter-hin,emotion,transformer,24,surprise,surprise,False,0.9329038,
emotion-te-03744,hi-Deva,brighter-hin,emotion,transformer,16,joy,joy,False,0.97939134,
emotion-te-03745,hi-Deva,brighter-hin,emotion,transformer,29,anger,anger|disgust,True,0.90800667,
emotion-te-03746,hi-Deva,brighter-hin,emotion,transformer,16,disgust,sadness,True,0.68363154,
emotion-te-03747,hi-Deva,brighter-hin,emotion,transformer,22,sadness,sadness,False,0.65309846,
emotion-te-03748,hi-Deva,brighter-hin,emotion,transformer,16,fear,fear,False,0.7486619,
emotion-te-03749,hi-Deva,brighter-hin,emotion,transformer,17,joy,joy,False,0.98357534,
emotion-te-03750,hi-Deva,brighter-hin,emotion,transformer,12,none,none,False,0.04722602,
emotion-te-03751,hi-Deva,brighter-hin,emotion,transformer,21,surprise,surprise,False,0.9363433,
emotion-te-03752,hi-Deva,brighter-hin,emotion,transformer,18,joy|surprise,none,True,0.27975905,
emotion-te-03753,hi-Deva,brighter-hin,emotion,transformer,15,surprise,surprise,False,0.8625463,
emotion-te-03754,hi-Deva,brighter-hin,emotion,transformer,21,sadness,sadness,False,0.6273568,
emotion-te-03755,hi-Deva,brighter-hin,emotion,transformer,24,anger,anger,False,0.8779778,
emotion-te-03756,hi-Deva,brighter-hin,emotion,transformer,15,anger,anger,False,0.89039737,
emotion-te-03757,hi-Deva,brighter-hin,emotion,transformer,19,joy,joy,False,0.9367988,
emotion-te-03758,hi-Deva,brighter-hin,emotion,transformer,18,surprise,sadness,True,0.66375965,
emotion-te-03759,hi-Deva,brighter-hin,emotion,transformer,12,surprise,surprise,False,0.8968255,
emotion-te-03760,hi-Deva,brighter-hin,emotion,transformer,16,none,none,False,0.08020432,
emotion-te-03761,hi-Deva,brighter-hin,emotion,transformer,26,surprise,surprise,False,0.88169587,
emotion-te-03762,hi-Deva,brighter-hin,emotion,transformer,17,surprise,fear|surprise,True,0.86649793,
emotion-te-03763,hi-Deva,brighter-hin,emotion,transformer,17,none,none,False,0.10415496,
emotion-te-03764,hi-Deva,brighter-hin,emotion,transformer,18,fear,fear,False,0.83271104,
emotion-te-03765,hi-Deva,brighter-hin,emotion,transformer,16,sadness,sadness,False,0.7612701,
emotion-te-03766,hi-Deva,brighter-hin,emotion,transformer,15,disgust|sadness,anger|disgust,True,0.89762306,
emotion-te-03767,hi-Deva,brighter-hin,emotion,transformer,14,fear,sadness,True,0.5377772,
emotion-te-03768,hi-Deva,brighter-hin,emotion,transformer,12,disgust,sadness,True,0.78834116,
emotion-te-03769,hi-Deva,brighter-hin,emotion,transformer,33,anger,anger,False,0.8510134,
risk-te-00001,en-Latn,dreaddit,risk,transformer,55,non_stress,non_stress,False,0.64179957,0.35820046067237854
risk-te-00002,en-Latn,dreaddit,risk,transformer,71,non_stress,non_stress,False,0.8592789,0.1407211422920227
risk-te-00003,en-Latn,dreaddit,risk,transformer,147,stress,non_stress,True,0.8506841,0.14931592345237732
risk-te-00004,en-Latn,dreaddit,risk,transformer,100,stress,stress,False,0.8281802,0.828180193901062
risk-te-00005,en-Latn,dreaddit,risk,transformer,77,non_stress,non_stress,False,0.66281754,0.33718252182006836
risk-te-00006,en-Latn,dreaddit,risk,transformer,58,non_stress,non_stress,False,0.83599776,0.16400228440761566
risk-te-00007,en-Latn,dreaddit,risk,transformer,105,non_stress,non_stress,False,0.8437252,0.15627484023571014
risk-te-00008,en-Latn,dreaddit,risk,transformer,130,stress,stress,False,0.8240286,0.8240286111831665
risk-te-00009,en-Latn,dreaddit,risk,transformer,78,stress,stress,False,0.88253814,0.8825381398200989
risk-te-00010,en-Latn,dreaddit,risk,transformer,105,non_stress,non_stress,False,0.8629534,0.13704656064510345
risk-te-00011,en-Latn,dreaddit,risk,transformer,35,stress,stress,False,0.86202693,0.8620269298553467
risk-te-00012,en-Latn,dreaddit,risk,transformer,147,stress,stress,False,0.7281717,0.728171706199646
risk-te-00013,en-Latn,dreaddit,risk,transformer,65,stress,stress,False,0.7678836,0.7678835988044739
risk-te-00014,en-Latn,dreaddit,risk,transformer,90,stress,stress,False,0.8756897,0.875689685344696
risk-te-00015,en-Latn,dreaddit,risk,transformer,63,stress,stress,False,0.606488,0.6064879894256592
risk-te-00016,en-Latn,dreaddit,risk,transformer,81,non_stress,non_stress,False,0.85294884,0.147051140666008
risk-te-00017,en-Latn,dreaddit,risk,transformer,85,stress,stress,False,0.66682583,0.6668258309364319
risk-te-00018,en-Latn,dreaddit,risk,transformer,77,stress,stress,False,0.7574874,0.757487416267395
risk-te-00019,en-Latn,dreaddit,risk,transformer,115,non_stress,non_stress,False,0.8471044,0.15289559960365295
risk-te-00020,en-Latn,dreaddit,risk,transformer,56,non_stress,non_stress,False,0.8228945,0.17710553109645844
risk-te-00021,en-Latn,dreaddit,risk,transformer,101,non_stress,non_stress,False,0.79300946,0.20699048042297363
risk-te-00022,en-Latn,dreaddit,risk,transformer,117,non_stress,non_stress,False,0.84917015,0.15082980692386627
risk-te-00023,en-Latn,dreaddit,risk,transformer,86,non_stress,non_stress,False,0.75672734,0.24327266216278076
risk-te-00024,en-Latn,dreaddit,risk,transformer,56,stress,stress,False,0.7948641,0.7948641180992126
risk-te-00025,en-Latn,dreaddit,risk,transformer,70,stress,stress,False,0.6169382,0.6169381737709045
risk-te-00026,en-Latn,dreaddit,risk,transformer,68,non_stress,non_stress,False,0.8632174,0.13678257167339325
risk-te-00027,en-Latn,dreaddit,risk,transformer,88,non_stress,non_stress,False,0.7894979,0.21050210297107697
risk-te-00028,en-Latn,dreaddit,risk,transformer,85,non_stress,non_stress,False,0.82101977,0.17898020148277283
risk-te-00029,en-Latn,dreaddit,risk,transformer,67,non_stress,non_stress,False,0.87488735,0.1251126527786255
risk-te-00030,en-Latn,dreaddit,risk,transformer,74,non_stress,non_stress,False,0.8519351,0.14806488156318665
risk-te-00031,en-Latn,dreaddit,risk,transformer,104,stress,stress,False,0.81524175,0.8152417540550232
risk-te-00032,en-Latn,dreaddit,risk,transformer,101,non_stress,non_stress,False,0.747794,0.252206027507782
risk-te-00033,en-Latn,dreaddit,risk,transformer,86,stress,stress,False,0.87355006,0.8735500574111938
risk-te-00034,en-Latn,dreaddit,risk,transformer,64,stress,stress,False,0.72320825,0.7232082486152649
risk-te-00035,en-Latn,dreaddit,risk,transformer,69,non_stress,non_stress,False,0.86431557,0.13568435609340668
risk-te-00036,en-Latn,dreaddit,risk,transformer,65,non_stress,stress,True,0.74933934,0.7493393421173096
risk-te-00037,en-Latn,dreaddit,risk,transformer,90,non_stress,non_stress,False,0.6157666,0.38423341512680054
risk-te-00038,en-Latn,dreaddit,risk,transformer,33,stress,stress,False,0.87364924,0.8736492395401001
risk-te-00039,en-Latn,dreaddit,risk,transformer,86,stress,stress,False,0.7167685,0.7167685031890869
risk-te-00040,en-Latn,dreaddit,risk,transformer,70,non_stress,non_stress,False,0.90216935,0.09783067554235458
risk-te-00041,en-Latn,dreaddit,risk,transformer,82,non_stress,stress,True,0.8556062,0.855606198310852
risk-te-00042,en-Latn,dreaddit,risk,transformer,74,stress,stress,False,0.87048465,0.8704846501350403
risk-te-00043,en-Latn,dreaddit,risk,transformer,50,stress,stress,False,0.87966853,0.8796685338020325
risk-te-00044,en-Latn,dreaddit,risk,transformer,86,stress,stress,False,0.8531928,0.8531928062438965
risk-te-00045,en-Latn,dreaddit,risk,transformer,155,stress,stress,False,0.8703217,0.8703216910362244
risk-te-00046,en-Latn,dreaddit,risk,transformer,147,non_stress,non_stress,False,0.54788685,0.45211315155029297
risk-te-00047,en-Latn,dreaddit,risk,transformer,123,stress,stress,False,0.8862897,0.8862897157669067
risk-te-00048,en-Latn,dreaddit,risk,transformer,86,non_stress,stress,True,0.87783206,0.8778320550918579
risk-te-00049,en-Latn,dreaddit,risk,transformer,58,non_stress,non_stress,False,0.5244574,0.4755425751209259
risk-te-00050,en-Latn,dreaddit,risk,transformer,52,stress,stress,False,0.82064766,0.820647656917572
risk-te-00051,en-Latn,dreaddit,risk,transformer,74,non_stress,stress,True,0.88534886,0.8853488564491272
risk-te-00052,en-Latn,dreaddit,risk,transformer,60,stress,stress,False,0.86723274,0.8672327399253845
risk-te-00053,en-Latn,dreaddit,risk,transformer,65,non_stress,stress,True,0.7130292,0.7130292057991028
risk-te-00054,en-Latn,dreaddit,risk,transformer,59,stress,non_stress,True,0.6892161,0.31078392267227173
risk-te-00055,en-Latn,dreaddit,risk,transformer,127,stress,stress,False,0.7750915,0.7750915288925171
risk-te-00056,en-Latn,dreaddit,risk,transformer,73,stress,stress,False,0.87402284,0.8740228414535522
risk-te-00057,en-Latn,dreaddit,risk,transformer,114,non_stress,stress,True,0.81266993,0.8126699328422546
risk-te-00058,en-Latn,dreaddit,risk,transformer,60,non_stress,non_stress,False,0.85889643,0.14110350608825684
risk-te-00059,en-Latn,dreaddit,risk,transformer,66,stress,stress,False,0.83103067,0.8310306668281555
risk-te-00060,en-Latn,dreaddit,risk,transformer,171,non_stress,non_stress,False,0.82348406,0.17651598155498505
risk-te-00061,en-Latn,dreaddit,risk,transformer,65,non_stress,stress,True,0.77920294,0.779202938079834
risk-te-00062,en-Latn,dreaddit,risk,transformer,65,non_stress,stress,True,0.7857489,0.7857488989830017
risk-te-00063,en-Latn,dreaddit,risk,transformer,31,stress,stress,False,0.8805342,0.8805341720581055
risk-te-00064,en-Latn,dreaddit,risk,transformer,61,non_stress,non_stress,False,0.6170753,0.3829247057437897
risk-te-00065,en-Latn,dreaddit,risk,transformer,78,stress,stress,False,0.87682486,0.8768248558044434
risk-te-00066,en-Latn,dreaddit,risk,transformer,125,non_stress,non_stress,False,0.82694256,0.173057422041893
risk-te-00067,en-Latn,dreaddit,risk,transformer,92,stress,non_stress,True,0.7661546,0.23384541273117065
risk-te-00068,en-Latn,dreaddit,risk,transformer,55,non_stress,non_stress,False,0.8782268,0.12177318334579468
risk-te-00069,en-Latn,dreaddit,risk,transformer,70,non_stress,non_stress,False,0.8807014,0.1192985475063324
risk-te-00070,en-Latn,dreaddit,risk,transformer,104,stress,stress,False,0.87073773,0.8707377314567566
risk-te-00071,en-Latn,dreaddit,risk,transformer,86,stress,stress,False,0.61604434,0.6160443425178528
risk-te-00072,en-Latn,dreaddit,risk,transformer,80,stress,stress,False,0.85954857,0.8595485687255859
risk-te-00073,en-Latn,dreaddit,risk,transformer,46,stress,stress,False,0.60597503,0.6059750318527222
risk-te-00074,en-Latn,dreaddit,risk,transformer,126,stress,stress,False,0.8626581,0.8626580834388733
risk-te-00075,en-Latn,dreaddit,risk,transformer,67,non_stress,non_stress,False,0.7616767,0.23832330107688904
risk-te-00076,en-Latn,dreaddit,risk,transformer,125,non_stress,non_stress,False,0.73389393,0.26610609889030457
risk-te-00077,en-Latn,dreaddit,risk,transformer,108,non_stress,non_stress,False,0.86183137,0.13816867768764496
risk-te-00078,en-Latn,dreaddit,risk,transformer,112,non_stress,non_stress,False,0.7405802,0.2594197988510132
risk-te-00079,en-Latn,dreaddit,risk,transformer,81,stress,stress,False,0.7304892,0.730489194393158
risk-te-00080,en-Latn,dreaddit,risk,transformer,70,non_stress,non_stress,False,0.6154009,0.38459908962249756
risk-te-00081,en-Latn,dreaddit,risk,transformer,70,stress,stress,False,0.78204376,0.7820437550544739
risk-te-00082,en-Latn,dreaddit,risk,transformer,51,non_stress,non_stress,False,0.77981305,0.22018690407276154
risk-te-00083,en-Latn,dreaddit,risk,transformer,130,stress,stress,False,0.87701845,0.8770184516906738
risk-te-00084,en-Latn,dreaddit,risk,transformer,83,non_stress,stress,True,0.87282425,0.8728242516517639
risk-te-00085,en-Latn,dreaddit,risk,transformer,209,stress,stress,False,0.681236,0.6812360286712646
risk-te-00086,en-Latn,dreaddit,risk,transformer,91,non_stress,non_stress,False,0.56488013,0.4351198971271515
risk-te-00087,en-Latn,dreaddit,risk,transformer,115,non_stress,non_stress,False,0.56456614,0.43543383479118347
risk-te-00088,en-Latn,dreaddit,risk,transformer,112,stress,stress,False,0.7478889,0.7478889226913452
risk-te-00089,en-Latn,dreaddit,risk,transformer,95,stress,stress,False,0.8834016,0.8834015727043152
risk-te-00090,en-Latn,dreaddit,risk,transformer,67,non_stress,non_stress,False,0.5969962,0.4030037820339203
risk-te-00091,en-Latn,dreaddit,risk,transformer,69,stress,non_stress,True,0.760434,0.23956602811813354
risk-te-00092,en-Latn,dreaddit,risk,transformer,80,non_stress,stress,True,0.67177963,0.6717796325683594
risk-te-00093,en-Latn,dreaddit,risk,transformer,122,stress,stress,False,0.725489,0.7254890203475952
risk-te-00094,en-Latn,dreaddit,risk,transformer,121,stress,stress,False,0.850923,0.8509230017662048
risk-te-00095,en-Latn,dreaddit,risk,transformer,85,stress,stress,False,0.8664878,0.8664878010749817
risk-te-00096,en-Latn,dreaddit,risk,transformer,89,non_stress,non_stress,False,0.86857575,0.13142423331737518
risk-te-00097,en-Latn,dreaddit,risk,transformer,102,non_stress,non_stress,False,0.6231036,0.37689638137817383
risk-te-00098,en-Latn,dreaddit,risk,transformer,94,stress,stress,False,0.8220597,0.822059690952301
risk-te-00099,en-Latn,dreaddit,risk,transformer,62,stress,stress,False,0.88253117,0.8825311660766602
risk-te-00100,en-Latn,dreaddit,risk,transformer,48,non_stress,non_stress,False,0.50085694,0.4991430938243866
risk-te-00101,en-Latn,dreaddit,risk,transformer,56,stress,stress,False,0.844538,0.8445379734039307
risk-te-00102,en-Latn,dreaddit,risk,transformer,93,non_stress,stress,True,0.8523064,0.8523064255714417
risk-te-00103,en-Latn,dreaddit,risk,transformer,74,stress,stress,False,0.86943185,0.8694318532943726
risk-te-00104,en-Latn,dreaddit,risk,transformer,51,non_stress,non_stress,False,0.71810824,0.281891793012619
risk-te-00105,en-Latn,dreaddit,risk,transformer,92,non_stress,non_stress,False,0.7702535,0.22974655032157898
risk-te-00106,en-Latn,dreaddit,risk,transformer,77,stress,non_stress,True,0.86352354,0.13647644221782684
risk-te-00107,en-Latn,dreaddit,risk,transformer,103,stress,stress,False,0.81211305,0.8121130466461182
risk-te-00108,en-Latn,dreaddit,risk,transformer,61,stress,non_stress,True,0.51257694,0.4874230623245239
risk-te-00109,en-Latn,dreaddit,risk,transformer,124,stress,stress,False,0.6350357,0.6350356936454773
risk-te-00110,en-Latn,dreaddit,risk,transformer,147,non_stress,non_stress,False,0.9029436,0.09705636650323868
risk-te-00111,en-Latn,dreaddit,risk,transformer,56,stress,stress,False,0.87427926,0.874279260635376
risk-te-00112,en-Latn,dreaddit,risk,transformer,69,non_stress,non_stress,False,0.83652383,0.16347621381282806
risk-te-00113,en-Latn,dreaddit,risk,transformer,163,non_stress,stress,True,0.8008661,0.8008661270141602
risk-te-00114,en-Latn,dreaddit,risk,transformer,93,stress,stress,False,0.8391372,0.8391371965408325
risk-te-00115,en-Latn,dreaddit,risk,transformer,71,stress,stress,False,0.86166316,0.8616631627082825
risk-te-00116,en-Latn,dreaddit,risk,transformer,67,non_stress,non_stress,False,0.55089056,0.4491094648838043
risk-te-00117,en-Latn,dreaddit,risk,transformer,61,non_stress,non_stress,False,0.7932438,0.20675621926784515
risk-te-00118,en-Latn,dreaddit,risk,transformer,63,non_stress,non_stress,False,0.8951565,0.10484354197978973
risk-te-00119,en-Latn,dreaddit,risk,transformer,98,stress,stress,False,0.81940186,0.8194018602371216
risk-te-00120,en-Latn,dreaddit,risk,transformer,107,stress,stress,False,0.7535518,0.7535517811775208
risk-te-00121,en-Latn,dreaddit,risk,transformer,51,non_stress,non_stress,False,0.7598339,0.2401660978794098
risk-te-00122,en-Latn,dreaddit,risk,transformer,69,stress,stress,False,0.8086441,0.8086441159248352
risk-te-00123,en-Latn,dreaddit,risk,transformer,44,stress,stress,False,0.84190786,0.8419078588485718
risk-te-00124,en-Latn,dreaddit,risk,transformer,74,non_stress,non_stress,False,0.8010174,0.19898267090320587
risk-te-00125,en-Latn,dreaddit,risk,transformer,204,non_stress,stress,True,0.68217146,0.6821714639663696
risk-te-00126,en-Latn,dreaddit,risk,transformer,118,non_stress,non_stress,False,0.84324396,0.15675599873065948
risk-te-00127,en-Latn,dreaddit,risk,transformer,139,stress,stress,False,0.8671864,0.867186427116394
risk-te-00128,en-Latn,dreaddit,risk,transformer,109,non_stress,stress,True,0.75814426,0.7581442594528198
risk-te-00129,en-Latn,dreaddit,risk,transformer,76,stress,stress,False,0.78061116,0.7806111574172974
risk-te-00130,en-Latn,dreaddit,risk,transformer,80,non_stress,non_stress,False,0.686101,0.3138989508152008
risk-te-00131,en-Latn,dreaddit,risk,transformer,31,stress,stress,False,0.87471527,0.874715268611908
risk-te-00132,en-Latn,dreaddit,risk,transformer,67,stress,stress,False,0.8204187,0.8204187154769897
risk-te-00133,en-Latn,dreaddit,risk,transformer,69,stress,stress,False,0.6573282,0.657328188419342
risk-te-00134,en-Latn,dreaddit,risk,transformer,84,stress,stress,False,0.59648573,0.5964857339859009
risk-te-00135,en-Latn,dreaddit,risk,transformer,119,stress,stress,False,0.87346995,0.8734699487686157
risk-te-00136,en-Latn,dreaddit,risk,transformer,68,stress,stress,False,0.88116294,0.8811629414558411
risk-te-00137,en-Latn,dreaddit,risk,transformer,70,stress,stress,False,0.86315954,0.8631595373153687
risk-te-00138,en-Latn,dreaddit,risk,transformer,77,stress,stress,False,0.8784406,0.8784406185150146
risk-te-00139,en-Latn,dreaddit,risk,transformer,57,non_stress,non_stress,False,0.8338458,0.16615423560142517
risk-te-00140,en-Latn,dreaddit,risk,transformer,102,stress,non_stress,True,0.61254406,0.3874559998512268
risk-te-00141,en-Latn,dreaddit,risk,transformer,60,non_stress,stress,True,0.59637886,0.5963788628578186
risk-te-00142,en-Latn,dreaddit,risk,transformer,97,stress,stress,False,0.7804614,0.7804613709449768
risk-te-00143,en-Latn,dreaddit,risk,transformer,82,stress,stress,False,0.8759855,0.8759855031967163
risk-te-00144,en-Latn,dreaddit,risk,transformer,93,stress,stress,False,0.8063049,0.8063048720359802
risk-te-00145,en-Latn,dreaddit,risk,transformer,53,non_stress,non_stress,False,0.8601116,0.13988839089870453
risk-te-00146,en-Latn,dreaddit,risk,transformer,63,non_stress,non_stress,False,0.90237784,0.09762214869260788
risk-te-00147,en-Latn,dreaddit,risk,transformer,123,non_stress,stress,True,0.72751987,0.7275198698043823
risk-te-00148,en-Latn,dreaddit,risk,transformer,83,stress,stress,False,0.87846947,0.8784694671630859
risk-te-00149,en-Latn,dreaddit,risk,transformer,183,non_stress,non_stress,False,0.7951539,0.20484605431556702
risk-te-00150,en-Latn,dreaddit,risk,transformer,122,stress,stress,False,0.8672437,0.8672437071800232
risk-te-00151,en-Latn,dreaddit,risk,transformer,96,non_stress,non_stress,False,0.52407587,0.47592416405677795
risk-te-00152,en-Latn,dreaddit,risk,transformer,53,stress,non_stress,True,0.71585596,0.28414401412010193
risk-te-00153,en-Latn,dreaddit,risk,transformer,74,stress,stress,False,0.78183955,0.7818395495414734
risk-te-00154,en-Latn,dreaddit,risk,transformer,53,non_stress,non_stress,False,0.887256,0.11274402588605881
risk-te-00155,en-Latn,dreaddit,risk,transformer,82,stress,stress,False,0.8791633,0.8791633248329163
risk-te-00156,en-Latn,dreaddit,risk,transformer,64,stress,stress,False,0.87867093,0.8786709308624268
risk-te-00157,en-Latn,dreaddit,risk,transformer,162,stress,stress,False,0.8089951,0.8089951276779175
risk-te-00158,en-Latn,dreaddit,risk,transformer,60,non_stress,non_stress,False,0.89257187,0.1074281707406044
risk-te-00159,en-Latn,dreaddit,risk,transformer,79,non_stress,non_stress,False,0.7191152,0.28088483214378357
risk-te-00160,en-Latn,dreaddit,risk,transformer,68,stress,stress,False,0.8477229,0.8477228879928589
risk-te-00161,en-Latn,dreaddit,risk,transformer,91,stress,stress,False,0.8037691,0.8037691116333008
risk-te-00162,en-Latn,dreaddit,risk,transformer,57,stress,stress,False,0.78714275,0.7871427536010742
risk-te-00163,en-Latn,dreaddit,risk,transformer,67,non_stress,non_stress,False,0.7845698,0.21543020009994507
risk-te-00164,en-Latn,dreaddit,risk,transformer,87,stress,stress,False,0.79785746,0.7978574633598328
risk-te-00165,en-Latn,dreaddit,risk,transformer,123,stress,stress,False,0.8699497,0.8699496984481812
risk-te-00166,en-Latn,dreaddit,risk,transformer,73,non_stress,non_stress,False,0.5450976,0.45490238070487976
risk-te-00167,en-Latn,dreaddit,risk,transformer,113,non_stress,stress,True,0.7542162,0.754216194152832
risk-te-00168,en-Latn,dreaddit,risk,transformer,93,non_stress,non_stress,False,0.680665,0.319335013628006
risk-te-00169,en-Latn,dreaddit,risk,transformer,86,stress,non_stress,True,0.6472441,0.3527558743953705
risk-te-00170,en-Latn,dreaddit,risk,transformer,77,non_stress,non_stress,False,0.87902486,0.12097513675689697
risk-te-00171,en-Latn,dreaddit,risk,transformer,86,non_stress,stress,True,0.6415728,0.6415727734565735
risk-te-00172,en-Latn,dreaddit,risk,transformer,84,non_stress,non_stress,False,0.8232754,0.1767245978116989
risk-te-00173,en-Latn,dreaddit,risk,transformer,119,non_stress,stress,True,0.8273591,0.8273590803146362
risk-te-00174,en-Latn,dreaddit,risk,transformer,72,stress,non_stress,True,0.8528927,0.1471072882413864
risk-te-00175,en-Latn,dreaddit,risk,transformer,131,stress,non_stress,True,0.50617456,0.4938254654407501
risk-te-00176,en-Latn,dreaddit,risk,transformer,105,stress,non_stress,True,0.8483017,0.15169832110404968
risk-te-00177,en-Latn,dreaddit,risk,transformer,76,non_stress,non_stress,False,0.8691752,0.13082483410835266
risk-te-00178,en-Latn,dreaddit,risk,transformer,88,stress,stress,False,0.84894836,0.8489483594894409
risk-te-00179,en-Latn,dreaddit,risk,transformer,127,non_stress,stress,True,0.72110856,0.7211085557937622
risk-te-00180,en-Latn,dreaddit,risk,transformer,176,stress,non_stress,True,0.58858013,0.4114198684692383
risk-te-00181,en-Latn,dreaddit,risk,transformer,134,stress,non_stress,True,0.69136,0.3086400032043457
risk-te-00182,en-Latn,dreaddit,risk,transformer,117,stress,non_stress,True,0.8663527,0.13364732265472412
risk-te-00183,en-Latn,dreaddit,risk,transformer,136,stress,stress,False,0.87638783,0.8763878345489502
risk-te-00184,en-Latn,dreaddit,risk,transformer,74,stress,stress,False,0.8381206,0.8381205797195435
risk-te-00185,en-Latn,dreaddit,risk,transformer,127,non_stress,non_stress,False,0.6523522,0.3476478159427643
risk-te-00186,en-Latn,dreaddit,risk,transformer,81,non_stress,non_stress,False,0.71304023,0.28695976734161377
risk-te-00187,en-Latn,dreaddit,risk,transformer,119,stress,stress,False,0.8748746,0.8748745918273926
risk-te-00188,en-Latn,dreaddit,risk,transformer,80,non_stress,non_stress,False,0.842803,0.1571970134973526
risk-te-00189,en-Latn,dreaddit,risk,transformer,47,stress,stress,False,0.8527852,0.8527852296829224
risk-te-00190,en-Latn,dreaddit,risk,transformer,66,non_stress,non_stress,False,0.6228072,0.37719273567199707
risk-te-00191,en-Latn,dreaddit,risk,transformer,111,stress,stress,False,0.8830226,0.8830226063728333
risk-te-00192,en-Latn,dreaddit,risk,transformer,150,stress,stress,False,0.5985518,0.5985518097877502
risk-te-00193,en-Latn,dreaddit,risk,transformer,106,stress,stress,False,0.8767515,0.8767514824867249
risk-te-00194,en-Latn,dreaddit,risk,transformer,174,stress,non_stress,True,0.8042697,0.19573035836219788
risk-te-00195,en-Latn,dreaddit,risk,transformer,133,non_stress,stress,True,0.51179606,0.5117960572242737
risk-te-00196,en-Latn,dreaddit,risk,transformer,82,stress,non_stress,True,0.7645203,0.2354796826839447
risk-te-00197,en-Latn,dreaddit,risk,transformer,89,stress,stress,False,0.85784006,0.8578400611877441
risk-te-00198,en-Latn,dreaddit,risk,transformer,70,non_stress,stress,True,0.82104135,0.8210413455963135
risk-te-00199,en-Latn,dreaddit,risk,transformer,77,non_stress,stress,True,0.5880249,0.588024914264679
risk-te-00200,en-Latn,dreaddit,risk,transformer,90,non_stress,stress,True,0.8029693,0.8029692769050598
risk-te-00201,en-Latn,dreaddit,risk,transformer,44,stress,stress,False,0.8694618,0.8694617748260498
risk-te-00202,en-Latn,dreaddit,risk,transformer,75,stress,stress,False,0.8358875,0.8358874917030334
risk-te-00203,en-Latn,dreaddit,risk,transformer,83,stress,stress,False,0.8263639,0.8263639211654663
risk-te-00204,en-Latn,dreaddit,risk,transformer,71,non_stress,non_stress,False,0.88794273,0.11205730587244034
risk-te-00205,en-Latn,dreaddit,risk,transformer,39,non_stress,non_stress,False,0.8264917,0.17350828647613525
risk-te-00206,en-Latn,dreaddit,risk,transformer,31,non_stress,stress,True,0.85685736,0.8568573594093323
risk-te-00207,en-Latn,dreaddit,risk,transformer,72,stress,stress,False,0.82205576,0.8220557570457458
risk-te-00208,en-Latn,dreaddit,risk,transformer,75,stress,non_stress,True,0.67870706,0.3212929368019104
risk-te-00209,en-Latn,dreaddit,risk,transformer,94,non_stress,non_stress,False,0.87596714,0.12403284013271332
risk-te-00210,en-Latn,dreaddit,risk,transformer,54,stress,stress,False,0.8367941,0.8367940783500671
risk-te-00211,en-Latn,dreaddit,risk,transformer,87,stress,stress,False,0.82580864,0.8258086442947388
risk-te-00212,en-Latn,dreaddit,risk,transformer,61,stress,stress,False,0.73015726,0.7301572561264038
risk-te-00213,en-Latn,dreaddit,risk,transformer,86,non_stress,non_stress,False,0.7030197,0.29698026180267334
risk-te-00214,en-Latn,dreaddit,risk,transformer,89,stress,stress,False,0.6187458,0.6187458038330078
risk-te-00215,en-Latn,dreaddit,risk,transformer,95,stress,stress,False,0.8570542,0.8570541739463806
risk-te-00216,en-Latn,dreaddit,risk,transformer,78,stress,stress,False,0.8744204,0.8744204044342041
risk-te-00217,en-Latn,dreaddit,risk,transformer,59,non_stress,stress,True,0.880828,0.8808280229568481
risk-te-00218,en-Latn,dreaddit,risk,transformer,110,non_stress,stress,True,0.7649477,0.7649477124214172
risk-te-00219,en-Latn,dreaddit,risk,transformer,67,stress,stress,False,0.8697296,0.8697295784950256
risk-te-00220,en-Latn,dreaddit,risk,transformer,58,non_stress,non_stress,False,0.6910521,0.30894795060157776
risk-te-00221,en-Latn,dreaddit,risk,transformer,75,stress,stress,False,0.8811691,0.8811690807342529
risk-te-00222,en-Latn,dreaddit,risk,transformer,93,stress,stress,False,0.88231444,0.8823144435882568
risk-te-00223,en-Latn,dreaddit,risk,transformer,66,stress,stress,False,0.72332966,0.7233296632766724
risk-te-00224,en-Latn,dreaddit,risk,transformer,69,stress,stress,False,0.88169163,0.8816916346549988
risk-te-00225,en-Latn,dreaddit,risk,transformer,61,non_stress,non_stress,False,0.6780603,0.32193970680236816
risk-te-00226,en-Latn,dreaddit,risk,transformer,48,stress,stress,False,0.71346825,0.7134682536125183
risk-te-00227,en-Latn,dreaddit,risk,transformer,68,non_stress,stress,True,0.8341733,0.834173321723938
risk-te-00228,en-Latn,dreaddit,risk,transformer,93,non_stress,non_stress,False,0.68299896,0.317001074552536
risk-te-00229,en-Latn,dreaddit,risk,transformer,75,stress,stress,False,0.6145685,0.6145684719085693
risk-te-00230,en-Latn,dreaddit,risk,transformer,80,stress,stress,False,0.81386095,0.8138609528541565
risk-te-00231,en-Latn,dreaddit,risk,transformer,67,non_stress,non_stress,False,0.89731264,0.10268734395503998
risk-te-00232,en-Latn,dreaddit,risk,transformer,91,stress,stress,False,0.8846171,0.8846170902252197
risk-te-00233,en-Latn,dreaddit,risk,transformer,55,non_stress,non_stress,False,0.825533,0.1744670271873474
risk-te-00234,en-Latn,dreaddit,risk,transformer,53,non_stress,non_stress,False,0.8607097,0.13929030299186707
risk-te-00235,en-Latn,dreaddit,risk,transformer,104,stress,stress,False,0.8787305,0.8787304759025574
risk-te-00236,en-Latn,dreaddit,risk,transformer,63,stress,stress,False,0.8000105,0.8000105023384094
risk-te-00237,en-Latn,dreaddit,risk,transformer,53,stress,non_stress,True,0.85610396,0.14389604330062866
risk-te-00238,en-Latn,dreaddit,risk,transformer,49,non_stress,non_stress,False,0.7810064,0.21899357438087463
risk-te-00239,en-Latn,dreaddit,risk,transformer,126,stress,stress,False,0.8453935,0.8453934788703918
risk-te-00240,en-Latn,dreaddit,risk,transformer,56,stress,non_stress,True,0.8263597,0.17364028096199036
risk-te-00241,en-Latn,dreaddit,risk,transformer,81,non_stress,non_stress,False,0.9003134,0.09968658536672592
risk-te-00242,en-Latn,dreaddit,risk,transformer,88,non_stress,stress,True,0.7525033,0.7525032758712769
risk-te-00243,en-Latn,dreaddit,risk,transformer,134,non_stress,non_stress,False,0.66071635,0.33928361535072327
risk-te-00244,en-Latn,dreaddit,risk,transformer,68,non_stress,non_stress,False,0.8681916,0.131808340549469
risk-te-00245,en-Latn,dreaddit,risk,transformer,87,non_stress,non_stress,False,0.902884,0.09711598604917526
risk-te-00246,en-Latn,dreaddit,risk,transformer,70,stress,stress,False,0.88007414,0.880074143409729
risk-te-00247,en-Latn,dreaddit,risk,transformer,108,non_stress,non_stress,False,0.50569093,0.49430906772613525
risk-te-00248,en-Latn,dreaddit,risk,transformer,52,non_stress,non_stress,False,0.8645965,0.135403573513031
risk-te-00249,en-Latn,dreaddit,risk,transformer,51,non_stress,non_stress,False,0.85160404,0.14839601516723633
risk-te-00250,en-Latn,dreaddit,risk,transformer,68,stress,stress,False,0.6089655,0.6089655160903931
risk-te-00251,en-Latn,dreaddit,risk,transformer,26,non_stress,non_stress,False,0.6929592,0.3070407807826996
risk-te-00252,en-Latn,dreaddit,risk,transformer,12,non_stress,non_stress,False,0.8258928,0.1741071492433548
risk-te-00253,en-Latn,dreaddit,risk,transformer,86,stress,stress,False,0.780032,0.7800319790840149
risk-te-00254,en-Latn,dreaddit,risk,transformer,68,stress,stress,False,0.7435084,0.7435083985328674
risk-te-00255,en-Latn,dreaddit,risk,transformer,139,non_stress,non_stress,False,0.7363102,0.263689786195755
risk-te-00256,en-Latn,dreaddit,risk,transformer,80,non_stress,non_stress,False,0.87514913,0.12485086917877197
risk-te-00257,en-Latn,dreaddit,risk,transformer,84,non_stress,stress,True,0.8223147,0.8223146796226501
risk-te-00258,en-Latn,dreaddit,risk,transformer,102,stress,non_stress,True,0.71609336,0.28390660881996155
risk-te-00259,en-Latn,dreaddit,risk,transformer,62,stress,non_stress,True,0.69061786,0.3093821108341217
risk-te-00260,en-Latn,dreaddit,risk,transformer,56,non_stress,non_stress,False,0.86745185,0.13254813849925995
risk-te-00261,en-Latn,dreaddit,risk,transformer,21,non_stress,non_stress,False,0.79096925,0.20903073251247406
risk-te-00262,en-Latn,dreaddit,risk,transformer,76,non_stress,non_stress,False,0.6775202,0.322479784488678
risk-te-00263,en-Latn,dreaddit,risk,transformer,96,stress,non_stress,True,0.8041626,0.1958373785018921
risk-te-00264,en-Latn,dreaddit,risk,transformer,110,stress,stress,False,0.88113725,0.8811372518539429
risk-te-00265,en-Latn,dreaddit,risk,transformer,54,non_stress,non_stress,False,0.730278,0.26972198486328125
risk-te-00266,en-Latn,dreaddit,risk,transformer,57,stress,stress,False,0.8572415,0.8572415113449097
risk-te-00267,en-Latn,dreaddit,risk,transformer,53,non_stress,stress,True,0.52412343,0.5241234302520752
risk-te-00268,en-Latn,dreaddit,risk,transformer,268,stress,non_stress,True,0.6543151,0.34568488597869873
risk-te-00269,en-Latn,dreaddit,risk,transformer,88,stress,stress,False,0.88013875,0.8801387548446655
risk-te-00270,en-Latn,dreaddit,risk,transformer,63,non_stress,stress,True,0.8802214,0.880221426486969
risk-te-00271,en-Latn,dreaddit,risk,transformer,106,stress,stress,False,0.8541079,0.8541079163551331
risk-te-00272,en-Latn,dreaddit,risk,transformer,24,stress,stress,False,0.85062504,0.8506250381469727
risk-te-00273,en-Latn,dreaddit,risk,transformer,63,stress,stress,False,0.8719182,0.8719182014465332
risk-te-00274,en-Latn,dreaddit,risk,transformer,97,stress,non_stress,True,0.78066367,0.21933633089065552
risk-te-00275,en-Latn,dreaddit,risk,transformer,35,non_stress,non_stress,False,0.83431244,0.16568748652935028
risk-te-00276,en-Latn,dreaddit,risk,transformer,84,non_stress,non_stress,False,0.8838094,0.11619057506322861
risk-te-00277,en-Latn,dreaddit,risk,transformer,64,non_stress,stress,True,0.8366482,0.8366482257843018
risk-te-00278,en-Latn,dreaddit,risk,transformer,88,non_stress,non_stress,False,0.61651886,0.3834811747074127
risk-te-00279,en-Latn,dreaddit,risk,transformer,29,non_stress,non_stress,False,0.9029781,0.09702184051275253
risk-te-00280,en-Latn,dreaddit,risk,transformer,69,non_stress,non_stress,False,0.90685534,0.09314464777708054
risk-te-00281,en-Latn,dreaddit,risk,transformer,97,stress,stress,False,0.6315028,0.6315028071403503
risk-te-00282,en-Latn,dreaddit,risk,transformer,77,stress,stress,False,0.84866726,0.8486672639846802
risk-te-00283,en-Latn,dreaddit,risk,transformer,42,stress,stress,False,0.82035565,0.8203556537628174
risk-te-00284,en-Latn,dreaddit,risk,transformer,76,non_stress,non_stress,False,0.5257276,0.47427234053611755
risk-te-00285,en-Latn,dreaddit,risk,transformer,40,stress,stress,False,0.86671156,0.8667115569114685
risk-te-00286,en-Latn,dreaddit,risk,transformer,18,stress,stress,False,0.8388372,0.838837206363678
risk-te-00287,en-Latn,dreaddit,risk,transformer,127,non_stress,non_stress,False,0.8475741,0.15242590010166168
risk-te-00288,en-Latn,dreaddit,risk,transformer,111,non_stress,non_stress,False,0.66575396,0.33424606919288635
risk-te-00289,en-Latn,dreaddit,risk,transformer,127,non_stress,non_stress,False,0.81348616,0.18651385605335236
risk-te-00290,en-Latn,dreaddit,risk,transformer,43,non_stress,non_stress,False,0.86376894,0.13623102009296417
risk-te-00291,en-Latn,dreaddit,risk,transformer,88,non_stress,non_stress,False,0.76358753,0.23641246557235718
risk-te-00292,en-Latn,dreaddit,risk,transformer,164,stress,non_stress,True,0.808622,0.19137801229953766
risk-te-00293,en-Latn,dreaddit,risk,transformer,98,non_stress,stress,True,0.7113393,0.7113392949104309
risk-te-00294,en-Latn,dreaddit,risk,transformer,94,non_stress,stress,True,0.63414395,0.6341439485549927
risk-te-00295,en-Latn,dreaddit,risk,transformer,106,stress,stress,False,0.7515222,0.7515221834182739
risk-te-00296,en-Latn,dreaddit,risk,transformer,52,stress,stress,False,0.8654938,0.8654937744140625
risk-te-00297,en-Latn,dreaddit,risk,transformer,113,non_stress,non_stress,False,0.81616944,0.1838306039571762
risk-te-00298,en-Latn,dreaddit,risk,transformer,85,stress,stress,False,0.86169034,0.8616903424263
risk-te-00299,en-Latn,dreaddit,risk,transformer,43,non_stress,non_stress,False,0.83183247,0.16816750168800354
risk-te-00300,en-Latn,dreaddit,risk,transformer,109,stress,stress,False,0.8493011,0.8493010997772217
risk-te-00301,en-Latn,dreaddit,risk,transformer,84,non_stress,non_stress,False,0.8382969,0.16170310974121094
risk-te-00302,en-Latn,dreaddit,risk,transformer,58,non_stress,non_stress,False,0.81927687,0.1807231456041336
risk-te-00303,en-Latn,dreaddit,risk,transformer,97,non_stress,non_stress,False,0.879554,0.12044604867696762
risk-te-00304,en-Latn,dreaddit,risk,transformer,68,non_stress,non_stress,False,0.76151437,0.23848555982112885
risk-te-00305,en-Latn,dreaddit,risk,transformer,109,non_stress,non_stress,False,0.823683,0.17631693184375763
risk-te-00306,en-Latn,dreaddit,risk,transformer,68,non_stress,non_stress,False,0.8445236,0.1554764211177826
risk-te-00307,en-Latn,dreaddit,risk,transformer,64,stress,stress,False,0.7779692,0.7779691815376282
risk-te-00308,en-Latn,dreaddit,risk,transformer,83,stress,stress,False,0.5874416,0.587441623210907
risk-te-00309,en-Latn,dreaddit,risk,transformer,92,stress,stress,False,0.85383934,0.8538393378257751
risk-te-00310,en-Latn,dreaddit,risk,transformer,98,stress,stress,False,0.58031034,0.5803103446960449
risk-te-00311,en-Latn,dreaddit,risk,transformer,85,stress,stress,False,0.7910087,0.791008710861206
risk-te-00312,en-Latn,dreaddit,risk,transformer,68,non_stress,non_stress,False,0.74259424,0.2574057877063751
risk-te-00313,en-Latn,dreaddit,risk,transformer,100,stress,stress,False,0.6329715,0.6329715251922607
risk-te-00314,en-Latn,dreaddit,risk,transformer,81,stress,stress,False,0.80252874,0.8025287389755249
risk-te-00315,en-Latn,dreaddit,risk,transformer,78,non_stress,stress,True,0.8718212,0.8718212246894836
risk-te-00316,en-Latn,dreaddit,risk,transformer,43,stress,stress,False,0.86807287,0.8680728673934937
risk-te-00317,en-Latn,dreaddit,risk,transformer,108,stress,stress,False,0.8730894,0.8730893731117249
risk-te-00318,en-Latn,dreaddit,risk,transformer,60,non_stress,stress,True,0.76589227,0.7658922672271729
risk-te-00319,en-Latn,dreaddit,risk,transformer,72,non_stress,non_stress,False,0.52995926,0.4700407385826111
risk-te-00320,en-Latn,dreaddit,risk,transformer,75,stress,stress,False,0.6096323,0.6096323132514954
risk-te-00321,en-Latn,dreaddit,risk,transformer,118,stress,stress,False,0.67989457,0.6798945665359497
risk-te-00322,en-Latn,dreaddit,risk,transformer,143,stress,stress,False,0.8109875,0.8109874725341797
risk-te-00323,en-Latn,dreaddit,risk,transformer,85,stress,non_stress,True,0.7903021,0.209697887301445
risk-te-00324,en-Latn,dreaddit,risk,transformer,164,stress,non_stress,True,0.5316868,0.46831321716308594
risk-te-00325,en-Latn,dreaddit,risk,transformer,94,stress,non_stress,True,0.7734962,0.22650380432605743
risk-te-00326,en-Latn,dreaddit,risk,transformer,59,stress,stress,False,0.8838402,0.8838402032852173
risk-te-00327,en-Latn,dreaddit,risk,transformer,100,stress,stress,False,0.8835256,0.8835256099700928
risk-te-00328,en-Latn,dreaddit,risk,transformer,106,stress,stress,False,0.8787552,0.8787552118301392
risk-te-00329,en-Latn,dreaddit,risk,transformer,47,non_stress,non_stress,False,0.83947134,0.16052863001823425
risk-te-00330,en-Latn,dreaddit,risk,transformer,34,non_stress,non_stress,False,0.8186019,0.18139812350273132
risk-te-00331,en-Latn,dreaddit,risk,transformer,106,non_stress,stress,True,0.781524,0.7815240025520325
risk-te-00332,en-Latn,dreaddit,risk,transformer,71,stress,stress,False,0.86290413,0.8629041314125061
risk-te-00333,en-Latn,dreaddit,risk,transformer,95,stress,non_stress,True,0.83371073,0.1662892997264862
risk-te-00334,en-Latn,dreaddit,risk,transformer,65,non_stress,non_stress,False,0.8816796,0.11832042038440704
risk-te-00335,en-Latn,dreaddit,risk,transformer,47,stress,stress,False,0.8778138,0.8778138160705566
risk-te-00336,en-Latn,dreaddit,risk,transformer,93,stress,stress,False,0.7822105,0.7822105288505554
risk-te-00337,en-Latn,dreaddit,risk,transformer,95,non_stress,stress,True,0.7793757,0.7793756723403931
risk-te-00338,en-Latn,dreaddit,risk,transformer,91,stress,stress,False,0.8588493,0.858849287033081
risk-te-00339,en-Latn,dreaddit,risk,transformer,96,non_stress,non_stress,False,0.89589024,0.10410979390144348
risk-te-00340,en-Latn,dreaddit,risk,transformer,42,stress,stress,False,0.796677,0.7966769933700562
risk-te-00341,en-Latn,dreaddit,risk,transformer,134,stress,stress,False,0.745562,0.7455620169639587
risk-te-00342,en-Latn,dreaddit,risk,transformer,65,non_stress,non_stress,False,0.6782021,0.3217978775501251
risk-te-00343,en-Latn,dreaddit,risk,transformer,48,non_stress,non_stress,False,0.77301896,0.2269810140132904
risk-te-00344,en-Latn,dreaddit,risk,transformer,58,non_stress,non_stress,False,0.7424041,0.257595956325531
risk-te-00345,en-Latn,dreaddit,risk,transformer,85,stress,stress,False,0.64701724,0.647017240524292
risk-te-00346,en-Latn,dreaddit,risk,transformer,103,non_stress,non_stress,False,0.86099625,0.13900379836559296
risk-te-00347,en-Latn,dreaddit,risk,transformer,66,non_stress,stress,True,0.710324,0.7103239893913269
risk-te-00348,en-Latn,dreaddit,risk,transformer,121,non_stress,non_stress,False,0.7183079,0.2816920876502991
risk-te-00349,en-Latn,dreaddit,risk,transformer,96,stress,stress,False,0.8647222,0.8647221922874451
risk-te-00350,en-Latn,dreaddit,risk,transformer,48,non_stress,stress,True,0.67670834,0.6767083406448364
risk-te-00351,en-Latn,dreaddit,risk,transformer,78,non_stress,stress,True,0.67505443,0.6750544309616089
risk-te-00352,en-Latn,dreaddit,risk,transformer,76,non_stress,non_stress,False,0.8976798,0.10232013463973999
risk-te-00353,en-Latn,dreaddit,risk,transformer,58,non_stress,non_stress,False,0.8743466,0.1256534308195114
risk-te-00354,en-Latn,dreaddit,risk,transformer,66,stress,stress,False,0.7875298,0.7875298261642456
risk-te-00355,en-Latn,dreaddit,risk,transformer,57,non_stress,non_stress,False,0.887732,0.11226797848939896
risk-te-00356,en-Latn,dreaddit,risk,transformer,86,non_stress,non_stress,False,0.84045154,0.15954847633838654
risk-te-00357,en-Latn,dreaddit,risk,transformer,62,non_stress,stress,True,0.85868955,0.858689546585083
risk-te-00358,en-Latn,dreaddit,risk,transformer,75,non_stress,non_stress,False,0.88339436,0.11660560965538025
risk-te-00359,en-Latn,dreaddit,risk,transformer,86,stress,stress,False,0.85244834,0.8524483442306519
risk-te-00360,en-Latn,dreaddit,risk,transformer,91,stress,non_stress,True,0.58924097,0.41075897216796875
risk-te-00361,en-Latn,dreaddit,risk,transformer,166,stress,stress,False,0.87952274,0.8795227408409119
risk-te-00362,en-Latn,dreaddit,risk,transformer,90,non_stress,non_stress,False,0.8789355,0.12106448411941528
risk-te-00363,en-Latn,dreaddit,risk,transformer,73,non_stress,non_stress,False,0.6391714,0.36082857847213745
risk-te-00364,en-Latn,dreaddit,risk,transformer,77,stress,stress,False,0.84048873,0.8404887318611145
risk-te-00365,en-Latn,dreaddit,risk,transformer,58,stress,non_stress,True,0.80512387,0.19487611949443817
risk-te-00366,en-Latn,dreaddit,risk,transformer,50,stress,stress,False,0.7266279,0.7266278862953186
risk-te-00367,en-Latn,dreaddit,risk,transformer,44,stress,stress,False,0.87373406,0.8737340569496155
risk-te-00368,en-Latn,dreaddit,risk,transformer,65,stress,stress,False,0.87242466,0.8724246621131897
risk-te-00369,en-Latn,dreaddit,risk,transformer,46,non_stress,non_stress,False,0.8657841,0.13421590626239777
risk-te-00370,en-Latn,dreaddit,risk,transformer,115,non_stress,stress,True,0.8376557,0.8376557230949402
risk-te-00371,en-Latn,dreaddit,risk,transformer,115,stress,stress,False,0.8709381,0.8709381222724915
risk-te-00372,en-Latn,dreaddit,risk,transformer,93,stress,stress,False,0.85682815,0.8568281531333923
risk-te-00373,en-Latn,dreaddit,risk,transformer,168,stress,stress,False,0.80099046,0.8009904623031616
risk-te-00374,en-Latn,dreaddit,risk,transformer,125,stress,stress,False,0.7576146,0.7576146125793457
risk-te-00375,en-Latn,dreaddit,risk,transformer,80,stress,stress,False,0.85270464,0.852704644203186
risk-te-00376,en-Latn,dreaddit,risk,transformer,83,stress,stress,False,0.86767864,0.8676786422729492
risk-te-00377,en-Latn,dreaddit,risk,transformer,65,non_stress,stress,True,0.6837653,0.6837652921676636
risk-te-00378,en-Latn,dreaddit,risk,transformer,120,non_stress,non_stress,False,0.81868666,0.1813133955001831
risk-te-00379,en-Latn,dreaddit,risk,transformer,96,stress,stress,False,0.8793353,0.8793352842330933
risk-te-00380,en-Latn,dreaddit,risk,transformer,79,stress,stress,False,0.5389077,0.5389077067375183
risk-te-00381,en-Latn,dreaddit,risk,transformer,105,non_stress,non_stress,False,0.8300746,0.16992542147636414
risk-te-00382,en-Latn,dreaddit,risk,transformer,103,non_stress,non_stress,False,0.82045937,0.17954067885875702
risk-te-00383,en-Latn,dreaddit,risk,transformer,90,stress,stress,False,0.8448038,0.8448038101196289
risk-te-00384,en-Latn,dreaddit,risk,transformer,50,stress,stress,False,0.85226965,0.8522696495056152
risk-te-00385,en-Latn,dreaddit,risk,transformer,74,non_stress,non_stress,False,0.8689329,0.13106703758239746
risk-te-00386,en-Latn,dreaddit,risk,transformer,85,stress,stress,False,0.7569635,0.7569634914398193
risk-te-00387,en-Latn,dreaddit,risk,transformer,74,non_stress,non_stress,False,0.82965726,0.17034272849559784
risk-te-00388,en-Latn,dreaddit,risk,transformer,73,non_stress,non_stress,False,0.87479895,0.12520107626914978
risk-te-00389,en-Latn,dreaddit,risk,transformer,105,non_stress,non_stress,False,0.88103896,0.11896099150180817
risk-te-00390,en-Latn,dreaddit,risk,transformer,50,stress,non_stress,True,0.8670748,0.13292521238327026
risk-te-00391,en-Latn,dreaddit,risk,transformer,113,stress,stress,False,0.83433867,0.8343386650085449
risk-te-00392,en-Latn,dreaddit,risk,transformer,43,non_stress,non_stress,False,0.6761754,0.32382461428642273
risk-te-00393,en-Latn,dreaddit,risk,transformer,79,non_stress,non_stress,False,0.6483926,0.3516073524951935
risk-te-00394,en-Latn,dreaddit,risk,transformer,42,non_stress,stress,True,0.8677393,0.8677393198013306
risk-te-00395,en-Latn,dreaddit,risk,transformer,35,stress,stress,False,0.76849544,0.7684954404830933
risk-te-00396,en-Latn,dreaddit,risk,transformer,145,stress,stress,False,0.85907614,0.8590761423110962
risk-te-00397,en-Latn,dreaddit,risk,transformer,79,non_stress,non_stress,False,0.9029927,0.09700730443000793
risk-te-00398,en-Latn,dreaddit,risk,transformer,81,stress,stress,False,0.7109049,0.7109048962593079
risk-te-00399,en-Latn,dreaddit,risk,transformer,51,stress,stress,False,0.84011894,0.840118944644928
risk-te-00400,en-Latn,dreaddit,risk,transformer,88,stress,stress,False,0.85708666,0.8570866584777832
risk-te-00401,en-Latn,dreaddit,risk,transformer,69,non_stress,non_stress,False,0.88467056,0.11532942950725555
risk-te-00402,en-Latn,dreaddit,risk,transformer,96,non_stress,stress,True,0.6976999,0.6976999044418335
risk-te-00403,en-Latn,dreaddit,risk,transformer,69,stress,stress,False,0.8807143,0.8807142972946167
risk-te-00404,en-Latn,dreaddit,risk,transformer,67,non_stress,non_stress,False,0.8174424,0.18255753815174103
risk-te-00405,en-Latn,dreaddit,risk,transformer,53,non_stress,stress,True,0.6952901,0.6952900886535645
risk-te-00406,en-Latn,dreaddit,risk,transformer,57,non_stress,non_stress,False,0.8870778,0.11292219907045364
risk-te-00407,en-Latn,dreaddit,risk,transformer,95,non_stress,non_stress,False,0.77715904,0.22284092009067535
risk-te-00408,en-Latn,dreaddit,risk,transformer,91,non_stress,non_stress,False,0.8036222,0.19637776911258698
risk-te-00409,en-Latn,dreaddit,risk,transformer,90,non_stress,non_stress,False,0.883054,0.11694592982530594
risk-te-00410,en-Latn,dreaddit,risk,transformer,69,non_stress,non_stress,False,0.842843,0.1571570187807083
risk-te-00411,en-Latn,dreaddit,risk,transformer,127,stress,stress,False,0.87639695,0.8763969540596008
risk-te-00412,en-Latn,dreaddit,risk,transformer,137,stress,stress,False,0.58607715,0.5860771536827087
risk-te-00413,en-Latn,dreaddit,risk,transformer,155,non_stress,stress,True,0.86453426,0.8645342588424683
risk-te-00414,en-Latn,dreaddit,risk,transformer,87,non_stress,non_stress,False,0.9045917,0.09540834277868271
risk-te-00415,en-Latn,dreaddit,risk,transformer,70,stress,stress,False,0.8803408,0.8803408145904541
risk-te-00416,en-Latn,dreaddit,risk,transformer,89,stress,stress,False,0.5916776,0.5916776061058044
risk-te-00417,en-Latn,dreaddit,risk,transformer,71,non_stress,non_stress,False,0.57899624,0.4210037589073181
risk-te-00418,en-Latn,dreaddit,risk,transformer,119,stress,stress,False,0.7388359,0.738835871219635
risk-te-00419,en-Latn,dreaddit,risk,transformer,108,stress,non_stress,True,0.646145,0.3538549840450287
risk-te-00420,en-Latn,dreaddit,risk,transformer,60,non_stress,non_stress,False,0.8018005,0.19819951057434082
risk-te-00421,en-Latn,dreaddit,risk,transformer,75,stress,non_stress,True,0.8299305,0.17006954550743103
risk-te-00422,en-Latn,dreaddit,risk,transformer,81,stress,non_stress,True,0.50243545,0.49756452441215515
risk-te-00423,en-Latn,dreaddit,risk,transformer,67,stress,non_stress,True,0.80737805,0.1926218867301941
risk-te-00424,en-Latn,dreaddit,risk,transformer,80,stress,stress,False,0.58431953,0.584319531917572
risk-te-00425,en-Latn,dreaddit,risk,transformer,114,non_stress,stress,True,0.7742281,0.7742280960083008
risk-te-00426,en-Latn,dreaddit,risk,transformer,86,non_stress,stress,True,0.77857786,0.7785778641700745
risk-te-00427,en-Latn,dreaddit,risk,transformer,30,non_stress,stress,True,0.6864611,0.6864610910415649
risk-te-00428,en-Latn,dreaddit,risk,transformer,75,stress,stress,False,0.81330764,0.8133076429367065
risk-te-00429,en-Latn,dreaddit,risk,transformer,105,non_stress,stress,True,0.8228194,0.8228194117546082
risk-te-00430,en-Latn,dreaddit,risk,transformer,167,non_stress,non_stress,False,0.6732812,0.326718807220459
risk-te-00431,en-Latn,dreaddit,risk,transformer,49,non_stress,non_stress,False,0.8566891,0.14331085979938507
risk-te-00432,en-Latn,dreaddit,risk,transformer,103,non_stress,non_stress,False,0.7211827,0.2788172662258148
risk-te-00433,en-Latn,dreaddit,risk,transformer,50,stress,stress,False,0.861589,0.8615890145301819
risk-te-00434,en-Latn,dreaddit,risk,transformer,74,non_stress,non_stress,False,0.8538545,0.1461455076932907
risk-te-00435,en-Latn,dreaddit,risk,transformer,95,stress,stress,False,0.6576401,0.6576400995254517
risk-te-00436,en-Latn,dreaddit,risk,transformer,84,stress,stress,False,0.7901172,0.7901172041893005
risk-te-00437,en-Latn,dreaddit,risk,transformer,99,stress,stress,False,0.76058686,0.7605868577957153
risk-te-00438,en-Latn,dreaddit,risk,transformer,45,stress,stress,False,0.8576209,0.857620894908905
risk-te-00439,en-Latn,dreaddit,risk,transformer,81,stress,non_stress,True,0.5055856,0.4944143295288086
risk-te-00440,en-Latn,dreaddit,risk,transformer,43,non_stress,stress,True,0.65779144,0.6577914357185364
risk-te-00441,en-Latn,dreaddit,risk,transformer,54,non_stress,non_stress,False,0.60981715,0.39018282294273376
risk-te-00442,en-Latn,dreaddit,risk,transformer,72,stress,stress,False,0.7947924,0.7947924137115479
risk-te-00443,en-Latn,dreaddit,risk,transformer,57,non_stress,non_stress,False,0.82558286,0.1744171380996704
risk-te-00444,en-Latn,dreaddit,risk,transformer,59,stress,stress,False,0.8484428,0.848442792892456
risk-te-00445,en-Latn,dreaddit,risk,transformer,57,stress,stress,False,0.83214283,0.8321428298950195
risk-te-00446,en-Latn,dreaddit,risk,transformer,94,non_stress,non_stress,False,0.8583177,0.14168229699134827
risk-te-00447,en-Latn,dreaddit,risk,transformer,55,non_stress,non_stress,False,0.82900995,0.17099010944366455
risk-te-00448,en-Latn,dreaddit,risk,transformer,135,non_stress,non_stress,False,0.8379158,0.1620842069387436
risk-te-00449,en-Latn,dreaddit,risk,transformer,96,non_stress,non_stress,False,0.7694962,0.2305038422346115
risk-te-00450,en-Latn,dreaddit,risk,transformer,86,stress,stress,False,0.8277299,0.8277298808097839
risk-te-00451,en-Latn,dreaddit,risk,transformer,62,stress,non_stress,True,0.74070275,0.25929728150367737
risk-te-00452,en-Latn,dreaddit,risk,transformer,88,stress,stress,False,0.6810521,0.6810520887374878
risk-te-00453,en-Latn,dreaddit,risk,transformer,65,non_stress,non_stress,False,0.7453219,0.25467807054519653
risk-te-00454,en-Latn,dreaddit,risk,transformer,111,non_stress,non_stress,False,0.83237314,0.16762690246105194
risk-te-00455,en-Latn,dreaddit,risk,transformer,84,stress,stress,False,0.7804473,0.7804473042488098
risk-te-00456,en-Latn,dreaddit,risk,transformer,60,stress,stress,False,0.511844,0.5118439793586731
risk-te-00457,en-Latn,dreaddit,risk,transformer,97,non_stress,non_stress,False,0.7566742,0.24332576990127563
risk-te-00458,en-Latn,dreaddit,risk,transformer,70,non_stress,non_stress,False,0.8791228,0.12087719887495041
risk-te-00459,en-Latn,dreaddit,risk,transformer,111,non_stress,non_stress,False,0.80967796,0.19032198190689087
risk-te-00460,en-Latn,dreaddit,risk,transformer,125,non_stress,non_stress,False,0.8908458,0.10915429145097733
risk-te-00461,en-Latn,dreaddit,risk,transformer,53,non_stress,non_stress,False,0.8840707,0.11592935770750046
risk-te-00462,en-Latn,dreaddit,risk,transformer,135,stress,stress,False,0.78544134,0.7854413390159607
risk-te-00463,en-Latn,dreaddit,risk,transformer,78,non_stress,non_stress,False,0.8980467,0.10195333510637283
risk-te-00464,en-Latn,dreaddit,risk,transformer,82,stress,stress,False,0.50592345,0.5059234499931335
risk-te-00465,en-Latn,dreaddit,risk,transformer,96,non_stress,stress,True,0.7354837,0.735483705997467
risk-te-00466,en-Latn,dreaddit,risk,transformer,73,stress,stress,False,0.863456,0.8634560108184814
risk-te-00467,en-Latn,dreaddit,risk,transformer,75,stress,stress,False,0.7578704,0.7578703761100769
risk-te-00468,en-Latn,dreaddit,risk,transformer,71,stress,stress,False,0.79433846,0.7943384647369385
risk-te-00469,en-Latn,dreaddit,risk,transformer,106,stress,stress,False,0.6357692,0.6357691884040833
risk-te-00470,en-Latn,dreaddit,risk,transformer,150,stress,stress,False,0.84205514,0.8420551419258118
risk-te-00471,en-Latn,dreaddit,risk,transformer,66,non_stress,stress,True,0.836907,0.8369070291519165
risk-te-00472,en-Latn,dreaddit,risk,transformer,116,non_stress,stress,True,0.7023094,0.7023094296455383
risk-te-00473,en-Latn,dreaddit,risk,transformer,110,non_stress,stress,True,0.6167825,0.6167824864387512
risk-te-00474,en-Latn,dreaddit,risk,transformer,55,non_stress,non_stress,False,0.8828009,0.11719908565282822
risk-te-00475,en-Latn,dreaddit,risk,transformer,41,non_stress,stress,True,0.55324906,0.5532490611076355
risk-te-00476,en-Latn,dreaddit,risk,transformer,113,stress,stress,False,0.80022115,0.8002211451530457
risk-te-00477,en-Latn,dreaddit,risk,transformer,80,non_stress,non_stress,False,0.8105073,0.18949264287948608
risk-te-00478,en-Latn,dreaddit,risk,transformer,102,stress,stress,False,0.6777234,0.6777234077453613
risk-te-00479,en-Latn,dreaddit,risk,transformer,127,stress,stress,False,0.8771753,0.8771752715110779
risk-te-00480,en-Latn,dreaddit,risk,transformer,90,stress,stress,False,0.8846296,0.8846296072006226
risk-te-00481,en-Latn,dreaddit,risk,transformer,144,non_stress,stress,True,0.7082801,0.708280086517334
risk-te-00482,en-Latn,dreaddit,risk,transformer,69,non_stress,non_stress,False,0.8607584,0.13924163579940796
risk-te-00483,en-Latn,dreaddit,risk,transformer,83,stress,stress,False,0.82475775,0.8247577548027039
risk-te-00484,en-Latn,dreaddit,risk,transformer,65,stress,stress,False,0.86686194,0.8668619394302368
risk-te-00485,en-Latn,dreaddit,risk,transformer,31,non_stress,stress,True,0.5057735,0.5057734847068787
risk-te-00486,en-Latn,dreaddit,risk,transformer,151,stress,stress,False,0.8608419,0.8608418703079224
risk-te-00487,en-Latn,dreaddit,risk,transformer,101,stress,stress,False,0.6265918,0.6265918016433716
risk-te-00488,en-Latn,dreaddit,risk,transformer,88,non_stress,non_stress,False,0.72694284,0.27305713295936584
risk-te-00489,en-Latn,dreaddit,risk,transformer,80,stress,stress,False,0.77260286,0.7726028561592102
risk-te-00490,en-Latn,dreaddit,risk,transformer,107,non_stress,stress,True,0.80361766,0.8036176562309265
risk-te-00491,en-Latn,dreaddit,risk,transformer,112,non_stress,non_stress,False,0.7799688,0.22003117203712463
risk-te-00492,en-Latn,dreaddit,risk,transformer,138,stress,stress,False,0.8207482,0.8207482099533081
risk-te-00493,en-Latn,dreaddit,risk,transformer,75,non_stress,non_stress,False,0.6727124,0.32728755474090576
risk-te-00494,en-Latn,dreaddit,risk,transformer,54,stress,non_stress,True,0.66991353,0.33008649945259094
risk-te-00495,en-Latn,dreaddit,risk,transformer,94,non_stress,stress,True,0.6608876,0.660887598991394
risk-te-00496,en-Latn,dreaddit,risk,transformer,45,stress,stress,False,0.7583654,0.7583653926849365
risk-te-00497,en-Latn,dreaddit,risk,transformer,74,stress,stress,False,0.8667569,0.8667569160461426
risk-te-00498,en-Latn,dreaddit,risk,transformer,87,stress,stress,False,0.8618108,0.8618108034133911
risk-te-00499,en-Latn,dreaddit,risk,transformer,82,stress,stress,False,0.8475576,0.8475576043128967
risk-te-00500,en-Latn,dreaddit,risk,transformer,94,stress,stress,False,0.80655986,0.8065598607063293
risk-te-00501,en-Latn,dreaddit,risk,transformer,69,non_stress,non_stress,False,0.8585569,0.14144301414489746
risk-te-00502,en-Latn,dreaddit,risk,transformer,156,non_stress,non_stress,False,0.8513315,0.1486685872077942
risk-te-00503,en-Latn,dreaddit,risk,transformer,96,non_stress,non_stress,False,0.86009634,0.1399036943912506
risk-te-00504,en-Latn,dreaddit,risk,transformer,195,stress,stress,False,0.8811207,0.8811206817626953
risk-te-00505,en-Latn,dreaddit,risk,transformer,102,non_stress,non_stress,False,0.8420329,0.15796715021133423
risk-te-00506,en-Latn,dreaddit,risk,transformer,84,non_stress,non_stress,False,0.735343,0.26465705037117004
risk-te-00507,en-Latn,dreaddit,risk,transformer,149,stress,stress,False,0.8626479,0.8626478910446167
risk-te-00508,en-Latn,dreaddit,risk,transformer,40,stress,non_stress,True,0.830879,0.16912104189395905
risk-te-00509,en-Latn,dreaddit,risk,transformer,74,non_stress,non_stress,False,0.5079384,0.4920615553855896
risk-te-00510,en-Latn,dreaddit,risk,transformer,52,stress,non_stress,True,0.54769003,0.4523099958896637
risk-te-00511,en-Latn,dreaddit,risk,transformer,169,stress,non_stress,True,0.7694789,0.23052112758159637
risk-te-00512,en-Latn,dreaddit,risk,transformer,96,stress,stress,False,0.81342053,0.8134205341339111
risk-te-00513,en-Latn,dreaddit,risk,transformer,79,stress,stress,False,0.8505797,0.8505796790122986
risk-te-00514,en-Latn,dreaddit,risk,transformer,91,non_stress,non_stress,False,0.8360457,0.16395437717437744
risk-te-00515,en-Latn,dreaddit,risk,transformer,67,stress,non_stress,True,0.62933874,0.37066128849983215
risk-te-00516,en-Latn,dreaddit,risk,transformer,111,non_stress,stress,True,0.87055266,0.870552659034729
risk-te-00517,en-Latn,dreaddit,risk,transformer,108,stress,non_stress,True,0.50957185,0.49042820930480957
risk-te-00518,en-Latn,dreaddit,risk,transformer,71,stress,stress,False,0.8756768,0.8756768107414246
risk-te-00519,en-Latn,dreaddit,risk,transformer,121,stress,stress,False,0.88557863,0.8855786323547363
risk-te-00520,en-Latn,dreaddit,risk,transformer,83,stress,non_stress,True,0.82066077,0.1793392449617386
risk-te-00521,en-Latn,dreaddit,risk,transformer,128,stress,stress,False,0.86906236,0.8690623641014099
risk-te-00522,en-Latn,dreaddit,risk,transformer,91,stress,stress,False,0.6670128,0.6670128107070923
risk-te-00523,en-Latn,dreaddit,risk,transformer,93,stress,stress,False,0.82221496,0.8222149610519409
risk-te-00524,en-Latn,dreaddit,risk,transformer,63,non_stress,non_stress,False,0.8191172,0.1808827966451645
risk-te-00525,en-Latn,dreaddit,risk,transformer,89,stress,stress,False,0.8644959,0.8644958734512329
risk-te-00526,en-Latn,dreaddit,risk,transformer,101,non_stress,non_stress,False,0.7697889,0.2302110493183136
risk-te-00527,en-Latn,dreaddit,risk,transformer,54,non_stress,stress,True,0.7580156,0.7580155730247498
risk-te-00528,en-Latn,dreaddit,risk,transformer,91,stress,stress,False,0.7782876,0.7782875895500183
risk-te-00529,en-Latn,dreaddit,risk,transformer,46,non_stress,stress,True,0.6182258,0.6182258129119873
risk-te-00530,en-Latn,dreaddit,risk,transformer,90,stress,stress,False,0.8781583,0.8781582713127136
risk-te-00531,en-Latn,dreaddit,risk,transformer,104,non_stress,non_stress,False,0.8894655,0.11053451895713806
risk-te-00532,en-Latn,dreaddit,risk,transformer,156,stress,non_stress,True,0.8443509,0.15564917027950287
risk-te-00533,en-Latn,dreaddit,risk,transformer,91,stress,stress,False,0.80738616,0.8073861598968506
risk-te-00534,en-Latn,dreaddit,risk,transformer,71,stress,stress,False,0.8380088,0.8380088210105896
risk-te-00535,en-Latn,dreaddit,risk,transformer,53,stress,stress,False,0.62371874,0.6237187385559082
risk-te-00536,en-Latn,dreaddit,risk,transformer,78,non_stress,stress,True,0.5982861,0.5982860922813416
risk-te-00537,en-Latn,dreaddit,risk,transformer,81,non_stress,non_stress,False,0.61671627,0.3832837641239166
risk-te-00538,en-Latn,dreaddit,risk,transformer,126,stress,stress,False,0.86741406,0.8674140572547913
risk-te-00539,en-Latn,dreaddit,risk,transformer,89,stress,stress,False,0.6697979,0.6697978973388672
risk-te-00540,en-Latn,dreaddit,risk,transformer,72,stress,stress,False,0.87605876,0.8760587573051453
risk-te-00541,en-Latn,dreaddit,risk,transformer,57,non_stress,non_stress,False,0.79661566,0.20338433980941772
risk-te-00542,en-Latn,dreaddit,risk,transformer,133,stress,stress,False,0.82753026,0.8275302648544312
risk-te-00543,en-Latn,dreaddit,risk,transformer,66,non_stress,stress,True,0.6121821,0.612182080745697
risk-te-00544,en-Latn,dreaddit,risk,transformer,90,non_stress,stress,True,0.87244517,0.8724451661109924
risk-te-00545,en-Latn,dreaddit,risk,transformer,60,stress,stress,False,0.8558918,0.8558918237686157
risk-te-00546,en-Latn,dreaddit,risk,transformer,132,non_stress,non_stress,False,0.81435746,0.1856425255537033
risk-te-00547,en-Latn,dreaddit,risk,transformer,78,non_stress,non_stress,False,0.8792361,0.12076386064291
risk-te-00548,en-Latn,dreaddit,risk,transformer,63,non_stress,non_stress,False,0.7576401,0.24235986173152924
risk-te-00549,en-Latn,dreaddit,risk,transformer,175,non_stress,stress,True,0.87891597,0.8789159655570984
risk-te-00550,en-Latn,dreaddit,risk,transformer,54,non_stress,stress,True,0.8183246,0.818324625492096
risk-te-00551,en-Latn,dreaddit,risk,transformer,119,non_stress,non_stress,False,0.88225716,0.11774282157421112
risk-te-00552,en-Latn,dreaddit,risk,transformer,74,non_stress,non_stress,False,0.63761187,0.36238813400268555
risk-te-00553,en-Latn,dreaddit,risk,transformer,46,stress,stress,False,0.84969914,0.8496991395950317
risk-te-00554,en-Latn,dreaddit,risk,transformer,77,non_stress,non_stress,False,0.7886642,0.21133583784103394
risk-te-00555,en-Latn,dreaddit,risk,transformer,91,stress,stress,False,0.55756783,0.557567834854126
risk-te-00556,en-Latn,dreaddit,risk,transformer,108,stress,stress,False,0.88182247,0.8818224668502808
risk-te-00557,en-Latn,dreaddit,risk,transformer,94,stress,stress,False,0.5951906,0.5951905846595764
risk-te-00558,en-Latn,dreaddit,risk,transformer,100,stress,stress,False,0.6714766,0.6714766025543213
risk-te-00559,en-Latn,dreaddit,risk,transformer,76,stress,stress,False,0.64760363,0.6476036310195923
risk-te-00560,en-Latn,dreaddit,risk,transformer,73,stress,stress,False,0.7427335,0.7427334785461426
risk-te-00561,en-Latn,dreaddit,risk,transformer,65,stress,stress,False,0.80491126,0.8049112558364868
risk-te-00562,en-Latn,dreaddit,risk,transformer,104,non_stress,non_stress,False,0.84993744,0.15006259083747864
risk-te-00563,en-Latn,dreaddit,risk,transformer,65,non_stress,non_stress,False,0.8818032,0.1181967556476593
risk-te-00564,en-Latn,dreaddit,risk,transformer,59,stress,non_stress,True,0.86771286,0.1322871595621109
risk-te-00565,en-Latn,dreaddit,risk,transformer,45,non_stress,non_stress,False,0.7873092,0.2126908153295517
risk-te-00566,en-Latn,dreaddit,risk,transformer,89,stress,non_stress,True,0.62327236,0.3767276704311371
risk-te-00567,en-Latn,dreaddit,risk,transformer,91,stress,non_stress,True,0.84971017,0.1502898782491684
risk-te-00568,en-Latn,dreaddit,risk,transformer,92,stress,stress,False,0.5806853,0.5806853175163269
risk-te-00569,en-Latn,dreaddit,risk,transformer,95,stress,stress,False,0.8408526,0.8408526182174683
risk-te-00570,en-Latn,dreaddit,risk,transformer,141,stress,stress,False,0.84059393,0.8405939340591431
risk-te-00571,en-Latn,dreaddit,risk,transformer,80,stress,stress,False,0.83831143,0.8383114337921143
risk-te-00572,en-Latn,dreaddit,risk,transformer,98,non_stress,non_stress,False,0.7879177,0.2120823860168457
risk-te-00573,en-Latn,dreaddit,risk,transformer,76,non_stress,non_stress,False,0.8769372,0.12306273728609085
risk-te-00574,en-Latn,dreaddit,risk,transformer,77,stress,stress,False,0.8778536,0.8778535723686218
risk-te-00575,en-Latn,dreaddit,risk,transformer,61,non_stress,stress,True,0.6750819,0.6750819087028503
risk-te-00576,en-Latn,dreaddit,risk,transformer,83,non_stress,non_stress,False,0.82288885,0.17711113393306732
risk-te-00577,en-Latn,dreaddit,risk,transformer,107,non_stress,non_stress,False,0.53499395,0.4650059938430786
risk-te-00578,en-Latn,dreaddit,risk,transformer,58,non_stress,stress,True,0.5261671,0.526167094707489
risk-te-00579,en-Latn,dreaddit,risk,transformer,58,non_stress,non_stress,False,0.74411285,0.25588715076446533
risk-te-00580,en-Latn,dreaddit,risk,transformer,158,stress,non_stress,True,0.5330475,0.46695250272750854
risk-te-00581,en-Latn,dreaddit,risk,transformer,95,stress,stress,False,0.7892254,0.7892253994941711
risk-te-00582,en-Latn,dreaddit,risk,transformer,82,non_stress,non_stress,False,0.77797145,0.22202855348587036
risk-te-00583,en-Latn,dreaddit,risk,transformer,80,non_stress,non_stress,False,0.9001394,0.09986056387424469
risk-te-00584,en-Latn,dreaddit,risk,transformer,91,non_stress,stress,True,0.6100375,0.6100375056266785
risk-te-00585,en-Latn,dreaddit,risk,transformer,113,non_stress,stress,True,0.61927104,0.6192710399627686
risk-te-00586,en-Latn,dreaddit,risk,transformer,81,non_stress,non_stress,False,0.7511874,0.24881258606910706
risk-te-00587,en-Latn,dreaddit,risk,transformer,74,non_stress,non_stress,False,0.8441408,0.15585915744304657
risk-te-00588,en-Latn,dreaddit,risk,transformer,22,non_stress,non_stress,False,0.8806488,0.11935119330883026
risk-te-00589,en-Latn,dreaddit,risk,transformer,121,non_stress,non_stress,False,0.53428835,0.4657116234302521
risk-te-00590,en-Latn,dreaddit,risk,transformer,78,non_stress,non_stress,False,0.8518031,0.14819693565368652
risk-te-00591,en-Latn,dreaddit,risk,transformer,92,stress,stress,False,0.81512535,0.8151253461837769
risk-te-00592,en-Latn,dreaddit,risk,transformer,107,stress,stress,False,0.74808395,0.7480839490890503
risk-te-00593,en-Latn,dreaddit,risk,transformer,100,non_stress,non_stress,False,0.7704953,0.22950468957424164
risk-te-00594,en-Latn,dreaddit,risk,transformer,80,stress,stress,False,0.86897784,0.8689778447151184
risk-te-00595,en-Latn,dreaddit,risk,transformer,77,stress,stress,False,0.7767888,0.7767887711524963
risk-te-00596,en-Latn,dreaddit,risk,transformer,50,stress,stress,False,0.88517135,0.8851713538169861
risk-te-00597,en-Latn,dreaddit,risk,transformer,75,stress,stress,False,0.8076212,0.8076211810112
risk-te-00598,en-Latn,dreaddit,risk,transformer,88,non_stress,non_stress,False,0.5480647,0.4519352614879608
risk-te-00599,en-Latn,dreaddit,risk,transformer,101,non_stress,stress,True,0.8790403,0.8790403008460999
risk-te-00600,en-Latn,dreaddit,risk,transformer,131,stress,stress,False,0.88068783,0.8806878328323364
risk-te-00601,en-Latn,dreaddit,risk,transformer,92,non_stress,non_stress,False,0.77956426,0.22043576836585999
risk-te-00602,en-Latn,dreaddit,risk,transformer,61,non_stress,non_stress,False,0.8846996,0.1153004914522171
risk-te-00603,en-Latn,dreaddit,risk,transformer,123,non_stress,stress,True,0.8045572,0.804557204246521
risk-te-00604,en-Latn,dreaddit,risk,transformer,43,non_stress,non_stress,False,0.7170464,0.2829535901546478
risk-te-00605,en-Latn,dreaddit,risk,transformer,75,non_stress,stress,True,0.70943,0.7094299793243408
risk-te-00606,en-Latn,dreaddit,risk,transformer,70,stress,non_stress,True,0.6229501,0.37704992294311523
risk-te-00607,en-Latn,dreaddit,risk,transformer,99,stress,stress,False,0.86091346,0.8609134554862976
risk-te-00608,en-Latn,dreaddit,risk,transformer,78,stress,stress,False,0.6745628,0.6745628118515015
risk-te-00609,en-Latn,dreaddit,risk,transformer,119,stress,stress,False,0.87809443,0.8780944347381592
risk-te-00610,en-Latn,dreaddit,risk,transformer,72,stress,stress,False,0.790172,0.7901719808578491
risk-te-00611,en-Latn,dreaddit,risk,transformer,54,stress,stress,False,0.81840086,0.8184008598327637
risk-te-00612,en-Latn,dreaddit,risk,transformer,176,stress,stress,False,0.8349402,0.8349401950836182
risk-te-00613,en-Latn,dreaddit,risk,transformer,77,stress,stress,False,0.87584585,0.8758458495140076
risk-te-00614,en-Latn,dreaddit,risk,transformer,44,stress,stress,False,0.73241097,0.7324109673500061
risk-te-00615,en-Latn,dreaddit,risk,transformer,59,non_stress,non_stress,False,0.9069544,0.09304565191268921
risk-te-00616,en-Latn,dreaddit,risk,transformer,95,stress,non_stress,True,0.87547183,0.12452822178602219
risk-te-00617,en-Latn,dreaddit,risk,transformer,68,non_stress,stress,True,0.79617214,0.7961721420288086
risk-te-00618,en-Latn,dreaddit,risk,transformer,64,stress,stress,False,0.86201966,0.8620196580886841
risk-te-00619,en-Latn,dreaddit,risk,transformer,107,stress,stress,False,0.8640599,0.8640599250793457
risk-te-00620,en-Latn,dreaddit,risk,transformer,59,stress,stress,False,0.85478884,0.8547888398170471
risk-te-00621,en-Latn,dreaddit,risk,transformer,68,stress,stress,False,0.6512178,0.6512178182601929
risk-te-00622,en-Latn,dreaddit,risk,transformer,77,non_stress,non_stress,False,0.8154479,0.18455205857753754
risk-te-00623,en-Latn,dreaddit,risk,transformer,56,non_stress,stress,True,0.8657115,0.865711510181427
risk-te-00624,en-Latn,dreaddit,risk,transformer,37,stress,stress,False,0.8720759,0.8720759153366089
risk-te-00625,en-Latn,dreaddit,risk,transformer,36,non_stress,non_stress,False,0.69559014,0.30440980195999146
risk-te-00626,en-Latn,dreaddit,risk,transformer,33,non_stress,non_stress,False,0.75194204,0.24805793166160583
risk-te-00627,en-Latn,dreaddit,risk,transformer,68,stress,stress,False,0.83155096,0.8315509557723999
risk-te-00628,en-Latn,dreaddit,risk,transformer,63,non_stress,non_stress,False,0.8297226,0.170277401804924
risk-te-00629,en-Latn,dreaddit,risk,transformer,172,non_stress,non_stress,False,0.84667647,0.1533234864473343
risk-te-00630,en-Latn,dreaddit,risk,transformer,140,non_stress,non_stress,False,0.8418152,0.15818482637405396
risk-te-00631,en-Latn,dreaddit,risk,transformer,98,non_stress,non_stress,False,0.6454336,0.3545663356781006
risk-te-00632,en-Latn,dreaddit,risk,transformer,63,non_stress,stress,True,0.8760459,0.8760458827018738
risk-te-00633,en-Latn,dreaddit,risk,transformer,59,non_stress,non_stress,False,0.729595,0.27040502429008484
risk-te-00634,en-Latn,dreaddit,risk,transformer,121,non_stress,stress,True,0.81174517,0.8117451667785645
risk-te-00635,en-Latn,dreaddit,risk,transformer,103,non_stress,non_stress,False,0.65056926,0.34943076968193054
risk-te-00636,en-Latn,dreaddit,risk,transformer,108,non_stress,non_stress,False,0.5157429,0.48425713181495667
risk-te-00637,en-Latn,dreaddit,risk,transformer,68,non_stress,non_stress,False,0.8907449,0.10925503820180893
risk-te-00638,en-Latn,dreaddit,risk,transformer,55,non_stress,stress,True,0.86282057,0.862820565700531
risk-te-00639,en-Latn,dreaddit,risk,transformer,65,non_stress,non_stress,False,0.8329233,0.1670767217874527
risk-te-00640,en-Latn,dreaddit,risk,transformer,65,stress,stress,False,0.82735485,0.8273548483848572
risk-te-00641,en-Latn,dreaddit,risk,transformer,110,stress,stress,False,0.87692297,0.8769229650497437
risk-te-00642,en-Latn,dreaddit,risk,transformer,83,stress,stress,False,0.8805516,0.8805515766143799
risk-te-00643,en-Latn,dreaddit,risk,transformer,96,non_stress,non_stress,False,0.8718959,0.128104105591774
risk-te-00644,en-Latn,dreaddit,risk,transformer,65,stress,stress,False,0.86356604,0.8635660409927368
risk-te-00645,en-Latn,dreaddit,risk,transformer,147,non_stress,non_stress,False,0.8712914,0.1287086308002472
risk-te-00646,en-Latn,dreaddit,risk,transformer,76,stress,stress,False,0.8638039,0.8638039231300354
risk-te-00647,en-Latn,dreaddit,risk,transformer,73,stress,stress,False,0.77432835,0.774328351020813
risk-te-00648,en-Latn,dreaddit,risk,transformer,88,stress,stress,False,0.72772574,0.7277257442474365
risk-te-00649,en-Latn,dreaddit,risk,transformer,75,stress,stress,False,0.8649902,0.8649901747703552
risk-te-00650,en-Latn,dreaddit,risk,transformer,130,non_stress,stress,True,0.6021869,0.602186918258667
risk-te-00651,en-Latn,dreaddit,risk,transformer,48,non_stress,non_stress,False,0.6617402,0.3382597863674164
risk-te-00652,en-Latn,dreaddit,risk,transformer,68,non_stress,stress,True,0.83607334,0.8360733389854431
risk-te-00653,en-Latn,dreaddit,risk,transformer,88,stress,stress,False,0.8515717,0.8515716791152954
risk-te-00654,en-Latn,dreaddit,risk,transformer,74,non_stress,non_stress,False,0.7806146,0.21938540041446686
risk-te-00655,en-Latn,dreaddit,risk,transformer,84,non_stress,stress,True,0.6208982,0.6208981871604919
risk-te-00656,en-Latn,dreaddit,risk,transformer,87,non_stress,non_stress,False,0.8357013,0.16429877281188965
risk-te-00657,en-Latn,dreaddit,risk,transformer,65,non_stress,non_stress,False,0.77502966,0.22497031092643738
risk-te-00658,en-Latn,dreaddit,risk,transformer,56,stress,stress,False,0.8634043,0.8634042739868164
risk-te-00659,en-Latn,dreaddit,risk,transformer,92,non_stress,non_stress,False,0.8856985,0.11430150270462036
risk-te-00660,en-Latn,dreaddit,risk,transformer,99,non_stress,non_stress,False,0.81929487,0.18070515990257263
risk-te-00661,en-Latn,dreaddit,risk,transformer,72,stress,stress,False,0.6910382,0.691038191318512
risk-te-00662,en-Latn,dreaddit,risk,transformer,101,stress,stress,False,0.84201896,0.8420189619064331
risk-te-00663,en-Latn,dreaddit,risk,transformer,70,non_stress,stress,True,0.53483886,0.534838855266571
risk-te-00664,en-Latn,dreaddit,risk,transformer,107,stress,stress,False,0.5830503,0.5830503106117249
risk-te-00665,en-Latn,dreaddit,risk,transformer,79,non_stress,non_stress,False,0.906031,0.0939689427614212
risk-te-00666,en-Latn,dreaddit,risk,transformer,89,stress,stress,False,0.8631938,0.8631938099861145
risk-te-00667,en-Latn,dreaddit,risk,transformer,73,stress,stress,False,0.87453246,0.8745324611663818
risk-te-00668,en-Latn,dreaddit,risk,transformer,49,stress,stress,False,0.87425303,0.8742530345916748
risk-te-00669,en-Latn,dreaddit,risk,transformer,57,non_stress,non_stress,False,0.83607686,0.16392317414283752
risk-te-00670,en-Latn,dreaddit,risk,transformer,37,stress,stress,False,0.5239254,0.5239254236221313
risk-te-00671,en-Latn,dreaddit,risk,transformer,140,stress,stress,False,0.8774914,0.8774914145469666
risk-te-00672,en-Latn,dreaddit,risk,transformer,141,non_stress,stress,True,0.8331698,0.8331698179244995
risk-te-00673,en-Latn,dreaddit,risk,transformer,62,non_stress,stress,True,0.86223567,0.8622356653213501
risk-te-00674,en-Latn,dreaddit,risk,transformer,133,stress,stress,False,0.8803819,0.8803818821907043
risk-te-00675,en-Latn,dreaddit,risk,transformer,94,non_stress,non_stress,False,0.8746025,0.12539750337600708
risk-te-00676,en-Latn,dreaddit,risk,transformer,98,stress,stress,False,0.8562519,0.8562518954277039
risk-te-00677,en-Latn,dreaddit,risk,transformer,112,stress,non_stress,True,0.6531806,0.34681934118270874
risk-te-00678,en-Latn,dreaddit,risk,transformer,89,stress,stress,False,0.8328895,0.8328894972801208
risk-te-00679,en-Latn,dreaddit,risk,transformer,141,non_stress,non_stress,False,0.83964366,0.16035626828670502
risk-te-00680,en-Latn,dreaddit,risk,transformer,66,non_stress,non_stress,False,0.68703204,0.3129679560661316
risk-te-00681,en-Latn,dreaddit,risk,transformer,80,stress,non_stress,True,0.58249503,0.4175049960613251
risk-te-00682,en-Latn,dreaddit,risk,transformer,110,stress,stress,False,0.87968487,0.8796848654747009
risk-te-00683,en-Latn,dreaddit,risk,transformer,67,stress,stress,False,0.5835992,0.5835992097854614
risk-te-00684,en-Latn,dreaddit,risk,transformer,60,stress,stress,False,0.6687304,0.6687303781509399
risk-te-00685,en-Latn,dreaddit,risk,transformer,93,non_stress,stress,True,0.8293189,0.8293188810348511
risk-te-00686,en-Latn,dreaddit,risk,transformer,66,non_stress,non_stress,False,0.84556043,0.15443961322307587
risk-te-00687,en-Latn,dreaddit,risk,transformer,103,stress,stress,False,0.84928304,0.8492830395698547
risk-te-00688,en-Latn,dreaddit,risk,transformer,75,non_stress,non_stress,False,0.6491534,0.35084664821624756
risk-te-00689,en-Latn,dreaddit,risk,transformer,105,stress,non_stress,True,0.5255998,0.47440019249916077
risk-te-00690,en-Latn,dreaddit,risk,transformer,112,stress,stress,False,0.8833025,0.8833025097846985
risk-te-00691,en-Latn,dreaddit,risk,transformer,65,stress,stress,False,0.8284308,0.8284307718276978
risk-te-00692,en-Latn,dreaddit,risk,transformer,99,stress,stress,False,0.81612074,0.8161207437515259
risk-te-00693,en-Latn,dreaddit,risk,transformer,58,non_stress,non_stress,False,0.79443556,0.2055644392967224
risk-te-00694,en-Latn,dreaddit,risk,transformer,54,non_stress,non_stress,False,0.7668467,0.23315326869487762
risk-te-00695,en-Latn,dreaddit,risk,transformer,84,non_stress,non_stress,False,0.5807542,0.41924577951431274
risk-te-00696,en-Latn,dreaddit,risk,transformer,78,stress,stress,False,0.8162497,0.8162497282028198
risk-te-00697,en-Latn,dreaddit,risk,transformer,87,stress,stress,False,0.84499615,0.8449961543083191
risk-te-00698,en-Latn,dreaddit,risk,transformer,87,non_stress,non_stress,False,0.8927697,0.10723023861646652
risk-te-00699,en-Latn,dreaddit,risk,transformer,154,stress,stress,False,0.88185894,0.8818589448928833
risk-te-00700,en-Latn,dreaddit,risk,transformer,54,stress,stress,False,0.8424211,0.8424211144447327
risk-te-00701,en-Latn,dreaddit,risk,transformer,104,stress,stress,False,0.82818395,0.8281839489936829
risk-te-00702,en-Latn,dreaddit,risk,transformer,95,non_stress,stress,True,0.786218,0.786217987537384
risk-te-00703,en-Latn,dreaddit,risk,transformer,56,non_stress,non_stress,False,0.7985924,0.20140762627124786
risk-te-00704,en-Latn,dreaddit,risk,transformer,81,non_stress,non_stress,False,0.88178116,0.11821885406970978
risk-te-00705,en-Latn,dreaddit,risk,transformer,60,non_stress,non_stress,False,0.85682964,0.14317040145397186
risk-te-00706,en-Latn,dreaddit,risk,transformer,86,non_stress,non_stress,False,0.77939767,0.22060230374336243
risk-te-00707,en-Latn,dreaddit,risk,transformer,114,stress,non_stress,True,0.7205899,0.27941009402275085
risk-te-00708,en-Latn,dreaddit,risk,transformer,96,non_stress,non_stress,False,0.85377455,0.14622542262077332
risk-te-00709,en-Latn,dreaddit,risk,transformer,115,non_stress,non_stress,False,0.6302035,0.3697965443134308
risk-te-00710,en-Latn,dreaddit,risk,transformer,231,stress,stress,False,0.6450894,0.6450893878936768
risk-te-00711,en-Latn,dreaddit,risk,transformer,53,stress,stress,False,0.88033867,0.8803386688232422
risk-te-00712,en-Latn,dreaddit,risk,transformer,71,stress,non_stress,True,0.8213086,0.17869140207767487
risk-te-00713,en-Latn,dreaddit,risk,transformer,71,stress,stress,False,0.8754687,0.8754686713218689
risk-te-00714,en-Latn,dreaddit,risk,transformer,60,non_stress,non_stress,False,0.88244706,0.1175529733300209
risk-te-00715,en-Latn,dreaddit,risk,transformer,62,stress,stress,False,0.82662445,0.8266244530677795
