text_id,language,source,task,model,n_words,true,pred,error,confidence,risk_probability
sentiment-te-00001,en-Latn,tweets-english,sentiment,bilstm,18,negative,neutral,True,0.52923805,
sentiment-te-00002,en-Latn,tweets-english,sentiment,bilstm,16,neutral,negative,True,0.38963473,
sentiment-te-00003,en-Latn,tweets-english,sentiment,bilstm,13,positive,negative,True,0.45328793,
sentiment-te-00004,en-Latn,tweets-english,sentiment,bilstm,20,negative,negative,False,0.3851574,
sentiment-te-00005,en-Latn,tweets-english,sentiment,bilstm,8,neutral,positive,True,0.69224167,
sentiment-te-00006,en-Latn,tweets-english,sentiment,bilstm,24,positive,negative,True,0.46954513,
sentiment-te-00007,en-Latn,tweets-english,sentiment,bilstm,20,negative,negative,False,0.46255505,
sentiment-te-00008,en-Latn,tweets-english,sentiment,bilstm,11,neutral,neutral,False,0.44622886,
sentiment-te-00009,en-Latn,tweets-english,sentiment,bilstm,19,positive,positive,False,0.43241575,
sentiment-te-00010,en-Latn,tweets-english,sentiment,bilstm,17,negative,positive,True,0.5481619,
sentiment-te-00011,en-Latn,tweets-english,sentiment,bilstm,12,neutral,neutral,False,0.36140162,
sentiment-te-00012,en-Latn,tweets-english,sentiment,bilstm,25,positive,positive,False,0.42618167,
sentiment-te-00013,en-Latn,tweets-english,sentiment,bilstm,13,negative,negative,False,0.379735,
sentiment-te-00014,en-Latn,tweets-english,sentiment,bilstm,18,neutral,neutral,False,0.42997816,
sentiment-te-00015,en-Latn,tweets-english,sentiment,bilstm,8,positive,positive,False,0.49464995,
sentiment-te-00016,en-Latn,tweets-english,sentiment,bilstm,10,negative,neutral,True,0.47174826,
sentiment-te-00017,en-Latn,tweets-english,sentiment,bilstm,11,neutral,neutral,False,0.35507047,
sentiment-te-00018,en-Latn,tweets-english,sentiment,bilstm,15,positive,neutral,True,0.5383645,
sentiment-te-00019,en-Latn,tweets-english,sentiment,bilstm,12,negative,negative,False,0.44258896,
sentiment-te-00020,en-Latn,tweets-english,sentiment,bilstm,14,neutral,neutral,False,0.43715307,
sentiment-te-00021,en-Latn,tweets-english,sentiment,bilstm,16,positive,positive,False,0.5481808,
sentiment-te-00022,en-Latn,tweets-english,sentiment,bilstm,20,negative,neutral,True,0.47624272,
sentiment-te-00023,en-Latn,tweets-english,sentiment,bilstm,21,neutral,neutral,False,0.43549842,
sentiment-te-00024,en-Latn,tweets-english,sentiment,bilstm,12,positive,positive,False,0.5311924,
sentiment-te-00025,en-Latn,tweets-english,sentiment,bilstm,16,negative,neutral,True,0.42233953,
sentiment-te-00026,en-Latn,tweets-english,sentiment,bilstm,8,neutral,neutral,False,0.42662734,
sentiment-te-00027,en-Latn,tweets-english,sentiment,bilstm,11,positive,positive,False,0.56457955,
sentiment-te-00028,en-Latn,tweets-english,sentiment,bilstm,12,negative,negative,False,0.45189378,
sentiment-te-00029,en-Latn,tweets-english,sentiment,bilstm,13,neutral,neutral,False,0.46679756,
sentiment-te-00030,en-Latn,tweets-english,sentiment,bilstm,13,positive,positive,False,0.5157823,
sentiment-te-00031,en-Latn,tweets-english,sentiment,bilstm,14,negative,neutral,True,0.45412338,
sentiment-te-00032,en-Latn,tweets-english,sentiment,bilstm,6,neutral,negative,True,0.40497965,
sentiment-te-00033,en-Latn,tweets-english,sentiment,bilstm,26,positive,neutral,True,0.38728884,
sentiment-te-00034,en-Latn,tweets-english,sentiment,bilstm,21,negative,negative,False,0.4000818,
sentiment-te-00035,en-Latn,tweets-english,sentiment,bilstm,9,neutral,neutral,False,0.5676588,
sentiment-te-00036,en-Latn,tweets-english,sentiment,bilstm,8,positive,positive,False,0.45769504,
sentiment-te-00037,en-Latn,tweets-english,sentiment,bilstm,5,negative,positive,True,0.41214326,
sentiment-te-00038,en-Latn,tweets-english,sentiment,bilstm,9,neutral,neutral,False,0.3994904,
sentiment-te-00039,en-Latn,tweets-english,sentiment,bilstm,25,positive,negative,True,0.4863613,
sentiment-te-00040,en-Latn,tweets-english,sentiment,bilstm,16,negative,negative,False,0.44750938,
sentiment-te-00041,en-Latn,tweets-english,sentiment,bilstm,21,neutral,positive,True,0.38877547,
sentiment-te-00042,en-Latn,tweets-english,sentiment,bilstm,11,positive,positive,False,0.5211836,
sentiment-te-00043,en-Latn,tweets-english,sentiment,bilstm,13,negative,negative,False,0.47444522,
sentiment-te-00044,en-Latn,tweets-english,sentiment,bilstm,12,neutral,neutral,False,0.44878912,
sentiment-te-00045,en-Latn,tweets-english,sentiment,bilstm,19,positive,positive,False,0.540647,
sentiment-te-00046,en-Latn,tweets-english,sentiment,bilstm,23,negative,neutral,True,0.41908374,
sentiment-te-00047,en-Latn,tweets-english,sentiment,bilstm,9,neutral,negative,True,0.48859948,
sentiment-te-00048,en-Latn,tweets-english,sentiment,bilstm,3,positive,positive,False,0.85750407,
sentiment-te-00049,en-Latn,tweets-english,sentiment,bilstm,16,negative,neutral,True,0.4536857,
sentiment-te-00050,en-Latn,tweets-english,sentiment,bilstm,18,neutral,neutral,False,0.46547788,
sentiment-te-00051,en-Latn,tweets-english,sentiment,bilstm,20,positive,negative,True,0.40125665,
sentiment-te-00052,en-Latn,tweets-english,sentiment,bilstm,11,negative,positive,True,0.41763458,
sentiment-te-00053,en-Latn,tweets-english,sentiment,bilstm,16,neutral,positive,True,0.38033327,
sentiment-te-00054,en-Latn,tweets-english,sentiment,bilstm,11,positive,neutral,True,0.4641829,
sentiment-te-00055,en-Latn,tweets-english,sentiment,bilstm,20,negative,negative,False,0.7193081,
sentiment-te-00056,en-Latn,tweets-english,sentiment,bilstm,7,neutral,positive,True,0.37292182,
sentiment-te-00057,en-Latn,tweets-english,sentiment,bilstm,7,positive,negative,True,0.42759454,
sentiment-te-00058,en-Latn,tweets-english,sentiment,bilstm,20,negative,negative,False,0.529387,
sentiment-te-00059,en-Latn,tweets-english,sentiment,bilstm,11,neutral,positive,True,0.4392453,
sentiment-te-00060,en-Latn,tweets-english,sentiment,bilstm,22,positive,neutral,True,0.5545317,
sentiment-te-00061,en-Latn,tweets-english,sentiment,bilstm,24,negative,positive,True,0.35912597,
sentiment-te-00062,en-Latn,tweets-english,sentiment,bilstm,14,neutral,neutral,False,0.5393666,
sentiment-te-00063,en-Latn,tweets-english,sentiment,bilstm,13,positive,neutral,True,0.40763766,
sentiment-te-00064,en-Latn,tweets-english,sentiment,bilstm,20,negative,neutral,True,0.57068044,
sentiment-te-00065,en-Latn,tweets-english,sentiment,bilstm,13,neutral,positive,True,0.5029058,
sentiment-te-00066,en-Latn,tweets-english,sentiment,bilstm,8,positive,negative,True,0.5846688,
sentiment-te-00067,en-Latn,tweets-english,sentiment,bilstm,22,negative,negative,False,0.53573424,
sentiment-te-00068,en-Latn,tweets-english,sentiment,bilstm,15,neutral,neutral,False,0.4865299,
sentiment-te-00069,en-Latn,tweets-english,sentiment,bilstm,11,positive,neutral,True,0.63643897,
sentiment-te-00070,en-Latn,tweets-english,sentiment,bilstm,16,negative,neutral,True,0.6063072,
sentiment-te-00071,en-Latn,tweets-english,sentiment,bilstm,9,neutral,negative,True,0.4972969,
sentiment-te-00072,en-Latn,tweets-english,sentiment,bilstm,5,positive,positive,False,0.73654807,
sentiment-te-00073,en-Latn,tweets-english,sentiment,bilstm,17,negative,neutral,True,0.49505213,
sentiment-te-00074,en-Latn,tweets-english,sentiment,bilstm,20,neutral,neutral,False,0.45833045,
sentiment-te-00075,en-Latn,tweets-english,sentiment,bilstm,23,positive,negative,True,0.39715824,
sentiment-te-00076,en-Latn,tweets-english,sentiment,bilstm,24,negative,positive,True,0.45740983,
sentiment-te-00077,en-Latn,tweets-english,sentiment,bilstm,9,neutral,negative,True,0.5841515,
sentiment-te-00078,en-Latn,tweets-english,sentiment,bilstm,17,positive,positive,False,0.6045266,
sentiment-te-00079,en-Latn,tweets-english,sentiment,bilstm,15,negative,negative,False,0.52428746,
sentiment-te-00080,en-Latn,tweets-english,sentiment,bilstm,9,neutral,neutral,False,0.5190987,
sentiment-te-00081,en-Latn,tweets-english,sentiment,bilstm,12,positive,positive,False,0.40134838,
sentiment-te-00082,en-Latn,tweets-english,sentiment,bilstm,13,negative,neutral,True,0.41272464,
sentiment-te-00083,en-Latn,tweets-english,sentiment,bilstm,20,neutral,neutral,False,0.4426033,
sentiment-te-00084,en-Latn,tweets-english,sentiment,bilstm,20,positive,neutral,True,0.37132472,
sentiment-te-00085,en-Latn,tweets-english,sentiment,bilstm,19,negative,negative,False,0.48724735,
sentiment-te-00086,en-Latn,tweets-english,sentiment,bilstm,7,neutral,negative,True,0.59588826,
sentiment-te-00087,en-Latn,tweets-english,sentiment,bilstm,12,positive,negative,True,0.49290326,
sentiment-te-00088,en-Latn,tweets-english,sentiment,bilstm,17,negative,neutral,True,0.73436975,
sentiment-te-00089,en-Latn,tweets-english,sentiment,bilstm,16,neutral,neutral,False,0.42187995,
sentiment-te-00090,en-Latn,tweets-english,sentiment,bilstm,13,positive,negative,True,0.42896888,
sentiment-te-00091,en-Latn,tweets-english,sentiment,bilstm,21,negative,negative,False,0.45369518,
sentiment-te-00092,en-Latn,tweets-english,sentiment,bilstm,21,neutral,negative,True,0.3875013,
sentiment-te-00093,en-Latn,tweets-english,sentiment,bilstm,9,positive,positive,False,0.40950137,
sentiment-te-00094,en-Latn,tweets-english,sentiment,bilstm,18,negative,neutral,True,0.41782257,
sentiment-te-00095,en-Latn,tweets-english,sentiment,bilstm,18,neutral,positive,True,0.4475678,
sentiment-te-00096,en-Latn,tweets-english,sentiment,bilstm,6,positive,neutral,True,0.47249287,
sentiment-te-00097,en-Latn,tweets-english,sentiment,bilstm,19,negative,negative,False,0.41845453,
sentiment-te-00098,en-Latn,tweets-english,sentiment,bilstm,23,neutral,negative,True,0.5034748,
sentiment-te-00099,en-Latn,tweets-english,sentiment,bilstm,22,positive,positive,False,0.43064278,
sentiment-te-00100,en-Latn,tweets-english,sentiment,bilstm,21,negative,negative,False,0.4539544,
sentiment-te-00101,en-Latn,tweets-english,sentiment,bilstm,21,neutral,neutral,False,0.45005426,
sentiment-te-00102,en-Latn,tweets-english,sentiment,bilstm,5,positive,positive,False,0.45565918,
sentiment-te-00103,en-Latn,tweets-english,sentiment,bilstm,12,negative,negative,False,0.5614381,
sentiment-te-00104,en-Latn,tweets-english,sentiment,bilstm,18,neutral,neutral,False,0.58549476,
sentiment-te-00105,en-Latn,tweets-english,sentiment,bilstm,12,positive,negative,True,0.41169155,
sentiment-te-00106,en-Latn,tweets-english,sentiment,bilstm,27,negative,neutral,True,0.47753403,
sentiment-te-00107,en-Latn,tweets-english,sentiment,bilstm,12,neutral,neutral,False,0.47390395,
sentiment-te-00108,en-Latn,tweets-english,sentiment,bilstm,12,positive,neutral,True,0.54224926,
sentiment-te-00109,en-Latn,tweets-english,sentiment,bilstm,26,negative,negative,False,0.455311,
sentiment-te-00110,en-Latn,tweets-english,sentiment,bilstm,19,neutral,neutral,False,0.45549282,
sentiment-te-00111,en-Latn,tweets-english,sentiment,bilstm,25,positive,positive,False,0.4260254,
sentiment-te-00112,en-Latn,tweets-english,sentiment,bilstm,22,negative,negative,False,0.37462917,
sentiment-te-00113,en-Latn,tweets-english,sentiment,bilstm,18,neutral,negative,True,0.4877691,
sentiment-te-00114,en-Latn,tweets-english,sentiment,bilstm,22,positive,positive,False,0.6050094,
sentiment-te-00115,en-Latn,tweets-english,sentiment,bilstm,22,negative,positive,True,0.42323288,
sentiment-te-00116,en-Latn,tweets-english,sentiment,bilstm,18,neutral,positive,True,0.4133419,
sentiment-te-00117,en-Latn,tweets-english,sentiment,bilstm,12,positive,positive,False,0.5734278,
sentiment-te-00118,en-Latn,tweets-english,sentiment,bilstm,32,negative,neutral,True,0.46865046,
sentiment-te-00119,en-Latn,tweets-english,sentiment,bilstm,8,neutral,neutral,False,0.3818147,
sentiment-te-00120,en-Latn,tweets-english,sentiment,bilstm,24,positive,negative,True,0.37771887,
sentiment-te-00121,en-Latn,tweets-english,sentiment,bilstm,20,negative,neutral,True,0.4771119,
sentiment-te-00122,en-Latn,tweets-english,sentiment,bilstm,17,neutral,neutral,False,0.3625243,
sentiment-te-00123,en-Latn,tweets-english,sentiment,bilstm,16,positive,neutral,True,0.40641618,
sentiment-te-00124,en-Latn,tweets-english,sentiment,bilstm,20,negative,neutral,True,0.48127395,
sentiment-te-00125,en-Latn,tweets-english,sentiment,bilstm,11,neutral,neutral,False,0.49487767,
sentiment-te-00126,en-Latn,tweets-english,sentiment,bilstm,14,positive,positive,False,0.6122265,
sentiment-te-00127,en-Latn,tweets-english,sentiment,bilstm,17,negative,negative,False,0.5394065,
sentiment-te-00128,en-Latn,tweets-english,sentiment,bilstm,7,neutral,positive,True,0.3947383,
sentiment-te-00129,en-Latn,tweets-english,sentiment,bilstm,9,positive,negative,True,0.444416,
sentiment-te-00130,en-Latn,tweets-english,sentiment,bilstm,7,negative,negative,False,0.36476025,
sentiment-te-00131,en-Latn,tweets-english,sentiment,bilstm,20,neutral,neutral,False,0.55059,
sentiment-te-00132,en-Latn,tweets-english,sentiment,bilstm,17,positive,positive,False,0.3791249,
sentiment-te-00133,en-Latn,tweets-english,sentiment,bilstm,10,negative,positive,True,0.50927985,
sentiment-te-00134,en-Latn,tweets-english,sentiment,bilstm,13,neutral,neutral,False,0.57119286,
sentiment-te-00135,en-Latn,tweets-english,sentiment,bilstm,22,positive,neutral,True,0.41518357,
sentiment-te-00136,en-Latn,tweets-english,sentiment,bilstm,23,negative,neutral,True,0.4740963,
sentiment-te-00137,en-Latn,tweets-english,sentiment,bilstm,11,neutral,positive,True,0.5081508,
sentiment-te-00138,en-Latn,tweets-english,sentiment,bilstm,18,positive,positive,False,0.43804815,
sentiment-te-00139,en-Latn,tweets-english,sentiment,bilstm,10,negative,negative,False,0.48303846,
sentiment-te-00140,en-Latn,tweets-english,sentiment,bilstm,13,neutral,neutral,False,0.4194532,
sentiment-te-00141,en-Latn,tweets-english,sentiment,bilstm,10,positive,neutral,True,0.3912397,
sentiment-te-00142,en-Latn,tweets-english,sentiment,bilstm,22,negative,neutral,True,0.60885656,
sentiment-te-00143,en-Latn,tweets-english,sentiment,bilstm,12,neutral,negative,True,0.79001075,
sentiment-te-00144,en-Latn,tweets-english,sentiment,bilstm,11,positive,neutral,True,0.3523243,
sentiment-te-00145,en-Latn,tweets-english,sentiment,bilstm,12,negative,negative,False,0.573295,
sentiment-te-00146,en-Latn,tweets-english,sentiment,bilstm,20,neutral,negative,True,0.34461674,
sentiment-te-00147,en-Latn,tweets-english,sentiment,bilstm,10,positive,neutral,True,0.3684087,
sentiment-te-00148,en-Latn,tweets-english,sentiment,bilstm,8,negative,neutral,True,0.48676997,
sentiment-te-00149,en-Latn,tweets-english,sentiment,bilstm,10,neutral,negative,True,0.49364558,
sentiment-te-00150,en-Latn,tweets-english,sentiment,bilstm,19,positive,neutral,True,0.39204365,
sentiment-te-00151,en-Latn,tweets-english,sentiment,bilstm,13,negative,neutral,True,0.40426606,
sentiment-te-00152,en-Latn,tweets-english,sentiment,bilstm,18,neutral,negative,True,0.5906806,
sentiment-te-00153,en-Latn,tweets-english,sentiment,bilstm,25,positive,neutral,True,0.4721164,
sentiment-te-00154,en-Latn,tweets-english,sentiment,bilstm,12,negative,neutral,True,0.35623515,
sentiment-te-00155,en-Latn,tweets-english,sentiment,bilstm,8,neutral,positive,True,0.46508035,
sentiment-te-00156,en-Latn,tweets-english,sentiment,bilstm,15,positive,positive,False,0.49763185,
sentiment-te-00157,en-Latn,tweets-english,sentiment,bilstm,25,negative,positive,True,0.3769263,
sentiment-te-00158,en-Latn,tweets-english,sentiment,bilstm,19,neutral,neutral,False,0.4705421,
sentiment-te-00159,en-Latn,tweets-english,sentiment,bilstm,8,positive,positive,False,0.76269096,
sentiment-te-00160,en-Latn,tweets-english,sentiment,bilstm,16,negative,positive,True,0.4093734,
sentiment-te-00161,en-Latn,tweets-english,sentiment,bilstm,17,neutral,neutral,False,0.37815404,
sentiment-te-00162,en-Latn,tweets-english,sentiment,bilstm,17,positive,neutral,True,0.49974144,
sentiment-te-00163,en-Latn,tweets-english,sentiment,bilstm,25,negative,negative,False,0.52454036,
sentiment-te-00164,en-Latn,tweets-english,sentiment,bilstm,8,neutral,neutral,False,0.36873776,
sentiment-te-00165,en-Latn,tweets-english,sentiment,bilstm,12,positive,positive,False,0.6044731,
sentiment-te-00166,en-Latn,tweets-english,sentiment,bilstm,17,negative,positive,True,0.4762252,
sentiment-te-00167,en-Latn,tweets-english,sentiment,bilstm,14,neutral,neutral,False,0.39447597,
sentiment-te-00168,en-Latn,tweets-english,sentiment,bilstm,14,positive,negative,True,0.47427565,
sentiment-te-00169,en-Latn,tweets-english,sentiment,bilstm,20,negative,positive,True,0.3827449,
sentiment-te-00170,en-Latn,tweets-english,sentiment,bilstm,8,neutral,negative,True,0.5062546,
sentiment-te-00171,en-Latn,tweets-english,sentiment,bilstm,23,positive,positive,False,0.6522341,
sentiment-te-00172,en-Latn,tweets-english,sentiment,bilstm,6,negative,neutral,True,0.4031433,
sentiment-te-00173,en-Latn,tweets-english,sentiment,bilstm,21,neutral,positive,True,0.3758833,
sentiment-te-00174,en-Latn,tweets-english,sentiment,bilstm,15,positive,neutral,True,0.43548968,
sentiment-te-00175,en-Latn,tweets-english,sentiment,bilstm,23,negative,neutral,True,0.565495,
sentiment-te-00176,en-Latn,tweets-english,sentiment,bilstm,11,neutral,negative,True,0.45031932,
sentiment-te-00177,en-Latn,tweets-english,sentiment,bilstm,10,positive,neutral,True,0.44570222,
sentiment-te-00178,en-Latn,tweets-english,sentiment,bilstm,16,negative,neutral,True,0.5134581,
sentiment-te-00179,en-Latn,tweets-english,sentiment,bilstm,12,neutral,positive,True,0.43747193,
sentiment-te-00180,en-Latn,tweets-english,sentiment,bilstm,10,positive,neutral,True,0.53780055,
sentiment-te-00181,en-Latn,tweets-english,sentiment,bilstm,20,negative,negative,False,0.4584347,
sentiment-te-00182,en-Latn,tweets-english,sentiment,bilstm,22,neutral,neutral,False,0.66340834,
sentiment-te-00183,en-Latn,tweets-english,sentiment,bilstm,11,positive,negative,True,0.3842636,
sentiment-te-00184,en-Latn,tweets-english,sentiment,bilstm,28,negative,neutral,True,0.3525612,
sentiment-te-00185,en-Latn,tweets-english,sentiment,bilstm,14,neutral,neutral,False,0.5287445,
sentiment-te-00186,en-Latn,tweets-english,sentiment,bilstm,9,positive,negative,True,0.6529262,
sentiment-te-00187,en-Latn,tweets-english,sentiment,bilstm,18,negative,neutral,True,0.3984293,
sentiment-te-00188,en-Latn,tweets-english,sentiment,bilstm,4,neutral,positive,True,0.37834793,
sentiment-te-00189,en-Latn,tweets-english,sentiment,bilstm,19,positive,positive,False,0.61616284,
sentiment-te-00190,en-Latn,tweets-english,sentiment,bilstm,13,negative,negative,False,0.41193175,
sentiment-te-00191,en-Latn,tweets-english,sentiment,bilstm,13,neutral,neutral,False,0.57619137,
sentiment-te-00192,en-Latn,tweets-english,sentiment,bilstm,13,positive,neutral,True,0.41206235,
sentiment-te-00193,en-Latn,tweets-english,sentiment,bilstm,17,negative,neutral,True,0.4725711,
sentiment-te-00194,en-Latn,tweets-english,sentiment,bilstm,19,neutral,neutral,False,0.39042208,
sentiment-te-00195,en-Latn,tweets-english,sentiment,bilstm,17,positive,negative,True,0.42334798,
sentiment-te-00196,en-Latn,tweets-english,sentiment,bilstm,23,negative,negative,False,0.47463843,
sentiment-te-00197,en-Latn,tweets-english,sentiment,bilstm,13,neutral,neutral,False,0.47028875,
sentiment-te-00198,en-Latn,tweets-english,sentiment,bilstm,12,positive,positive,False,0.50908154,
sentiment-te-00199,en-Latn,tweets-english,sentiment,bilstm,28,negative,neutral,True,0.42721108,
sentiment-te-00200,en-Latn,tweets-english,sentiment,bilstm,7,neutral,neutral,False,0.45502084,
sentiment-te-00201,en-Latn,tweets-english,sentiment,bilstm,18,positive,positive,False,0.47894934,
sentiment-te-00202,en-Latn,tweets-english,sentiment,bilstm,18,negative,neutral,True,0.40934327,
sentiment-te-00203,en-Latn,tweets-english,sentiment,bilstm,27,neutral,neutral,False,0.44120806,
sentiment-te-00204,en-Latn,tweets-english,sentiment,bilstm,9,positive,negative,True,0.37865624,
sentiment-te-00205,en-Latn,tweets-english,sentiment,bilstm,23,negative,neutral,True,0.41169086,
sentiment-te-00206,en-Latn,tweets-english,sentiment,bilstm,11,neutral,neutral,False,0.4227362,
sentiment-te-00207,en-Latn,tweets-english,sentiment,bilstm,7,positive,positive,False,0.40015215,
sentiment-te-00208,en-Latn,tweets-english,sentiment,bilstm,22,negative,neutral,True,0.38933533,
sentiment-te-00209,en-Latn,tweets-english,sentiment,bilstm,10,neutral,positive,True,0.42452544,
sentiment-te-00210,en-Latn,tweets-english,sentiment,bilstm,11,positive,neutral,True,0.48052806,
sentiment-te-00211,en-Latn,tweets-english,sentiment,bilstm,24,negative,neutral,True,0.51809645,
sentiment-te-00212,en-Latn,tweets-english,sentiment,bilstm,25,neutral,neutral,False,0.38677332,
sentiment-te-00213,en-Latn,tweets-english,sentiment,bilstm,24,positive,positive,False,0.5595938,
sentiment-te-00214,en-Latn,tweets-english,sentiment,bilstm,12,negative,neutral,True,0.44643214,
sentiment-te-00215,en-Latn,tweets-english,sentiment,bilstm,13,neutral,neutral,False,0.59876347,
sentiment-te-00216,en-Latn,tweets-english,sentiment,bilstm,7,positive,positive,False,0.47858167,
sentiment-te-00217,en-Latn,tweets-english,sentiment,bilstm,10,negative,neutral,True,0.35033074,
sentiment-te-00218,en-Latn,tweets-english,sentiment,bilstm,7,neutral,neutral,False,0.3687107,
sentiment-te-00219,en-Latn,tweets-english,sentiment,bilstm,5,positive,neutral,True,0.44042367,
sentiment-te-00220,en-Latn,tweets-english,sentiment,bilstm,10,negative,negative,False,0.48915,
sentiment-te-00221,en-Latn,tweets-english,sentiment,bilstm,12,neutral,neutral,False,0.584079,
sentiment-te-00222,en-Latn,tweets-english,sentiment,bilstm,13,positive,positive,False,0.587297,
sentiment-te-00223,en-Latn,tweets-english,sentiment,bilstm,18,negative,negative,False,0.41869083,
sentiment-te-00224,en-Latn,tweets-english,sentiment,bilstm,21,neutral,positive,True,0.47720858,
sentiment-te-00225,en-Latn,tweets-english,sentiment,bilstm,7,positive,neutral,True,0.39063832,
sentiment-te-00226,en-Latn,tweets-english,sentiment,bilstm,22,negative,neutral,True,0.3691026,
sentiment-te-00227,en-Latn,tweets-english,sentiment,bilstm,21,neutral,positive,True,0.60604167,
sentiment-te-00228,en-Latn,tweets-english,sentiment,bilstm,24,positive,positive,False,0.50705546,
sentiment-te-00229,en-Latn,tweets-english,sentiment,bilstm,20,negative,positive,True,0.39389247,
sentiment-te-00230,en-Latn,tweets-english,sentiment,bilstm,10,neutral,neutral,False,0.41118008,
sentiment-te-00231,en-Latn,tweets-english,sentiment,bilstm,19,positive,positive,False,0.40303704,
sentiment-te-00232,en-Latn,tweets-english,sentiment,bilstm,16,negative,neutral,True,0.45437944,
sentiment-te-00233,en-Latn,tweets-english,sentiment,bilstm,10,neutral,positive,True,0.5993142,
sentiment-te-00234,en-Latn,tweets-english,sentiment,bilstm,18,positive,positive,False,0.3884738,
sentiment-te-00235,en-Latn,tweets-english,sentiment,bilstm,16,negative,neutral,True,0.49051324,
sentiment-te-00236,en-Latn,tweets-english,sentiment,bilstm,21,neutral,positive,True,0.65755796,
sentiment-te-00237,en-Latn,tweets-english,sentiment,bilstm,15,positive,negative,True,0.43488386,
sentiment-te-00238,en-Latn,tweets-english,sentiment,bilstm,19,negative,negative,False,0.38302502,
sentiment-te-00239,en-Latn,tweets-english,sentiment,bilstm,20,neutral,negative,True,0.46586564,
sentiment-te-00240,en-Latn,tweets-english,sentiment,bilstm,14,positive,neutral,True,0.55741984,
sentiment-te-00241,en-Latn,tweets-english,sentiment,bilstm,23,negative,negative,False,0.5774059,
sentiment-te-00242,en-Latn,tweets-english,sentiment,bilstm,22,neutral,neutral,False,0.5564649,
sentiment-te-00243,en-Latn,tweets-english,sentiment,bilstm,16,positive,neutral,True,0.4827698,
sentiment-te-00244,en-Latn,tweets-english,sentiment,bilstm,19,negative,negative,False,0.42985696,
sentiment-te-00245,en-Latn,tweets-english,sentiment,bilstm,5,neutral,neutral,False,0.4624549,
sentiment-te-00246,en-Latn,tweets-english,sentiment,bilstm,17,positive,neutral,True,0.54974556,
sentiment-te-00247,en-Latn,tweets-english,sentiment,bilstm,22,negative,positive,True,0.41090783,
sentiment-te-00248,en-Latn,tweets-english,sentiment,bilstm,6,neutral,positive,True,0.61466396,
sentiment-te-00249,en-Latn,tweets-english,sentiment,bilstm,10,positive,negative,True,0.4659172,
sentiment-te-00250,en-Latn,tweets-english,sentiment,bilstm,18,negative,negative,False,0.47040668,
sentiment-te-00251,en-Latn,tweets-english,sentiment,bilstm,18,neutral,negative,True,0.5666648,
sentiment-te-00252,en-Latn,tweets-english,sentiment,bilstm,12,positive,neutral,True,0.4725048,
sentiment-te-00253,en-Latn,tweets-english,sentiment,bilstm,12,negative,neutral,True,0.5035711,
sentiment-te-00254,en-Latn,tweets-english,sentiment,bilstm,10,neutral,positive,True,0.38772318,
sentiment-te-00255,en-Latn,tweets-english,sentiment,bilstm,21,positive,neutral,True,0.56362194,
sentiment-te-00256,en-Latn,tweets-english,sentiment,bilstm,22,negative,neutral,True,0.41604257,
sentiment-te-00257,en-Latn,tweets-english,sentiment,bilstm,17,neutral,negative,True,0.43658936,
sentiment-te-00258,en-Latn,tweets-english,sentiment,bilstm,16,positive,neutral,True,0.48992398,
sentiment-te-00259,en-Latn,tweets-english,sentiment,bilstm,11,negative,neutral,True,0.47762108,
sentiment-te-00260,en-Latn,tweets-english,sentiment,bilstm,27,neutral,neutral,False,0.40026113,
sentiment-te-00261,en-Latn,tweets-english,sentiment,bilstm,10,positive,positive,False,0.34758687,
sentiment-te-00262,en-Latn,tweets-english,sentiment,bilstm,13,negative,neutral,True,0.35145575,
sentiment-te-00263,en-Latn,tweets-english,sentiment,bilstm,12,neutral,positive,True,0.39690012,
sentiment-te-00264,en-Latn,tweets-english,sentiment,bilstm,15,positive,neutral,True,0.46820426,
sentiment-te-00265,en-Latn,tweets-english,sentiment,bilstm,22,negative,negative,False,0.5215425,
sentiment-te-00266,en-Latn,tweets-english,sentiment,bilstm,10,neutral,neutral,False,0.402751,
sentiment-te-00267,en-Latn,tweets-english,sentiment,bilstm,10,positive,negative,True,0.38511422,
sentiment-te-00268,en-Latn,tweets-english,sentiment,bilstm,18,negative,positive,True,0.6463839,
sentiment-te-00269,en-Latn,tweets-english,sentiment,bilstm,8,neutral,neutral,False,0.4077616,
sentiment-te-00270,en-Latn,tweets-english,sentiment,bilstm,22,positive,positive,False,0.6484131,
sentiment-te-00271,en-Latn,tweets-english,sentiment,bilstm,14,negative,neutral,True,0.53769356,
sentiment-te-00272,en-Latn,tweets-english,sentiment,bilstm,20,neutral,neutral,False,0.5700324,
sentiment-te-00273,en-Latn,tweets-english,sentiment,bilstm,10,positive,positive,False,0.38724196,
sentiment-te-00274,en-Latn,tweets-english,sentiment,bilstm,18,negative,neutral,True,0.6346933,
sentiment-te-00275,en-Latn,tweets-english,sentiment,bilstm,8,neutral,neutral,False,0.5179106,
sentiment-te-00276,en-Latn,tweets-english,sentiment,bilstm,13,positive,negative,True,0.6340633,
sentiment-te-00277,en-Latn,tweets-english,sentiment,bilstm,17,negative,neutral,True,0.44224933,
sentiment-te-00278,en-Latn,tweets-english,sentiment,bilstm,11,neutral,positive,True,0.34564614,
sentiment-te-00279,en-Latn,tweets-english,sentiment,bilstm,9,positive,positive,False,0.45833892,
sentiment-te-00280,en-Latn,tweets-english,sentiment,bilstm,10,negative,positive,True,0.5251309,
sentiment-te-00281,en-Latn,tweets-english,sentiment,bilstm,13,neutral,neutral,False,0.41398016,
sentiment-te-00282,en-Latn,tweets-english,sentiment,bilstm,9,positive,neutral,True,0.39057878,
sentiment-te-00283,en-Latn,tweets-english,sentiment,bilstm,22,negative,negative,False,0.53018486,
sentiment-te-00284,en-Latn,tweets-english,sentiment,bilstm,8,neutral,negative,True,0.495308,
sentiment-te-00285,en-Latn,tweets-english,sentiment,bilstm,8,positive,positive,False,0.3814247,
sentiment-te-00286,en-Latn,tweets-english,sentiment,bilstm,12,negative,positive,True,0.44518545,
sentiment-te-00287,en-Latn,tweets-english,sentiment,bilstm,19,neutral,negative,True,0.43762943,
sentiment-te-00288,en-Latn,tweets-english,sentiment,bilstm,11,positive,neutral,True,0.44282946,
sentiment-te-00289,en-Latn,tweets-english,sentiment,bilstm,19,negative,negative,False,0.5954713,
sentiment-te-00290,en-Latn,tweets-english,sentiment,bilstm,19,neutral,neutral,False,0.5338338,
sentiment-te-00291,en-Latn,tweets-english,sentiment,bilstm,24,positive,positive,False,0.5410737,
sentiment-te-00292,en-Latn,tweets-english,sentiment,bilstm,24,negative,neutral,True,0.36670372,
sentiment-te-00293,en-Latn,tweets-english,sentiment,bilstm,14,neutral,negative,True,0.3712946,
sentiment-te-00294,en-Latn,tweets-english,sentiment,bilstm,7,positive,neutral,True,0.38168865,
sentiment-te-00295,en-Latn,tweets-english,sentiment,bilstm,20,negative,negative,False,0.40133986,
sentiment-te-00296,en-Latn,tweets-english,sentiment,bilstm,8,neutral,positive,True,0.53448915,
sentiment-te-00297,en-Latn,tweets-english,sentiment,bilstm,15,positive,positive,False,0.45580965,
sentiment-te-00298,en-Latn,tweets-english,sentiment,bilstm,21,negative,neutral,True,0.55219567,
sentiment-te-00299,en-Latn,tweets-english,sentiment,bilstm,9,neutral,negative,True,0.5620777,
sentiment-te-00300,en-Latn,tweets-english,sentiment,bilstm,11,positive,positive,False,0.7754545,
sentiment-te-00301,en-Latn,tweets-english,sentiment,bilstm,21,negative,neutral,True,0.39819452,
sentiment-te-00302,en-Latn,tweets-english,sentiment,bilstm,13,neutral,negative,True,0.50355154,
sentiment-te-00303,en-Latn,tweets-english,sentiment,bilstm,11,positive,neutral,True,0.40718192,
sentiment-te-00304,en-Latn,tweets-english,sentiment,bilstm,17,negative,neutral,True,0.57006377,
sentiment-te-00305,en-Latn,tweets-english,sentiment,bilstm,23,neutral,negative,True,0.512082,
sentiment-te-00306,en-Latn,tweets-english,sentiment,bilstm,21,positive,neutral,True,0.37344688,
sentiment-te-00307,en-Latn,tweets-english,sentiment,bilstm,13,negative,neutral,True,0.40363654,
sentiment-te-00308,en-Latn,tweets-english,sentiment,bilstm,17,neutral,negative,True,0.63686216,
sentiment-te-00309,en-Latn,tweets-english,sentiment,bilstm,11,positive,positive,False,0.59451705,
sentiment-te-00310,en-Latn,tweets-english,sentiment,bilstm,9,negative,negative,False,0.412239,
sentiment-te-00311,en-Latn,tweets-english,sentiment,bilstm,9,neutral,neutral,False,0.4075427,
sentiment-te-00312,en-Latn,tweets-english,sentiment,bilstm,7,positive,negative,True,0.5889356,
sentiment-te-00313,en-Latn,tweets-english,sentiment,bilstm,22,negative,neutral,True,0.38016576,
sentiment-te-00314,en-Latn,tweets-english,sentiment,bilstm,12,neutral,neutral,False,0.37181482,
sentiment-te-00315,en-Latn,tweets-english,sentiment,bilstm,25,positive,negative,True,0.4932268,
sentiment-te-00316,en-Latn,tweets-english,sentiment,bilstm,21,negative,negative,False,0.38710928,
sentiment-te-00317,en-Latn,tweets-english,sentiment,bilstm,16,neutral,neutral,False,0.3851082,
sentiment-te-00318,en-Latn,tweets-english,sentiment,bilstm,11,positive,positive,False,0.4197217,
sentiment-te-00319,en-Latn,tweets-english,sentiment,bilstm,11,negative,negative,False,0.4522857,
sentiment-te-00320,en-Latn,tweets-english,sentiment,bilstm,17,neutral,neutral,False,0.60918605,
sentiment-te-00321,en-Latn,tweets-english,sentiment,bilstm,14,positive,positive,False,0.70179474,
sentiment-te-00322,en-Latn,tweets-english,sentiment,bilstm,21,negative,neutral,True,0.6612311,
sentiment-te-00323,en-Latn,tweets-english,sentiment,bilstm,22,neutral,neutral,False,0.56450087,
sentiment-te-00324,en-Latn,tweets-english,sentiment,bilstm,15,positive,positive,False,0.43907744,
sentiment-te-00325,en-Latn,tweets-english,sentiment,bilstm,20,negative,positive,True,0.48748899,
sentiment-te-00326,en-Latn,tweets-english,sentiment,bilstm,14,neutral,neutral,False,0.41816556,
sentiment-te-00327,en-Latn,tweets-english,sentiment,bilstm,20,positive,negative,True,0.4005131,
sentiment-te-00328,en-Latn,tweets-english,sentiment,bilstm,15,negative,negative,False,0.42772973,
sentiment-te-00329,en-Latn,tweets-english,sentiment,bilstm,26,neutral,neutral,False,0.36266676,
sentiment-te-00330,en-Latn,tweets-english,sentiment,bilstm,10,positive,neutral,True,0.3736373,
sentiment-te-00331,en-Latn,tweets-english,sentiment,bilstm,20,negative,negative,False,0.40332183,
sentiment-te-00332,en-Latn,tweets-english,sentiment,bilstm,5,neutral,neutral,False,0.41705298,
sentiment-te-00333,en-Latn,tweets-english,sentiment,bilstm,6,positive,negative,True,0.43679237,
sentiment-te-00334,en-Latn,tweets-english,sentiment,bilstm,11,negative,negative,False,0.40840605,
sentiment-te-00335,en-Latn,tweets-english,sentiment,bilstm,11,neutral,neutral,False,0.4442118,
sentiment-te-00336,en-Latn,tweets-english,sentiment,bilstm,7,positive,neutral,True,0.46758398,
sentiment-te-00337,en-Latn,tweets-english,sentiment,bilstm,16,negative,neutral,True,0.5488222,
sentiment-te-00338,en-Latn,tweets-english,sentiment,bilstm,24,neutral,neutral,False,0.59689474,
sentiment-te-00339,en-Latn,tweets-english,sentiment,bilstm,5,positive,neutral,True,0.45789006,
sentiment-te-00340,en-Latn,tweets-english,sentiment,bilstm,22,negative,negative,False,0.46700302,
sentiment-te-00341,en-Latn,tweets-english,sentiment,bilstm,14,neutral,negative,True,0.4283767,
sentiment-te-00342,en-Latn,tweets-english,sentiment,bilstm,14,positive,positive,False,0.3853128,
sentiment-te-00343,en-Latn,tweets-english,sentiment,bilstm,13,negative,negative,False,0.53866094,
sentiment-te-00344,en-Latn,tweets-english,sentiment,bilstm,18,neutral,neutral,False,0.49892217,
sentiment-te-00345,en-Latn,tweets-english,sentiment,bilstm,12,positive,neutral,True,0.4817595,
sentiment-te-00346,en-Latn,tweets-english,sentiment,bilstm,10,negative,neutral,True,0.36248475,
sentiment-te-00347,en-Latn,tweets-english,sentiment,bilstm,8,neutral,neutral,False,0.40858555,
sentiment-te-00348,en-Latn,tweets-english,sentiment,bilstm,18,positive,positive,False,0.44019225,
sentiment-te-00349,en-Latn,tweets-english,sentiment,bilstm,8,negative,neutral,True,0.36661413,
sentiment-te-00350,en-Latn,tweets-english,sentiment,bilstm,9,neutral,negative,True,0.6304144,
sentiment-te-00351,en-Latn,tweets-english,sentiment,bilstm,19,positive,positive,False,0.68004787,
sentiment-te-00352,en-Latn,tweets-english,sentiment,bilstm,20,negative,negative,False,0.5443039,
sentiment-te-00353,en-Latn,tweets-english,sentiment,bilstm,12,neutral,neutral,False,0.522571,
sentiment-te-00354,en-Latn,tweets-english,sentiment,bilstm,9,positive,neutral,True,0.46118078,
sentiment-te-00355,en-Latn,tweets-english,sentiment,bilstm,24,negative,negative,False,0.44435707,
sentiment-te-00356,en-Latn,tweets-english,sentiment,bilstm,24,neutral,negative,True,0.3702629,
sentiment-te-00357,en-Latn,tweets-english,sentiment,bilstm,17,positive,positive,False,0.4996947,
sentiment-te-00358,en-Latn,tweets-english,sentiment,bilstm,18,negative,negative,False,0.4662863,
sentiment-te-00359,en-Latn,tweets-english,sentiment,bilstm,23,neutral,neutral,False,0.48562565,
sentiment-te-00360,en-Latn,tweets-english,sentiment,bilstm,20,positive,negative,True,0.42700344,
sentiment-te-00361,en-Latn,tweets-english,sentiment,bilstm,18,negative,negative,False,0.48610365,
sentiment-te-00362,en-Latn,tweets-english,sentiment,bilstm,19,neutral,neutral,False,0.40049702,
sentiment-te-00363,en-Latn,tweets-english,sentiment,bilstm,18,positive,positive,False,0.62982804,
sentiment-te-00364,en-Latn,tweets-english,sentiment,bilstm,16,negative,negative,False,0.46372244,
sentiment-te-00365,en-Latn,tweets-english,sentiment,bilstm,20,neutral,negative,True,0.54106104,
sentiment-te-00366,en-Latn,tweets-english,sentiment,bilstm,8,positive,positive,False,0.5061967,
sentiment-te-00367,en-Latn,tweets-english,sentiment,bilstm,10,negative,negative,False,0.38552412,
sentiment-te-00368,en-Latn,tweets-english,sentiment,bilstm,15,neutral,positive,True,0.39440304,
sentiment-te-00369,en-Latn,tweets-english,sentiment,bilstm,12,positive,positive,False,0.45311907,
sentiment-te-00370,en-Latn,tweets-english,sentiment,bilstm,14,negative,neutral,True,0.5033602,
sentiment-te-00371,en-Latn,tweets-english,sentiment,bilstm,19,neutral,negative,True,0.55787367,
sentiment-te-00372,en-Latn,tweets-english,sentiment,bilstm,16,positive,positive,False,0.48851502,
sentiment-te-00373,en-Latn,tweets-english,sentiment,bilstm,18,negative,negative,False,0.4620039,
sentiment-te-00374,en-Latn,tweets-english,sentiment,bilstm,5,neutral,neutral,False,0.3808736,
sentiment-te-00375,en-Latn,tweets-english,sentiment,bilstm,13,positive,neutral,True,0.49100584,
sentiment-te-00376,en-Latn,tweets-english,sentiment,bilstm,17,negative,positive,True,0.49163213,
sentiment-te-00377,en-Latn,tweets-english,sentiment,bilstm,10,neutral,negative,True,0.451441,
sentiment-te-00378,en-Latn,tweets-english,sentiment,bilstm,18,positive,positive,False,0.6202398,
sentiment-te-00379,en-Latn,tweets-english,sentiment,bilstm,9,negative,negative,False,0.43270114,
sentiment-te-00380,en-Latn,tweets-english,sentiment,bilstm,22,neutral,neutral,False,0.4506416,
sentiment-te-00381,en-Latn,tweets-english,sentiment,bilstm,9,positive,negative,True,0.447712,
sentiment-te-00382,en-Latn,tweets-english,sentiment,bilstm,14,negative,neutral,True,0.43505922,
sentiment-te-00383,en-Latn,tweets-english,sentiment,bilstm,17,neutral,negative,True,0.45059142,
sentiment-te-00384,en-Latn,tweets-english,sentiment,bilstm,10,positive,neutral,True,0.37322646,
sentiment-te-00385,en-Latn,tweets-english,sentiment,bilstm,29,negative,negative,False,0.490483,
sentiment-te-00386,en-Latn,tweets-english,sentiment,bilstm,10,neutral,neutral,False,0.5158628,
sentiment-te-00387,en-Latn,tweets-english,sentiment,bilstm,10,positive,negative,True,0.6891117,
sentiment-te-00388,en-Latn,tweets-english,sentiment,bilstm,11,negative,neutral,True,0.43944436,
sentiment-te-00389,en-Latn,tweets-english,sentiment,bilstm,15,neutral,positive,True,0.36415604,
sentiment-te-00390,en-Latn,tweets-english,sentiment,bilstm,15,positive,positive,False,0.47398454,
sentiment-te-00391,en-Latn,tweets-english,sentiment,bilstm,17,negative,negative,False,0.4396294,
sentiment-te-00392,en-Latn,tweets-english,sentiment,bilstm,8,neutral,negative,True,0.42313802,
sentiment-te-00393,en-Latn,tweets-english,sentiment,bilstm,23,positive,positive,False,0.56770945,
sentiment-te-00394,en-Latn,tweets-english,sentiment,bilstm,10,negative,neutral,True,0.50325054,
sentiment-te-00395,en-Latn,tweets-english,sentiment,bilstm,11,neutral,negative,True,0.45344672,
sentiment-te-00396,en-Latn,tweets-english,sentiment,bilstm,18,positive,positive,False,0.5321005,
sentiment-te-00397,en-Latn,tweets-english,sentiment,bilstm,16,negative,neutral,True,0.39903846,
sentiment-te-00398,en-Latn,tweets-english,sentiment,bilstm,22,neutral,negative,True,0.50267744,
sentiment-te-00399,en-Latn,tweets-english,sentiment,bilstm,22,positive,positive,False,0.6500599,
sentiment-te-00400,en-Latn,tweets-english,sentiment,bilstm,17,negative,neutral,True,0.41684404,
sentiment-te-00401,en-Latn,tweets-english,sentiment,bilstm,8,neutral,positive,True,0.45908028,
sentiment-te-00402,en-Latn,tweets-english,sentiment,bilstm,11,positive,negative,True,0.49470642,
sentiment-te-00403,en-Latn,tweets-english,sentiment,bilstm,15,negative,negative,False,0.5172011,
sentiment-te-00404,en-Latn,tweets-english,sentiment,bilstm,20,neutral,neutral,False,0.4257568,
sentiment-te-00405,en-Latn,tweets-english,sentiment,bilstm,17,positive,positive,False,0.56262183,
sentiment-te-00406,en-Latn,tweets-english,sentiment,bilstm,17,negative,neutral,True,0.42912883,
sentiment-te-00407,en-Latn,tweets-english,sentiment,bilstm,18,neutral,negative,True,0.38350013,
sentiment-te-00408,en-Latn,tweets-english,sentiment,bilstm,14,positive,neutral,True,0.42385116,
sentiment-te-00409,en-Latn,tweets-english,sentiment,bilstm,9,negative,positive,True,0.5389279,
sentiment-te-00410,en-Latn,tweets-english,sentiment,bilstm,11,neutral,negative,True,0.36665723,
sentiment-te-00411,en-Latn,tweets-english,sentiment,bilstm,9,positive,positive,False,0.55090135,
sentiment-te-00412,en-Latn,tweets-english,sentiment,bilstm,11,negative,negative,False,0.6590863,
sentiment-te-00413,en-Latn,tweets-english,sentiment,bilstm,9,neutral,neutral,False,0.5514605,
sentiment-te-00414,en-Latn,tweets-english,sentiment,bilstm,22,positive,positive,False,0.42066464,
sentiment-te-00415,en-Latn,tweets-english,sentiment,bilstm,6,negative,neutral,True,0.5183792,
sentiment-te-00416,en-Latn,tweets-english,sentiment,bilstm,13,neutral,positive,True,0.63334656,
sentiment-te-00417,en-Latn,tweets-english,sentiment,bilstm,17,positive,negative,True,0.43894824,
sentiment-te-00418,en-Latn,tweets-english,sentiment,bilstm,20,negative,positive,True,0.43419692,
sentiment-te-00419,en-Latn,tweets-english,sentiment,bilstm,12,neutral,positive,True,0.4690901,
sentiment-te-00420,en-Latn,tweets-english,sentiment,bilstm,21,positive,negative,True,0.42828318,
sentiment-te-00421,en-Latn,tweets-english,sentiment,bilstm,9,negative,neutral,True,0.39302376,
sentiment-te-00422,en-Latn,tweets-english,sentiment,bilstm,12,neutral,negative,True,0.6001771,
sentiment-te-00423,en-Latn,tweets-english,sentiment,bilstm,9,positive,neutral,True,0.47364718,
sentiment-te-00424,en-Latn,tweets-english,sentiment,bilstm,14,negative,negative,False,0.40295088,
sentiment-te-00425,en-Latn,tweets-english,sentiment,bilstm,10,neutral,neutral,False,0.6337914,
sentiment-te-00426,en-Latn,tweets-english,sentiment,bilstm,18,positive,neutral,True,0.35636702,
sentiment-te-00427,en-Latn,tweets-english,sentiment,bilstm,21,negative,negative,False,0.6654056,
sentiment-te-00428,en-Latn,tweets-english,sentiment,bilstm,7,neutral,negative,True,0.5597163,
sentiment-te-00429,en-Latn,tweets-english,sentiment,bilstm,11,positive,neutral,True,0.40104926,
sentiment-te-00430,en-Latn,tweets-english,sentiment,bilstm,21,negative,negative,False,0.63072324,
sentiment-te-00431,en-Latn,tweets-english,sentiment,bilstm,20,neutral,negative,True,0.36782897,
sentiment-te-00432,en-Latn,tweets-english,sentiment,bilstm,8,positive,positive,False,0.43122146,
sentiment-te-00433,en-Latn,tweets-english,sentiment,bilstm,19,negative,negative,False,0.550251,
sentiment-te-00434,en-Latn,tweets-english,sentiment,bilstm,17,neutral,negative,True,0.55144554,
sentiment-te-00435,en-Latn,tweets-english,sentiment,bilstm,9,positive,negative,True,0.411188,
sentiment-te-00436,en-Latn,tweets-english,sentiment,bilstm,18,negative,negative,False,0.48724365,
sentiment-te-00437,en-Latn,tweets-english,sentiment,bilstm,16,neutral,negative,True,0.38458514,
sentiment-te-00438,en-Latn,tweets-english,sentiment,bilstm,12,positive,negative,True,0.48264724,
sentiment-te-00439,en-Latn,tweets-english,sentiment,bilstm,11,negative,positive,True,0.39676535,
sentiment-te-00440,en-Latn,tweets-english,sentiment,bilstm,17,neutral,neutral,False,0.3784789,
sentiment-te-00441,en-Latn,tweets-english,sentiment,bilstm,15,positive,positive,False,0.43359503,
sentiment-te-00442,en-Latn,tweets-english,sentiment,bilstm,19,negative,negative,False,0.52810705,
sentiment-te-00443,en-Latn,tweets-english,sentiment,bilstm,14,neutral,negative,True,0.41577235,
sentiment-te-00444,en-Latn,tweets-english,sentiment,bilstm,14,positive,neutral,True,0.5154577,
sentiment-te-00445,en-Latn,tweets-english,sentiment,bilstm,21,negative,neutral,True,0.5600405,
sentiment-te-00446,en-Latn,tweets-english,sentiment,bilstm,10,neutral,negative,True,0.59028727,
sentiment-te-00447,en-Latn,tweets-english,sentiment,bilstm,5,positive,neutral,True,0.6437323,
sentiment-te-00448,en-Latn,tweets-english,sentiment,bilstm,24,negative,neutral,True,0.6215867,
sentiment-te-00449,en-Latn,tweets-english,sentiment,bilstm,18,neutral,positive,True,0.4980605,
sentiment-te-00450,en-Latn,tweets-english,sentiment,bilstm,21,positive,positive,False,0.60096765,
sentiment-te-00451,en-Latn,tweets-english,sentiment,bilstm,19,negative,positive,True,0.51406634,
sentiment-te-00452,en-Latn,tweets-english,sentiment,bilstm,15,neutral,neutral,False,0.5045488,
sentiment-te-00453,en-Latn,tweets-english,sentiment,bilstm,6,positive,negative,True,0.39110985,
sentiment-te-00454,en-Latn,tweets-english,sentiment,bilstm,5,negative,neutral,True,0.37205592,
sentiment-te-00455,en-Latn,tweets-english,sentiment,bilstm,23,neutral,negative,True,0.5871811,
sentiment-te-00456,en-Latn,tweets-english,sentiment,bilstm,5,positive,positive,False,0.553048,
sentiment-te-00457,en-Latn,tweets-english,sentiment,bilstm,17,negative,negative,False,0.49841267,
sentiment-te-00458,en-Latn,tweets-english,sentiment,bilstm,10,neutral,positive,True,0.4909134,
sentiment-te-00459,en-Latn,tweets-english,sentiment,bilstm,14,positive,positive,False,0.40448445,
sentiment-te-00460,en-Latn,tweets-english,sentiment,bilstm,18,negative,neutral,True,0.46148902,
sentiment-te-00461,en-Latn,tweets-english,sentiment,bilstm,13,neutral,negative,True,0.35097444,
sentiment-te-00462,en-Latn,tweets-english,sentiment,bilstm,11,positive,positive,False,0.45806402,
sentiment-te-00463,en-Latn,tweets-english,sentiment,bilstm,24,negative,positive,True,0.42942914,
sentiment-te-00464,en-Latn,tweets-english,sentiment,bilstm,14,neutral,neutral,False,0.53229445,
sentiment-te-00465,en-Latn,tweets-english,sentiment,bilstm,19,positive,neutral,True,0.3966769,
sentiment-te-00466,en-Latn,tweets-english,sentiment,bilstm,18,negative,negative,False,0.4144724,
sentiment-te-00467,en-Latn,tweets-english,sentiment,bilstm,10,neutral,negative,True,0.35072267,
sentiment-te-00468,en-Latn,tweets-english,sentiment,bilstm,19,positive,neutral,True,0.520423,
sentiment-te-00469,en-Latn,tweets-english,sentiment,bilstm,22,negative,neutral,True,0.64152676,
sentiment-te-00470,en-Latn,tweets-english,sentiment,bilstm,9,neutral,neutral,False,0.4629495,
sentiment-te-00471,en-Latn,tweets-english,sentiment,bilstm,20,positive,positive,False,0.57031435,
sentiment-te-00472,en-Latn,tweets-english,sentiment,bilstm,19,negative,neutral,True,0.50125456,
sentiment-te-00473,en-Latn,tweets-english,sentiment,bilstm,7,neutral,neutral,False,0.46968037,
sentiment-te-00474,en-Latn,tweets-english,sentiment,bilstm,22,positive,positive,False,0.53014964,
sentiment-te-00475,en-Latn,tweets-english,sentiment,bilstm,21,negative,negative,False,0.5667665,
sentiment-te-00476,en-Latn,tweets-english,sentiment,bilstm,12,neutral,neutral,False,0.64097255,
sentiment-te-00477,en-Latn,tweets-english,sentiment,bilstm,14,positive,positive,False,0.55258405,
sentiment-te-00478,en-Latn,tweets-english,sentiment,bilstm,8,negative,negative,False,0.7714427,
sentiment-te-00479,en-Latn,tweets-english,sentiment,bilstm,14,neutral,negative,True,0.511275,
sentiment-te-00480,en-Latn,tweets-english,sentiment,bilstm,14,positive,neutral,True,0.37331873,
sentiment-te-00481,en-Latn,tweets-english,sentiment,bilstm,16,negative,positive,True,0.6194508,
sentiment-te-00482,en-Latn,tweets-english,sentiment,bilstm,19,neutral,positive,True,0.4061532,
sentiment-te-00483,en-Latn,tweets-english,sentiment,bilstm,12,positive,positive,False,0.42690408,
sentiment-te-00484,en-Latn,tweets-english,sentiment,bilstm,13,negative,neutral,True,0.5527756,
sentiment-te-00485,en-Latn,tweets-english,sentiment,bilstm,23,neutral,negative,True,0.50566244,
sentiment-te-00486,en-Latn,tweets-english,sentiment,bilstm,12,positive,positive,False,0.45220077,
sentiment-te-00487,en-Latn,tweets-english,sentiment,bilstm,20,negative,positive,True,0.4077288,
sentiment-te-00488,en-Latn,tweets-english,sentiment,bilstm,15,neutral,neutral,False,0.40824842,
sentiment-te-00489,en-Latn,tweets-english,sentiment,bilstm,23,positive,neutral,True,0.47106516,
sentiment-te-00490,en-Latn,tweets-english,sentiment,bilstm,21,negative,negative,False,0.50476736,
sentiment-te-00491,en-Latn,tweets-english,sentiment,bilstm,9,neutral,neutral,False,0.5249531,
sentiment-te-00492,en-Latn,tweets-english,sentiment,bilstm,8,positive,negative,True,0.4683699,
sentiment-te-00493,en-Latn,tweets-english,sentiment,bilstm,14,negative,negative,False,0.40536293,
sentiment-te-00494,en-Latn,tweets-english,sentiment,bilstm,20,neutral,positive,True,0.36435416,
sentiment-te-00495,en-Latn,tweets-english,sentiment,bilstm,20,positive,neutral,True,0.45714644,
sentiment-te-00496,en-Latn,tweets-english,sentiment,bilstm,15,negative,negative,False,0.44558248,
sentiment-te-00497,en-Latn,tweets-english,sentiment,bilstm,9,neutral,neutral,False,0.49330255,
sentiment-te-00498,en-Latn,tweets-english,sentiment,bilstm,12,positive,neutral,True,0.4505523,
sentiment-te-00499,en-Latn,tweets-english,sentiment,bilstm,24,negative,neutral,True,0.5095667,
sentiment-te-00500,en-Latn,tweets-english,sentiment,bilstm,11,neutral,neutral,False,0.39333877,
sentiment-te-00501,en-Latn,tweets-english,sentiment,bilstm,12,positive,negative,True,0.34469765,
sentiment-te-00502,en-Latn,tweets-english,sentiment,bilstm,20,negative,positive,True,0.38394406,
sentiment-te-00503,en-Latn,tweets-english,sentiment,bilstm,18,neutral,negative,True,0.46191433,
sentiment-te-00504,en-Latn,tweets-english,sentiment,bilstm,13,positive,neutral,True,0.4491328,
sentiment-te-00505,en-Latn,tweets-english,sentiment,bilstm,14,negative,negative,False,0.41224918,
sentiment-te-00506,en-Latn,tweets-english,sentiment,bilstm,7,neutral,positive,True,0.40379807,
sentiment-te-00507,en-Latn,tweets-english,sentiment,bilstm,22,positive,positive,False,0.4954805,
sentiment-te-00508,en-Latn,tweets-english,sentiment,bilstm,15,negative,neutral,True,0.4642315,
sentiment-te-00509,en-Latn,tweets-english,sentiment,bilstm,24,neutral,negative,True,0.39550465,
sentiment-te-00510,en-Latn,tweets-english,sentiment,bilstm,20,positive,negative,True,0.4905169,
sentiment-te-00511,en-Latn,tweets-english,sentiment,bilstm,12,negative,neutral,True,0.5105146,
sentiment-te-00512,en-Latn,tweets-english,sentiment,bilstm,20,neutral,neutral,False,0.425157,
sentiment-te-00513,en-Latn,tweets-english,sentiment,bilstm,9,positive,positive,False,0.47721347,
sentiment-te-00514,en-Latn,tweets-english,sentiment,bilstm,16,negative,negative,False,0.6506909,
sentiment-te-00515,en-Latn,tweets-english,sentiment,bilstm,27,neutral,negative,True,0.4237528,
sentiment-te-00516,en-Latn,tweets-english,sentiment,bilstm,14,positive,positive,False,0.5010476,
sentiment-te-00517,en-Latn,tweets-english,sentiment,bilstm,21,negative,positive,True,0.3850311,
sentiment-te-00518,en-Latn,tweets-english,sentiment,bilstm,8,neutral,negative,True,0.51034606,
sentiment-te-00519,en-Latn,tweets-english,sentiment,bilstm,7,positive,positive,False,0.569196,
sentiment-te-00520,en-Latn,tweets-english,sentiment,bilstm,11,negative,negative,False,0.44270003,
sentiment-te-00521,en-Latn,tweets-english,sentiment,bilstm,16,neutral,neutral,False,0.4552598,
sentiment-te-00522,en-Latn,tweets-english,sentiment,bilstm,25,positive,negative,True,0.51079124,
sentiment-te-00523,en-Latn,tweets-english,sentiment,bilstm,11,negative,neutral,True,0.36389676,
sentiment-te-00524,en-Latn,tweets-english,sentiment,bilstm,17,neutral,neutral,False,0.3952133,
sentiment-te-00525,en-Latn,tweets-english,sentiment,bilstm,9,positive,neutral,True,0.39573088,
sentiment-te-00526,en-Latn,tweets-english,sentiment,bilstm,25,negative,neutral,True,0.5675799,
sentiment-te-00527,en-Latn,tweets-english,sentiment,bilstm,14,neutral,neutral,False,0.52066267,
sentiment-te-00528,en-Latn,tweets-english,sentiment,bilstm,7,positive,positive,False,0.56990856,
sentiment-te-00529,en-Latn,tweets-english,sentiment,bilstm,24,negative,negative,False,0.738754,
sentiment-te-00530,en-Latn,tweets-english,sentiment,bilstm,22,neutral,negative,True,0.41766068,
sentiment-te-00531,en-Latn,tweets-english,sentiment,bilstm,14,positive,neutral,True,0.4842762,
sentiment-te-00532,en-Latn,tweets-english,sentiment,bilstm,20,negative,positive,True,0.51259446,
sentiment-te-00533,en-Latn,tweets-english,sentiment,bilstm,10,neutral,neutral,False,0.49251327,
sentiment-te-00534,en-Latn,tweets-english,sentiment,bilstm,8,positive,neutral,True,0.36885518,
sentiment-te-00535,en-Latn,tweets-english,sentiment,bilstm,20,negative,positive,True,0.35710415,
sentiment-te-00536,en-Latn,tweets-english,sentiment,bilstm,16,neutral,neutral,False,0.6433883,
sentiment-te-00537,en-Latn,tweets-english,sentiment,bilstm,11,positive,positive,False,0.43506917,
sentiment-te-00538,en-Latn,tweets-english,sentiment,bilstm,16,negative,negative,False,0.5200966,
sentiment-te-00539,en-Latn,tweets-english,sentiment,bilstm,12,neutral,neutral,False,0.42866877,
sentiment-te-00540,en-Latn,tweets-english,sentiment,bilstm,11,positive,positive,False,0.36426452,
sentiment-te-00541,en-Latn,tweets-english,sentiment,bilstm,7,negative,negative,False,0.42315724,
sentiment-te-00542,en-Latn,tweets-english,sentiment,bilstm,8,neutral,neutral,False,0.3959972,
sentiment-te-00543,en-Latn,tweets-english,sentiment,bilstm,8,positive,positive,False,0.4134748,
sentiment-te-00544,en-Latn,tweets-english,sentiment,bilstm,11,negative,neutral,True,0.4233896,
sentiment-te-00545,en-Latn,tweets-english,sentiment,bilstm,14,neutral,positive,True,0.67814755,
sentiment-te-00546,en-Latn,tweets-english,sentiment,bilstm,20,positive,positive,False,0.65410787,
sentiment-te-00547,en-Latn,tweets-english,sentiment,bilstm,23,negative,negative,False,0.4492621,
sentiment-te-00548,en-Latn,tweets-english,sentiment,bilstm,5,neutral,positive,True,0.3495124,
sentiment-te-00549,en-Latn,tweets-english,sentiment,bilstm,11,positive,positive,False,0.42192644,
sentiment-te-00550,en-Latn,tweets-english,sentiment,bilstm,21,negative,negative,False,0.39175913,
sentiment-te-00551,en-Latn,tweets-english,sentiment,bilstm,9,neutral,positive,True,0.3913086,
sentiment-te-00552,en-Latn,tweets-english,sentiment,bilstm,13,positive,positive,False,0.61200666,
sentiment-te-00553,en-Latn,tweets-english,sentiment,bilstm,11,negative,positive,True,0.36585572,
sentiment-te-00554,en-Latn,tweets-english,sentiment,bilstm,24,neutral,negative,True,0.42545035,
sentiment-te-00555,en-Latn,tweets-english,sentiment,bilstm,28,positive,positive,False,0.58873504,
sentiment-te-00556,en-Latn,tweets-english,sentiment,bilstm,21,negative,negative,False,0.56155777,
sentiment-te-00557,en-Latn,tweets-english,sentiment,bilstm,7,neutral,neutral,False,0.45387477,
sentiment-te-00558,en-Latn,tweets-english,sentiment,bilstm,14,positive,positive,False,0.53382283,
sentiment-te-00559,en-Latn,tweets-english,sentiment,bilstm,22,negative,negative,False,0.43544662,
sentiment-te-00560,en-Latn,tweets-english,sentiment,bilstm,11,neutral,negative,True,0.45795393,
sentiment-te-00561,en-Latn,tweets-english,sentiment,bilstm,14,positive,positive,False,0.45731527,
sentiment-te-00562,en-Latn,tweets-english,sentiment,bilstm,24,negative,negative,False,0.5755174,
sentiment-te-00563,en-Latn,tweets-english,sentiment,bilstm,16,neutral,neutral,False,0.37576926,
sentiment-te-00564,en-Latn,tweets-english,sentiment,bilstm,17,positive,neutral,True,0.47304466,
sentiment-te-00565,en-Latn,tweets-english,sentiment,bilstm,12,negative,neutral,True,0.4115116,
sentiment-te-00566,en-Latn,tweets-english,sentiment,bilstm,16,neutral,negative,True,0.44837564,
sentiment-te-00567,en-Latn,tweets-english,sentiment,bilstm,25,positive,negative,True,0.46245366,
sentiment-te-00568,en-Latn,tweets-english,sentiment,bilstm,24,negative,neutral,True,0.46914288,
sentiment-te-00569,en-Latn,tweets-english,sentiment,bilstm,19,neutral,positive,True,0.46301615,
sentiment-te-00570,en-Latn,tweets-english,sentiment,bilstm,6,positive,neutral,True,0.38847744,
sentiment-te-00571,en-Latn,tweets-english,sentiment,bilstm,17,negative,negative,False,0.60817176,
sentiment-te-00572,en-Latn,tweets-english,sentiment,bilstm,15,neutral,neutral,False,0.5078992,
sentiment-te-00573,en-Latn,tweets-english,sentiment,bilstm,17,positive,positive,False,0.610247,
sentiment-te-00574,en-Latn,tweets-english,sentiment,bilstm,12,negative,positive,True,0.5052622,
sentiment-te-00575,en-Latn,tweets-english,sentiment,bilstm,12,neutral,neutral,False,0.44076154,
sentiment-te-00576,en-Latn,tweets-english,sentiment,bilstm,23,positive,positive,False,0.43259612,
sentiment-te-00577,en-Latn,tweets-english,sentiment,bilstm,16,negative,neutral,True,0.3982509,
sentiment-te-00578,en-Latn,tweets-english,sentiment,bilstm,5,neutral,negative,True,0.5240591,
sentiment-te-00579,en-Latn,tweets-english,sentiment,bilstm,9,positive,negative,True,0.48459348,
sentiment-te-00580,en-Latn,tweets-english,sentiment,bilstm,11,negative,positive,True,0.6235261,
sentiment-te-00581,en-Latn,tweets-english,sentiment,bilstm,10,neutral,negative,True,0.36136448,
sentiment-te-00582,en-Latn,tweets-english,sentiment,bilstm,10,positive,negative,True,0.5219628,
sentiment-te-00583,en-Latn,tweets-english,sentiment,bilstm,21,negative,neutral,True,0.5358625,
sentiment-te-00584,en-Latn,tweets-english,sentiment,bilstm,10,neutral,negative,True,0.7556949,
sentiment-te-00585,en-Latn,tweets-english,sentiment,bilstm,23,positive,positive,False,0.49259764,
sentiment-te-00586,en-Latn,tweets-english,sentiment,bilstm,18,negative,neutral,True,0.52050614,
sentiment-te-00587,en-Latn,tweets-english,sentiment,bilstm,11,neutral,neutral,False,0.36483133,
sentiment-te-00588,en-Latn,tweets-english,sentiment,bilstm,17,positive,neutral,True,0.40642267,
sentiment-te-00589,en-Latn,tweets-english,sentiment,bilstm,17,negative,neutral,True,0.48488525,
sentiment-te-00590,en-Latn,tweets-english,sentiment,bilstm,10,neutral,neutral,False,0.4198022,
sentiment-te-00591,en-Latn,tweets-english,sentiment,bilstm,5,positive,neutral,True,0.40438,
sentiment-te-00592,en-Latn,tweets-english,sentiment,bilstm,13,negative,positive,True,0.5107097,
sentiment-te-00593,en-Latn,tweets-english,sentiment,bilstm,17,neutral,negative,True,0.52009386,
sentiment-te-00594,en-Latn,tweets-english,sentiment,bilstm,24,positive,positive,False,0.5264735,
sentiment-te-00595,en-Latn,tweets-english,sentiment,bilstm,18,negative,negative,False,0.40174174,
sentiment-te-00596,en-Latn,tweets-english,sentiment,bilstm,7,neutral,negative,True,0.44292393,
sentiment-te-00597,en-Latn,tweets-english,sentiment,bilstm,11,positive,neutral,True,0.47492093,
sentiment-te-00598,en-Latn,tweets-english,sentiment,bilstm,23,negative,negative,False,0.46523878,
sentiment-te-00599,en-Latn,tweets-english,sentiment,bilstm,16,neutral,negative,True,0.42484242,
sentiment-te-00600,en-Latn,tweets-english,sentiment,bilstm,11,positive,neutral,True,0.4612441,
sentiment-te-00601,en-Latn,tweets-english,sentiment,bilstm,21,negative,negative,False,0.5168889,
sentiment-te-00602,en-Latn,tweets-english,sentiment,bilstm,17,neutral,neutral,False,0.42953822,
sentiment-te-00603,en-Latn,tweets-english,sentiment,bilstm,6,positive,positive,False,0.47840467,
sentiment-te-00604,en-Latn,tweets-english,sentiment,bilstm,21,negative,negative,False,0.54473305,
sentiment-te-00605,en-Latn,tweets-english,sentiment,bilstm,17,neutral,positive,True,0.40287444,
sentiment-te-00606,en-Latn,tweets-english,sentiment,bilstm,11,positive,positive,False,0.57669944,
sentiment-te-00607,en-Latn,tweets-english,sentiment,bilstm,22,negative,neutral,True,0.5630965,
sentiment-te-00608,en-Latn,tweets-english,sentiment,bilstm,18,neutral,neutral,False,0.61177325,
sentiment-te-00609,en-Latn,tweets-english,sentiment,bilstm,13,positive,positive,False,0.52508515,
sentiment-te-00610,en-Latn,tweets-english,sentiment,bilstm,20,negative,negative,False,0.51900744,
sentiment-te-00611,en-Latn,tweets-english,sentiment,bilstm,9,neutral,neutral,False,0.5137415,
sentiment-te-00612,en-Latn,tweets-english,sentiment,bilstm,28,positive,positive,False,0.47176903,
sentiment-te-00613,en-Latn,tweets-english,sentiment,bilstm,20,negative,negative,False,0.39745775,
sentiment-te-00614,en-Latn,tweets-english,sentiment,bilstm,9,neutral,neutral,False,0.35563216,
sentiment-te-00615,en-Latn,tweets-english,sentiment,bilstm,18,positive,positive,False,0.4397331,
sentiment-te-00616,en-Latn,tweets-english,sentiment,bilstm,3,negative,negative,False,0.73219854,
sentiment-te-00617,en-Latn,tweets-english,sentiment,bilstm,21,neutral,neutral,False,0.4349447,
sentiment-te-00618,en-Latn,tweets-english,sentiment,bilstm,15,positive,positive,False,0.62427706,
sentiment-te-00619,en-Latn,tweets-english,sentiment,bilstm,20,negative,negative,False,0.46589822,
sentiment-te-00620,en-Latn,tweets-english,sentiment,bilstm,12,neutral,neutral,False,0.4618031,
sentiment-te-00621,en-Latn,tweets-english,sentiment,bilstm,17,positive,neutral,True,0.47609964,
sentiment-te-00622,en-Latn,tweets-english,sentiment,bilstm,6,negative,neutral,True,0.34040794,
sentiment-te-00623,en-Latn,tweets-english,sentiment,bilstm,10,neutral,positive,True,0.3523979,
sentiment-te-00624,en-Latn,tweets-english,sentiment,bilstm,5,positive,positive,False,0.4559031,
sentiment-te-00625,en-Latn,tweets-english,sentiment,bilstm,15,negative,neutral,True,0.46457052,
sentiment-te-00626,en-Latn,tweets-english,sentiment,bilstm,4,neutral,neutral,False,0.4264633,
sentiment-te-00627,en-Latn,tweets-english,sentiment,bilstm,17,positive,neutral,True,0.38224122,
sentiment-te-00628,en-Latn,tweets-english,sentiment,bilstm,14,negative,negative,False,0.38045347,
sentiment-te-00629,en-Latn,tweets-english,sentiment,bilstm,2,neutral,neutral,False,0.37053084,
sentiment-te-00630,en-Latn,tweets-english,sentiment,bilstm,7,positive,neutral,True,0.42646137,
sentiment-te-00631,en-Latn,tweets-english,sentiment,bilstm,27,negative,negative,False,0.5829995,
sentiment-te-00632,en-Latn,tweets-english,sentiment,bilstm,10,neutral,negative,True,0.41728482,
sentiment-te-00633,en-Latn,tweets-english,sentiment,bilstm,11,positive,positive,False,0.44536138,
sentiment-te-00634,en-Latn,tweets-english,sentiment,bilstm,21,negative,negative,False,0.4326257,
sentiment-te-00635,en-Latn,tweets-english,sentiment,bilstm,14,neutral,neutral,False,0.37454158,
sentiment-te-00636,en-Latn,tweets-english,sentiment,bilstm,5,positive,positive,False,0.5043975,
sentiment-te-00637,en-Latn,tweets-english,sentiment,bilstm,14,negative,neutral,True,0.6127034,
sentiment-te-00638,en-Latn,tweets-english,sentiment,bilstm,23,neutral,negative,True,0.49731925,
sentiment-te-00639,en-Latn,tweets-english,sentiment,bilstm,18,positive,positive,False,0.49208543,
sentiment-te-00640,en-Latn,tweets-english,sentiment,bilstm,26,negative,neutral,True,0.5157713,
sentiment-te-00641,en-Latn,tweets-english,sentiment,bilstm,11,neutral,neutral,False,0.5311335,
sentiment-te-00642,en-Latn,tweets-english,sentiment,bilstm,18,positive,negative,True,0.44726923,
sentiment-te-00643,en-Latn,tweets-english,sentiment,bilstm,15,negative,neutral,True,0.45355493,
sentiment-te-00644,en-Latn,tweets-english,sentiment,bilstm,15,neutral,neutral,False,0.35320428,
sentiment-te-00645,en-Latn,tweets-english,sentiment,bilstm,14,positive,neutral,True,0.4116111,
sentiment-te-00646,en-Latn,tweets-english,sentiment,bilstm,20,negative,negative,False,0.5769559,
sentiment-te-00647,en-Latn,tweets-english,sentiment,bilstm,7,neutral,neutral,False,0.3594132,
sentiment-te-00648,en-Latn,tweets-english,sentiment,bilstm,7,positive,negative,True,0.37275955,
sentiment-te-00649,en-Latn,tweets-english,sentiment,bilstm,26,negative,negative,False,0.6052905,
sentiment-te-00650,en-Latn,tweets-english,sentiment,bilstm,6,neutral,neutral,False,0.5352038,
sentiment-te-00651,en-Latn,tweets-english,sentiment,bilstm,10,positive,positive,False,0.39057115,
sentiment-te-00652,en-Latn,tweets-english,sentiment,bilstm,19,negative,negative,False,0.52333856,
sentiment-te-00653,en-Latn,tweets-english,sentiment,bilstm,16,neutral,negative,True,0.42443097,
sentiment-te-00654,en-Latn,tweets-english,sentiment,bilstm,24,positive,positive,False,0.46247035,
sentiment-te-00655,en-Latn,tweets-english,sentiment,bilstm,12,negative,negative,False,0.47354558,
sentiment-te-00656,en-Latn,tweets-english,sentiment,bilstm,26,neutral,neutral,False,0.5281988,
sentiment-te-00657,en-Latn,tweets-english,sentiment,bilstm,11,positive,positive,False,0.565882,
sentiment-te-00658,en-Latn,tweets-english,sentiment,bilstm,20,negative,neutral,True,0.5095476,
sentiment-te-00659,en-Latn,tweets-english,sentiment,bilstm,14,neutral,neutral,False,0.41774455,
sentiment-te-00660,en-Latn,tweets-english,sentiment,bilstm,19,positive,positive,False,0.48805538,
sentiment-te-00661,en-Latn,tweets-english,sentiment,bilstm,11,negative,negative,False,0.39879742,
sentiment-te-00662,en-Latn,tweets-english,sentiment,bilstm,17,neutral,negative,True,0.3658491,
sentiment-te-00663,en-Latn,tweets-english,sentiment,bilstm,16,positive,positive,False,0.44084114,
sentiment-te-00664,en-Latn,tweets-english,sentiment,bilstm,21,negative,negative,False,0.49803632,
sentiment-te-00665,en-Latn,tweets-english,sentiment,bilstm,17,neutral,neutral,False,0.3922984,
sentiment-te-00666,en-Latn,tweets-english,sentiment,bilstm,16,positive,positive,False,0.3620393,
sentiment-te-00667,en-Latn,tweets-english,sentiment,bilstm,22,negative,negative,False,0.6298349,
sentiment-te-00668,en-Latn,tweets-english,sentiment,bilstm,12,neutral,neutral,False,0.46949142,
sentiment-te-00669,en-Latn,tweets-english,sentiment,bilstm,7,positive,positive,False,0.35991466,
sentiment-te-00670,en-Latn,tweets-english,sentiment,bilstm,20,negative,neutral,True,0.38835436,
sentiment-te-00671,en-Latn,tweets-english,sentiment,bilstm,14,neutral,positive,True,0.5240688,
sentiment-te-00672,en-Latn,tweets-english,sentiment,bilstm,6,positive,neutral,True,0.40211803,
sentiment-te-00673,en-Latn,tweets-english,sentiment,bilstm,13,negative,negative,False,0.6508043,
sentiment-te-00674,en-Latn,tweets-english,sentiment,bilstm,8,neutral,negative,True,0.5344825,
sentiment-te-00675,en-Latn,tweets-english,sentiment,bilstm,14,positive,positive,False,0.52328503,
sentiment-te-00676,en-Latn,tweets-english,sentiment,bilstm,17,negative,neutral,True,0.4765559,
sentiment-te-00677,en-Latn,tweets-english,sentiment,bilstm,13,neutral,negative,True,0.39599448,
sentiment-te-00678,en-Latn,tweets-english,sentiment,bilstm,18,positive,positive,False,0.45135385,
sentiment-te-00679,en-Latn,tweets-english,sentiment,bilstm,10,negative,negative,False,0.37975788,
sentiment-te-00680,en-Latn,tweets-english,sentiment,bilstm,19,neutral,positive,True,0.5195323,
sentiment-te-00681,en-Latn,tweets-english,sentiment,bilstm,12,positive,positive,False,0.53580314,
sentiment-te-00682,en-Latn,tweets-english,sentiment,bilstm,7,negative,negative,False,0.37029684,
sentiment-te-00683,en-Latn,tweets-english,sentiment,bilstm,11,neutral,neutral,False,0.41885948,
sentiment-te-00684,en-Latn,tweets-english,sentiment,bilstm,25,positive,positive,False,0.5354047,
sentiment-te-00685,en-Latn,tweets-english,sentiment,bilstm,10,negative,positive,True,0.44564328,
sentiment-te-00686,en-Latn,tweets-english,sentiment,bilstm,11,neutral,neutral,False,0.4000911,
sentiment-te-00687,en-Latn,tweets-english,sentiment,bilstm,20,positive,positive,False,0.43828475,
sentiment-te-00688,en-Latn,tweets-english,sentiment,bilstm,20,negative,negative,False,0.47566035,
sentiment-te-00689,en-Latn,tweets-english,sentiment,bilstm,15,neutral,positive,True,0.3856422,
sentiment-te-00690,en-Latn,tweets-english,sentiment,bilstm,7,positive,positive,False,0.44863766,
sentiment-te-00691,en-Latn,tweets-english,sentiment,bilstm,15,negative,negative,False,0.52079815,
sentiment-te-00692,en-Latn,tweets-english,sentiment,bilstm,17,neutral,neutral,False,0.45607454,
sentiment-te-00693,en-Latn,tweets-english,sentiment,bilstm,13,positive,positive,False,0.794207,
sentiment-te-00694,en-Latn,tweets-english,sentiment,bilstm,19,negative,negative,False,0.53593975,
sentiment-te-00695,en-Latn,tweets-english,sentiment,bilstm,12,neutral,neutral,False,0.47589788,
sentiment-te-00696,en-Latn,tweets-english,sentiment,bilstm,10,positive,neutral,True,0.38734838,
sentiment-te-00697,en-Latn,tweets-english,sentiment,bilstm,22,negative,negative,False,0.43273625,
sentiment-te-00698,en-Latn,tweets-english,sentiment,bilstm,15,neutral,positive,True,0.6725734,
sentiment-te-00699,en-Latn,tweets-english,sentiment,bilstm,18,positive,positive,False,0.4588916,
sentiment-te-00700,en-Latn,tweets-english,sentiment,bilstm,17,negative,positive,True,0.42450997,
sentiment-te-00701,en-Latn,tweets-english,sentiment,bilstm,14,neutral,neutral,False,0.5875782,
sentiment-te-00702,en-Latn,tweets-english,sentiment,bilstm,9,positive,negative,True,0.3915481,
sentiment-te-00703,en-Latn,tweets-english,sentiment,bilstm,10,negative,neutral,True,0.49136525,
sentiment-te-00704,en-Latn,tweets-english,sentiment,bilstm,17,neutral,neutral,False,0.4528114,
sentiment-te-00705,en-Latn,tweets-english,sentiment,bilstm,6,positive,negative,True,0.3978244,
sentiment-te-00706,en-Latn,tweets-english,sentiment,bilstm,20,negative,neutral,True,0.37309724,
sentiment-te-00707,en-Latn,tweets-english,sentiment,bilstm,8,neutral,positive,True,0.5737062,
sentiment-te-00708,en-Latn,tweets-english,sentiment,bilstm,13,positive,neutral,True,0.5121486,
sentiment-te-00709,en-Latn,tweets-english,sentiment,bilstm,21,negative,negative,False,0.7422967,
sentiment-te-00710,en-Latn,tweets-english,sentiment,bilstm,13,neutral,neutral,False,0.40030104,
sentiment-te-00711,en-Latn,tweets-english,sentiment,bilstm,22,positive,positive,False,0.58102417,
sentiment-te-00712,en-Latn,tweets-english,sentiment,bilstm,16,negative,neutral,True,0.52397466,
sentiment-te-00713,en-Latn,tweets-english,sentiment,bilstm,9,neutral,neutral,False,0.4675364,
sentiment-te-00714,en-Latn,tweets-english,sentiment,bilstm,25,positive,neutral,True,0.47951585,
sentiment-te-00715,en-Latn,tweets-english,sentiment,bilstm,20,negative,neutral,True,0.3933028,
sentiment-te-00716,en-Latn,tweets-english,sentiment,bilstm,16,neutral,neutral,False,0.45191067,
sentiment-te-00717,en-Latn,tweets-english,sentiment,bilstm,6,positive,negative,True,0.65693694,
sentiment-te-00718,en-Latn,tweets-english,sentiment,bilstm,19,negative,negative,False,0.5681688,
sentiment-te-00719,en-Latn,tweets-english,sentiment,bilstm,14,neutral,neutral,False,0.43137705,
sentiment-te-00720,en-Latn,tweets-english,sentiment,bilstm,12,positive,positive,False,0.3941835,
sentiment-te-00721,en-Latn,tweets-english,sentiment,bilstm,20,negative,neutral,True,0.52163213,
sentiment-te-00722,en-Latn,tweets-english,sentiment,bilstm,17,neutral,negative,True,0.36686352,
sentiment-te-00723,en-Latn,tweets-english,sentiment,bilstm,11,positive,positive,False,0.39645624,
sentiment-te-00724,en-Latn,tweets-english,sentiment,bilstm,7,negative,neutral,True,0.4471678,
sentiment-te-00725,en-Latn,tweets-english,sentiment,bilstm,10,neutral,neutral,False,0.49306422,
sentiment-te-00726,en-Latn,tweets-english,sentiment,bilstm,14,positive,positive,False,0.40605244,
sentiment-te-00727,en-Latn,tweets-english,sentiment,bilstm,22,negative,positive,True,0.46540186,
sentiment-te-00728,en-Latn,tweets-english,sentiment,bilstm,26,neutral,neutral,False,0.48718485,
sentiment-te-00729,en-Latn,tweets-english,sentiment,bilstm,18,positive,neutral,True,0.5975829,
sentiment-te-00730,en-Latn,tweets-english,sentiment,bilstm,25,negative,positive,True,0.381903,
sentiment-te-00731,en-Latn,tweets-english,sentiment,bilstm,21,neutral,negative,True,0.48955762,
sentiment-te-00732,en-Latn,tweets-english,sentiment,bilstm,20,positive,positive,False,0.63484585,
sentiment-te-00733,en-Latn,tweets-english,sentiment,bilstm,22,negative,neutral,True,0.37466064,
sentiment-te-00734,en-Latn,tweets-english,sentiment,bilstm,12,neutral,positive,True,0.46360767,
sentiment-te-00735,en-Latn,tweets-english,sentiment,bilstm,3,positive,positive,False,0.35658407,
sentiment-te-00736,en-Latn,tweets-english,sentiment,bilstm,19,negative,neutral,True,0.36763543,
sentiment-te-00737,en-Latn,tweets-english,sentiment,bilstm,6,neutral,neutral,False,0.4371311,
sentiment-te-00738,en-Latn,tweets-english,sentiment,bilstm,7,positive,positive,False,0.46648854,
sentiment-te-00739,en-Latn,tweets-english,sentiment,bilstm,23,negative,negative,False,0.42116436,
sentiment-te-00740,en-Latn,tweets-english,sentiment,bilstm,19,neutral,positive,True,0.6066613,
sentiment-te-00741,en-Latn,tweets-english,sentiment,bilstm,19,positive,positive,False,0.4654918,
sentiment-te-00742,en-Latn,tweets-english,sentiment,bilstm,14,negative,neutral,True,0.43842563,
sentiment-te-00743,en-Latn,tweets-english,sentiment,bilstm,9,neutral,positive,True,0.3968468,
sentiment-te-00744,en-Latn,tweets-english,sentiment,bilstm,4,positive,positive,False,0.67680144,
sentiment-te-00745,en-Latn,tweets-english,sentiment,bilstm,20,negative,negative,False,0.52215594,
sentiment-te-00746,en-Latn,tweets-english,sentiment,bilstm,16,neutral,negative,True,0.385942,
sentiment-te-00747,en-Latn,tweets-english,sentiment,bilstm,17,positive,neutral,True,0.42524981,
sentiment-te-00748,en-Latn,tweets-english,sentiment,bilstm,20,negative,negative,False,0.48611712,
sentiment-te-00749,en-Latn,tweets-english,sentiment,bilstm,20,neutral,neutral,False,0.5977604,
sentiment-te-00750,en-Latn,tweets-english,sentiment,bilstm,12,positive,negative,True,0.44561112,
sentiment-te-00751,en-Latn,tweets-english,sentiment,bilstm,19,negative,neutral,True,0.5795061,
sentiment-te-00752,en-Latn,tweets-english,sentiment,bilstm,12,neutral,neutral,False,0.48029155,
sentiment-te-00753,en-Latn,tweets-english,sentiment,bilstm,16,positive,positive,False,0.6184831,
sentiment-te-00754,en-Latn,tweets-english,sentiment,bilstm,21,negative,neutral,True,0.48439208,
sentiment-te-00755,en-Latn,tweets-english,sentiment,bilstm,10,neutral,positive,True,0.5382457,
sentiment-te-00756,en-Latn,tweets-english,sentiment,bilstm,13,positive,neutral,True,0.37844154,
sentiment-te-00757,en-Latn,tweets-english,sentiment,bilstm,16,negative,negative,False,0.3985072,
sentiment-te-00758,en-Latn,tweets-english,sentiment,bilstm,26,neutral,negative,True,0.35678706,
sentiment-te-00759,en-Latn,tweets-english,sentiment,bilstm,16,positive,neutral,True,0.44088826,
sentiment-te-00760,en-Latn,tweets-english,sentiment,bilstm,12,negative,neutral,True,0.5475392,
sentiment-te-00761,en-Latn,tweets-english,sentiment,bilstm,6,neutral,neutral,False,0.36357003,
sentiment-te-00762,en-Latn,tweets-english,sentiment,bilstm,17,positive,positive,False,0.48551434,
sentiment-te-00763,en-Latn,tweets-english,sentiment,bilstm,20,negative,neutral,True,0.42349693,
sentiment-te-00764,en-Latn,tweets-english,sentiment,bilstm,24,neutral,neutral,False,0.4906669,
sentiment-te-00765,en-Latn,tweets-english,sentiment,bilstm,10,positive,negative,True,0.80367064,
sentiment-te-00766,en-Latn,tweets-english,sentiment,bilstm,22,negative,neutral,True,0.48400265,
sentiment-te-00767,en-Latn,tweets-english,sentiment,bilstm,8,neutral,neutral,False,0.5272781,
sentiment-te-00768,en-Latn,tweets-english,sentiment,bilstm,21,positive,neutral,True,0.47043526,
sentiment-te-00769,en-Latn,tweets-english,sentiment,bilstm,17,negative,neutral,True,0.59598845,
sentiment-te-00770,en-Latn,tweets-english,sentiment,bilstm,8,neutral,neutral,False,0.44153422,
sentiment-te-00771,en-Latn,tweets-english,sentiment,bilstm,19,positive,positive,False,0.521152,
sentiment-te-00772,en-Latn,tweets-english,sentiment,bilstm,17,negative,negative,False,0.41455212,
sentiment-te-00773,en-Latn,tweets-english,sentiment,bilstm,20,neutral,positive,True,0.5192202,
sentiment-te-00774,en-Latn,tweets-english,sentiment,bilstm,16,positive,neutral,True,0.59044373,
sentiment-te-00775,en-Latn,tweets-english,sentiment,bilstm,12,negative,neutral,True,0.4492409,
sentiment-te-00776,en-Latn,tweets-english,sentiment,bilstm,8,neutral,positive,True,0.5178948,
sentiment-te-00777,en-Latn,tweets-english,sentiment,bilstm,12,positive,positive,False,0.46104947,
sentiment-te-00778,en-Latn,tweets-english,sentiment,bilstm,20,negative,negative,False,0.49927673,
sentiment-te-00779,en-Latn,tweets-english,sentiment,bilstm,4,neutral,neutral,False,0.36302453,
sentiment-te-00780,en-Latn,tweets-english,sentiment,bilstm,11,positive,negative,True,0.4262119,
sentiment-te-00781,en-Latn,tweets-english,sentiment,bilstm,19,negative,negative,False,0.5093874,
sentiment-te-00782,en-Latn,tweets-english,sentiment,bilstm,17,neutral,positive,True,0.47378683,
sentiment-te-00783,en-Latn,tweets-english,sentiment,bilstm,4,positive,neutral,True,0.45083022,
sentiment-te-00784,en-Latn,tweets-english,sentiment,bilstm,17,negative,negative,False,0.39769667,
sentiment-te-00785,en-Latn,tweets-english,sentiment,bilstm,7,neutral,neutral,False,0.38390753,
sentiment-te-00786,en-Latn,tweets-english,sentiment,bilstm,21,positive,neutral,True,0.37252268,
sentiment-te-00787,en-Latn,tweets-english,sentiment,bilstm,14,negative,neutral,True,0.40782762,
sentiment-te-00788,en-Latn,tweets-english,sentiment,bilstm,23,neutral,neutral,False,0.41911373,
sentiment-te-00789,en-Latn,tweets-english,sentiment,bilstm,16,positive,neutral,True,0.5352083,
sentiment-te-00790,en-Latn,tweets-english,sentiment,bilstm,5,negative,positive,True,0.45365015,
sentiment-te-00791,en-Latn,tweets-english,sentiment,bilstm,7,neutral,positive,True,0.4993595,
sentiment-te-00792,en-Latn,tweets-english,sentiment,bilstm,11,positive,negative,True,0.51173306,
sentiment-te-00793,en-Latn,tweets-english,sentiment,bilstm,21,negative,negative,False,0.67579377,
sentiment-te-00794,en-Latn,tweets-english,sentiment,bilstm,7,neutral,negative,True,0.36106166,
sentiment-te-00795,en-Latn,tweets-english,sentiment,bilstm,5,positive,positive,False,0.5787686,
sentiment-te-00796,en-Latn,tweets-english,sentiment,bilstm,16,negative,negative,False,0.74276036,
sentiment-te-00797,en-Latn,tweets-english,sentiment,bilstm,6,neutral,negative,True,0.4013946,
sentiment-te-00798,en-Latn,tweets-english,sentiment,bilstm,17,positive,neutral,True,0.4964424,
sentiment-te-00799,en-Latn,tweets-english,sentiment,bilstm,13,negative,neutral,True,0.39627066,
sentiment-te-00800,en-Latn,tweets-english,sentiment,bilstm,15,neutral,positive,True,0.44351152,
sentiment-te-00801,en-Latn,tweets-english,sentiment,bilstm,5,positive,neutral,True,0.37329534,
sentiment-te-00802,en-Latn,tweets-english,sentiment,bilstm,6,negative,neutral,True,0.4364785,
sentiment-te-00803,en-Latn,tweets-english,sentiment,bilstm,15,neutral,negative,True,0.69727755,
sentiment-te-00804,en-Latn,tweets-english,sentiment,bilstm,15,positive,positive,False,0.51066357,
sentiment-te-00805,en-Latn,tweets-english,sentiment,bilstm,14,negative,neutral,True,0.4181013,
sentiment-te-00806,en-Latn,tweets-english,sentiment,bilstm,15,neutral,negative,True,0.44995373,
sentiment-te-00807,en-Latn,tweets-english,sentiment,bilstm,16,positive,positive,False,0.60249305,
sentiment-te-00808,en-Latn,tweets-english,sentiment,bilstm,18,negative,negative,False,0.7222426,
sentiment-te-00809,en-Latn,tweets-english,sentiment,bilstm,10,neutral,positive,True,0.46328312,
sentiment-te-00810,en-Latn,tweets-english,sentiment,bilstm,18,positive,neutral,True,0.46407524,
sentiment-te-00811,en-Latn,tweets-english,sentiment,bilstm,19,negative,positive,True,0.5343229,
sentiment-te-00812,en-Latn,tweets-english,sentiment,bilstm,7,neutral,neutral,False,0.44058147,
sentiment-te-00813,en-Latn,tweets-english,sentiment,bilstm,24,positive,negative,True,0.5575148,
sentiment-te-00814,en-Latn,tweets-english,sentiment,bilstm,14,negative,positive,True,0.3711265,
sentiment-te-00815,en-Latn,tweets-english,sentiment,bilstm,17,neutral,negative,True,0.64042526,
sentiment-te-00816,en-Latn,tweets-english,sentiment,bilstm,12,positive,neutral,True,0.4078377,
sentiment-te-00817,en-Latn,tweets-english,sentiment,bilstm,23,negative,neutral,True,0.5045876,
sentiment-te-00818,en-Latn,tweets-english,sentiment,bilstm,16,neutral,neutral,False,0.52008766,
sentiment-te-00819,en-Latn,tweets-english,sentiment,bilstm,13,positive,positive,False,0.4488043,
sentiment-te-00820,en-Latn,tweets-english,sentiment,bilstm,12,negative,neutral,True,0.44136664,
sentiment-te-00821,en-Latn,tweets-english,sentiment,bilstm,14,neutral,neutral,False,0.3868418,
sentiment-te-00822,en-Latn,tweets-english,sentiment,bilstm,11,positive,neutral,True,0.45564508,
sentiment-te-00823,en-Latn,tweets-english,sentiment,bilstm,17,negative,negative,False,0.4444653,
sentiment-te-00824,en-Latn,tweets-english,sentiment,bilstm,15,neutral,negative,True,0.4332173,
sentiment-te-00825,en-Latn,tweets-english,sentiment,bilstm,23,positive,positive,False,0.58888716,
sentiment-te-00826,en-Latn,tweets-english,sentiment,bilstm,14,negative,negative,False,0.3696328,
sentiment-te-00827,en-Latn,tweets-english,sentiment,bilstm,11,neutral,neutral,False,0.41410026,
sentiment-te-00828,en-Latn,tweets-english,sentiment,bilstm,11,positive,neutral,True,0.4825881,
sentiment-te-00829,en-Latn,tweets-english,sentiment,bilstm,7,negative,negative,False,0.4688061,
sentiment-te-00830,en-Latn,tweets-english,sentiment,bilstm,17,neutral,neutral,False,0.42811528,
sentiment-te-00831,en-Latn,tweets-english,sentiment,bilstm,12,positive,neutral,True,0.39729172,
sentiment-te-00832,en-Latn,tweets-english,sentiment,bilstm,10,negative,negative,False,0.4329835,
sentiment-te-00833,en-Latn,tweets-english,sentiment,bilstm,20,neutral,neutral,False,0.3936372,
sentiment-te-00834,en-Latn,tweets-english,sentiment,bilstm,11,positive,positive,False,0.5006505,
sentiment-te-00835,en-Latn,tweets-english,sentiment,bilstm,20,negative,positive,True,0.4559388,
sentiment-te-00836,en-Latn,tweets-english,sentiment,bilstm,15,neutral,positive,True,0.46753645,
sentiment-te-00837,en-Latn,tweets-english,sentiment,bilstm,16,positive,positive,False,0.40146378,
sentiment-te-00838,en-Latn,tweets-english,sentiment,bilstm,24,negative,neutral,True,0.3659713,
sentiment-te-00839,en-Latn,tweets-english,sentiment,bilstm,11,neutral,neutral,False,0.40194392,
sentiment-te-00840,en-Latn,tweets-english,sentiment,bilstm,16,positive,positive,False,0.5407783,
sentiment-te-00841,en-Latn,tweets-english,sentiment,bilstm,13,negative,negative,False,0.43724084,
sentiment-te-00842,en-Latn,tweets-english,sentiment,bilstm,7,neutral,negative,True,0.4061063,
sentiment-te-00843,en-Latn,tweets-english,sentiment,bilstm,15,positive,neutral,True,0.55839926,
sentiment-te-00844,en-Latn,tweets-english,sentiment,bilstm,12,negative,negative,False,0.4472721,
sentiment-te-00845,en-Latn,tweets-english,sentiment,bilstm,25,neutral,negative,True,0.53088063,
sentiment-te-00846,en-Latn,tweets-english,sentiment,bilstm,17,positive,negative,True,0.41360593,
sentiment-te-00847,en-Latn,tweets-english,sentiment,bilstm,17,negative,negative,False,0.44124684,
sentiment-te-00848,en-Latn,tweets-english,sentiment,bilstm,7,neutral,neutral,False,0.43540302,
sentiment-te-00849,en-Latn,tweets-english,sentiment,bilstm,11,positive,positive,False,0.5156045,
sentiment-te-00850,en-Latn,tweets-english,sentiment,bilstm,17,negative,negative,False,0.46121398,
sentiment-te-00851,en-Latn,tweets-english,sentiment,bilstm,5,neutral,neutral,False,0.40400538,
sentiment-te-00852,en-Latn,tweets-english,sentiment,bilstm,15,positive,negative,True,0.4055186,
sentiment-te-00853,en-Latn,tweets-english,sentiment,bilstm,19,negative,neutral,True,0.5807909,
sentiment-te-00854,en-Latn,tweets-english,sentiment,bilstm,18,neutral,negative,True,0.5962011,
sentiment-te-00855,en-Latn,tweets-english,sentiment,bilstm,5,positive,neutral,True,0.4218168,
sentiment-te-00856,en-Latn,tweets-english,sentiment,bilstm,15,negative,positive,True,0.417342,
sentiment-te-00857,en-Latn,tweets-english,sentiment,bilstm,20,neutral,neutral,False,0.5180071,
sentiment-te-00858,en-Latn,tweets-english,sentiment,bilstm,9,positive,positive,False,0.38262933,
sentiment-te-00859,en-Latn,tweets-english,sentiment,bilstm,21,negative,negative,False,0.41303045,
sentiment-te-00860,en-Latn,tweets-english,sentiment,bilstm,29,neutral,positive,True,0.46104482,
sentiment-te-00861,en-Latn,tweets-english,sentiment,bilstm,15,positive,neutral,True,0.6080068,
sentiment-te-00862,en-Latn,tweets-english,sentiment,bilstm,12,negative,positive,True,0.429794,
sentiment-te-00863,en-Latn,tweets-english,sentiment,bilstm,10,neutral,neutral,False,0.3882918,
sentiment-te-00864,en-Latn,tweets-english,sentiment,bilstm,19,positive,positive,False,0.41347906,
sentiment-te-00865,en-Latn,tweets-english,sentiment,bilstm,19,negative,negative,False,0.44004807,
sentiment-te-00866,en-Latn,tweets-english,sentiment,bilstm,21,neutral,neutral,False,0.45865434,
sentiment-te-00867,en-Latn,tweets-english,sentiment,bilstm,7,positive,positive,False,0.43049064,
sentiment-te-00868,en-Latn,tweets-english,sentiment,bilstm,11,negative,negative,False,0.57989025,
sentiment-te-00869,en-Latn,tweets-english,sentiment,bilstm,19,neutral,positive,True,0.47089267,
sentiment-te-00870,en-Latn,tweets-english,sentiment,bilstm,13,positive,neutral,True,0.3759139,
sentiment-te-00871,hi-Latn,tweets-hindi,sentiment,bilstm,21,negative,negative,False,0.5153872,
sentiment-te-00872,hi-Latn,tweets-hindi,sentiment,bilstm,6,neutral,neutral,False,0.4154085,
sentiment-te-00873,hi-Latn,tweets-hindi,sentiment,bilstm,28,positive,positive,False,0.41339996,
sentiment-te-00874,hi-Latn,tweets-hindi,sentiment,bilstm,17,negative,negative,False,0.37501794,
sentiment-te-00875,hi-Latn,tweets-hindi,sentiment,bilstm,19,neutral,neutral,False,0.4357376,
sentiment-te-00876,hi-Latn,tweets-hindi,sentiment,bilstm,2,positive,neutral,True,0.43299073,
sentiment-te-00877,hi-Latn,tweets-hindi,sentiment,bilstm,14,negative,positive,True,0.48517197,
sentiment-te-00878,hi-Latn,tweets-hindi,sentiment,bilstm,7,neutral,negative,True,0.5616347,
sentiment-te-00879,hi-Latn,tweets-hindi,sentiment,bilstm,13,positive,negative,True,0.5067028,
sentiment-te-00880,hi-Latn,tweets-hindi,sentiment,bilstm,3,negative,negative,False,0.37519473,
sentiment-te-00881,hi-Latn,tweets-hindi,sentiment,bilstm,4,neutral,positive,True,0.36742607,
sentiment-te-00882,hi-Latn,tweets-hindi,sentiment,bilstm,13,positive,negative,True,0.44140217,
sentiment-te-00883,hi-Latn,tweets-hindi,sentiment,bilstm,7,negative,positive,True,0.4570781,
sentiment-te-00884,hi-Latn,tweets-hindi,sentiment,bilstm,12,neutral,neutral,False,0.4332767,
sentiment-te-00885,hi-Latn,tweets-hindi,sentiment,bilstm,26,positive,negative,True,0.43996304,
sentiment-te-00886,hi-Latn,tweets-hindi,sentiment,bilstm,14,negative,negative,False,0.4628232,
sentiment-te-00887,hi-Latn,tweets-hindi,sentiment,bilstm,13,neutral,neutral,False,0.42071307,
sentiment-te-00888,hi-Latn,tweets-hindi,sentiment,bilstm,20,positive,negative,True,0.485146,
sentiment-te-00889,hi-Latn,tweets-hindi,sentiment,bilstm,21,negative,neutral,True,0.4122671,
sentiment-te-00890,hi-Latn,tweets-hindi,sentiment,bilstm,3,neutral,negative,True,0.41881433,
sentiment-te-00891,hi-Latn,tweets-hindi,sentiment,bilstm,10,positive,neutral,True,0.46337104,
sentiment-te-00892,hi-Latn,tweets-hindi,sentiment,bilstm,1,negative,positive,True,0.36530855,
sentiment-te-00893,hi-Latn,tweets-hindi,sentiment,bilstm,7,neutral,neutral,False,0.36155438,
sentiment-te-00894,hi-Latn,tweets-hindi,sentiment,bilstm,20,positive,positive,False,0.38798007,
sentiment-te-00895,hi-Latn,tweets-hindi,sentiment,bilstm,2,negative,negative,False,0.44338906,
sentiment-te-00896,hi-Latn,tweets-hindi,sentiment,bilstm,20,positive,neutral,True,0.43552893,
sentiment-te-00897,hi-Latn,tweets-hindi,sentiment,bilstm,5,negative,negative,False,0.39781207,
sentiment-te-00898,hi-Latn,tweets-hindi,sentiment,bilstm,10,neutral,neutral,False,0.42476833,
sentiment-te-00899,hi-Latn,tweets-hindi,sentiment,bilstm,7,positive,positive,False,0.38032734,
sentiment-te-00900,hi-Latn,tweets-hindi,sentiment,bilstm,1,negative,neutral,True,0.5028944,
sentiment-te-00901,hi-Latn,tweets-hindi,sentiment,bilstm,5,neutral,neutral,False,0.47117922,
sentiment-te-00902,hi-Latn,tweets-hindi,sentiment,bilstm,11,positive,neutral,True,0.58857745,
sentiment-te-00903,hi-Latn,tweets-hindi,sentiment,bilstm,21,negative,negative,False,0.7566073,
sentiment-te-00904,hi-Latn,tweets-hindi,sentiment,bilstm,8,neutral,negative,True,0.46610337,
sentiment-te-00905,hi-Latn,tweets-hindi,sentiment,bilstm,17,positive,neutral,True,0.55270344,
sentiment-te-00906,hi-Latn,tweets-hindi,sentiment,bilstm,5,negative,positive,True,0.45073003,
sentiment-te-00907,hi-Latn,tweets-hindi,sentiment,bilstm,5,neutral,negative,True,0.4267535,
sentiment-te-00908,hi-Latn,tweets-hindi,sentiment,bilstm,23,positive,negative,True,0.5999101,
sentiment-te-00909,hi-Latn,tweets-hindi,sentiment,bilstm,6,negative,neutral,True,0.42882243,
sentiment-te-00910,hi-Latn,tweets-hindi,sentiment,bilstm,30,neutral,positive,True,0.4717211,
sentiment-te-00911,hi-Latn,tweets-hindi,sentiment,bilstm,9,positive,negative,True,0.41812244,
sentiment-te-00912,hi-Latn,tweets-hindi,sentiment,bilstm,20,negative,negative,False,0.81802267,
sentiment-te-00913,hi-Latn,tweets-hindi,sentiment,bilstm,17,neutral,positive,True,0.4567663,
sentiment-te-00914,hi-Latn,tweets-hindi,sentiment,bilstm,25,positive,positive,False,0.54432386,
sentiment-te-00915,hi-Latn,tweets-hindi,sentiment,bilstm,13,negative,positive,True,0.5383154,
sentiment-te-00916,hi-Latn,tweets-hindi,sentiment,bilstm,5,neutral,neutral,False,0.4308045,
sentiment-te-00917,hi-Latn,tweets-hindi,sentiment,bilstm,21,positive,negative,True,0.47865123,
sentiment-te-00918,hi-Latn,tweets-hindi,sentiment,bilstm,19,negative,neutral,True,0.491064,
sentiment-te-00919,hi-Latn,tweets-hindi,sentiment,bilstm,8,neutral,neutral,False,0.49501976,
sentiment-te-00920,hi-Latn,tweets-hindi,sentiment,bilstm,31,positive,negative,True,0.48795396,
sentiment-te-00921,hi-Latn,tweets-hindi,sentiment,bilstm,22,negative,positive,True,0.4803584,
sentiment-te-00922,hi-Latn,tweets-hindi,sentiment,bilstm,30,neutral,neutral,False,0.5331574,
sentiment-te-00923,hi-Latn,tweets-hindi,sentiment,bilstm,14,positive,positive,False,0.6735474,
sentiment-te-00924,hi-Latn,tweets-hindi,sentiment,bilstm,11,negative,negative,False,0.45222005,
sentiment-te-00925,hi-Latn,tweets-hindi,sentiment,bilstm,26,neutral,neutral,False,0.50214636,
sentiment-te-00926,hi-Latn,tweets-hindi,sentiment,bilstm,21,positive,positive,False,0.39336807,
sentiment-te-00927,hi-Latn,tweets-hindi,sentiment,bilstm,12,negative,neutral,True,0.49159175,
sentiment-te-00928,hi-Latn,tweets-hindi,sentiment,bilstm,5,neutral,positive,True,0.4119865,
sentiment-te-00929,hi-Latn,tweets-hindi,sentiment,bilstm,6,positive,neutral,True,0.37990987,
sentiment-te-00930,hi-Latn,tweets-hindi,sentiment,bilstm,33,negative,negative,False,0.39969152,
sentiment-te-00931,hi-Latn,tweets-hindi,sentiment,bilstm,2,neutral,neutral,False,0.4773354,
sentiment-te-00932,hi-Latn,tweets-hindi,sentiment,bilstm,34,positive,negative,True,0.43685055,
sentiment-te-00933,hi-Latn,tweets-hindi,sentiment,bilstm,12,negative,negative,False,0.34545654,
sentiment-te-00934,hi-Latn,tweets-hindi,sentiment,bilstm,5,neutral,positive,True,0.6117242,
sentiment-te-00935,hi-Latn,tweets-hindi,sentiment,bilstm,4,positive,positive,False,0.40103787,
sentiment-te-00936,hi-Latn,tweets-hindi,sentiment,bilstm,14,negative,negative,False,0.6578671,
sentiment-te-00937,hi-Latn,tweets-hindi,sentiment,bilstm,6,neutral,negative,True,0.34621987,
sentiment-te-00938,hi-Latn,tweets-hindi,sentiment,bilstm,9,positive,neutral,True,0.41280353,
sentiment-te-00939,hi-Latn,tweets-hindi,sentiment,bilstm,3,negative,negative,False,0.34867322,
sentiment-te-00940,hi-Latn,tweets-hindi,sentiment,bilstm,2,neutral,positive,True,0.45488033,
sentiment-te-00941,hi-Latn,tweets-hindi,sentiment,bilstm,13,positive,negative,True,0.5043875,
sentiment-te-00942,hi-Latn,tweets-hindi,sentiment,bilstm,4,negative,negative,False,0.47602144,
sentiment-te-00943,hi-Latn,tweets-hindi,sentiment,bilstm,5,neutral,neutral,False,0.42106164,
sentiment-te-00944,hi-Latn,tweets-hindi,sentiment,bilstm,18,positive,negative,True,0.5206789,
sentiment-te-00945,hi-Latn,tweets-hindi,sentiment,bilstm,21,negative,positive,True,0.5383015,
sentiment-te-00946,hi-Latn,tweets-hindi,sentiment,bilstm,6,neutral,neutral,False,0.38327348,
sentiment-te-00947,hi-Latn,tweets-hindi,sentiment,bilstm,11,positive,positive,False,0.37281537,
sentiment-te-00948,hi-Latn,tweets-hindi,sentiment,bilstm,30,negative,neutral,True,0.35610944,
sentiment-te-00949,hi-Latn,tweets-hindi,sentiment,bilstm,12,neutral,neutral,False,0.4604738,
sentiment-te-00950,hi-Latn,tweets-hindi,sentiment,bilstm,20,positive,neutral,True,0.3636185,
sentiment-te-00951,hi-Latn,tweets-hindi,sentiment,bilstm,25,negative,negative,False,0.37042373,
sentiment-te-00952,hi-Latn,tweets-hindi,sentiment,bilstm,1,neutral,positive,True,0.38178048,
sentiment-te-00953,hi-Latn,tweets-hindi,sentiment,bilstm,18,positive,neutral,True,0.3776178,
sentiment-te-00954,hi-Latn,tweets-hindi,sentiment,bilstm,13,negative,neutral,True,0.45000684,
sentiment-te-00955,hi-Latn,tweets-hindi,sentiment,bilstm,29,neutral,neutral,False,0.60130376,
sentiment-te-00956,hi-Latn,tweets-hindi,sentiment,bilstm,23,positive,neutral,True,0.40845636,
sentiment-te-00957,hi-Latn,tweets-hindi,sentiment,bilstm,38,negative,negative,False,0.53910625,
sentiment-te-00958,hi-Latn,tweets-hindi,sentiment,bilstm,36,neutral,negative,True,0.4708817,
sentiment-te-00959,hi-Latn,tweets-hindi,sentiment,bilstm,1,positive,positive,False,0.7951756,
sentiment-te-00960,hi-Latn,tweets-hindi,sentiment,bilstm,29,negative,neutral,True,0.4124112,
sentiment-te-00961,hi-Latn,tweets-hindi,sentiment,bilstm,15,neutral,neutral,False,0.58461535,
sentiment-te-00962,hi-Latn,tweets-hindi,sentiment,bilstm,11,positive,positive,False,0.51447767,
sentiment-te-00963,hi-Latn,tweets-hindi,sentiment,bilstm,20,negative,neutral,True,0.383133,
sentiment-te-00964,hi-Latn,tweets-hindi,sentiment,bilstm,24,neutral,neutral,False,0.62571347,
sentiment-te-00965,hi-Latn,tweets-hindi,sentiment,bilstm,5,positive,positive,False,0.5111578,
sentiment-te-00966,hi-Latn,tweets-hindi,sentiment,bilstm,28,negative,neutral,True,0.64275414,
sentiment-te-00967,hi-Latn,tweets-hindi,sentiment,bilstm,18,neutral,neutral,False,0.5442581,
sentiment-te-00968,hi-Latn,tweets-hindi,sentiment,bilstm,18,positive,negative,True,0.5136884,
sentiment-te-00969,hi-Latn,tweets-hindi,sentiment,bilstm,18,negative,neutral,True,0.45154127,
sentiment-te-00970,hi-Latn,tweets-hindi,sentiment,bilstm,6,neutral,negative,True,0.59395635,
sentiment-te-00971,hi-Latn,tweets-hindi,sentiment,bilstm,11,positive,neutral,True,0.3440517,
sentiment-te-00972,hi-Latn,tweets-hindi,sentiment,bilstm,17,negative,negative,False,0.49236172,
sentiment-te-00973,hi-Latn,tweets-hindi,sentiment,bilstm,5,neutral,positive,True,0.4083801,
sentiment-te-00974,hi-Latn,tweets-hindi,sentiment,bilstm,15,positive,negative,True,0.40215787,
sentiment-te-00975,hi-Latn,tweets-hindi,sentiment,bilstm,13,negative,neutral,True,0.42960745,
sentiment-te-00976,hi-Latn,tweets-hindi,sentiment,bilstm,7,neutral,neutral,False,0.5374804,
sentiment-te-00977,hi-Latn,tweets-hindi,sentiment,bilstm,25,positive,positive,False,0.5290856,
sentiment-te-00978,hi-Latn,tweets-hindi,sentiment,bilstm,20,negative,neutral,True,0.50548387,
sentiment-te-00979,hi-Latn,tweets-hindi,sentiment,bilstm,17,positive,positive,False,0.4617409,
sentiment-te-00980,hi-Latn,tweets-hindi,sentiment,bilstm,12,negative,neutral,True,0.39525083,
sentiment-te-00981,hi-Latn,tweets-hindi,sentiment,bilstm,5,neutral,positive,True,0.38988796,
sentiment-te-00982,hi-Latn,tweets-hindi,sentiment,bilstm,86,positive,neutral,True,0.53291565,
sentiment-te-00983,hi-Latn,tweets-hindi,sentiment,bilstm,18,negative,negative,False,0.678418,
sentiment-te-00984,hi-Latn,tweets-hindi,sentiment,bilstm,11,neutral,neutral,False,0.4866352,
sentiment-te-00985,hi-Latn,tweets-hindi,sentiment,bilstm,9,positive,neutral,True,0.41619912,
sentiment-te-00986,hi-Latn,tweets-hindi,sentiment,bilstm,13,negative,positive,True,0.44418392,
sentiment-te-00987,hi-Latn,tweets-hindi,sentiment,bilstm,10,neutral,negative,True,0.6004741,
sentiment-te-00988,hi-Latn,tweets-hindi,sentiment,bilstm,20,positive,positive,False,0.39209267,
sentiment-te-00989,hi-Latn,tweets-hindi,sentiment,bilstm,18,negative,negative,False,0.3749407,
sentiment-te-00990,hi-Latn,tweets-hindi,sentiment,bilstm,7,neutral,positive,True,0.5065947,
sentiment-te-00991,hi-Latn,tweets-hindi,sentiment,bilstm,2,positive,neutral,True,0.37941977,
sentiment-te-00992,hi-Latn,tweets-hindi,sentiment,bilstm,8,negative,negative,False,0.40539262,
sentiment-te-00993,hi-Latn,tweets-hindi,sentiment,bilstm,14,neutral,positive,True,0.37132603,
sentiment-te-00994,hi-Latn,tweets-hindi,sentiment,bilstm,13,positive,positive,False,0.69160974,
sentiment-te-00995,hi-Latn,tweets-hindi,sentiment,bilstm,20,negative,negative,False,0.53247833,
sentiment-te-00996,hi-Latn,tweets-hindi,sentiment,bilstm,31,neutral,negative,True,0.41571873,
sentiment-te-00997,hi-Latn,tweets-hindi,sentiment,bilstm,6,positive,negative,True,0.39384046,
sentiment-te-00998,hi-Latn,tweets-hindi,sentiment,bilstm,11,negative,negative,False,0.5662953,
sentiment-te-00999,hi-Latn,tweets-hindi,sentiment,bilstm,13,neutral,positive,True,0.45594695,
sentiment-te-01000,hi-Latn,tweets-hindi,sentiment,bilstm,18,positive,positive,False,0.44917032,
sentiment-te-01001,hi-Latn,tweets-hindi,sentiment,bilstm,5,negative,positive,True,0.39624318,
sentiment-te-01002,hi-Latn,tweets-hindi,sentiment,bilstm,28,neutral,negative,True,0.37518546,
sentiment-te-01003,hi-Latn,tweets-hindi,sentiment,bilstm,30,positive,neutral,True,0.5007068,
sentiment-te-01004,hi-Latn,tweets-hindi,sentiment,bilstm,2,negative,neutral,True,0.600506,
sentiment-te-01005,hi-Latn,tweets-hindi,sentiment,bilstm,8,neutral,neutral,False,0.39970455,
sentiment-te-01006,hi-Latn,tweets-hindi,sentiment,bilstm,18,positive,positive,False,0.5106783,
sentiment-te-01007,hi-Latn,tweets-hindi,sentiment,bilstm,21,negative,negative,False,0.43887928,
sentiment-te-01008,hi-Latn,tweets-hindi,sentiment,bilstm,3,neutral,negative,True,0.55473703,
sentiment-te-01009,hi-Latn,tweets-hindi,sentiment,bilstm,10,positive,negative,True,0.36542922,
sentiment-te-01010,hi-Latn,tweets-hindi,sentiment,bilstm,11,negative,negative,False,0.58981943,
sentiment-te-01011,hi-Latn,tweets-hindi,sentiment,bilstm,3,neutral,positive,True,0.5878109,
sentiment-te-01012,hi-Latn,tweets-hindi,sentiment,bilstm,17,positive,negative,True,0.5279704,
sentiment-te-01013,hi-Latn,tweets-hindi,sentiment,bilstm,15,negative,negative,False,0.748762,
sentiment-te-01014,hi-Latn,tweets-hindi,sentiment,bilstm,6,positive,positive,False,0.5033751,
sentiment-te-01015,hi-Latn,tweets-hindi,sentiment,bilstm,3,negative,negative,False,0.3964563,
sentiment-te-01016,hi-Latn,tweets-hindi,sentiment,bilstm,16,neutral,positive,True,0.656384,
sentiment-te-01017,hi-Latn,tweets-hindi,sentiment,bilstm,9,positive,positive,False,0.40794158,
sentiment-te-01018,hi-Latn,tweets-hindi,sentiment,bilstm,5,negative,positive,True,0.49443698,
sentiment-te-01019,hi-Latn,tweets-hindi,sentiment,bilstm,6,neutral,neutral,False,0.40866828,
sentiment-te-01020,hi-Latn,tweets-hindi,sentiment,bilstm,7,positive,neutral,True,0.43196285,
sentiment-te-01021,hi-Latn,tweets-hindi,sentiment,bilstm,18,negative,negative,False,0.52883524,
sentiment-te-01022,hi-Latn,tweets-hindi,sentiment,bilstm,5,neutral,negative,True,0.4068328,
sentiment-te-01023,hi-Latn,tweets-hindi,sentiment,bilstm,27,positive,positive,False,0.50403386,
sentiment-te-01024,hi-Latn,tweets-hindi,sentiment,bilstm,18,negative,negative,False,0.47167766,
sentiment-te-01025,hi-Latn,tweets-hindi,sentiment,bilstm,38,neutral,neutral,False,0.45727235,
sentiment-te-01026,hi-Latn,tweets-hindi,sentiment,bilstm,25,positive,positive,False,0.45513955,
sentiment-te-01027,hi-Latn,tweets-hindi,sentiment,bilstm,4,negative,negative,False,0.37063795,
sentiment-te-01028,hi-Latn,tweets-hindi,sentiment,bilstm,6,neutral,neutral,False,0.38840145,
sentiment-te-01029,hi-Latn,tweets-hindi,sentiment,bilstm,7,positive,neutral,True,0.37115258,
sentiment-te-01030,hi-Latn,tweets-hindi,sentiment,bilstm,22,negative,neutral,True,0.53676337,
sentiment-te-01031,hi-Latn,tweets-hindi,sentiment,bilstm,4,neutral,negative,True,0.40903822,
sentiment-te-01032,hi-Latn,tweets-hindi,sentiment,bilstm,40,positive,positive,False,0.7050056,
sentiment-te-01033,hi-Latn,tweets-hindi,sentiment,bilstm,11,negative,negative,False,0.47478694,
sentiment-te-01034,hi-Latn,tweets-hindi,sentiment,bilstm,15,neutral,neutral,False,0.50499547,
sentiment-te-01035,hi-Latn,tweets-hindi,sentiment,bilstm,24,positive,negative,True,0.43950832,
sentiment-te-01036,hi-Latn,tweets-hindi,sentiment,bilstm,11,negative,negative,False,0.39869863,
sentiment-te-01037,hi-Latn,tweets-hindi,sentiment,bilstm,1,neutral,positive,True,0.41216338,
sentiment-te-01038,hi-Latn,tweets-hindi,sentiment,bilstm,17,positive,positive,False,0.4727744,
sentiment-te-01039,hi-Latn,tweets-hindi,sentiment,bilstm,20,negative,negative,False,0.5578395,
sentiment-te-01040,hi-Latn,tweets-hindi,sentiment,bilstm,25,neutral,neutral,False,0.44115537,
sentiment-te-01041,hi-Latn,tweets-hindi,sentiment,bilstm,20,positive,positive,False,0.55434126,
sentiment-te-01042,hi-Latn,tweets-hindi,sentiment,bilstm,5,negative,negative,False,0.36008847,
sentiment-te-01043,hi-Latn,tweets-hindi,sentiment,bilstm,10,neutral,positive,True,0.4329381,
sentiment-te-01044,hi-Latn,tweets-hindi,sentiment,bilstm,8,positive,neutral,True,0.5994923,
sentiment-te-01045,hi-Latn,tweets-hindi,sentiment,bilstm,14,negative,negative,False,0.77728796,
sentiment-te-01046,hi-Latn,tweets-hindi,sentiment,bilstm,2,neutral,positive,True,0.4898996,
sentiment-te-01047,hi-Latn,tweets-hindi,sentiment,bilstm,39,positive,positive,False,0.41976088,
sentiment-te-01048,hi-Latn,tweets-hindi,sentiment,bilstm,13,negative,negative,False,0.7020707,
sentiment-te-01049,hi-Latn,tweets-hindi,sentiment,bilstm,30,neutral,neutral,False,0.45124298,
sentiment-te-01050,hi-Latn,tweets-hindi,sentiment,bilstm,7,positive,positive,False,0.4418613,
sentiment-te-01051,hi-Latn,tweets-hindi,sentiment,bilstm,8,negative,negative,False,0.5739492,
sentiment-te-01052,hi-Latn,tweets-hindi,sentiment,bilstm,5,neutral,positive,True,0.6896208,
sentiment-te-01053,hi-Latn,tweets-hindi,sentiment,bilstm,26,positive,positive,False,0.46364784,
sentiment-te-01054,hi-Latn,tweets-hindi,sentiment,bilstm,20,negative,positive,True,0.353721,
sentiment-te-01055,hi-Latn,tweets-hindi,sentiment,bilstm,15,neutral,neutral,False,0.35762933,
sentiment-te-01056,hi-Latn,tweets-hindi,sentiment,bilstm,40,positive,negative,True,0.38860682,
sentiment-te-01057,hi-Latn,tweets-hindi,sentiment,bilstm,14,negative,neutral,True,0.51846135,
sentiment-te-01058,hi-Latn,tweets-hindi,sentiment,bilstm,10,neutral,neutral,False,0.47351393,
sentiment-te-01059,hi-Latn,tweets-hindi,sentiment,bilstm,15,positive,positive,False,0.5903404,
sentiment-te-01060,hi-Latn,tweets-hindi,sentiment,bilstm,17,negative,negative,False,0.45727473,
sentiment-te-01061,hi-Latn,tweets-hindi,sentiment,bilstm,15,neutral,positive,True,0.54536444,
sentiment-te-01062,hi-Latn,tweets-hindi,sentiment,bilstm,21,positive,neutral,True,0.45011342,
sentiment-te-01063,hi-Latn,tweets-hindi,sentiment,bilstm,5,negative,negative,False,0.658155,
sentiment-te-01064,hi-Latn,tweets-hindi,sentiment,bilstm,11,neutral,neutral,False,0.41433564,
sentiment-te-01065,hi-Latn,tweets-hindi,sentiment,bilstm,30,positive,negative,True,0.5905391,
sentiment-te-01066,hi-Latn,tweets-hindi,sentiment,bilstm,62,negative,negative,False,0.5051939,
sentiment-te-01067,hi-Latn,tweets-hindi,sentiment,bilstm,3,neutral,positive,True,0.3852413,
sentiment-te-01068,hi-Latn,tweets-hindi,sentiment,bilstm,31,positive,neutral,True,0.37523112,
sentiment-te-01069,hi-Latn,tweets-hindi,sentiment,bilstm,15,negative,negative,False,0.4102982,
sentiment-te-01070,hi-Latn,tweets-hindi,sentiment,bilstm,30,neutral,negative,True,0.41871366,
sentiment-te-01071,hi-Latn,tweets-hindi,sentiment,bilstm,5,positive,positive,False,0.47014505,
sentiment-te-01072,hi-Latn,tweets-hindi,sentiment,bilstm,26,negative,neutral,True,0.45432594,
sentiment-te-01073,hi-Latn,tweets-hindi,sentiment,bilstm,2,neutral,negative,True,0.39956176,
sentiment-te-01074,hi-Latn,tweets-hindi,sentiment,bilstm,23,positive,positive,False,0.660489,
sentiment-te-01075,hi-Latn,tweets-hindi,sentiment,bilstm,8,negative,negative,False,0.5192592,
sentiment-te-01076,hi-Latn,tweets-hindi,sentiment,bilstm,13,neutral,neutral,False,0.5513114,
sentiment-te-01077,hi-Latn,tweets-hindi,sentiment,bilstm,10,positive,negative,True,0.4182285,
sentiment-te-01078,hi-Latn,tweets-hindi,sentiment,bilstm,22,negative,neutral,True,0.4832941,
sentiment-te-01079,hi-Latn,tweets-hindi,sentiment,bilstm,19,neutral,neutral,False,0.36612707,
sentiment-te-01080,hi-Latn,tweets-hindi,sentiment,bilstm,3,positive,neutral,True,0.37066993,
sentiment-te-01081,hi-Latn,tweets-hindi,sentiment,bilstm,19,negative,negative,False,0.3473349,
sentiment-te-01082,hi-Latn,tweets-hindi,sentiment,bilstm,28,neutral,positive,True,0.42847097,
sentiment-te-01083,hi-Latn,tweets-hindi,sentiment,bilstm,8,positive,positive,False,0.4519481,
sentiment-te-01084,hi-Latn,tweets-hindi,sentiment,bilstm,38,negative,neutral,True,0.46483558,
sentiment-te-01085,hi-Latn,tweets-hindi,sentiment,bilstm,10,neutral,positive,True,0.50031906,
sentiment-te-01086,hi-Latn,tweets-hindi,sentiment,bilstm,14,positive,negative,True,0.78709483,
sentiment-te-01087,hi-Latn,tweets-hindi,sentiment,bilstm,3,negative,positive,True,0.6777703,
sentiment-te-01088,hi-Latn,tweets-hindi,sentiment,bilstm,2,neutral,positive,True,0.44827655,
sentiment-te-01089,hi-Latn,tweets-hindi,sentiment,bilstm,10,positive,positive,False,0.49096227,
sentiment-te-01090,hi-Latn,tweets-hindi,sentiment,bilstm,15,negative,negative,False,0.5775604,
sentiment-te-01091,hi-Latn,tweets-hindi,sentiment,bilstm,14,neutral,positive,True,0.5175597,
sentiment-te-01092,hi-Latn,tweets-hindi,sentiment,bilstm,23,positive,neutral,True,0.470734,
sentiment-te-01093,hi-Latn,tweets-hindi,sentiment,bilstm,26,negative,negative,False,0.7873874,
sentiment-te-01094,hi-Latn,tweets-hindi,sentiment,bilstm,24,neutral,neutral,False,0.46903187,
sentiment-te-01095,hi-Latn,tweets-hindi,sentiment,bilstm,26,positive,neutral,True,0.44792938,
sentiment-te-01096,hi-Latn,tweets-hindi,sentiment,bilstm,7,negative,positive,True,0.40079173,
sentiment-te-01097,hi-Latn,tweets-hindi,sentiment,bilstm,4,neutral,negative,True,0.43813208,
sentiment-te-01098,hi-Latn,tweets-hindi,sentiment,bilstm,6,positive,positive,False,0.59987247,
sentiment-te-01099,hi-Latn,tweets-hindi,sentiment,bilstm,40,negative,negative,False,0.3432015,
sentiment-te-01100,hi-Latn,tweets-hindi,sentiment,bilstm,22,neutral,positive,True,0.39879745,
sentiment-te-01101,hi-Latn,tweets-hindi,sentiment,bilstm,12,positive,negative,True,0.3561994,
sentiment-te-01102,hi-Latn,tweets-hindi,sentiment,bilstm,2,negative,neutral,True,0.3704261,
sentiment-te-01103,hi-Latn,tweets-hindi,sentiment,bilstm,11,neutral,neutral,False,0.4128756,
sentiment-te-01104,hi-Latn,tweets-hindi,sentiment,bilstm,40,positive,neutral,True,0.40187198,
sentiment-te-01105,hi-Latn,tweets-hindi,sentiment,bilstm,37,negative,negative,False,0.42198697,
sentiment-te-01106,hi-Latn,tweets-hindi,sentiment,bilstm,12,neutral,neutral,False,0.41325325,
sentiment-te-01107,hi-Latn,tweets-hindi,sentiment,bilstm,2,positive,neutral,True,0.6307492,
sentiment-te-01108,hi-Latn,tweets-hindi,sentiment,bilstm,12,negative,negative,False,0.41683638,
sentiment-te-01109,hi-Latn,tweets-hindi,sentiment,bilstm,14,neutral,neutral,False,0.5167755,
sentiment-te-01110,hi-Latn,tweets-hindi,sentiment,bilstm,9,positive,positive,False,0.3803998,
sentiment-te-01111,hi-Latn,tweets-hindi,sentiment,bilstm,20,negative,neutral,True,0.4974955,
sentiment-te-01112,hi-Latn,tweets-hindi,sentiment,bilstm,32,neutral,neutral,False,0.37589586,
sentiment-te-01113,hi-Latn,tweets-hindi,sentiment,bilstm,17,positive,positive,False,0.67554563,
sentiment-te-01114,hi-Latn,tweets-hindi,sentiment,bilstm,18,negative,neutral,True,0.41792122,
sentiment-te-01115,hi-Latn,tweets-hindi,sentiment,bilstm,18,neutral,neutral,False,0.4003141,
sentiment-te-01116,hi-Latn,tweets-hindi,sentiment,bilstm,19,positive,neutral,True,0.37056676,
sentiment-te-01117,hi-Latn,tweets-hindi,sentiment,bilstm,42,negative,neutral,True,0.54742,
sentiment-te-01118,hi-Latn,tweets-hindi,sentiment,bilstm,8,neutral,neutral,False,0.41436937,
sentiment-te-01119,hi-Latn,tweets-hindi,sentiment,bilstm,19,positive,negative,True,0.6925078,
sentiment-te-01120,hi-Latn,tweets-hindi,sentiment,bilstm,11,negative,neutral,True,0.4263791,
sentiment-te-01121,hi-Latn,tweets-hindi,sentiment,bilstm,13,neutral,neutral,False,0.45310116,
sentiment-te-01122,hi-Latn,tweets-hindi,sentiment,bilstm,29,positive,positive,False,0.4124183,
sentiment-te-01123,hi-Latn,tweets-hindi,sentiment,bilstm,16,negative,positive,True,0.4217166,
sentiment-te-01124,hi-Latn,tweets-hindi,sentiment,bilstm,1,neutral,positive,True,0.38178048,
sentiment-te-01125,hi-Latn,tweets-hindi,sentiment,bilstm,12,positive,negative,True,0.46151403,
sentiment-te-01126,hi-Latn,tweets-hindi,sentiment,bilstm,18,negative,negative,False,0.5041214,
sentiment-te-01127,hi-Latn,tweets-hindi,sentiment,bilstm,8,neutral,neutral,False,0.44172302,
sentiment-te-01128,hi-Latn,tweets-hindi,sentiment,bilstm,15,positive,positive,False,0.37126997,
sentiment-te-01129,hi-Latn,tweets-hindi,sentiment,bilstm,6,negative,negative,False,0.47885835,
sentiment-te-01130,hi-Latn,tweets-hindi,sentiment,bilstm,12,neutral,negative,True,0.46260142,
sentiment-te-01131,hi-Latn,tweets-hindi,sentiment,bilstm,7,positive,negative,True,0.41986445,
sentiment-te-01132,hi-Latn,tweets-hindi,sentiment,bilstm,20,negative,negative,False,0.6137928,
sentiment-te-01133,hi-Latn,tweets-hindi,sentiment,bilstm,20,neutral,negative,True,0.47275323,
sentiment-te-01134,hi-Latn,tweets-hindi,sentiment,bilstm,22,positive,positive,False,0.5049302,
sentiment-te-01135,hi-Latn,tweets-hindi,sentiment,bilstm,20,negative,negative,False,0.54497653,
sentiment-te-01136,hi-Latn,tweets-hindi,sentiment,bilstm,14,neutral,negative,True,0.4515207,
sentiment-te-01137,hi-Latn,tweets-hindi,sentiment,bilstm,17,positive,negative,True,0.41516244,
sentiment-te-01138,hi-Latn,tweets-hindi,sentiment,bilstm,6,negative,neutral,True,0.44782653,
sentiment-te-01139,hi-Latn,tweets-hindi,sentiment,bilstm,6,neutral,negative,True,0.47130537,
sentiment-te-01140,hi-Latn,tweets-hindi,sentiment,bilstm,12,positive,neutral,True,0.40116757,
sentiment-te-01141,hi-Latn,tweets-hindi,sentiment,bilstm,16,negative,positive,True,0.6047731,
sentiment-te-01142,hi-Latn,tweets-hindi,sentiment,bilstm,22,neutral,neutral,False,0.4730643,
sentiment-te-01143,hi-Latn,tweets-hindi,sentiment,bilstm,15,positive,positive,False,0.4836191,
sentiment-te-01144,hi-Latn,tweets-hindi,sentiment,bilstm,21,negative,negative,False,0.66881853,
sentiment-te-01145,hi-Latn,tweets-hindi,sentiment,bilstm,22,neutral,neutral,False,0.4640784,
sentiment-te-01146,hi-Latn,tweets-hindi,sentiment,bilstm,23,positive,negative,True,0.4684765,
sentiment-te-01147,hi-Latn,tweets-hindi,sentiment,bilstm,23,negative,positive,True,0.49167594,
sentiment-te-01148,hi-Latn,tweets-hindi,sentiment,bilstm,4,neutral,negative,True,0.41984677,
sentiment-te-01149,hi-Latn,tweets-hindi,sentiment,bilstm,7,positive,positive,False,0.6386149,
sentiment-te-01150,hi-Latn,tweets-hindi,sentiment,bilstm,10,negative,negative,False,0.5053723,
sentiment-te-01151,hi-Latn,tweets-hindi,sentiment,bilstm,4,neutral,positive,True,0.42218736,
sentiment-te-01152,hi-Latn,tweets-hindi,sentiment,bilstm,6,positive,negative,True,0.37626484,
sentiment-te-01153,hi-Latn,tweets-hindi,sentiment,bilstm,18,negative,negative,False,0.56255496,
sentiment-te-01154,hi-Latn,tweets-hindi,sentiment,bilstm,8,neutral,negative,True,0.6264887,
sentiment-te-01155,hi-Latn,tweets-hindi,sentiment,bilstm,41,positive,positive,False,0.5194357,
sentiment-te-01156,hi-Latn,tweets-hindi,sentiment,bilstm,6,negative,negative,False,0.5142307,
sentiment-te-01157,hi-Latn,tweets-hindi,sentiment,bilstm,11,neutral,positive,True,0.49402297,
sentiment-te-01158,hi-Latn,tweets-hindi,sentiment,bilstm,3,positive,positive,False,0.37637797,
sentiment-te-01159,hi-Latn,tweets-hindi,sentiment,bilstm,24,negative,neutral,True,0.36980104,
sentiment-te-01160,hi-Latn,tweets-hindi,sentiment,bilstm,10,neutral,negative,True,0.3627527,
sentiment-te-01161,hi-Latn,tweets-hindi,sentiment,bilstm,7,positive,negative,True,0.45704436,
sentiment-te-01162,hi-Latn,tweets-hindi,sentiment,bilstm,26,negative,positive,True,0.38114956,
sentiment-te-01163,hi-Latn,tweets-hindi,sentiment,bilstm,3,neutral,negative,True,0.7966281,
sentiment-te-01164,hi-Latn,tweets-hindi,sentiment,bilstm,3,positive,positive,False,0.39756417,
sentiment-te-01165,hi-Latn,tweets-hindi,sentiment,bilstm,31,negative,negative,False,0.63104457,
sentiment-te-01166,hi-Latn,tweets-hindi,sentiment,bilstm,8,neutral,negative,True,0.66055185,
sentiment-te-01167,hi-Latn,tweets-hindi,sentiment,bilstm,2,positive,neutral,True,0.3563663,
sentiment-te-01168,hi-Latn,tweets-hindi,sentiment,bilstm,16,negative,negative,False,0.5939371,
sentiment-te-01169,hi-Latn,tweets-hindi,sentiment,bilstm,8,neutral,negative,True,0.6182624,
sentiment-te-01170,hi-Latn,tweets-hindi,sentiment,bilstm,6,positive,neutral,True,0.43865246,
sentiment-te-01171,hi-Latn,tweets-hindi,sentiment,bilstm,24,negative,positive,True,0.3766862,
sentiment-te-01172,hi-Latn,tweets-hindi,sentiment,bilstm,5,neutral,positive,True,0.37714952,
sentiment-te-01173,hi-Latn,tweets-hindi,sentiment,bilstm,5,positive,neutral,True,0.393065,
sentiment-te-01174,hi-Latn,tweets-hindi,sentiment,bilstm,2,negative,negative,False,0.38825244,
sentiment-te-01175,hi-Latn,tweets-hindi,sentiment,bilstm,26,neutral,neutral,False,0.34647265,
sentiment-te-01176,hi-Latn,tweets-hindi,sentiment,bilstm,3,positive,positive,False,0.4042435,
sentiment-te-01177,hi-Latn,tweets-hindi,sentiment,bilstm,9,negative,negative,False,0.38699389,
sentiment-te-01178,hi-Latn,tweets-hindi,sentiment,bilstm,5,neutral,neutral,False,0.4591091,
sentiment-te-01179,hi-Latn,tweets-hindi,sentiment,bilstm,10,positive,negative,True,0.42247364,
sentiment-te-01180,hi-Latn,tweets-hindi,sentiment,bilstm,12,negative,neutral,True,0.39121103,
sentiment-te-01181,hi-Latn,tweets-hindi,sentiment,bilstm,10,neutral,positive,True,0.73897,
sentiment-te-01182,hi-Latn,tweets-hindi,sentiment,bilstm,1,positive,positive,False,0.65398115,
sentiment-te-01183,hi-Latn,tweets-hindi,sentiment,bilstm,10,negative,negative,False,0.49997514,
sentiment-te-01184,hi-Latn,tweets-hindi,sentiment,bilstm,16,neutral,negative,True,0.55851537,
sentiment-te-01185,hi-Latn,tweets-hindi,sentiment,bilstm,25,positive,neutral,True,0.50198907,
sentiment-te-01186,hi-Latn,tweets-hindi,sentiment,bilstm,12,negative,positive,True,0.42610642,
sentiment-te-01187,hi-Latn,tweets-hindi,sentiment,bilstm,3,neutral,positive,True,0.55881816,
sentiment-te-01188,hi-Latn,tweets-hindi,sentiment,bilstm,6,positive,positive,False,0.59695005,
sentiment-te-01189,hi-Latn,tweets-hindi,sentiment,bilstm,25,negative,neutral,True,0.49224916,
sentiment-te-01190,hi-Latn,tweets-hindi,sentiment,bilstm,10,neutral,neutral,False,0.44791543,
sentiment-te-01191,hi-Latn,tweets-hindi,sentiment,bilstm,27,positive,negative,True,0.43280503,
sentiment-te-01192,hi-Latn,tweets-hindi,sentiment,bilstm,12,negative,neutral,True,0.4004133,
sentiment-te-01193,hi-Latn,tweets-hindi,sentiment,bilstm,8,neutral,neutral,False,0.5344225,
sentiment-te-01194,hi-Latn,tweets-hindi,sentiment,bilstm,4,positive,neutral,True,0.4478284,
sentiment-te-01195,hi-Latn,tweets-hindi,sentiment,bilstm,29,negative,negative,False,0.37342322,
sentiment-te-01196,hi-Latn,tweets-hindi,sentiment,bilstm,23,neutral,neutral,False,0.40293652,
sentiment-te-01197,hi-Latn,tweets-hindi,sentiment,bilstm,7,positive,neutral,True,0.3439819,
sentiment-te-01198,hi-Latn,tweets-hindi,sentiment,bilstm,11,negative,positive,True,0.6466957,
sentiment-te-01199,hi-Latn,tweets-hindi,sentiment,bilstm,9,neutral,negative,True,0.60002637,
sentiment-te-01200,hi-Latn,tweets-hindi,sentiment,bilstm,14,positive,positive,False,0.4043762,
sentiment-te-01201,hi-Latn,tweets-hindi,sentiment,bilstm,15,negative,neutral,True,0.44824153,
sentiment-te-01202,hi-Latn,tweets-hindi,sentiment,bilstm,5,neutral,neutral,False,0.42818883,
sentiment-te-01203,hi-Latn,tweets-hindi,sentiment,bilstm,25,positive,neutral,True,0.55365205,
sentiment-te-01204,hi-Latn,tweets-hindi,sentiment,bilstm,13,negative,neutral,True,0.37262282,
sentiment-te-01205,hi-Latn,tweets-hindi,sentiment,bilstm,25,neutral,negative,True,0.38399732,
sentiment-te-01206,hi-Latn,tweets-hindi,sentiment,bilstm,4,positive,neutral,True,0.44806176,
sentiment-te-01207,hi-Latn,tweets-hindi,sentiment,bilstm,11,negative,negative,False,0.6944708,
sentiment-te-01208,hi-Latn,tweets-hindi,sentiment,bilstm,15,neutral,neutral,False,0.5601668,
sentiment-te-01209,hi-Latn,tweets-hindi,sentiment,bilstm,12,positive,neutral,True,0.3810233,
sentiment-te-01210,hi-Latn,tweets-hindi,sentiment,bilstm,6,negative,neutral,True,0.36593542,
sentiment-te-01211,hi-Latn,tweets-hindi,sentiment,bilstm,5,neutral,negative,True,0.37065703,
sentiment-te-01212,hi-Latn,tweets-hindi,sentiment,bilstm,24,positive,positive,False,0.47186977,
sentiment-te-01213,hi-Latn,tweets-hindi,sentiment,bilstm,27,negative,negative,False,0.4054892,
sentiment-te-01214,hi-Latn,tweets-hindi,sentiment,bilstm,11,neutral,positive,True,0.42586246,
sentiment-te-01215,hi-Latn,tweets-hindi,sentiment,bilstm,27,positive,positive,False,0.41317204,
sentiment-te-01216,hi-Latn,tweets-hindi,sentiment,bilstm,9,negative,neutral,True,0.5909536,
sentiment-te-01217,hi-Latn,tweets-hindi,sentiment,bilstm,19,neutral,negative,True,0.43900484,
sentiment-te-01218,hi-Latn,tweets-hindi,sentiment,bilstm,7,positive,negative,True,0.59973365,
sentiment-te-01219,hi-Latn,tweets-hindi,sentiment,bilstm,26,negative,positive,True,0.34847993,
sentiment-te-01220,hi-Latn,tweets-hindi,sentiment,bilstm,11,neutral,positive,True,0.50652534,
sentiment-te-01221,hi-Latn,tweets-hindi,sentiment,bilstm,4,positive,neutral,True,0.41395217,
sentiment-te-01222,hi-Latn,tweets-hindi,sentiment,bilstm,19,negative,positive,True,0.5414047,
sentiment-te-01223,hi-Latn,tweets-hindi,sentiment,bilstm,12,neutral,neutral,False,0.5094033,
sentiment-te-01224,hi-Latn,tweets-hindi,sentiment,bilstm,18,positive,positive,False,0.47832552,
sentiment-te-01225,hi-Latn,tweets-hindi,sentiment,bilstm,9,negative,positive,True,0.48076087,
sentiment-te-01226,hi-Latn,tweets-hindi,sentiment,bilstm,1,neutral,positive,True,0.34702414,
sentiment-te-01227,hi-Latn,tweets-hindi,sentiment,bilstm,6,positive,positive,False,0.33768132,
sentiment-te-01228,hi-Latn,tweets-hindi,sentiment,bilstm,14,negative,negative,False,0.36160207,
sentiment-te-01229,hi-Latn,tweets-hindi,sentiment,bilstm,6,neutral,neutral,False,0.5235595,
sentiment-te-01230,hi-Latn,tweets-hindi,sentiment,bilstm,24,positive,positive,False,0.39765933,
sentiment-te-01231,hi-Latn,tweets-hindi,sentiment,bilstm,16,negative,negative,False,0.42580014,
sentiment-te-01232,hi-Latn,tweets-hindi,sentiment,bilstm,10,neutral,neutral,False,0.3991504,
sentiment-te-01233,hi-Latn,tweets-hindi,sentiment,bilstm,18,positive,negative,True,0.41643026,
sentiment-te-01234,hi-Latn,tweets-hindi,sentiment,bilstm,18,negative,negative,False,0.43099654,
sentiment-te-01235,hi-Latn,tweets-hindi,sentiment,bilstm,3,neutral,neutral,False,0.38486397,
sentiment-te-01236,hi-Latn,tweets-hindi,sentiment,bilstm,9,positive,neutral,True,0.5262998,
sentiment-te-01237,hi-Latn,tweets-hindi,sentiment,bilstm,18,negative,negative,False,0.52813554,
sentiment-te-01238,hi-Latn,tweets-hindi,sentiment,bilstm,13,neutral,positive,True,0.6403599,
sentiment-te-01239,hi-Latn,tweets-hindi,sentiment,bilstm,32,positive,positive,False,0.46034464,
sentiment-te-01240,hi-Latn,tweets-hindi,sentiment,bilstm,4,negative,negative,False,0.5104399,
sentiment-te-01241,hi-Latn,tweets-hindi,sentiment,bilstm,12,neutral,neutral,False,0.59651715,
sentiment-te-01242,hi-Latn,tweets-hindi,sentiment,bilstm,7,positive,positive,False,0.45623592,
sentiment-te-01243,hi-Latn,tweets-hindi,sentiment,bilstm,22,negative,neutral,True,0.44045046,
sentiment-te-01244,hi-Latn,tweets-hindi,sentiment,bilstm,6,neutral,positive,True,0.60816437,
sentiment-te-01245,hi-Latn,tweets-hindi,sentiment,bilstm,8,positive,negative,True,0.5962045,
sentiment-te-01246,hi-Latn,tweets-hindi,sentiment,bilstm,34,negative,neutral,True,0.43873104,
sentiment-te-01247,hi-Latn,tweets-hindi,sentiment,bilstm,20,neutral,negative,True,0.39091492,
sentiment-te-01248,hi-Latn,tweets-hindi,sentiment,bilstm,23,positive,positive,False,0.5272066,
sentiment-te-01249,hi-Latn,tweets-hindi,sentiment,bilstm,3,negative,negative,False,0.40741444,
sentiment-te-01250,hi-Latn,tweets-hindi,sentiment,bilstm,11,neutral,positive,True,0.572747,
sentiment-te-01251,hi-Latn,tweets-hindi,sentiment,bilstm,4,positive,neutral,True,0.54797256,
sentiment-te-01252,hi-Latn,tweets-hindi,sentiment,bilstm,14,negative,neutral,True,0.4943509,
sentiment-te-01253,hi-Latn,tweets-hindi,sentiment,bilstm,13,neutral,positive,True,0.48580822,
sentiment-te-01254,hi-Latn,tweets-hindi,sentiment,bilstm,13,positive,neutral,True,0.48297215,
sentiment-te-01255,hi-Latn,tweets-hindi,sentiment,bilstm,15,negative,negative,False,0.63671124,
sentiment-te-01256,hi-Latn,tweets-hindi,sentiment,bilstm,5,neutral,negative,True,0.5367501,
sentiment-te-01257,hi-Latn,tweets-hindi,sentiment,bilstm,14,positive,negative,True,0.5072662,
sentiment-te-01258,hi-Latn,tweets-hindi,sentiment,bilstm,21,negative,neutral,True,0.43434602,
sentiment-te-01259,hi-Latn,tweets-hindi,sentiment,bilstm,6,neutral,neutral,False,0.45210946,
sentiment-te-01260,hi-Latn,tweets-hindi,sentiment,bilstm,8,positive,neutral,True,0.3892208,
sentiment-te-01261,hi-Latn,tweets-hindi,sentiment,bilstm,10,negative,neutral,True,0.456672,
sentiment-te-01262,hi-Latn,tweets-hindi,sentiment,bilstm,5,neutral,neutral,False,0.50516915,
sentiment-te-01263,hi-Latn,tweets-hindi,sentiment,bilstm,5,positive,neutral,True,0.39729536,
sentiment-te-01264,hi-Latn,tweets-hindi,sentiment,bilstm,6,negative,negative,False,0.41862515,
sentiment-te-01265,hi-Latn,tweets-hindi,sentiment,bilstm,38,neutral,neutral,False,0.57838374,
sentiment-te-01266,hi-Latn,tweets-hindi,sentiment,bilstm,10,positive,neutral,True,0.5511552,
sentiment-te-01267,hi-Latn,tweets-hindi,sentiment,bilstm,12,negative,neutral,True,0.3776882,
sentiment-te-01268,hi-Latn,tweets-hindi,sentiment,bilstm,8,neutral,neutral,False,0.5572338,
sentiment-te-01269,hi-Latn,tweets-hindi,sentiment,bilstm,10,positive,neutral,True,0.42930582,
sentiment-te-01270,hi-Latn,tweets-hindi,sentiment,bilstm,9,negative,neutral,True,0.5495195,
sentiment-te-01271,hi-Latn,tweets-hindi,sentiment,bilstm,5,neutral,negative,True,0.3950027,
sentiment-te-01272,hi-Latn,tweets-hindi,sentiment,bilstm,17,positive,positive,False,0.4049992,
sentiment-te-01273,hi-Latn,tweets-hindi,sentiment,bilstm,4,negative,positive,True,0.41769937,
sentiment-te-01274,hi-Latn,tweets-hindi,sentiment,bilstm,7,neutral,positive,True,0.5521097,
sentiment-te-01275,hi-Latn,tweets-hindi,sentiment,bilstm,5,positive,neutral,True,0.38194203,
sentiment-te-01276,hi-Latn,tweets-hindi,sentiment,bilstm,15,negative,neutral,True,0.47734636,
sentiment-te-01277,hi-Latn,tweets-hindi,sentiment,bilstm,7,neutral,positive,True,0.6511123,
sentiment-te-01278,hi-Latn,tweets-hindi,sentiment,bilstm,12,positive,positive,False,0.5302527,
sentiment-te-01279,hi-Latn,tweets-hindi,sentiment,bilstm,15,negative,neutral,True,0.47586656,
sentiment-te-01280,hi-Latn,tweets-hindi,sentiment,bilstm,4,neutral,neutral,False,0.45776257,
sentiment-te-01281,hi-Latn,tweets-hindi,sentiment,bilstm,5,positive,positive,False,0.5336669,
sentiment-te-01282,hi-Latn,tweets-hindi,sentiment,bilstm,6,negative,negative,False,0.55315834,
sentiment-te-01283,hi-Latn,tweets-hindi,sentiment,bilstm,7,neutral,positive,True,0.34864566,
sentiment-te-01284,hi-Latn,tweets-hindi,sentiment,bilstm,11,positive,neutral,True,0.37072617,
sentiment-te-01285,hi-Latn,tweets-hindi,sentiment,bilstm,15,negative,neutral,True,0.41380343,
sentiment-te-01286,hi-Latn,tweets-hindi,sentiment,bilstm,4,neutral,positive,True,0.42574972,
sentiment-te-01287,hi-Latn,tweets-hindi,sentiment,bilstm,22,positive,negative,True,0.5004021,
sentiment-te-01288,hi-Latn,tweets-hindi,sentiment,bilstm,18,negative,neutral,True,0.4700046,
sentiment-te-01289,hi-Latn,tweets-hindi,sentiment,bilstm,13,neutral,neutral,False,0.5683183,
sentiment-te-01290,hi-Latn,tweets-hindi,sentiment,bilstm,11,positive,positive,False,0.47357926,
sentiment-te-01291,hi-Latn,tweets-hindi,sentiment,bilstm,12,negative,negative,False,0.6429884,
sentiment-te-01292,hi-Latn,tweets-hindi,sentiment,bilstm,6,neutral,neutral,False,0.378519,
sentiment-te-01293,hi-Latn,tweets-hindi,sentiment,bilstm,30,positive,positive,False,0.5371146,
sentiment-te-01294,hi-Latn,tweets-hindi,sentiment,bilstm,20,negative,positive,True,0.57572687,
sentiment-te-01295,hi-Latn,tweets-hindi,sentiment,bilstm,7,neutral,neutral,False,0.5221093,
sentiment-te-01296,hi-Latn,tweets-hindi,sentiment,bilstm,18,positive,negative,True,0.5434197,
sentiment-te-01297,hi-Latn,tweets-hindi,sentiment,bilstm,9,negative,positive,True,0.38694495,
sentiment-te-01298,hi-Latn,tweets-hindi,sentiment,bilstm,17,neutral,neutral,False,0.38943014,
sentiment-te-01299,hi-Latn,tweets-hindi,sentiment,bilstm,8,positive,positive,False,0.43251806,
sentiment-te-01300,hi-Latn,tweets-hindi,sentiment,bilstm,2,negative,neutral,True,0.56211287,
sentiment-te-01301,hi-Latn,tweets-hindi,sentiment,bilstm,14,neutral,neutral,False,0.46347868,
sentiment-te-01302,hi-Latn,tweets-hindi,sentiment,bilstm,6,positive,negative,True,0.47868985,
sentiment-te-01303,hi-Latn,tweets-hindi,sentiment,bilstm,16,negative,neutral,True,0.42731383,
sentiment-te-01304,hi-Latn,tweets-hindi,sentiment,bilstm,38,neutral,positive,True,0.48595327,
sentiment-te-01305,hi-Latn,tweets-hindi,sentiment,bilstm,12,positive,negative,True,0.6375898,
sentiment-te-01306,hi-Latn,tweets-hindi,sentiment,bilstm,20,negative,neutral,True,0.399256,
sentiment-te-01307,hi-Latn,tweets-hindi,sentiment,bilstm,7,neutral,positive,True,0.41274142,
sentiment-te-01308,hi-Latn,tweets-hindi,sentiment,bilstm,5,positive,positive,False,0.38423312,
sentiment-te-01309,hi-Latn,tweets-hindi,sentiment,bilstm,8,negative,positive,True,0.564292,
sentiment-te-01310,hi-Latn,tweets-hindi,sentiment,bilstm,13,neutral,negative,True,0.6697871,
sentiment-te-01311,hi-Latn,tweets-hindi,sentiment,bilstm,7,positive,positive,False,0.39825952,
sentiment-te-01312,hi-Latn,tweets-hindi,sentiment,bilstm,11,negative,neutral,True,0.44522506,
sentiment-te-01313,hi-Latn,tweets-hindi,sentiment,bilstm,23,neutral,neutral,False,0.6148382,
sentiment-te-01314,hi-Latn,tweets-hindi,sentiment,bilstm,19,positive,positive,False,0.41201755,
sentiment-te-01315,hi-Latn,tweets-hindi,sentiment,bilstm,24,negative,negative,False,0.3927712,
sentiment-te-01316,hi-Latn,tweets-hindi,sentiment,bilstm,1,neutral,positive,True,0.38178048,
sentiment-te-01317,hi-Latn,tweets-hindi,sentiment,bilstm,4,positive,positive,False,0.45150962,
sentiment-te-01318,hi-Latn,tweets-hindi,sentiment,bilstm,19,negative,negative,False,0.5657275,
sentiment-te-01319,hi-Latn,tweets-hindi,sentiment,bilstm,22,neutral,positive,True,0.40552884,
sentiment-te-01320,hi-Latn,tweets-hindi,sentiment,bilstm,16,positive,positive,False,0.5449383,
sentiment-te-01321,hi-Latn,tweets-hindi,sentiment,bilstm,23,negative,positive,True,0.41622666,
sentiment-te-01322,hi-Latn,tweets-hindi,sentiment,bilstm,3,neutral,neutral,False,0.38694298,
sentiment-te-01323,hi-Latn,tweets-hindi,sentiment,bilstm,5,positive,negative,True,0.39502656,
sentiment-te-01324,hi-Latn,tweets-hindi,sentiment,bilstm,11,negative,negative,False,0.5888883,
sentiment-te-01325,hi-Latn,tweets-hindi,sentiment,bilstm,8,neutral,positive,True,0.41632792,
sentiment-te-01326,hi-Latn,tweets-hindi,sentiment,bilstm,22,positive,positive,False,0.46843645,
sentiment-te-01327,hi-Latn,tweets-hindi,sentiment,bilstm,19,negative,neutral,True,0.47770372,
sentiment-te-01328,hi-Latn,tweets-hindi,sentiment,bilstm,6,neutral,neutral,False,0.37691805,
sentiment-te-01329,hi-Latn,tweets-hindi,sentiment,bilstm,14,positive,positive,False,0.4422633,
sentiment-te-01330,hi-Latn,tweets-hindi,sentiment,bilstm,28,negative,negative,False,0.4289987,
sentiment-te-01331,hi-Latn,tweets-hindi,sentiment,bilstm,22,neutral,negative,True,0.52064407,
sentiment-te-01332,hi-Latn,tweets-hindi,sentiment,bilstm,7,positive,neutral,True,0.4357206,
sentiment-te-01333,hi-Latn,tweets-hindi,sentiment,bilstm,68,negative,neutral,True,0.3740936,
sentiment-te-01334,hi-Latn,tweets-hindi,sentiment,bilstm,2,neutral,positive,True,0.41692105,
sentiment-te-01335,hi-Latn,tweets-hindi,sentiment,bilstm,18,positive,neutral,True,0.38701788,
sentiment-te-01336,hi-Latn,tweets-hindi,sentiment,bilstm,18,negative,positive,True,0.38518354,
sentiment-te-01337,hi-Latn,tweets-hindi,sentiment,bilstm,27,neutral,positive,True,0.41369182,
sentiment-te-01338,hi-Latn,tweets-hindi,sentiment,bilstm,58,positive,positive,False,0.3715174,
sentiment-te-01339,hi-Latn,tweets-hindi,sentiment,bilstm,11,negative,negative,False,0.47735667,
sentiment-te-01340,hi-Latn,tweets-hindi,sentiment,bilstm,32,neutral,neutral,False,0.66519934,
sentiment-te-01341,hi-Latn,tweets-hindi,sentiment,bilstm,59,positive,negative,True,0.6328692,
sentiment-te-01342,hi-Latn,tweets-hindi,sentiment,bilstm,2,negative,neutral,True,0.53260034,
sentiment-te-01343,hi-Latn,tweets-hindi,sentiment,bilstm,15,neutral,positive,True,0.42984784,
sentiment-te-01344,hi-Latn,tweets-hindi,sentiment,bilstm,20,positive,positive,False,0.43839744,
sentiment-te-01345,hi-Latn,tweets-hindi,sentiment,bilstm,5,negative,neutral,True,0.40994492,
sentiment-te-01346,hi-Latn,tweets-hindi,sentiment,bilstm,5,neutral,neutral,False,0.37072197,
sentiment-te-01347,hi-Latn,tweets-hindi,sentiment,bilstm,6,positive,positive,False,0.4686632,
sentiment-te-01348,hi-Latn,tweets-hindi,sentiment,bilstm,9,negative,neutral,True,0.5453436,
sentiment-te-01349,hi-Latn,tweets-hindi,sentiment,bilstm,24,neutral,neutral,False,0.3965765,
sentiment-te-01350,hi-Latn,tweets-hindi,sentiment,bilstm,9,positive,negative,True,0.37414643,
sentiment-te-01351,hi-Latn,tweets-hindi,sentiment,bilstm,14,negative,negative,False,0.6849298,
sentiment-te-01352,hi-Latn,tweets-hindi,sentiment,bilstm,11,neutral,negative,True,0.5311501,
sentiment-te-01353,hi-Latn,tweets-hindi,sentiment,bilstm,15,positive,negative,True,0.53556204,
sentiment-te-01354,hi-Latn,tweets-hindi,sentiment,bilstm,25,negative,neutral,True,0.4179318,
sentiment-te-01355,hi-Latn,tweets-hindi,sentiment,bilstm,23,neutral,neutral,False,0.35661256,
sentiment-te-01356,hi-Latn,tweets-hindi,sentiment,bilstm,16,positive,positive,False,0.5689301,
sentiment-te-01357,hi-Latn,tweets-hindi,sentiment,bilstm,5,negative,positive,True,0.36237898,
sentiment-te-01358,hi-Latn,tweets-hindi,sentiment,bilstm,15,neutral,positive,True,0.36079204,
sentiment-te-01359,hi-Latn,tweets-hindi,sentiment,bilstm,27,positive,positive,False,0.5873091,
sentiment-te-01360,hi-Latn,tweets-hindi,sentiment,bilstm,23,negative,positive,True,0.42022893,
sentiment-te-01361,hi-Latn,tweets-hindi,sentiment,bilstm,3,neutral,neutral,False,0.42754734,
sentiment-te-01362,hi-Latn,tweets-hindi,sentiment,bilstm,16,positive,positive,False,0.5248576,
sentiment-te-01363,hi-Latn,tweets-hindi,sentiment,bilstm,8,negative,neutral,True,0.5041694,
sentiment-te-01364,hi-Latn,tweets-hindi,sentiment,bilstm,13,neutral,neutral,False,0.43377444,
sentiment-te-01365,hi-Latn,tweets-hindi,sentiment,bilstm,13,positive,positive,False,0.42936695,
sentiment-te-01366,hi-Latn,tweets-hindi,sentiment,bilstm,13,negative,negative,False,0.4455015,
sentiment-te-01367,hi-Latn,tweets-hindi,sentiment,bilstm,9,neutral,negative,True,0.3987042,
sentiment-te-01368,hi-Latn,tweets-hindi,sentiment,bilstm,17,positive,neutral,True,0.49945414,
sentiment-te-01369,hi-Latn,tweets-hindi,sentiment,bilstm,13,negative,neutral,True,0.36844635,
sentiment-te-01370,hi-Latn,tweets-hindi,sentiment,bilstm,4,neutral,neutral,False,0.45703796,
sentiment-te-01371,hi-Latn,tweets-hindi,sentiment,bilstm,11,positive,neutral,True,0.44184777,
sentiment-te-01372,hi-Latn,tweets-hindi,sentiment,bilstm,12,negative,negative,False,0.43581605,
sentiment-te-01373,hi-Latn,tweets-hindi,sentiment,bilstm,21,neutral,neutral,False,0.5317921,
sentiment-te-01374,hi-Latn,tweets-hindi,sentiment,bilstm,11,positive,negative,True,0.4560967,
sentiment-te-01375,hi-Latn,tweets-hindi,sentiment,bilstm,5,negative,negative,False,0.86521125,
sentiment-te-01376,hi-Latn,tweets-hindi,sentiment,bilstm,23,neutral,neutral,False,0.5709917,
sentiment-te-01377,hi-Latn,tweets-hindi,sentiment,bilstm,7,positive,neutral,True,0.531983,
sentiment-te-01378,hi-Latn,tweets-hindi,sentiment,bilstm,25,negative,negative,False,0.4989642,
sentiment-te-01379,hi-Latn,tweets-hindi,sentiment,bilstm,4,neutral,negative,True,0.74161863,
sentiment-te-01380,hi-Latn,tweets-hindi,sentiment,bilstm,28,positive,negative,True,0.6639192,
sentiment-te-01381,hi-Latn,tweets-hindi,sentiment,bilstm,20,negative,neutral,True,0.46919715,
sentiment-te-01382,hi-Latn,tweets-hindi,sentiment,bilstm,5,neutral,neutral,False,0.4325294,
sentiment-te-01383,hi-Latn,tweets-hindi,sentiment,bilstm,26,positive,positive,False,0.49862915,
sentiment-te-01384,hi-Latn,tweets-hindi,sentiment,bilstm,5,negative,neutral,True,0.41247392,
sentiment-te-01385,hi-Latn,tweets-hindi,sentiment,bilstm,16,neutral,neutral,False,0.6193075,
sentiment-te-01386,hi-Latn,tweets-hindi,sentiment,bilstm,5,positive,positive,False,0.38882893,
sentiment-te-01387,hi-Latn,tweets-hindi,sentiment,bilstm,17,negative,neutral,True,0.47004345,
sentiment-te-01388,hi-Latn,tweets-hindi,sentiment,bilstm,26,neutral,neutral,False,0.42269167,
sentiment-te-01389,hi-Latn,tweets-hindi,sentiment,bilstm,30,positive,positive,False,0.46161693,
sentiment-te-01390,hi-Latn,tweets-hindi,sentiment,bilstm,29,negative,negative,False,0.5472527,
sentiment-te-01391,hi-Latn,tweets-hindi,sentiment,bilstm,12,neutral,neutral,False,0.38887608,
sentiment-te-01392,hi-Latn,tweets-hindi,sentiment,bilstm,3,positive,positive,False,0.7119016,
sentiment-te-01393,hi-Latn,tweets-hindi,sentiment,bilstm,2,negative,negative,False,0.48668998,
sentiment-te-01394,hi-Latn,tweets-hindi,sentiment,bilstm,16,neutral,neutral,False,0.46058232,
sentiment-te-01395,hi-Latn,tweets-hindi,sentiment,bilstm,23,positive,neutral,True,0.48900574,
sentiment-te-01396,hi-Latn,tweets-hindi,sentiment,bilstm,28,negative,neutral,True,0.40129173,
sentiment-te-01397,hi-Latn,tweets-hindi,sentiment,bilstm,1,neutral,negative,True,0.35785127,
sentiment-te-01398,hi-Latn,tweets-hindi,sentiment,bilstm,31,positive,neutral,True,0.42019194,
sentiment-te-01399,hi-Latn,tweets-hindi,sentiment,bilstm,14,negative,positive,True,0.4129677,
sentiment-te-01400,hi-Latn,tweets-hindi,sentiment,bilstm,30,neutral,neutral,False,0.37515426,
sentiment-te-01401,hi-Latn,tweets-hindi,sentiment,bilstm,4,positive,positive,False,0.8281345,
sentiment-te-01402,hi-Latn,tweets-hindi,sentiment,bilstm,17,negative,negative,False,0.46937013,
sentiment-te-01403,hi-Latn,tweets-hindi,sentiment,bilstm,14,neutral,positive,True,0.45818758,
sentiment-te-01404,hi-Latn,tweets-hindi,sentiment,bilstm,23,positive,neutral,True,0.42624277,
sentiment-te-01405,hi-Latn,tweets-hindi,sentiment,bilstm,42,negative,neutral,True,0.547422,
sentiment-te-01406,hi-Latn,tweets-hindi,sentiment,bilstm,24,neutral,positive,True,0.49801964,
sentiment-te-01407,hi-Latn,tweets-hindi,sentiment,bilstm,3,positive,negative,True,0.5485822,
sentiment-te-01408,hi-Latn,tweets-hindi,sentiment,bilstm,6,negative,negative,False,0.427211,
sentiment-te-01409,hi-Latn,tweets-hindi,sentiment,bilstm,15,neutral,neutral,False,0.3932877,
sentiment-te-01410,hi-Latn,tweets-hindi,sentiment,bilstm,10,positive,neutral,True,0.40901357,
sentiment-te-01411,hi-Latn,tweets-hindi,sentiment,bilstm,6,negative,positive,True,0.5715411,
sentiment-te-01412,hi-Latn,tweets-hindi,sentiment,bilstm,2,neutral,negative,True,0.44614148,
sentiment-te-01413,hi-Latn,tweets-hindi,sentiment,bilstm,1,positive,neutral,True,0.3553521,
sentiment-te-01414,hi-Latn,tweets-hindi,sentiment,bilstm,24,negative,neutral,True,0.5705431,
sentiment-te-01415,hi-Latn,tweets-hindi,sentiment,bilstm,17,neutral,positive,True,0.382378,
sentiment-te-01416,hi-Latn,tweets-hindi,sentiment,bilstm,24,positive,negative,True,0.52173233,
sentiment-te-01417,hi-Latn,tweets-hindi,sentiment,bilstm,12,negative,neutral,True,0.48153105,
sentiment-te-01418,hi-Latn,tweets-hindi,sentiment,bilstm,14,neutral,neutral,False,0.74110657,
sentiment-te-01419,hi-Latn,tweets-hindi,sentiment,bilstm,26,positive,neutral,True,0.51339054,
sentiment-te-01420,hi-Latn,tweets-hindi,sentiment,bilstm,6,negative,negative,False,0.45616025,
sentiment-te-01421,hi-Latn,tweets-hindi,sentiment,bilstm,14,neutral,negative,True,0.48280674,
sentiment-te-01422,hi-Latn,tweets-hindi,sentiment,bilstm,13,positive,negative,True,0.38337353,
sentiment-te-01423,hi-Latn,tweets-hindi,sentiment,bilstm,8,negative,negative,False,0.44379285,
sentiment-te-01424,hi-Latn,tweets-hindi,sentiment,bilstm,19,neutral,positive,True,0.5104196,
sentiment-te-01425,hi-Latn,tweets-hindi,sentiment,bilstm,8,positive,negative,True,0.5389928,
sentiment-te-01426,hi-Latn,tweets-hindi,sentiment,bilstm,43,negative,positive,True,0.37625343,
sentiment-te-01427,hi-Latn,tweets-hindi,sentiment,bilstm,8,neutral,neutral,False,0.41818464,
sentiment-te-01428,hi-Latn,tweets-hindi,sentiment,bilstm,16,positive,negative,True,0.5308155,
sentiment-te-01429,hi-Latn,tweets-hindi,sentiment,bilstm,20,negative,negative,False,0.4765457,
sentiment-te-01430,hi-Latn,tweets-hindi,sentiment,bilstm,10,neutral,positive,True,0.5029709,
sentiment-te-01431,hi-Latn,tweets-hindi,sentiment,bilstm,38,positive,neutral,True,0.34432203,
sentiment-te-01432,hi-Latn,tweets-hindi,sentiment,bilstm,5,negative,negative,False,0.4120343,
sentiment-te-01433,hi-Latn,tweets-hindi,sentiment,bilstm,5,neutral,neutral,False,0.40366942,
sentiment-te-01434,hi-Latn,tweets-hindi,sentiment,bilstm,4,positive,positive,False,0.42627552,
sentiment-te-01435,hi-Latn,tweets-hindi,sentiment,bilstm,3,negative,negative,False,0.3787096,
sentiment-te-01436,hi-Latn,tweets-hindi,sentiment,bilstm,21,neutral,neutral,False,0.6022415,
sentiment-te-01437,hi-Latn,tweets-hindi,sentiment,bilstm,28,positive,negative,True,0.40579036,
sentiment-te-01438,hi-Latn,tweets-hindi,sentiment,bilstm,14,negative,negative,False,0.4090627,
sentiment-te-01439,hi-Latn,tweets-hindi,sentiment,bilstm,20,neutral,negative,True,0.44673622,
sentiment-te-01440,hi-Latn,tweets-hindi,sentiment,bilstm,6,positive,positive,False,0.3971438,
sentiment-te-01441,hi-Latn,tweets-hindi,sentiment,bilstm,16,negative,positive,True,0.3688569,
sentiment-te-01442,hi-Latn,tweets-hindi,sentiment,bilstm,20,neutral,neutral,False,0.47828496,
sentiment-te-01443,hi-Latn,tweets-hindi,sentiment,bilstm,14,positive,positive,False,0.60010463,
sentiment-te-01444,hi-Latn,tweets-hindi,sentiment,bilstm,15,negative,negative,False,0.7220139,
sentiment-te-01445,hi-Latn,tweets-hindi,sentiment,bilstm,6,neutral,positive,True,0.45338836,
sentiment-te-01446,hi-Latn,tweets-hindi,sentiment,bilstm,11,positive,neutral,True,0.4825004,
sentiment-te-01447,hi-Latn,tweets-hindi,sentiment,bilstm,22,negative,negative,False,0.44772506,
sentiment-te-01448,hi-Latn,tweets-hindi,sentiment,bilstm,10,neutral,negative,True,0.473622,
sentiment-te-01449,hi-Latn,tweets-hindi,sentiment,bilstm,20,positive,positive,False,0.5064873,
sentiment-te-01450,hi-Latn,tweets-hindi,sentiment,bilstm,16,negative,neutral,True,0.37725553,
sentiment-te-01451,hi-Latn,tweets-hindi,sentiment,bilstm,5,neutral,negative,True,0.68914074,
sentiment-te-01452,hi-Latn,tweets-hindi,sentiment,bilstm,12,positive,negative,True,0.6983614,
sentiment-te-01453,hi-Latn,tweets-hindi,sentiment,bilstm,33,negative,positive,True,0.41266444,
sentiment-te-01454,hi-Latn,tweets-hindi,sentiment,bilstm,7,neutral,positive,True,0.45074606,
sentiment-te-01455,hi-Latn,tweets-hindi,sentiment,bilstm,11,positive,positive,False,0.46348232,
sentiment-te-01456,hi-Latn,tweets-hindi,sentiment,bilstm,9,negative,positive,True,0.39285,
sentiment-te-01457,hi-Latn,tweets-hindi,sentiment,bilstm,7,neutral,neutral,False,0.4070371,
sentiment-te-01458,hi-Latn,tweets-hindi,sentiment,bilstm,13,positive,positive,False,0.63961565,
sentiment-te-01459,hi-Latn,tweets-hindi,sentiment,bilstm,41,negative,neutral,True,0.4141361,
sentiment-te-01460,hi-Latn,tweets-hindi,sentiment,bilstm,39,neutral,positive,True,0.41206163,
sentiment-te-01461,hi-Latn,tweets-hindi,sentiment,bilstm,8,positive,positive,False,0.4058381,
sentiment-te-01462,hi-Latn,tweets-hindi,sentiment,bilstm,4,negative,negative,False,0.5745816,
sentiment-te-01463,hi-Latn,tweets-hindi,sentiment,bilstm,2,neutral,neutral,False,0.50957894,
sentiment-te-01464,hi-Latn,tweets-hindi,sentiment,bilstm,10,positive,positive,False,0.52360594,
sentiment-te-01465,hi-Latn,tweets-hindi,sentiment,bilstm,6,negative,neutral,True,0.3482623,
sentiment-te-01466,hi-Latn,tweets-hindi,sentiment,bilstm,4,neutral,neutral,False,0.4382769,
sentiment-te-01467,hi-Latn,tweets-hindi,sentiment,bilstm,11,positive,positive,False,0.5593364,
sentiment-te-01468,hi-Latn,tweets-hindi,sentiment,bilstm,18,negative,negative,False,0.6114814,
sentiment-te-01469,hi-Latn,tweets-hindi,sentiment,bilstm,25,neutral,neutral,False,0.52687705,
sentiment-te-01470,hi-Latn,tweets-hindi,sentiment,bilstm,5,positive,neutral,True,0.36923358,
sentiment-te-01471,hi-Latn,tweets-hindi,sentiment,bilstm,18,negative,positive,True,0.4426608,
sentiment-te-01472,hi-Latn,tweets-hindi,sentiment,bilstm,28,neutral,negative,True,0.52089083,
sentiment-te-01473,hi-Latn,tweets-hindi,sentiment,bilstm,9,positive,negative,True,0.42272586,
sentiment-te-01474,hi-Latn,tweets-hindi,sentiment,bilstm,2,negative,neutral,True,0.35098332,
sentiment-te-01475,hi-Latn,tweets-hindi,sentiment,bilstm,6,neutral,negative,True,0.4036863,
sentiment-te-01476,hi-Latn,tweets-hindi,sentiment,bilstm,5,positive,neutral,True,0.4668348,
sentiment-te-01477,hi-Latn,tweets-hindi,sentiment,bilstm,7,negative,neutral,True,0.4248894,
sentiment-te-01478,hi-Latn,tweets-hindi,sentiment,bilstm,11,neutral,positive,True,0.50810814,
sentiment-te-01479,hi-Latn,tweets-hindi,sentiment,bilstm,17,positive,neutral,True,0.4275562,
sentiment-te-01480,hi-Latn,tweets-hindi,sentiment,bilstm,21,negative,positive,True,0.39597192,
sentiment-te-01481,hi-Latn,tweets-hindi,sentiment,bilstm,21,neutral,neutral,False,0.3828769,
sentiment-te-01482,hi-Latn,tweets-hindi,sentiment,bilstm,2,positive,neutral,True,0.41090184,
sentiment-te-01483,hi-Latn,tweets-hindi,sentiment,bilstm,12,negative,negative,False,0.39572537,
sentiment-te-01484,hi-Latn,tweets-hindi,sentiment,bilstm,5,neutral,neutral,False,0.56651884,
sentiment-te-01485,hi-Latn,tweets-hindi,sentiment,bilstm,13,positive,neutral,True,0.4610701,
sentiment-te-01486,hi-Latn,tweets-hindi,sentiment,bilstm,6,negative,neutral,True,0.65172786,
sentiment-te-01487,hi-Latn,tweets-hindi,sentiment,bilstm,17,neutral,positive,True,0.45577905,
sentiment-te-01488,hi-Latn,tweets-hindi,sentiment,bilstm,12,positive,positive,False,0.51509726,
sentiment-te-01489,hi-Latn,tweets-hindi,sentiment,bilstm,11,negative,negative,False,0.65621644,
sentiment-te-01490,hi-Latn,tweets-hindi,sentiment,bilstm,10,neutral,neutral,False,0.42508104,
sentiment-te-01491,hi-Latn,tweets-hindi,sentiment,bilstm,12,positive,negative,True,0.5652572,
sentiment-te-01492,hi-Latn,tweets-hindi,sentiment,bilstm,20,negative,neutral,True,0.369,
sentiment-te-01493,hi-Latn,tweets-hindi,sentiment,bilstm,21,neutral,negative,True,0.40017328,
sentiment-te-01494,hi-Latn,tweets-hindi,sentiment,bilstm,5,positive,positive,False,0.45440573,
sentiment-te-01495,hi-Latn,tweets-hindi,sentiment,bilstm,21,negative,negative,False,0.57038087,
sentiment-te-01496,hi-Latn,tweets-hindi,sentiment,bilstm,3,neutral,neutral,False,0.3480889,
sentiment-te-01497,hi-Latn,tweets-hindi,sentiment,bilstm,20,positive,negative,True,0.4472763,
sentiment-te-01498,hi-Latn,tweets-hindi,sentiment,bilstm,21,negative,positive,True,0.4263078,
sentiment-te-01499,hi-Latn,tweets-hindi,sentiment,bilstm,4,neutral,neutral,False,0.39596775,
sentiment-te-01500,hi-Latn,tweets-hindi,sentiment,bilstm,8,positive,negative,True,0.47570476,
sentiment-te-01501,hi-Latn,tweets-hindi,sentiment,bilstm,8,negative,positive,True,0.41018808,
sentiment-te-01502,hi-Latn,tweets-hindi,sentiment,bilstm,3,neutral,neutral,False,0.4856966,
sentiment-te-01503,hi-Latn,tweets-hindi,sentiment,bilstm,28,positive,neutral,True,0.5096249,
sentiment-te-01504,hi-Latn,tweets-hindi,sentiment,bilstm,21,negative,positive,True,0.3625271,
sentiment-te-01505,hi-Latn,tweets-hindi,sentiment,bilstm,2,neutral,positive,True,0.34063306,
sentiment-te-01506,hi-Latn,tweets-hindi,sentiment,bilstm,11,positive,negative,True,0.36848837,
sentiment-te-01507,hi-Latn,tweets-hindi,sentiment,bilstm,8,negative,neutral,True,0.47617093,
sentiment-te-01508,hi-Latn,tweets-hindi,sentiment,bilstm,9,neutral,negative,True,0.3975848,
sentiment-te-01509,hi-Latn,tweets-hindi,sentiment,bilstm,8,positive,negative,True,0.58443433,
sentiment-te-01510,hi-Latn,tweets-hindi,sentiment,bilstm,19,negative,positive,True,0.37425563,
sentiment-te-01511,hi-Latn,tweets-hindi,sentiment,bilstm,13,neutral,neutral,False,0.48552018,
sentiment-te-01512,hi-Latn,tweets-hindi,sentiment,bilstm,6,positive,neutral,True,0.40936685,
sentiment-te-01513,hi-Latn,tweets-hindi,sentiment,bilstm,14,negative,positive,True,0.38897002,
sentiment-te-01514,hi-Latn,tweets-hindi,sentiment,bilstm,11,neutral,neutral,False,0.58376414,
sentiment-te-01515,hi-Latn,tweets-hindi,sentiment,bilstm,15,positive,positive,False,0.37502244,
sentiment-te-01516,hi-Latn,tweets-hindi,sentiment,bilstm,20,negative,neutral,True,0.47043929,
sentiment-te-01517,hi-Latn,tweets-hindi,sentiment,bilstm,30,neutral,neutral,False,0.45970377,
sentiment-te-01518,hi-Latn,tweets-hindi,sentiment,bilstm,23,positive,neutral,True,0.53123426,
sentiment-te-01519,hi-Latn,tweets-hindi,sentiment,bilstm,12,negative,neutral,True,0.44141555,
sentiment-te-01520,hi-Latn,tweets-hindi,sentiment,bilstm,12,neutral,negative,True,0.40982452,
sentiment-te-01521,hi-Latn,tweets-hindi,sentiment,bilstm,24,positive,positive,False,0.48682567,
sentiment-te-01522,hi-Latn,tweets-hindi,sentiment,bilstm,26,negative,negative,False,0.6513745,
sentiment-te-01523,hi-Latn,tweets-hindi,sentiment,bilstm,10,neutral,positive,True,0.51479906,
sentiment-te-01524,hi-Latn,tweets-hindi,sentiment,bilstm,33,positive,positive,False,0.44015113,
sentiment-te-01525,hi-Latn,tweets-hindi,sentiment,bilstm,13,negative,positive,True,0.7183826,
sentiment-te-01526,hi-Latn,tweets-hindi,sentiment,bilstm,27,neutral,neutral,False,0.5818925,
sentiment-te-01527,hi-Latn,tweets-hindi,sentiment,bilstm,12,positive,positive,False,0.43070793,
sentiment-te-01528,hi-Latn,tweets-hindi,sentiment,bilstm,8,negative,negative,False,0.45152017,
sentiment-te-01529,hi-Latn,tweets-hindi,sentiment,bilstm,4,neutral,negative,True,0.42109984,
sentiment-te-01530,hi-Latn,tweets-hindi,sentiment,bilstm,5,positive,negative,True,0.4775779,
sentiment-te-01531,hi-Latn,tweets-hindi,sentiment,bilstm,3,negative,neutral,True,0.4486953,
sentiment-te-01532,hi-Latn,tweets-hindi,sentiment,bilstm,5,neutral,neutral,False,0.48136687,
sentiment-te-01533,hi-Latn,tweets-hindi,sentiment,bilstm,34,positive,neutral,True,0.3605959,
sentiment-te-01534,hi-Latn,tweets-hindi,sentiment,bilstm,14,negative,positive,True,0.348692,
sentiment-te-01535,hi-Latn,tweets-hindi,sentiment,bilstm,12,neutral,neutral,False,0.53206104,
sentiment-te-01536,hi-Latn,tweets-hindi,sentiment,bilstm,16,positive,positive,False,0.4268701,
sentiment-te-01537,hi-Latn,tweets-hindi,sentiment,bilstm,6,negative,negative,False,0.45944935,
sentiment-te-01538,hi-Latn,tweets-hindi,sentiment,bilstm,20,neutral,positive,True,0.41033328,
sentiment-te-01539,hi-Latn,tweets-hindi,sentiment,bilstm,6,positive,positive,False,0.36881375,
sentiment-te-01540,hi-Latn,tweets-hindi,sentiment,bilstm,8,negative,negative,False,0.48486575,
sentiment-te-01541,hi-Latn,tweets-hindi,sentiment,bilstm,2,neutral,neutral,False,0.3637816,
sentiment-te-01542,hi-Latn,tweets-hindi,sentiment,bilstm,8,positive,positive,False,0.4809407,
sentiment-te-01543,hi-Latn,tweets-hindi,sentiment,bilstm,5,negative,neutral,True,0.47169033,
sentiment-te-01544,hi-Latn,tweets-hindi,sentiment,bilstm,19,neutral,neutral,False,0.45020148,
sentiment-te-01545,hi-Latn,tweets-hindi,sentiment,bilstm,15,positive,negative,True,0.49168113,
sentiment-te-01546,hi-Latn,tweets-hindi,sentiment,bilstm,9,negative,negative,False,0.6010201,
sentiment-te-01547,hi-Latn,tweets-hindi,sentiment,bilstm,11,neutral,negative,True,0.39206216,
sentiment-te-01548,hi-Latn,tweets-hindi,sentiment,bilstm,30,positive,positive,False,0.66286427,
sentiment-te-01549,hi-Latn,tweets-hindi,sentiment,bilstm,3,negative,positive,True,0.3922367,
sentiment-te-01550,hi-Latn,tweets-hindi,sentiment,bilstm,8,neutral,negative,True,0.38707292,
sentiment-te-01551,hi-Latn,tweets-hindi,sentiment,bilstm,7,positive,neutral,True,0.6908376,
sentiment-te-01552,hi-Latn,tweets-hindi,sentiment,bilstm,10,negative,positive,True,0.4449544,
sentiment-te-01553,hi-Latn,tweets-hindi,sentiment,bilstm,20,neutral,positive,True,0.45577604,
sentiment-te-01554,hi-Latn,tweets-hindi,sentiment,bilstm,11,positive,negative,True,0.43022954,
sentiment-te-01555,hi-Latn,tweets-hindi,sentiment,bilstm,9,negative,positive,True,0.44132563,
sentiment-te-01556,hi-Latn,tweets-hindi,sentiment,bilstm,3,neutral,negative,True,0.46921474,
sentiment-te-01557,hi-Latn,tweets-hindi,sentiment,bilstm,25,positive,negative,True,0.3801967,
sentiment-te-01558,hi-Latn,tweets-hindi,sentiment,bilstm,34,negative,negative,False,0.55789375,
sentiment-te-01559,hi-Latn,tweets-hindi,sentiment,bilstm,1,neutral,positive,True,0.45072302,
sentiment-te-01560,hi-Latn,tweets-hindi,sentiment,bilstm,18,positive,neutral,True,0.37400535,
sentiment-te-01561,hi-Latn,tweets-hindi,sentiment,bilstm,8,negative,neutral,True,0.40220353,
sentiment-te-01562,hi-Latn,tweets-hindi,sentiment,bilstm,33,neutral,positive,True,0.41689295,
sentiment-te-01563,hi-Latn,tweets-hindi,sentiment,bilstm,34,positive,negative,True,0.5996328,
sentiment-te-01564,hi-Latn,tweets-hindi,sentiment,bilstm,22,negative,positive,True,0.5325117,
sentiment-te-01565,hi-Latn,tweets-hindi,sentiment,bilstm,3,neutral,positive,True,0.42454433,
sentiment-te-01566,hi-Latn,tweets-hindi,sentiment,bilstm,16,positive,positive,False,0.4380669,
sentiment-te-01567,hi-Latn,tweets-hindi,sentiment,bilstm,11,negative,negative,False,0.43900856,
sentiment-te-01568,hi-Latn,tweets-hindi,sentiment,bilstm,15,neutral,neutral,False,0.5047296,
sentiment-te-01569,hi-Latn,tweets-hindi,sentiment,bilstm,4,positive,positive,False,0.62515414,
sentiment-te-01570,hi-Latn,tweets-hindi,sentiment,bilstm,21,negative,positive,True,0.4159007,
sentiment-te-01571,hi-Latn,tweets-hindi,sentiment,bilstm,23,neutral,neutral,False,0.5209888,
sentiment-te-01572,hi-Latn,tweets-hindi,sentiment,bilstm,12,positive,positive,False,0.46794575,
sentiment-te-01573,hi-Latn,tweets-hindi,sentiment,bilstm,19,negative,negative,False,0.3591419,
sentiment-te-01574,hi-Latn,tweets-hindi,sentiment,bilstm,5,neutral,neutral,False,0.48712692,
sentiment-te-01575,hi-Latn,tweets-hindi,sentiment,bilstm,23,positive,neutral,True,0.42572293,
sentiment-te-01576,hi-Latn,tweets-hindi,sentiment,bilstm,1,negative,positive,True,0.38178048,
sentiment-te-01577,hi-Latn,tweets-hindi,sentiment,bilstm,4,neutral,neutral,False,0.6177437,
sentiment-te-01578,hi-Latn,tweets-hindi,sentiment,bilstm,15,positive,negative,True,0.535853,
sentiment-te-01579,hi-Latn,tweets-hindi,sentiment,bilstm,23,negative,neutral,True,0.38591626,
sentiment-te-01580,hi-Latn,tweets-hindi,sentiment,bilstm,21,neutral,neutral,False,0.48177662,
sentiment-te-01581,hi-Latn,tweets-hindi,sentiment,bilstm,9,positive,neutral,True,0.6769155,
sentiment-te-01582,hi-Latn,tweets-hindi,sentiment,bilstm,40,negative,neutral,True,0.37057996,
sentiment-te-01583,hi-Latn,tweets-hindi,sentiment,bilstm,23,neutral,negative,True,0.39638147,
sentiment-te-01584,hi-Latn,tweets-hindi,sentiment,bilstm,21,positive,positive,False,0.431751,
sentiment-te-01585,hi-Latn,tweets-hindi,sentiment,bilstm,10,negative,positive,True,0.44188532,
sentiment-te-01586,hi-Latn,tweets-hindi,sentiment,bilstm,17,neutral,positive,True,0.6215265,
sentiment-te-01587,hi-Latn,tweets-hindi,sentiment,bilstm,4,positive,neutral,True,0.37667075,
sentiment-te-01588,hi-Latn,tweets-hindi,sentiment,bilstm,2,negative,neutral,True,0.542242,
sentiment-te-01589,hi-Latn,tweets-hindi,sentiment,bilstm,12,neutral,neutral,False,0.52010113,
sentiment-te-01590,hi-Latn,tweets-hindi,sentiment,bilstm,22,positive,negative,True,0.71276593,
sentiment-te-01591,hi-Latn,tweets-hindi,sentiment,bilstm,23,negative,positive,True,0.503121,
sentiment-te-01592,hi-Latn,tweets-hindi,sentiment,bilstm,26,neutral,neutral,False,0.45560348,
sentiment-te-01593,hi-Latn,tweets-hindi,sentiment,bilstm,28,positive,neutral,True,0.5235159,
sentiment-te-01594,hi-Latn,tweets-hindi,sentiment,bilstm,17,negative,negative,False,0.5246866,
sentiment-te-01595,hi-Latn,tweets-hindi,sentiment,bilstm,5,neutral,positive,True,0.46041968,
sentiment-te-01596,hi-Latn,tweets-hindi,sentiment,bilstm,27,positive,negative,True,0.6169627,
sentiment-te-01597,hi-Latn,tweets-hindi,sentiment,bilstm,9,negative,negative,False,0.40150186,
sentiment-te-01598,hi-Latn,tweets-hindi,sentiment,bilstm,4,neutral,positive,True,0.3676974,
sentiment-te-01599,hi-Latn,tweets-hindi,sentiment,bilstm,23,positive,neutral,True,0.4611281,
sentiment-te-01600,hi-Latn,tweets-hindi,sentiment,bilstm,15,negative,positive,True,0.5333457,
sentiment-te-01601,hi-Latn,tweets-hindi,sentiment,bilstm,23,neutral,negative,True,0.5529989,
sentiment-te-01602,hi-Latn,tweets-hindi,sentiment,bilstm,3,positive,negative,True,0.38544223,
sentiment-te-01603,hi-Latn,tweets-hindi,sentiment,bilstm,11,negative,negative,False,0.4471345,
sentiment-te-01604,hi-Latn,tweets-hindi,sentiment,bilstm,11,neutral,neutral,False,0.3949731,
sentiment-te-01605,hi-Latn,tweets-hindi,sentiment,bilstm,24,positive,positive,False,0.50766164,
sentiment-te-01606,hi-Latn,tweets-hindi,sentiment,bilstm,14,negative,negative,False,0.5166319,
sentiment-te-01607,hi-Latn,tweets-hindi,sentiment,bilstm,34,neutral,neutral,False,0.39171645,
sentiment-te-01608,hi-Latn,tweets-hindi,sentiment,bilstm,14,positive,negative,True,0.47740242,
sentiment-te-01609,hi-Latn,tweets-hindi,sentiment,bilstm,21,negative,positive,True,0.4308916,
sentiment-te-01610,hi-Latn,tweets-hindi,sentiment,bilstm,5,neutral,negative,True,0.3802472,
sentiment-te-01611,hi-Latn,tweets-hindi,sentiment,bilstm,14,positive,negative,True,0.44040704,
sentiment-te-01612,hi-Latn,tweets-hindi,sentiment,bilstm,25,negative,positive,True,0.62764204,
sentiment-te-01613,hi-Latn,tweets-hindi,sentiment,bilstm,24,neutral,neutral,False,0.4827134,
sentiment-te-01614,hi-Latn,tweets-hindi,sentiment,bilstm,10,positive,positive,False,0.6189802,
sentiment-te-01615,hi-Latn,tweets-hindi,sentiment,bilstm,5,negative,neutral,True,0.39213717,
sentiment-te-01616,hi-Latn,tweets-hindi,sentiment,bilstm,12,neutral,negative,True,0.55512434,
sentiment-te-01617,hi-Latn,tweets-hindi,sentiment,bilstm,9,positive,negative,True,0.3760775,
sentiment-te-01618,hi-Latn,tweets-hindi,sentiment,bilstm,17,negative,negative,False,0.40056115,
sentiment-te-01619,hi-Latn,tweets-hindi,sentiment,bilstm,4,neutral,positive,True,0.41472295,
sentiment-te-01620,hi-Latn,tweets-hindi,sentiment,bilstm,39,positive,neutral,True,0.44067147,
sentiment-te-01621,hi-Latn,tweets-hindi,sentiment,bilstm,15,negative,neutral,True,0.4455757,
sentiment-te-01622,hi-Latn,tweets-hindi,sentiment,bilstm,11,neutral,positive,True,0.590548,
sentiment-te-01623,hi-Latn,tweets-hindi,sentiment,bilstm,7,positive,neutral,True,0.44120473,
sentiment-te-01624,hi-Latn,tweets-hindi,sentiment,bilstm,9,negative,positive,True,0.51215225,
sentiment-te-01625,hi-Latn,tweets-hindi,sentiment,bilstm,7,neutral,neutral,False,0.4049761,
sentiment-te-01626,hi-Latn,tweets-hindi,sentiment,bilstm,11,positive,negative,True,0.40994918,
sentiment-te-01627,hi-Latn,tweets-hindi,sentiment,bilstm,2,negative,positive,True,0.43478236,
sentiment-te-01628,hi-Latn,tweets-hindi,sentiment,bilstm,6,neutral,neutral,False,0.37745234,
sentiment-te-01629,hi-Latn,tweets-hindi,sentiment,bilstm,15,positive,positive,False,0.48870757,
sentiment-te-01630,hi-Latn,tweets-hindi,sentiment,bilstm,1,negative,positive,True,0.3453751,
sentiment-te-01631,hi-Latn,tweets-hindi,sentiment,bilstm,5,neutral,positive,True,0.43575802,
sentiment-te-01632,hi-Latn,tweets-hindi,sentiment,bilstm,3,positive,positive,False,0.40414935,
sentiment-te-01633,hi-Latn,tweets-hindi,sentiment,bilstm,14,negative,negative,False,0.45217502,
sentiment-te-01634,hi-Latn,tweets-hindi,sentiment,bilstm,3,neutral,positive,True,0.37957612,
sentiment-te-01635,hi-Latn,tweets-hindi,sentiment,bilstm,17,positive,neutral,True,0.50574774,
sentiment-te-01636,hi-Latn,tweets-hindi,sentiment,bilstm,41,negative,negative,False,0.63665843,
sentiment-te-01637,hi-Latn,tweets-hindi,sentiment,bilstm,8,neutral,neutral,False,0.6258597,
sentiment-te-01638,hi-Latn,tweets-hindi,sentiment,bilstm,19,positive,neutral,True,0.46998543,
sentiment-te-01639,hi-Latn,tweets-hindi,sentiment,bilstm,8,negative,negative,False,0.5103778,
sentiment-te-01640,hi-Latn,tweets-hindi,sentiment,bilstm,9,neutral,negative,True,0.81365514,
sentiment-te-01641,hi-Latn,tweets-hindi,sentiment,bilstm,9,positive,positive,False,0.39623362,
sentiment-te-01642,hi-Latn,tweets-hindi,sentiment,bilstm,19,negative,negative,False,0.6460086,
sentiment-te-01643,hi-Latn,tweets-hindi,sentiment,bilstm,2,neutral,neutral,False,0.58231413,
sentiment-te-01644,hi-Latn,tweets-hindi,sentiment,bilstm,4,positive,negative,True,0.38366655,
sentiment-te-01645,hi-Latn,tweets-hindi,sentiment,bilstm,53,negative,negative,False,0.7022306,
sentiment-te-01646,hi-Latn,tweets-hindi,sentiment,bilstm,4,neutral,neutral,False,0.5088674,
sentiment-te-01647,hi-Latn,tweets-hindi,sentiment,bilstm,9,positive,negative,True,0.39356655,
sentiment-te-01648,hi-Latn,tweets-hindi,sentiment,bilstm,10,negative,negative,False,0.5803452,
sentiment-te-01649,hi-Latn,tweets-hindi,sentiment,bilstm,10,neutral,neutral,False,0.3668162,
sentiment-te-01650,hi-Latn,tweets-hindi,sentiment,bilstm,12,positive,positive,False,0.6722679,
sentiment-te-01651,hi-Latn,tweets-hindi,sentiment,bilstm,6,negative,positive,True,0.5168821,
sentiment-te-01652,hi-Latn,tweets-hindi,sentiment,bilstm,6,neutral,neutral,False,0.419515,
sentiment-te-01653,hi-Latn,tweets-hindi,sentiment,bilstm,28,positive,positive,False,0.41535485,
sentiment-te-01654,hi-Latn,tweets-hindi,sentiment,bilstm,21,negative,negative,False,0.4150396,
sentiment-te-01655,hi-Latn,tweets-hindi,sentiment,bilstm,3,neutral,negative,True,0.39519626,
sentiment-te-01656,hi-Latn,tweets-hindi,sentiment,bilstm,6,positive,negative,True,0.42322016,
sentiment-te-01657,hi-Latn,tweets-hindi,sentiment,bilstm,4,negative,neutral,True,0.40476632,
sentiment-te-01658,hi-Latn,tweets-hindi,sentiment,bilstm,15,positive,neutral,True,0.43279973,
sentiment-te-01659,hi-Latn,tweets-hindi,sentiment,bilstm,14,negative,negative,False,0.37898654,
sentiment-te-01660,hi-Latn,tweets-hindi,sentiment,bilstm,14,neutral,positive,True,0.40181005,
sentiment-te-01661,hi-Latn,tweets-hindi,sentiment,bilstm,25,positive,neutral,True,0.6919776,
sentiment-te-01662,hi-Latn,tweets-hindi,sentiment,bilstm,5,negative,negative,False,0.43294504,
sentiment-te-01663,hi-Latn,tweets-hindi,sentiment,bilstm,28,neutral,negative,True,0.622922,
sentiment-te-01664,hi-Latn,tweets-hindi,sentiment,bilstm,26,positive,neutral,True,0.43892822,
sentiment-te-01665,hi-Latn,tweets-hindi,sentiment,bilstm,35,negative,positive,True,0.47044894,
sentiment-te-01666,hi-Latn,tweets-hindi,sentiment,bilstm,3,neutral,positive,True,0.4051469,
sentiment-te-01667,hi-Latn,tweets-hindi,sentiment,bilstm,31,positive,negative,True,0.4048425,
sentiment-te-01668,hi-Latn,tweets-hindi,sentiment,bilstm,29,negative,negative,False,0.69454336,
sentiment-te-01669,hi-Latn,tweets-hindi,sentiment,bilstm,46,neutral,positive,True,0.45406148,
sentiment-te-01670,hi-Latn,tweets-hindi,sentiment,bilstm,3,positive,neutral,True,0.34719968,
sentiment-te-01671,hi-Latn,tweets-hindi,sentiment,bilstm,11,negative,negative,False,0.59641635,
sentiment-te-01672,hi-Latn,tweets-hindi,sentiment,bilstm,11,neutral,neutral,False,0.40150708,
sentiment-te-01673,hi-Latn,tweets-hindi,sentiment,bilstm,4,positive,positive,False,0.7612457,
sentiment-te-01674,hi-Latn,tweets-hindi,sentiment,bilstm,9,negative,positive,True,0.3506563,
sentiment-te-01675,hi-Latn,tweets-hindi,sentiment,bilstm,3,neutral,positive,True,0.40597403,
sentiment-te-01676,hi-Latn,tweets-hindi,sentiment,bilstm,12,positive,positive,False,0.7336665,
sentiment-te-01677,hi-Latn,tweets-hindi,sentiment,bilstm,13,negative,neutral,True,0.41391057,
sentiment-te-01678,hi-Latn,tweets-hindi,sentiment,bilstm,11,neutral,positive,True,0.5142767,
sentiment-te-01679,hi-Latn,tweets-hindi,sentiment,bilstm,1,positive,negative,True,0.47073057,
sentiment-te-01680,hi-Latn,tweets-hindi,sentiment,bilstm,14,negative,positive,True,0.39097136,
sentiment-te-01681,hi-Latn,tweets-hindi,sentiment,bilstm,8,neutral,neutral,False,0.4205639,
sentiment-te-01682,hi-Latn,tweets-hindi,sentiment,bilstm,3,positive,neutral,True,0.39286354,
sentiment-te-01683,hi-Latn,tweets-hindi,sentiment,bilstm,11,negative,neutral,True,0.5186876,
sentiment-te-01684,hi-Latn,tweets-hindi,sentiment,bilstm,9,neutral,negative,True,0.47954544,
sentiment-te-01685,hi-Latn,tweets-hindi,sentiment,bilstm,22,positive,negative,True,0.39773288,
sentiment-te-01686,hi-Latn,tweets-hindi,sentiment,bilstm,14,negative,negative,False,0.40564522,
sentiment-te-01687,hi-Latn,tweets-hindi,sentiment,bilstm,7,neutral,neutral,False,0.41230702,
sentiment-te-01688,hi-Latn,tweets-hindi,sentiment,bilstm,4,positive,negative,True,0.44087347,
sentiment-te-01689,hi-Latn,tweets-hindi,sentiment,bilstm,27,negative,negative,False,0.68379325,
sentiment-te-01690,hi-Latn,tweets-hindi,sentiment,bilstm,6,neutral,neutral,False,0.4579328,
sentiment-te-01691,hi-Latn,tweets-hindi,sentiment,bilstm,10,positive,positive,False,0.45941746,
sentiment-te-01692,hi-Latn,tweets-hindi,sentiment,bilstm,14,negative,neutral,True,0.37828523,
sentiment-te-01693,hi-Latn,tweets-hindi,sentiment,bilstm,19,neutral,positive,True,0.4067618,
sentiment-te-01694,hi-Latn,tweets-hindi,sentiment,bilstm,8,positive,positive,False,0.45569372,
sentiment-te-01695,hi-Latn,tweets-hindi,sentiment,bilstm,12,negative,neutral,True,0.36753732,
sentiment-te-01696,hi-Latn,tweets-hindi,sentiment,bilstm,6,neutral,positive,True,0.3924916,
sentiment-te-01697,hi-Latn,tweets-hindi,sentiment,bilstm,8,positive,positive,False,0.5125751,
sentiment-te-01698,hi-Latn,tweets-hindi,sentiment,bilstm,2,negative,neutral,True,0.39866626,
sentiment-te-01699,hi-Latn,tweets-hindi,sentiment,bilstm,15,neutral,positive,True,0.50518113,
sentiment-te-01700,hi-Latn,tweets-hindi,sentiment,bilstm,12,positive,positive,False,0.3833203,
sentiment-te-01701,hi-Latn,tweets-hindi,sentiment,bilstm,21,negative,neutral,True,0.45409343,
sentiment-te-01702,hi-Latn,tweets-hindi,sentiment,bilstm,8,neutral,neutral,False,0.35954365,
sentiment-te-01703,hi-Latn,tweets-hindi,sentiment,bilstm,7,positive,negative,True,0.41686964,
sentiment-te-01704,hi-Latn,tweets-hindi,sentiment,bilstm,3,negative,negative,False,0.6863272,
sentiment-te-01705,hi-Latn,tweets-hindi,sentiment,bilstm,1,neutral,neutral,False,0.3645325,
sentiment-te-01706,hi-Latn,tweets-hindi,sentiment,bilstm,17,positive,negative,True,0.60603,
sentiment-te-01707,hi-Latn,tweets-hindi,sentiment,bilstm,5,negative,negative,False,0.4904491,
sentiment-te-01708,hi-Latn,tweets-hindi,sentiment,bilstm,16,neutral,neutral,False,0.4736403,
sentiment-te-01709,hi-Latn,tweets-hindi,sentiment,bilstm,16,positive,positive,False,0.386062,
sentiment-te-01710,hi-Latn,tweets-hindi,sentiment,bilstm,6,negative,neutral,True,0.34481552,
sentiment-te-01711,hi-Latn,tweets-hindi,sentiment,bilstm,7,neutral,positive,True,0.4369429,
sentiment-te-01712,hi-Latn,tweets-hindi,sentiment,bilstm,27,positive,positive,False,0.40463075,
sentiment-te-01713,hi-Latn,tweets-hindi,sentiment,bilstm,24,negative,neutral,True,0.46545133,
sentiment-te-01714,hi-Latn,tweets-hindi,sentiment,bilstm,9,neutral,neutral,False,0.5372446,
sentiment-te-01715,hi-Latn,tweets-hindi,sentiment,bilstm,11,positive,neutral,True,0.38843453,
sentiment-te-01716,hi-Latn,tweets-hindi,sentiment,bilstm,14,negative,neutral,True,0.353404,
sentiment-te-01717,hi-Latn,tweets-hindi,sentiment,bilstm,13,neutral,positive,True,0.39514026,
sentiment-te-01718,hi-Latn,tweets-hindi,sentiment,bilstm,20,positive,positive,False,0.3628819,
sentiment-te-01719,hi-Latn,tweets-hindi,sentiment,bilstm,16,negative,positive,True,0.45640236,
sentiment-te-01720,hi-Latn,tweets-hindi,sentiment,bilstm,17,neutral,positive,True,0.4649375,
sentiment-te-01721,hi-Latn,tweets-hindi,sentiment,bilstm,23,positive,neutral,True,0.49419096,
sentiment-te-01722,hi-Latn,tweets-hindi,sentiment,bilstm,25,negative,negative,False,0.55501586,
sentiment-te-01723,hi-Latn,tweets-hindi,sentiment,bilstm,14,neutral,positive,True,0.50463945,
sentiment-te-01724,hi-Latn,tweets-hindi,sentiment,bilstm,22,positive,neutral,True,0.44906586,
sentiment-te-01725,hi-Latn,tweets-hindi,sentiment,bilstm,18,negative,neutral,True,0.4034764,
sentiment-te-01726,hi-Latn,tweets-hindi,sentiment,bilstm,16,neutral,positive,True,0.4228143,
sentiment-te-01727,hi-Latn,tweets-hindi,sentiment,bilstm,12,positive,positive,False,0.4904788,
sentiment-te-01728,hi-Latn,tweets-hindi,sentiment,bilstm,16,negative,neutral,True,0.36255822,
sentiment-te-01729,hi-Latn,tweets-hindi,sentiment,bilstm,3,neutral,neutral,False,0.42060232,
sentiment-te-01730,hi-Latn,tweets-hindi,sentiment,bilstm,9,positive,neutral,True,0.41406408,
sentiment-te-01731,hi-Latn,tweets-hindi,sentiment,bilstm,15,negative,negative,False,0.50788045,
sentiment-te-01732,hi-Latn,tweets-hindi,sentiment,bilstm,16,neutral,negative,True,0.59112245,
sentiment-te-01733,hi-Latn,tweets-hindi,sentiment,bilstm,18,positive,positive,False,0.6719474,
sentiment-te-01734,hi-Latn,tweets-hindi,sentiment,bilstm,17,negative,negative,False,0.4580786,
sentiment-te-01735,hi-Latn,tweets-hindi,sentiment,bilstm,3,neutral,negative,True,0.3840984,
sentiment-te-01736,hi-Latn,tweets-hindi,sentiment,bilstm,4,positive,neutral,True,0.3571295,
sentiment-te-01737,hi-Latn,youtube-hinglish,sentiment,bilstm,8,positive,negative,True,0.617497,
sentiment-te-01738,hi-Latn,youtube-hinglish,sentiment,bilstm,8,positive,neutral,True,0.48117837,
sentiment-te-01739,hi-Latn,youtube-hinglish,sentiment,bilstm,9,neutral,negative,True,0.6302978,
sentiment-te-01740,hi-Latn,youtube-hinglish,sentiment,bilstm,3,negative,neutral,True,0.40579492,
sentiment-te-01741,hi-Latn,youtube-hinglish,sentiment,bilstm,7,negative,negative,False,0.61734307,
sentiment-te-01742,hi-Latn,youtube-hinglish,sentiment,bilstm,9,positive,positive,False,0.706115,
sentiment-te-01743,hi-Latn,youtube-hinglish,sentiment,bilstm,9,negative,neutral,True,0.65545607,
sentiment-te-01744,hi-Latn,youtube-hinglish,sentiment,bilstm,19,negative,negative,False,0.4602067,
sentiment-te-01745,hi-Latn,youtube-hinglish,sentiment,bilstm,4,neutral,negative,True,0.79168135,
sentiment-te-01746,hi-Latn,youtube-hinglish,sentiment,bilstm,3,negative,neutral,True,0.39574146,
sentiment-te-01747,hi-Latn,youtube-hinglish,sentiment,bilstm,6,neutral,negative,True,0.39216977,
sentiment-te-01748,hi-Latn,youtube-hinglish,sentiment,bilstm,5,neutral,neutral,False,0.50997514,
sentiment-te-01749,hi-Latn,youtube-hinglish,sentiment,bilstm,5,negative,negative,False,0.49629018,
sentiment-te-01750,hi-Latn,youtube-hinglish,sentiment,bilstm,4,negative,negative,False,0.52108043,
sentiment-te-01751,hi-Latn,youtube-hinglish,sentiment,bilstm,5,neutral,neutral,False,0.7672668,
sentiment-te-01752,hi-Latn,youtube-hinglish,sentiment,bilstm,6,neutral,neutral,False,0.592758,
sentiment-te-01753,hi-Latn,youtube-hinglish,sentiment,bilstm,2,neutral,positive,True,0.3902724,
sentiment-te-01754,hi-Latn,youtube-hinglish,sentiment,bilstm,10,neutral,negative,True,0.4586277,
sentiment-te-01755,hi-Latn,youtube-hinglish,sentiment,bilstm,2,negative,positive,True,0.49965572,
sentiment-te-01756,hi-Latn,youtube-hinglish,sentiment,bilstm,37,negative,positive,True,0.47333226,
sentiment-te-01757,hi-Latn,youtube-hinglish,sentiment,bilstm,6,positive,negative,True,0.4471605,
sentiment-te-01758,hi-Latn,youtube-hinglish,sentiment,bilstm,5,negative,negative,False,0.726375,
sentiment-te-01759,hi-Latn,youtube-hinglish,sentiment,bilstm,7,negative,positive,True,0.531376,
sentiment-te-01760,hi-Latn,youtube-hinglish,sentiment,bilstm,9,positive,positive,False,0.6158129,
sentiment-te-01761,hi-Latn,youtube-hinglish,sentiment,bilstm,5,negative,negative,False,0.43300202,
sentiment-te-01762,hi-Latn,youtube-hinglish,sentiment,bilstm,5,neutral,negative,True,0.36228678,
sentiment-te-01763,hi-Latn,youtube-hinglish,sentiment,bilstm,7,negative,neutral,True,0.3920621,
sentiment-te-01764,hi-Latn,youtube-hinglish,sentiment,bilstm,10,neutral,positive,True,0.36296436,
sentiment-te-01765,hi-Latn,youtube-hinglish,sentiment,bilstm,4,positive,negative,True,0.39741844,
sentiment-te-01766,hi-Latn,youtube-hinglish,sentiment,bilstm,5,neutral,neutral,False,0.43307254,
sentiment-te-01767,hi-Latn,youtube-hinglish,sentiment,bilstm,19,negative,positive,True,0.46605137,
sentiment-te-01768,hi-Latn,youtube-hinglish,sentiment,bilstm,8,neutral,neutral,False,0.45257935,
sentiment-te-01769,hi-Latn,youtube-hinglish,sentiment,bilstm,21,neutral,negative,True,0.69245785,
sentiment-te-01770,hi-Latn,youtube-hinglish,sentiment,bilstm,11,negative,negative,False,0.64532256,
sentiment-te-01771,hi-Latn,youtube-hinglish,sentiment,bilstm,20,neutral,negative,True,0.43249926,
sentiment-te-01772,hi-Latn,youtube-hinglish,sentiment,bilstm,4,neutral,neutral,False,0.3686516,
sentiment-te-01773,hi-Latn,youtube-hinglish,sentiment,bilstm,10,neutral,neutral,False,0.39583755,
sentiment-te-01774,hi-Latn,youtube-hinglish,sentiment,bilstm,11,negative,positive,True,0.5566114,
sentiment-te-01775,hi-Latn,youtube-hinglish,sentiment,bilstm,6,negative,neutral,True,0.3917829,
sentiment-te-01776,hi-Latn,youtube-hinglish,sentiment,bilstm,12,negative,positive,True,0.64898753,
sentiment-te-01777,hi-Latn,youtube-hinglish,sentiment,bilstm,13,positive,positive,False,0.50541973,
sentiment-te-01778,hi-Latn,youtube-hinglish,sentiment,bilstm,10,neutral,neutral,False,0.46460328,
sentiment-te-01779,hi-Latn,youtube-hinglish,sentiment,bilstm,7,negative,negative,False,0.48324192,
sentiment-te-01780,hi-Latn,youtube-hinglish,sentiment,bilstm,4,neutral,positive,True,0.3680258,
sentiment-te-01781,hi-Latn,youtube-hinglish,sentiment,bilstm,8,negative,negative,False,0.37089962,
sentiment-te-01782,hi-Latn,youtube-hinglish,sentiment,bilstm,8,neutral,neutral,False,0.48840135,
sentiment-te-01783,hi-Latn,youtube-hinglish,sentiment,bilstm,17,neutral,negative,True,0.5031778,
sentiment-te-01784,hi-Latn,youtube-hinglish,sentiment,bilstm,17,neutral,neutral,False,0.52866715,
sentiment-te-01785,hi-Latn,youtube-hinglish,sentiment,bilstm,15,neutral,neutral,False,0.4817404,
sentiment-te-01786,hi-Latn,youtube-hinglish,sentiment,bilstm,12,negative,negative,False,0.5366686,
sentiment-te-01787,hi-Latn,youtube-hinglish,sentiment,bilstm,8,neutral,negative,True,0.43376982,
sentiment-te-01788,hi-Latn,youtube-hinglish,sentiment,bilstm,6,positive,neutral,True,0.47835106,
sentiment-te-01789,hi-Latn,youtube-hinglish,sentiment,bilstm,31,positive,neutral,True,0.49073327,
sentiment-te-01790,hi-Latn,youtube-hinglish,sentiment,bilstm,10,negative,negative,False,0.35834122,
sentiment-te-01791,hi-Latn,youtube-hinglish,sentiment,bilstm,16,positive,positive,False,0.59973484,
sentiment-te-01792,hi-Latn,youtube-hinglish,sentiment,bilstm,15,negative,neutral,True,0.44052717,
sentiment-te-01793,hi-Latn,youtube-hinglish,sentiment,bilstm,6,negative,negative,False,0.5106822,
sentiment-te-01794,hi-Latn,youtube-hinglish,sentiment,bilstm,14,neutral,positive,True,0.39326003,
sentiment-te-01795,hi-Latn,youtube-hinglish,sentiment,bilstm,8,positive,negative,True,0.5267893,
sentiment-te-01796,hi-Latn,youtube-hinglish,sentiment,bilstm,8,negative,negative,False,0.4019828,
sentiment-te-01797,hi-Latn,youtube-hinglish,sentiment,bilstm,18,negative,neutral,True,0.4582092,
sentiment-te-01798,hi-Latn,youtube-hinglish,sentiment,bilstm,12,positive,negative,True,0.4294471,
sentiment-te-01799,hi-Latn,youtube-hinglish,sentiment,bilstm,4,negative,neutral,True,0.45569423,
sentiment-te-01800,hi-Latn,youtube-hinglish,sentiment,bilstm,25,positive,negative,True,0.4805816,
sentiment-te-01801,hi-Latn,youtube-hinglish,sentiment,bilstm,10,neutral,positive,True,0.7619907,
sentiment-te-01802,hi-Latn,youtube-hinglish,sentiment,bilstm,9,negative,positive,True,0.43200085,
sentiment-te-01803,hi-Latn,youtube-hinglish,sentiment,bilstm,8,negative,negative,False,0.4676602,
sentiment-te-01804,hi-Latn,youtube-hinglish,sentiment,bilstm,10,negative,negative,False,0.61901855,
sentiment-te-01805,hi-Latn,youtube-hinglish,sentiment,bilstm,5,neutral,negative,True,0.65880173,
sentiment-te-01806,hi-Latn,youtube-hinglish,sentiment,bilstm,4,positive,positive,False,0.35070753,
sentiment-te-01807,hi-Latn,youtube-hinglish,sentiment,bilstm,4,negative,negative,False,0.73842144,
sentiment-te-01808,hi-Latn,youtube-hinglish,sentiment,bilstm,8,neutral,negative,True,0.7260591,
sentiment-te-01809,hi-Latn,youtube-hinglish,sentiment,bilstm,10,positive,positive,False,0.41429254,
sentiment-te-01810,hi-Latn,youtube-hinglish,sentiment,bilstm,11,neutral,positive,True,0.3732025,
sentiment-te-01811,hi-Latn,youtube-hinglish,sentiment,bilstm,9,neutral,positive,True,0.4160771,
sentiment-te-01812,hi-Latn,youtube-hinglish,sentiment,bilstm,6,neutral,positive,True,0.6234103,
sentiment-te-01813,hi-Latn,youtube-hinglish,sentiment,bilstm,6,neutral,neutral,False,0.46823013,
sentiment-te-01814,hi-Latn,youtube-hinglish,sentiment,bilstm,25,neutral,negative,True,0.38989282,
sentiment-te-01815,hi-Latn,youtube-hinglish,sentiment,bilstm,5,neutral,negative,True,0.42863157,
sentiment-te-01816,hi-Latn,youtube-hinglish,sentiment,bilstm,8,neutral,neutral,False,0.6630006,
sentiment-te-01817,hi-Latn,youtube-hinglish,sentiment,bilstm,15,neutral,positive,True,0.5367893,
sentiment-te-01818,hi-Latn,youtube-hinglish,sentiment,bilstm,8,neutral,neutral,False,0.42329514,
sentiment-te-01819,hi-Latn,youtube-hinglish,sentiment,bilstm,8,neutral,positive,True,0.7452833,
sentiment-te-01820,hi-Latn,youtube-hinglish,sentiment,bilstm,5,neutral,neutral,False,0.4309951,
sentiment-te-01821,hi-Latn,youtube-hinglish,sentiment,bilstm,8,neutral,positive,True,0.65780705,
sentiment-te-01822,hi-Latn,youtube-hinglish,sentiment,bilstm,9,neutral,neutral,False,0.6261756,
sentiment-te-01823,hi-Latn,youtube-hinglish,sentiment,bilstm,7,positive,negative,True,0.46265367,
sentiment-te-01824,hi-Latn,youtube-hinglish,sentiment,bilstm,4,neutral,negative,True,0.45451805,
sentiment-te-01825,hi-Latn,youtube-hinglish,sentiment,bilstm,17,negative,negative,False,0.63243103,
sentiment-te-01826,hi-Latn,youtube-hinglish,sentiment,bilstm,3,negative,negative,False,0.34750235,
sentiment-te-01827,hi-Latn,youtube-hinglish,sentiment,bilstm,8,positive,neutral,True,0.43953103,
sentiment-te-01828,hi-Latn,youtube-hinglish,sentiment,bilstm,5,neutral,neutral,False,0.43566298,
sentiment-te-01829,hi-Latn,youtube-hinglish,sentiment,bilstm,16,positive,negative,True,0.3635098,
sentiment-te-01830,hi-Latn,youtube-hinglish,sentiment,bilstm,7,negative,negative,False,0.60075206,
sentiment-te-01831,hi-Latn,youtube-hinglish,sentiment,bilstm,18,negative,negative,False,0.4594752,
sentiment-te-01832,hi-Latn,youtube-hinglish,sentiment,bilstm,6,negative,negative,False,0.63884044,
sentiment-te-01833,hi-Latn,youtube-hinglish,sentiment,bilstm,7,neutral,neutral,False,0.43653825,
sentiment-te-01834,hi-Latn,youtube-hinglish,sentiment,bilstm,17,negative,negative,False,0.6043064,
sentiment-te-01835,hi-Latn,youtube-hinglish,sentiment,bilstm,32,neutral,negative,True,0.42791378,
sentiment-te-01836,hi-Latn,youtube-hinglish,sentiment,bilstm,14,positive,neutral,True,0.5896757,
sentiment-te-01837,hi-Latn,youtube-hinglish,sentiment,bilstm,9,positive,neutral,True,0.5248317,
sentiment-te-01838,hi-Latn,youtube-hinglish,sentiment,bilstm,12,positive,positive,False,0.5504989,
sentiment-te-01839,hi-Latn,youtube-hinglish,sentiment,bilstm,8,negative,neutral,True,0.39898062,
sentiment-te-01840,hi-Latn,youtube-hinglish,sentiment,bilstm,5,positive,positive,False,0.5099276,
sentiment-te-01841,hi-Latn,youtube-hinglish,sentiment,bilstm,4,neutral,neutral,False,0.3824625,
sentiment-te-01842,hi-Latn,youtube-hinglish,sentiment,bilstm,3,positive,neutral,True,0.5102115,
sentiment-te-01843,hi-Latn,youtube-hinglish,sentiment,bilstm,5,neutral,positive,True,0.36864525,
sentiment-te-01844,hi-Latn,youtube-hinglish,sentiment,bilstm,8,neutral,negative,True,0.36855683,
sentiment-te-01845,hi-Latn,youtube-hinglish,sentiment,bilstm,17,positive,positive,False,0.7038905,
sentiment-te-01846,hi-Latn,youtube-hinglish,sentiment,bilstm,7,negative,negative,False,0.59311086,
sentiment-te-01847,hi-Latn,youtube-hinglish,sentiment,bilstm,4,negative,positive,True,0.3661585,
sentiment-te-01848,hi-Latn,youtube-hinglish,sentiment,bilstm,13,neutral,positive,True,0.44293448,
sentiment-te-01849,hi-Latn,youtube-hinglish,sentiment,bilstm,7,neutral,negative,True,0.54358464,
sentiment-te-01850,hi-Latn,youtube-hinglish,sentiment,bilstm,16,negative,positive,True,0.6059711,
sentiment-te-01851,hi-Latn,youtube-hinglish,sentiment,bilstm,11,negative,negative,False,0.45749992,
sentiment-te-01852,hi-Latn,youtube-hinglish,sentiment,bilstm,5,positive,positive,False,0.4331348,
sentiment-te-01853,hi-Latn,youtube-hinglish,sentiment,bilstm,3,positive,positive,False,0.56430155,
sentiment-te-01854,hi-Latn,youtube-hinglish,sentiment,bilstm,3,positive,negative,True,0.4546539,
sentiment-te-01855,hi-Latn,youtube-hinglish,sentiment,bilstm,37,neutral,negative,True,0.4656944,
sentiment-te-01856,hi-Latn,youtube-hinglish,sentiment,bilstm,26,negative,negative,False,0.702137,
sentiment-te-01857,hi-Latn,youtube-hinglish,sentiment,bilstm,5,negative,negative,False,0.44855562,
sentiment-te-01858,hi-Latn,youtube-hinglish,sentiment,bilstm,15,negative,negative,False,0.62873477,
sentiment-te-01859,hi-Latn,youtube-hinglish,sentiment,bilstm,13,positive,positive,False,0.41543856,
sentiment-te-01860,hi-Latn,youtube-hinglish,sentiment,bilstm,4,neutral,neutral,False,0.38905355,
sentiment-te-01861,hi-Latn,youtube-hinglish,sentiment,bilstm,33,positive,neutral,True,0.42443997,
sentiment-te-01862,hi-Latn,youtube-hinglish,sentiment,bilstm,8,positive,negative,True,0.6694873,
sentiment-te-01863,hi-Latn,youtube-hinglish,sentiment,bilstm,11,positive,negative,True,0.49122965,
sentiment-te-01864,hi-Latn,youtube-hinglish,sentiment,bilstm,7,positive,neutral,True,0.407569,
sentiment-te-01865,hi-Latn,youtube-hinglish,sentiment,bilstm,19,positive,positive,False,0.44316462,
sentiment-te-01866,hi-Latn,youtube-hinglish,sentiment,bilstm,19,positive,positive,False,0.57977927,
sentiment-te-01867,hi-Latn,youtube-hinglish,sentiment,bilstm,13,positive,negative,True,0.5617584,
sentiment-te-01868,hi-Latn,youtube-hinglish,sentiment,bilstm,22,neutral,positive,True,0.60821694,
sentiment-te-01869,hi-Latn,youtube-hinglish,sentiment,bilstm,18,positive,negative,True,0.39383945,
sentiment-te-01870,hi-Latn,youtube-hinglish,sentiment,bilstm,9,positive,neutral,True,0.37135354,
sentiment-te-01871,hi-Latn,youtube-hinglish,sentiment,bilstm,10,positive,negative,True,0.5352371,
sentiment-te-01872,hi-Latn,youtube-hinglish,sentiment,bilstm,7,negative,negative,False,0.46883842,
sentiment-te-01873,hi-Latn,youtube-hinglish,sentiment,bilstm,16,negative,positive,True,0.3840549,
sentiment-te-01874,hi-Latn,youtube-hinglish,sentiment,bilstm,6,neutral,neutral,False,0.4533053,
sentiment-te-01875,hi-Latn,youtube-hinglish,sentiment,bilstm,20,positive,positive,False,0.42448354,
sentiment-te-01876,hi-Latn,youtube-hinglish,sentiment,bilstm,10,positive,positive,False,0.43205696,
sentiment-te-01877,hi-Latn,youtube-hinglish,sentiment,bilstm,9,positive,neutral,True,0.5539147,
sentiment-te-01878,hi-Latn,youtube-hinglish,sentiment,bilstm,6,positive,neutral,True,0.40719464,
sentiment-te-01879,hi-Latn,youtube-hinglish,sentiment,bilstm,13,positive,negative,True,0.552319,
sentiment-te-01880,hi-Latn,youtube-hinglish,sentiment,bilstm,10,positive,positive,False,0.49319565,
sentiment-te-01881,hi-Latn,youtube-hinglish,sentiment,bilstm,28,positive,positive,False,0.4027498,
sentiment-te-01882,hi-Latn,youtube-hinglish,sentiment,bilstm,6,negative,negative,False,0.4654342,
sentiment-te-01883,hi-Latn,youtube-hinglish,sentiment,bilstm,6,positive,positive,False,0.45728698,
sentiment-te-01884,hi-Latn,youtube-hinglish,sentiment,bilstm,4,neutral,neutral,False,0.5488212,
sentiment-te-01885,hi-Latn,youtube-hinglish,sentiment,bilstm,16,positive,positive,False,0.479776,
sentiment-te-01886,hi-Latn,youtube-hinglish,sentiment,bilstm,13,positive,positive,False,0.3777611,
sentiment-te-01887,hi-Latn,youtube-hinglish,sentiment,bilstm,8,positive,positive,False,0.6068436,
sentiment-te-01888,hi-Latn,youtube-hinglish,sentiment,bilstm,34,positive,positive,False,0.37086108,
sentiment-te-01889,hi-Latn,youtube-hinglish,sentiment,bilstm,10,neutral,neutral,False,0.49904695,
sentiment-te-01890,hi-Latn,youtube-hinglish,sentiment,bilstm,14,positive,positive,False,0.51144344,
sentiment-te-01891,hi-Latn,youtube-hinglish,sentiment,bilstm,8,negative,positive,True,0.6046558,
sentiment-te-01892,hi-Latn,youtube-hinglish,sentiment,bilstm,15,positive,negative,True,0.59107924,
sentiment-te-01893,hi-Latn,youtube-hinglish,sentiment,bilstm,8,positive,negative,True,0.48805442,
sentiment-te-01894,hi-Latn,youtube-hinglish,sentiment,bilstm,29,positive,positive,False,0.4769921,
sentiment-te-01895,hi-Latn,youtube-hinglish,sentiment,bilstm,32,negative,negative,False,0.4012145,
sentiment-te-01896,hi-Latn,youtube-hinglish,sentiment,bilstm,36,positive,positive,False,0.6544704,
sentiment-te-01897,hi-Latn,youtube-hinglish,sentiment,bilstm,6,positive,positive,False,0.36968037,
sentiment-te-01898,hi-Latn,youtube-hinglish,sentiment,bilstm,8,positive,neutral,True,0.47594303,
sentiment-te-01899,hi-Latn,youtube-hinglish,sentiment,bilstm,20,negative,negative,False,0.6529814,
sentiment-te-01900,hi-Latn,youtube-hinglish,sentiment,bilstm,21,positive,negative,True,0.7795568,
sentiment-te-01901,hi-Latn,youtube-hinglish,sentiment,bilstm,5,negative,negative,False,0.5069011,
sentiment-te-01902,hi-Latn,youtube-hinglish,sentiment,bilstm,5,positive,neutral,True,0.5197074,
sentiment-te-01903,hi-Latn,youtube-hinglish,sentiment,bilstm,9,negative,negative,False,0.6095517,
sentiment-te-01904,hi-Latn,youtube-hinglish,sentiment,bilstm,13,positive,negative,True,0.41453913,
sentiment-te-01905,hi-Latn,youtube-hinglish,sentiment,bilstm,15,positive,negative,True,0.60198396,
sentiment-te-01906,hi-Latn,youtube-hinglish,sentiment,bilstm,9,neutral,neutral,False,0.47251606,
sentiment-te-01907,hi-Latn,youtube-hinglish,sentiment,bilstm,17,neutral,negative,True,0.61091673,
sentiment-te-01908,hi-Latn,youtube-hinglish,sentiment,bilstm,3,positive,neutral,True,0.49915665,
sentiment-te-01909,hi-Latn,youtube-hinglish,sentiment,bilstm,8,positive,negative,True,0.5701684,
sentiment-te-01910,hi-Latn,youtube-hinglish,sentiment,bilstm,5,neutral,negative,True,0.40220952,
sentiment-te-01911,hi-Latn,youtube-hinglish,sentiment,bilstm,21,positive,positive,False,0.626214,
sentiment-te-01912,hi-Latn,youtube-hinglish,sentiment,bilstm,13,neutral,positive,True,0.4998433,
sentiment-te-01913,hi-Latn,youtube-hinglish,sentiment,bilstm,8,positive,negative,True,0.51436347,
sentiment-te-01914,hi-Latn,youtube-hinglish,sentiment,bilstm,18,negative,negative,False,0.8999812,
sentiment-te-01915,hi-Latn,youtube-hinglish,sentiment,bilstm,6,positive,positive,False,0.80557084,
sentiment-te-01916,hi-Latn,youtube-hinglish,sentiment,bilstm,6,positive,positive,False,0.45204723,
sentiment-te-01917,hi-Latn,youtube-hinglish,sentiment,bilstm,16,positive,negative,True,0.51341206,
sentiment-te-01918,hi-Latn,youtube-hinglish,sentiment,bilstm,16,positive,positive,False,0.41332698,
sentiment-te-01919,hi-Latn,youtube-hinglish,sentiment,bilstm,8,negative,negative,False,0.50541615,
sentiment-te-01920,hi-Latn,youtube-hinglish,sentiment,bilstm,4,negative,negative,False,0.58040655,
sentiment-te-01921,hi-Latn,youtube-hinglish,sentiment,bilstm,10,negative,negative,False,0.6244542,
sentiment-te-01922,hi-Latn,youtube-hinglish,sentiment,bilstm,5,negative,negative,False,0.3799399,
sentiment-te-01923,hi-Latn,youtube-hinglish,sentiment,bilstm,20,positive,positive,False,0.708179,
sentiment-te-01924,hi-Latn,youtube-hinglish,sentiment,bilstm,24,negative,neutral,True,0.5098075,
sentiment-te-01925,hi-Latn,youtube-hinglish,sentiment,bilstm,16,negative,negative,False,0.39429247,
sentiment-te-01926,hi-Latn,youtube-hinglish,sentiment,bilstm,16,neutral,positive,True,0.43812063,
sentiment-te-01927,hi-Latn,youtube-hinglish,sentiment,bilstm,9,positive,positive,False,0.64414,
sentiment-te-01928,hi-Latn,youtube-hinglish,sentiment,bilstm,9,neutral,neutral,False,0.46803755,
sentiment-te-01929,hi-Latn,youtube-hinglish,sentiment,bilstm,25,negative,negative,False,0.40200225,
sentiment-te-01930,hi-Latn,youtube-hinglish,sentiment,bilstm,17,positive,neutral,True,0.47375706,
sentiment-te-01931,hi-Latn,youtube-hinglish,sentiment,bilstm,36,positive,negative,True,0.5013595,
sentiment-te-01932,hi-Latn,youtube-hinglish,sentiment,bilstm,10,neutral,neutral,False,0.49128127,
sentiment-te-01933,hi-Latn,youtube-hinglish,sentiment,bilstm,5,positive,positive,False,0.84516835,
sentiment-te-01934,hi-Latn,youtube-hinglish,sentiment,bilstm,16,neutral,positive,True,0.48084995,
sentiment-te-01935,hi-Latn,youtube-hinglish,sentiment,bilstm,8,positive,positive,False,0.5427214,
sentiment-te-01936,hi-Latn,youtube-hinglish,sentiment,bilstm,39,neutral,negative,True,0.4394828,
sentiment-te-01937,hi-Latn,youtube-hinglish,sentiment,bilstm,23,negative,negative,False,0.38213766,
sentiment-te-01938,hi-Latn,youtube-hinglish,sentiment,bilstm,9,neutral,positive,True,0.62873673,
sentiment-te-01939,hi-Latn,youtube-hinglish,sentiment,bilstm,5,positive,positive,False,0.51789534,
sentiment-te-01940,hi-Latn,youtube-hinglish,sentiment,bilstm,8,negative,neutral,True,0.40503037,
sentiment-te-01941,hi-Latn,youtube-hinglish,sentiment,bilstm,14,positive,negative,True,0.5263447,
sentiment-te-01942,hi-Latn,youtube-hinglish,sentiment,bilstm,18,negative,negative,False,0.6100683,
sentiment-te-01943,hi-Latn,youtube-hinglish,sentiment,bilstm,14,positive,positive,False,0.43128642,
sentiment-te-01944,hi-Latn,youtube-hinglish,sentiment,bilstm,4,neutral,neutral,False,0.4426755,
sentiment-te-01945,hi-Latn,youtube-hinglish,sentiment,bilstm,13,positive,negative,True,0.64835393,
sentiment-te-01946,hi-Latn,youtube-hinglish,sentiment,bilstm,5,negative,positive,True,0.6691524,
sentiment-te-01947,hi-Latn,youtube-hinglish,sentiment,bilstm,20,positive,positive,False,0.5304572,
sentiment-te-01948,hi-Latn,youtube-hinglish,sentiment,bilstm,10,positive,negative,True,0.44491765,
sentiment-te-01949,hi-Latn,youtube-hinglish,sentiment,bilstm,7,neutral,neutral,False,0.5629007,
sentiment-te-01950,hi-Latn,youtube-hinglish,sentiment,bilstm,5,positive,positive,False,0.39111075,
sentiment-te-01951,hi-Latn,youtube-hinglish,sentiment,bilstm,11,positive,neutral,True,0.5211024,
sentiment-te-01952,hi-Latn,youtube-hinglish,sentiment,bilstm,6,positive,positive,False,0.8706871,
sentiment-te-01953,hi-Latn,youtube-hinglish,sentiment,bilstm,43,positive,negative,True,0.6336125,
sentiment-te-01954,hi-Latn,youtube-hinglish,sentiment,bilstm,4,positive,positive,False,0.5590969,
sentiment-te-01955,hi-Latn,youtube-hinglish,sentiment,bilstm,8,positive,positive,False,0.48430467,
sentiment-te-01956,hi-Latn,youtube-hinglish,sentiment,bilstm,5,positive,positive,False,0.57577837,
sentiment-te-01957,hi-Latn,youtube-hinglish,sentiment,bilstm,5,neutral,positive,True,0.49995446,
sentiment-te-01958,hi-Latn,youtube-hinglish,sentiment,bilstm,13,negative,negative,False,0.64617956,
sentiment-te-01959,hi-Latn,youtube-hinglish,sentiment,bilstm,9,positive,negative,True,0.74444854,
sentiment-te-01960,hi-Latn,youtube-hinglish,sentiment,bilstm,3,negative,positive,True,0.39657882,
sentiment-te-01961,hi-Latn,youtube-hinglish,sentiment,bilstm,21,positive,neutral,True,0.42669258,
sentiment-te-01962,hi-Latn,youtube-hinglish,sentiment,bilstm,7,neutral,positive,True,0.41117516,
sentiment-te-01963,hi-Latn,youtube-hinglish,sentiment,bilstm,12,neutral,negative,True,0.50529075,
sentiment-te-01964,hi-Latn,youtube-hinglish,sentiment,bilstm,7,negative,negative,False,0.47265744,
sentiment-te-01965,hi-Latn,youtube-hinglish,sentiment,bilstm,8,positive,positive,False,0.48422337,
sentiment-te-01966,hi-Latn,youtube-hinglish,sentiment,bilstm,9,neutral,negative,True,0.7666379,
sentiment-te-01967,hi-Latn,youtube-hinglish,sentiment,bilstm,7,positive,negative,True,0.34144652,
sentiment-te-01968,hi-Latn,youtube-hinglish,sentiment,bilstm,15,negative,positive,True,0.5522706,
sentiment-te-01969,hi-Latn,youtube-hinglish,sentiment,bilstm,5,neutral,negative,True,0.59319526,
sentiment-te-01970,hi-Latn,youtube-hinglish,sentiment,bilstm,14,negative,negative,False,0.34463248,
sentiment-te-01971,hi-Latn,youtube-hinglish,sentiment,bilstm,19,negative,negative,False,0.81843567,
sentiment-te-01972,hi-Latn,youtube-hinglish,sentiment,bilstm,12,neutral,neutral,False,0.43502256,
sentiment-te-01973,hi-Latn,youtube-hinglish,sentiment,bilstm,4,positive,neutral,True,0.5299412,
sentiment-te-01974,hi-Latn,youtube-hinglish,sentiment,bilstm,8,neutral,neutral,False,0.40740854,
sentiment-te-01975,hi-Latn,youtube-hinglish,sentiment,bilstm,26,positive,negative,True,0.5207959,
sentiment-te-01976,hi-Latn,youtube-hinglish,sentiment,bilstm,12,positive,negative,True,0.43370754,
sentiment-te-01977,hi-Latn,youtube-hinglish,sentiment,bilstm,11,positive,negative,True,0.5377801,
sentiment-te-01978,hi-Latn,youtube-hinglish,sentiment,bilstm,14,positive,negative,True,0.39210585,
sentiment-te-01979,hi-Latn,youtube-hinglish,sentiment,bilstm,15,negative,positive,True,0.4766103,
sentiment-te-01980,hi-Latn,youtube-hinglish,sentiment,bilstm,6,positive,negative,True,0.5981555,
sentiment-te-01981,hi-Latn,youtube-hinglish,sentiment,bilstm,20,negative,neutral,True,0.4459726,
sentiment-te-01982,hi-Latn,youtube-hinglish,sentiment,bilstm,7,positive,positive,False,0.52493197,
sentiment-te-01983,hi-Latn,youtube-hinglish,sentiment,bilstm,13,neutral,positive,True,0.39792556,
sentiment-te-01984,hi-Latn,youtube-hinglish,sentiment,bilstm,11,neutral,negative,True,0.4178849,
sentiment-te-01985,hi-Latn,youtube-hinglish,sentiment,bilstm,12,neutral,positive,True,0.53695124,
sentiment-te-01986,hi-Latn,youtube-hinglish,sentiment,bilstm,11,negative,neutral,True,0.53947085,
sentiment-te-01987,hi-Latn,youtube-hinglish,sentiment,bilstm,15,positive,negative,True,0.50204307,
sentiment-te-01988,hi-Latn,youtube-hinglish,sentiment,bilstm,8,neutral,negative,True,0.3820576,
sentiment-te-01989,hi-Latn,youtube-hinglish,sentiment,bilstm,8,positive,negative,True,0.5505393,
sentiment-te-01990,hi-Latn,youtube-hinglish,sentiment,bilstm,6,negative,neutral,True,0.38315347,
sentiment-te-01991,hi-Latn,youtube-hinglish,sentiment,bilstm,12,neutral,neutral,False,0.39316896,
sentiment-te-01992,hi-Latn,youtube-hinglish,sentiment,bilstm,9,negative,negative,False,0.45209748,
sentiment-te-01993,hi-Latn,youtube-hinglish,sentiment,bilstm,8,neutral,positive,True,0.3882609,
sentiment-te-01994,hi-Latn,youtube-hinglish,sentiment,bilstm,18,positive,negative,True,0.6541589,
sentiment-te-01995,hi-Latn,youtube-hinglish,sentiment,bilstm,12,positive,positive,False,0.43170792,
sentiment-te-01996,hi-Latn,youtube-hinglish,sentiment,bilstm,9,negative,negative,False,0.49081406,
sentiment-te-01997,hi-Latn,youtube-hinglish,sentiment,bilstm,6,neutral,negative,True,0.562031,
sentiment-te-01998,hi-Latn,youtube-hinglish,sentiment,bilstm,7,positive,negative,True,0.7784306,
sentiment-te-01999,hi-Latn,youtube-hinglish,sentiment,bilstm,8,negative,negative,False,0.80065393,
sentiment-te-02000,hi-Latn,youtube-hinglish,sentiment,bilstm,5,negative,negative,False,0.4876668,
sentiment-te-02001,hi-Latn,youtube-hinglish,sentiment,bilstm,15,negative,negative,False,0.7165072,
sentiment-te-02002,hi-Latn,youtube-hinglish,sentiment,bilstm,6,positive,positive,False,0.679979,
sentiment-te-02003,hi-Latn,youtube-hinglish,sentiment,bilstm,4,neutral,positive,True,0.5200444,
sentiment-te-02004,hi-Latn,youtube-hinglish,sentiment,bilstm,3,positive,negative,True,0.6331082,
sentiment-te-02005,hi-Latn,youtube-hinglish,sentiment,bilstm,14,neutral,positive,True,0.4288514,
sentiment-te-02006,hi-Latn,youtube-hinglish,sentiment,bilstm,23,negative,negative,False,0.62378985,
sentiment-te-02007,hi-Latn,youtube-hinglish,sentiment,bilstm,24,positive,negative,True,0.6499599,
sentiment-te-02008,hi-Latn,youtube-hinglish,sentiment,bilstm,3,neutral,neutral,False,0.5994332,
sentiment-te-02009,hi-Latn,youtube-hinglish,sentiment,bilstm,7,neutral,neutral,False,0.6174908,
sentiment-te-02010,hi-Latn,youtube-hinglish,sentiment,bilstm,13,negative,neutral,True,0.4853828,
sentiment-te-02011,hi-Latn,youtube-hinglish,sentiment,bilstm,8,negative,neutral,True,0.39958996,
sentiment-te-02012,hi-Latn,youtube-hinglish,sentiment,bilstm,12,positive,positive,False,0.50860465,
sentiment-te-02013,hi-Latn,youtube-hinglish,sentiment,bilstm,10,neutral,neutral,False,0.42002255,
sentiment-te-02014,hi-Latn,youtube-hinglish,sentiment,bilstm,11,neutral,neutral,False,0.47582012,
sentiment-te-02015,hi-Latn,youtube-hinglish,sentiment,bilstm,12,negative,negative,False,0.4516157,
sentiment-te-02016,hi-Latn,youtube-hinglish,sentiment,bilstm,11,negative,negative,False,0.82558054,
sentiment-te-02017,hi-Latn,youtube-hinglish,sentiment,bilstm,11,negative,negative,False,0.5839977,
sentiment-te-02018,hi-Latn,youtube-hinglish,sentiment,bilstm,7,negative,neutral,True,0.42952558,
sentiment-te-02019,hi-Latn,youtube-hinglish,sentiment,bilstm,13,positive,negative,True,0.49888057,
sentiment-te-02020,hi-Latn,youtube-hinglish,sentiment,bilstm,8,positive,negative,True,0.5412314,
sentiment-te-02021,hi-Latn,youtube-hinglish,sentiment,bilstm,7,neutral,neutral,False,0.38588673,
sentiment-te-02022,hi-Latn,youtube-hinglish,sentiment,bilstm,11,neutral,negative,True,0.42514467,
sentiment-te-02023,hi-Latn,youtube-hinglish,sentiment,bilstm,15,positive,negative,True,0.43359652,
sentiment-te-02024,hi-Latn,youtube-hinglish,sentiment,bilstm,4,negative,neutral,True,0.6032161,
sentiment-te-02025,hi-Latn,youtube-hinglish,sentiment,bilstm,20,positive,negative,True,0.45403627,
sentiment-te-02026,hi-Latn,youtube-hinglish,sentiment,bilstm,14,neutral,neutral,False,0.44577235,
sentiment-te-02027,hi-Latn,youtube-hinglish,sentiment,bilstm,16,negative,negative,False,0.42535007,
sentiment-te-02028,hi-Latn,youtube-hinglish,sentiment,bilstm,13,positive,negative,True,0.48471254,
sentiment-te-02029,hi-Latn,youtube-hinglish,sentiment,bilstm,16,negative,negative,False,0.52764034,
sentiment-te-02030,hi-Latn,youtube-hinglish,sentiment,bilstm,28,positive,positive,False,0.4565348,
sentiment-te-02031,hi-Latn,youtube-hinglish,sentiment,bilstm,11,positive,negative,True,0.44977963,
sentiment-te-02032,hi-Latn,youtube-hinglish,sentiment,bilstm,14,positive,negative,True,0.65473205,
sentiment-te-02033,hi-Latn,youtube-hinglish,sentiment,bilstm,12,positive,neutral,True,0.6041579,
sentiment-te-02034,hi-Latn,youtube-hinglish,sentiment,bilstm,15,positive,negative,True,0.3902268,
sentiment-te-02035,hi-Latn,youtube-hinglish,sentiment,bilstm,21,positive,positive,False,0.643065,
sentiment-te-02036,hi-Latn,youtube-hinglish,sentiment,bilstm,14,positive,negative,True,0.58636224,
sentiment-te-02037,hi-Latn,youtube-hinglish,sentiment,bilstm,11,positive,positive,False,0.42211697,
sentiment-te-02038,hi-Latn,youtube-hinglish,sentiment,bilstm,17,negative,neutral,True,0.5111115,
sentiment-te-02039,hi-Latn,youtube-hinglish,sentiment,bilstm,20,positive,positive,False,0.39563334,
sentiment-te-02040,hi-Latn,youtube-hinglish,sentiment,bilstm,26,neutral,neutral,False,0.35734823,
sentiment-te-02041,hi-Latn,youtube-hinglish,sentiment,bilstm,10,positive,negative,True,0.399833,
sentiment-te-02042,hi-Latn,youtube-hinglish,sentiment,bilstm,21,positive,positive,False,0.4374582,
sentiment-te-02043,hi-Latn,youtube-hinglish,sentiment,bilstm,15,positive,positive,False,0.38763538,
sentiment-te-02044,hi-Latn,youtube-hinglish,sentiment,bilstm,20,positive,positive,False,0.65990186,
sentiment-te-02045,hi-Latn,youtube-hinglish,sentiment,bilstm,12,neutral,positive,True,0.47498235,
sentiment-te-02046,hi-Latn,youtube-hinglish,sentiment,bilstm,13,positive,negative,True,0.3603431,
sentiment-te-02047,hi-Latn,youtube-hinglish,sentiment,bilstm,7,negative,negative,False,0.47506368,
sentiment-te-02048,hi-Latn,youtube-hinglish,sentiment,bilstm,5,positive,positive,False,0.6877488,
sentiment-te-02049,hi-Latn,youtube-hinglish,sentiment,bilstm,16,neutral,positive,True,0.6618926,
sentiment-te-02050,hi-Latn,youtube-hinglish,sentiment,bilstm,25,positive,neutral,True,0.37183183,
sentiment-te-02051,hi-Latn,youtube-hinglish,sentiment,bilstm,17,positive,neutral,True,0.5907835,
sentiment-te-02052,hi-Latn,youtube-hinglish,sentiment,bilstm,11,positive,neutral,True,0.37091017,
sentiment-te-02053,hi-Latn,youtube-hinglish,sentiment,bilstm,12,positive,neutral,True,0.40965816,
sentiment-te-02054,hi-Latn,youtube-hinglish,sentiment,bilstm,11,neutral,positive,True,0.42593333,
sentiment-te-02055,hi-Latn,youtube-hinglish,sentiment,bilstm,27,positive,neutral,True,0.5140923,
sentiment-te-02056,hi-Latn,youtube-hinglish,sentiment,bilstm,5,positive,positive,False,0.5124637,
sentiment-te-02057,hi-Latn,youtube-hinglish,sentiment,bilstm,10,positive,negative,True,0.42023316,
sentiment-te-02058,hi-Latn,youtube-hinglish,sentiment,bilstm,18,positive,positive,False,0.61707455,
sentiment-te-02059,hi-Latn,youtube-hinglish,sentiment,bilstm,12,negative,negative,False,0.49271622,
sentiment-te-02060,hi-Latn,youtube-hinglish,sentiment,bilstm,11,positive,positive,False,0.63162774,
sentiment-te-02061,hi-Latn,youtube-hinglish,sentiment,bilstm,74,positive,positive,False,0.52659804,
sentiment-te-02062,hi-Latn,youtube-hinglish,sentiment,bilstm,16,positive,positive,False,0.473694,
sentiment-te-02063,hi-Latn,youtube-hinglish,sentiment,bilstm,38,positive,positive,False,0.49325898,
sentiment-te-02064,hi-Latn,youtube-hinglish,sentiment,bilstm,45,negative,negative,False,0.44537568,
sentiment-te-02065,hi-Latn,youtube-hinglish,sentiment,bilstm,8,positive,positive,False,0.38928914,
sentiment-te-02066,hi-Latn,youtube-hinglish,sentiment,bilstm,8,positive,neutral,True,0.4776238,
sentiment-te-02067,hi-Latn,youtube-hinglish,sentiment,bilstm,18,positive,negative,True,0.44134888,
sentiment-te-02068,hi-Latn,youtube-hinglish,sentiment,bilstm,10,neutral,neutral,False,0.5873189,
sentiment-te-02069,hi-Latn,youtube-hinglish,sentiment,bilstm,11,positive,positive,False,0.43210104,
sentiment-te-02070,hi-Latn,youtube-hinglish,sentiment,bilstm,17,negative,negative,False,0.5672439,
sentiment-te-02071,hi-Latn,youtube-hinglish,sentiment,bilstm,4,positive,negative,True,0.5222954,
sentiment-te-02072,hi-Latn,youtube-hinglish,sentiment,bilstm,8,neutral,neutral,False,0.4138457,
sentiment-te-02073,hi-Latn,youtube-hinglish,sentiment,bilstm,23,positive,positive,False,0.5509199,
sentiment-te-02074,hi-Latn,youtube-hinglish,sentiment,bilstm,49,positive,neutral,True,0.3913853,
sentiment-te-02075,hi-Latn,youtube-hinglish,sentiment,bilstm,11,positive,positive,False,0.47656205,
sentiment-te-02076,hi-Latn,youtube-hinglish,sentiment,bilstm,26,negative,positive,True,0.47083426,
sentiment-te-02077,hi-Latn,youtube-hinglish,sentiment,bilstm,14,positive,negative,True,0.39473885,
sentiment-te-02078,hi-Latn,youtube-hinglish,sentiment,bilstm,15,positive,negative,True,0.62366694,
sentiment-te-02079,hi-Latn,youtube-hinglish,sentiment,bilstm,10,negative,negative,False,0.7600428,
sentiment-te-02080,hi-Latn,youtube-hinglish,sentiment,bilstm,4,positive,positive,False,0.34886983,
sentiment-te-02081,hi-Latn,youtube-hinglish,sentiment,bilstm,23,positive,positive,False,0.43562603,
sentiment-te-02082,hi-Latn,youtube-hinglish,sentiment,bilstm,11,positive,positive,False,0.38258705,
sentiment-te-02083,hi-Latn,youtube-hinglish,sentiment,bilstm,33,positive,negative,True,0.40208423,
sentiment-te-02084,hi-Latn,youtube-hinglish,sentiment,bilstm,6,positive,negative,True,0.51234543,
sentiment-te-02085,hi-Latn,youtube-hinglish,sentiment,bilstm,11,positive,positive,False,0.40646797,
sentiment-te-02086,hi-Latn,youtube-hinglish,sentiment,bilstm,11,positive,neutral,True,0.5104058,
sentiment-te-02087,hi-Latn,youtube-hinglish,sentiment,bilstm,22,negative,negative,False,0.614162,
sentiment-te-02088,hi-Latn,youtube-hinglish,sentiment,bilstm,5,positive,negative,True,0.52446175,
sentiment-te-02089,hi-Latn,youtube-hinglish,sentiment,bilstm,29,positive,neutral,True,0.40329948,
sentiment-te-02090,hi-Latn,youtube-hinglish,sentiment,bilstm,15,positive,positive,False,0.40164632,
sentiment-te-02091,hi-Latn,youtube-hinglish,sentiment,bilstm,6,positive,negative,True,0.39887878,
sentiment-te-02092,hi-Latn,youtube-hinglish,sentiment,bilstm,5,positive,negative,True,0.39068404,
sentiment-te-02093,hi-Latn,youtube-hinglish,sentiment,bilstm,5,positive,positive,False,0.5181781,
sentiment-te-02094,hi-Latn,youtube-hinglish,sentiment,bilstm,7,positive,neutral,True,0.36960232,
sentiment-te-02095,hi-Latn,youtube-hinglish,sentiment,bilstm,12,positive,positive,False,0.36660126,
sentiment-te-02096,hi-Latn,youtube-hinglish,sentiment,bilstm,3,positive,positive,False,0.4686235,
sentiment-te-02097,hi-Latn,youtube-hinglish,sentiment,bilstm,11,positive,positive,False,0.7591958,
sentiment-te-02098,hi-Latn,youtube-hinglish,sentiment,bilstm,8,positive,positive,False,0.9007031,
sentiment-te-02099,hi-Latn,youtube-hinglish,sentiment,bilstm,6,positive,negative,True,0.4111259,
sentiment-te-02100,hi-Latn,youtube-hinglish,sentiment,bilstm,10,positive,positive,False,0.57353,
sentiment-te-02101,hi-Latn,youtube-hinglish,sentiment,bilstm,10,positive,positive,False,0.7403791,
sentiment-te-02102,hi-Latn,youtube-hinglish,sentiment,bilstm,14,positive,positive,False,0.52974623,
sentiment-te-02103,hi-Latn,youtube-hinglish,sentiment,bilstm,14,positive,positive,False,0.46353123,
sentiment-te-02104,hi-Latn,youtube-hinglish,sentiment,bilstm,23,positive,negative,True,0.500234,
sentiment-te-02105,hi-Latn,youtube-hinglish,sentiment,bilstm,20,positive,neutral,True,0.4468065,
sentiment-te-02106,hi-Latn,youtube-hinglish,sentiment,bilstm,20,positive,positive,False,0.43406567,
sentiment-te-02107,hi-Latn,youtube-hinglish,sentiment,bilstm,7,negative,neutral,True,0.4660522,
sentiment-te-02108,hi-Latn,youtube-hinglish,sentiment,bilstm,16,positive,negative,True,0.3741508,
sentiment-te-02109,hi-Latn,youtube-hinglish,sentiment,bilstm,20,positive,negative,True,0.660768,
sentiment-te-02110,hi-Latn,youtube-hinglish,sentiment,bilstm,8,positive,positive,False,0.68029135,
sentiment-te-02111,hi-Latn,youtube-hinglish,sentiment,bilstm,14,positive,positive,False,0.6658794,
sentiment-te-02112,hi-Latn,youtube-hinglish,sentiment,bilstm,21,negative,positive,True,0.42270157,
sentiment-te-02113,hi-Latn,youtube-hinglish,sentiment,bilstm,4,positive,positive,False,0.60530114,
sentiment-te-02114,hi-Latn,youtube-hinglish,sentiment,bilstm,9,positive,neutral,True,0.3659466,
sentiment-te-02115,hi-Latn,youtube-hinglish,sentiment,bilstm,4,negative,negative,False,0.39353973,
sentiment-te-02116,hi-Latn,youtube-hinglish,sentiment,bilstm,9,neutral,positive,True,0.42820212,
sentiment-te-02117,hi-Latn,youtube-hinglish,sentiment,bilstm,8,positive,negative,True,0.44967318,
sentiment-te-02118,hi-Latn,youtube-hinglish,sentiment,bilstm,28,neutral,negative,True,0.36416134,
sentiment-te-02119,hi-Latn,youtube-hinglish,sentiment,bilstm,23,positive,neutral,True,0.3756572,
sentiment-te-02120,hi-Latn,youtube-hinglish,sentiment,bilstm,10,negative,positive,True,0.44434497,
sentiment-te-02121,hi-Latn,youtube-hinglish,sentiment,bilstm,14,positive,positive,False,0.47058016,
sentiment-te-02122,hi-Latn,youtube-hinglish,sentiment,bilstm,7,positive,positive,False,0.41660675,
sentiment-te-02123,hi-Latn,youtube-hinglish,sentiment,bilstm,20,positive,positive,False,0.49747586,
sentiment-te-02124,hi-Latn,youtube-hinglish,sentiment,bilstm,6,positive,negative,True,0.4957938,
sentiment-te-02125,hi-Latn,youtube-hinglish,sentiment,bilstm,13,positive,positive,False,0.3980085,
sentiment-te-02126,hi-Latn,youtube-hinglish,sentiment,bilstm,8,positive,positive,False,0.39006856,
sentiment-te-02127,hi-Latn,youtube-hinglish,sentiment,bilstm,6,neutral,neutral,False,0.4065461,
sentiment-te-02128,hi-Latn,youtube-hinglish,sentiment,bilstm,11,negative,positive,True,0.45687953,
sentiment-te-02129,hi-Latn,youtube-hinglish,sentiment,bilstm,14,positive,positive,False,0.47147056,
sentiment-te-02130,hi-Latn,youtube-hinglish,sentiment,bilstm,6,positive,positive,False,0.4409956,
sentiment-te-02131,hi-Latn,youtube-hinglish,sentiment,bilstm,9,neutral,neutral,False,0.43750185,
sentiment-te-02132,hi-Latn,youtube-hinglish,sentiment,bilstm,6,positive,positive,False,0.6083731,
sentiment-te-02133,hi-Latn,youtube-hinglish,sentiment,bilstm,6,neutral,negative,True,0.52173316,
sentiment-te-02134,hi-Latn,youtube-hinglish,sentiment,bilstm,7,negative,negative,False,0.52694255,
sentiment-te-02135,hi-Latn,youtube-hinglish,sentiment,bilstm,14,neutral,positive,True,0.3820182,
sentiment-te-02136,hi-Latn,youtube-hinglish,sentiment,bilstm,8,negative,negative,False,0.47379154,
sentiment-te-02137,hi-Latn,youtube-hinglish,sentiment,bilstm,6,positive,positive,False,0.36757582,
sentiment-te-02138,hi-Latn,youtube-hinglish,sentiment,bilstm,8,neutral,negative,True,0.40948296,
sentiment-te-02139,hi-Latn,youtube-hinglish,sentiment,bilstm,20,positive,positive,False,0.37146285,
sentiment-te-02140,hi-Latn,youtube-hinglish,sentiment,bilstm,4,positive,positive,False,0.89634687,
sentiment-te-02141,hi-Latn,youtube-hinglish,sentiment,bilstm,9,positive,negative,True,0.47708926,
sentiment-te-02142,hi-Latn,youtube-hinglish,sentiment,bilstm,13,positive,negative,True,0.41297263,
sentiment-te-02143,hi-Latn,youtube-hinglish,sentiment,bilstm,23,positive,positive,False,0.4553676,
sentiment-te-02144,hi-Latn,youtube-hinglish,sentiment,bilstm,9,negative,positive,True,0.36836472,
sentiment-te-02145,hi-Latn,youtube-hinglish,sentiment,bilstm,12,positive,negative,True,0.44780254,
sentiment-te-02146,hi-Latn,youtube-hinglish,sentiment,bilstm,13,positive,positive,False,0.83829397,
sentiment-te-02147,hi-Latn,youtube-hinglish,sentiment,bilstm,8,neutral,neutral,False,0.46164966,
sentiment-te-02148,hi-Latn,youtube-hinglish,sentiment,bilstm,3,neutral,neutral,False,0.43408766,
sentiment-te-02149,hi-Latn,youtube-hinglish,sentiment,bilstm,11,neutral,neutral,False,0.51997125,
sentiment-te-02150,hi-Latn,youtube-hinglish,sentiment,bilstm,13,neutral,negative,True,0.5058813,
sentiment-te-02151,hi-Latn,youtube-hinglish,sentiment,bilstm,4,positive,positive,False,0.4903858,
sentiment-te-02152,hi-Latn,youtube-hinglish,sentiment,bilstm,19,negative,negative,False,0.65219665,
sentiment-te-02153,hi-Latn,youtube-hinglish,sentiment,bilstm,10,negative,negative,False,0.63773793,
sentiment-te-02154,hi-Latn,youtube-hinglish,sentiment,bilstm,13,positive,positive,False,0.6121021,
sentiment-te-02155,hi-Latn,youtube-hinglish,sentiment,bilstm,12,negative,neutral,True,0.44287762,
sentiment-te-02156,hi-Latn,youtube-hinglish,sentiment,bilstm,7,neutral,neutral,False,0.57789135,
sentiment-te-02157,hi-Latn,youtube-hinglish,sentiment,bilstm,3,positive,positive,False,0.62026316,
sentiment-te-02158,hi-Latn,youtube-hinglish,sentiment,bilstm,8,neutral,neutral,False,0.44467428,
sentiment-te-02159,hi-Latn,youtube-hinglish,sentiment,bilstm,15,negative,negative,False,0.58191603,
sentiment-te-02160,hi-Latn,youtube-hinglish,sentiment,bilstm,3,positive,negative,True,0.45104718,
sentiment-te-02161,hi-Latn,youtube-hinglish,sentiment,bilstm,11,neutral,negative,True,0.3518268,
sentiment-te-02162,hi-Latn,youtube-hinglish,sentiment,bilstm,8,positive,positive,False,0.4261271,
sentiment-te-02163,hi-Latn,youtube-hinglish,sentiment,bilstm,39,negative,negative,False,0.39981005,
sentiment-te-02164,hi-Latn,youtube-hinglish,sentiment,bilstm,9,positive,positive,False,0.72808856,
sentiment-te-02165,hi-Latn,youtube-hinglish,sentiment,bilstm,10,positive,negative,True,0.426468,
sentiment-te-02166,hi-Latn,youtube-hinglish,sentiment,bilstm,6,neutral,positive,True,0.52106804,
sentiment-te-02167,hi-Latn,youtube-hinglish,sentiment,bilstm,18,negative,negative,False,0.7981488,
sentiment-te-02168,hi-Latn,youtube-hinglish,sentiment,bilstm,20,neutral,neutral,False,0.7574177,
sentiment-te-02169,hi-Latn,youtube-hinglish,sentiment,bilstm,15,positive,negative,True,0.50620055,
sentiment-te-02170,hi-Latn,youtube-hinglish,sentiment,bilstm,4,positive,positive,False,0.43551755,
sentiment-te-02171,hi-Latn,youtube-hinglish,sentiment,bilstm,14,negative,negative,False,0.58824795,
sentiment-te-02172,hi-Latn,youtube-hinglish,sentiment,bilstm,21,positive,positive,False,0.7185758,
sentiment-te-02173,hi-Latn,youtube-hinglish,sentiment,bilstm,6,neutral,neutral,False,0.578104,
sentiment-te-02174,hi-Latn,youtube-hinglish,sentiment,bilstm,5,positive,positive,False,0.66615546,
sentiment-te-02175,hi-Latn,youtube-hinglish,sentiment,bilstm,5,positive,negative,True,0.5244827,
sentiment-te-02176,hi-Latn,youtube-hinglish,sentiment,bilstm,12,positive,negative,True,0.5900024,
sentiment-te-02177,hi-Latn,youtube-hinglish,sentiment,bilstm,7,negative,positive,True,0.35828817,
sentiment-te-02178,hi-Latn,youtube-hinglish,sentiment,bilstm,14,positive,negative,True,0.5202291,
sentiment-te-02179,hi-Latn,youtube-hinglish,sentiment,bilstm,8,neutral,positive,True,0.49385056,
sentiment-te-02180,hi-Latn,youtube-hinglish,sentiment,bilstm,4,positive,neutral,True,0.42417005,
sentiment-te-02181,hi-Latn,youtube-hinglish,sentiment,bilstm,9,negative,neutral,True,0.43884376,
sentiment-te-02182,hi-Latn,youtube-hinglish,sentiment,bilstm,14,neutral,neutral,False,0.34730196,
sentiment-te-02183,hi-Latn,youtube-hinglish,sentiment,bilstm,5,positive,positive,False,0.39751652,
sentiment-te-02184,hi-Latn,youtube-hinglish,sentiment,bilstm,10,positive,positive,False,0.4504306,
sentiment-te-02185,hi-Latn,youtube-hinglish,sentiment,bilstm,8,neutral,neutral,False,0.5284411,
sentiment-te-02186,hi-Latn,youtube-hinglish,sentiment,bilstm,13,negative,neutral,True,0.53549254,
sentiment-te-02187,hi-Latn,youtube-hinglish,sentiment,bilstm,6,positive,negative,True,0.662719,
sentiment-te-02188,hi-Latn,youtube-hinglish,sentiment,bilstm,9,positive,neutral,True,0.41350317,
sentiment-te-02189,hi-Latn,youtube-hinglish,sentiment,bilstm,4,positive,negative,True,0.40953922,
sentiment-te-02190,hi-Latn,youtube-hinglish,sentiment,bilstm,8,positive,negative,True,0.48680386,
sentiment-te-02191,hi-Latn,youtube-hinglish,sentiment,bilstm,19,negative,negative,False,0.5384091,
sentiment-te-02192,hi-Latn,youtube-hinglish,sentiment,bilstm,15,negative,negative,False,0.5592182,
sentiment-te-02193,hi-Latn,youtube-hinglish,sentiment,bilstm,36,neutral,negative,True,0.55762845,
sentiment-te-02194,hi-Latn,youtube-hinglish,sentiment,bilstm,5,negative,negative,False,0.49605304,
sentiment-te-02195,hi-Latn,youtube-hinglish,sentiment,bilstm,17,negative,neutral,True,0.5319489,
sentiment-te-02196,hi-Latn,youtube-hinglish,sentiment,bilstm,7,positive,negative,True,0.48111734,
sentiment-te-02197,hi-Latn,youtube-hinglish,sentiment,bilstm,8,positive,neutral,True,0.52277964,
sentiment-te-02198,hi-Latn,youtube-hinglish,sentiment,bilstm,5,positive,positive,False,0.5537725,
sentiment-te-02199,hi-Latn,youtube-hinglish,sentiment,bilstm,8,negative,neutral,True,0.50828546,
sentiment-te-02200,hi-Latn,youtube-hinglish,sentiment,bilstm,9,negative,neutral,True,0.49578366,
sentiment-te-02201,hi-Latn,youtube-hinglish,sentiment,bilstm,18,negative,negative,False,0.57384527,
sentiment-te-02202,hi-Latn,youtube-hinglish,sentiment,bilstm,20,neutral,negative,True,0.47251368,
sentiment-te-02203,hi-Latn,youtube-hinglish,sentiment,bilstm,9,neutral,neutral,False,0.4103688,
sentiment-te-02204,hi-Latn,youtube-hinglish,sentiment,bilstm,12,negative,neutral,True,0.48619092,
sentiment-te-02205,hi-Latn,youtube-hinglish,sentiment,bilstm,31,negative,neutral,True,0.42277634,
sentiment-te-02206,hi-Latn,youtube-hinglish,sentiment,bilstm,5,negative,positive,True,0.52931315,
sentiment-te-02207,hi-Latn,youtube-hinglish,sentiment,bilstm,12,negative,positive,True,0.5011008,
sentiment-te-02208,hi-Latn,youtube-hinglish,sentiment,bilstm,2,neutral,neutral,False,0.5296531,
sentiment-te-02209,hi-Latn,youtube-hinglish,sentiment,bilstm,41,neutral,neutral,False,0.48748705,
sentiment-te-02210,hi-Latn,youtube-hinglish,sentiment,bilstm,19,neutral,negative,True,0.5496471,
sentiment-te-02211,hi-Latn,youtube-hinglish,sentiment,bilstm,4,positive,positive,False,0.5132792,
sentiment-te-02212,hi-Latn,youtube-hinglish,sentiment,bilstm,4,positive,positive,False,0.5097742,
sentiment-te-02213,hi-Latn,youtube-hinglish,sentiment,bilstm,8,negative,negative,False,0.3492594,
emotion-te-00001,en-Latn,brighter-eng,emotion,bilstm,15,surprise,fear|surprise,True,0.58181816,
emotion-te-00002,en-Latn,brighter-eng,emotion,bilstm,11,anger|fear,joy,True,0.53320915,
emotion-te-00003,en-Latn,brighter-eng,emotion,bilstm,20,anger|fear|sadness,fear|sadness,True,0.94934374,
emotion-te-00004,en-Latn,brighter-eng,emotion,bilstm,11,fear|sadness|surprise,fear|surprise,True,0.9860706,
emotion-te-00005,en-Latn,brighter-eng,emotion,bilstm,14,anger|fear|sadness,fear,True,0.8367304,
emotion-te-00006,en-Latn,brighter-eng,emotion,bilstm,18,fear|sadness,fear,True,0.811386,
emotion-te-00007,en-Latn,brighter-eng,emotion,bilstm,15,fear|sadness,fear|sadness,False,0.84944516,
emotion-te-00008,en-Latn,brighter-eng,emotion,bilstm,8,joy,joy,False,0.8257483,
emotion-te-00009,en-Latn,brighter-eng,emotion,bilstm,26,fear|surprise,anger|fear|sadness|surprise,True,0.95163375,
emotion-te-00010,en-Latn,brighter-eng,emotion,bilstm,17,fear|sadness,disgust|fear,True,0.7484325,
emotion-te-00011,en-Latn,brighter-eng,emotion,bilstm,10,joy,fear,True,0.7956154,
emotion-te-00012,en-Latn,brighter-eng,emotion,bilstm,42,sadness,fear|sadness,True,0.8514047,
emotion-te-00013,en-Latn,brighter-eng,emotion,bilstm,46,fear|sadness,anger|fear|sadness|surprise,True,0.75855625,
emotion-te-00014,en-Latn,brighter-eng,emotion,bilstm,7,anger,fear|sadness,True,0.5331622,
emotion-te-00015,en-Latn,brighter-eng,emotion,bilstm,4,fear|sadness|surprise,fear|sadness|surprise,False,0.9729946,
emotion-te-00016,en-Latn,brighter-eng,emotion,bilstm,28,fear|sadness,joy,True,0.42288712,
emotion-te-00017,en-Latn,brighter-eng,emotion,bilstm,7,fear|sadness|surprise,fear|sadness,True,0.92046815,
emotion-te-00018,en-Latn,brighter-eng,emotion,bilstm,8,none,fear|sadness|surprise,True,0.8687752,
emotion-te-00019,en-Latn,brighter-eng,emotion,bilstm,7,anger|fear|sadness,fear|sadness|surprise,True,0.9283922,
emotion-te-00020,en-Latn,brighter-eng,emotion,bilstm,22,fear|sadness,joy,True,0.4724952,
emotion-te-00021,en-Latn,brighter-eng,emotion,bilstm,33,fear|sadness,fear|sadness,False,0.9663721,
emotion-te-00022,en-Latn,brighter-eng,emotion,bilstm,3,fear,anger|fear|sadness,True,0.69326586,
emotion-te-00023,en-Latn,brighter-eng,emotion,bilstm,8,sadness,anger|fear|surprise,True,0.87758183,
emotion-te-00024,en-Latn,brighter-eng,emotion,bilstm,21,fear|sadness,fear|surprise,True,0.9386395,
emotion-te-00025,en-Latn,brighter-eng,emotion,bilstm,6,fear|sadness,fear|sadness,False,0.8910344,
emotion-te-00026,en-Latn,brighter-eng,emotion,bilstm,11,none,fear|sadness,True,0.73957604,
emotion-te-00027,en-Latn,brighter-eng,emotion,bilstm,8,fear|sadness|surprise,anger|fear|sadness,True,0.79595816,
emotion-te-00028,en-Latn,brighter-eng,emotion,bilstm,3,joy|surprise,fear|sadness,True,0.58130765,
emotion-te-00029,en-Latn,brighter-eng,emotion,bilstm,12,fear|surprise,fear,True,0.53991264,
emotion-te-00030,en-Latn,brighter-eng,emotion,bilstm,25,anger|fear|sadness,fear|sadness,True,0.61785066,
emotion-te-00031,en-Latn,brighter-eng,emotion,bilstm,23,anger|fear,anger|joy|sadness,True,0.68772393,
emotion-te-00032,en-Latn,brighter-eng,emotion,bilstm,53,fear|surprise,fear|sadness,True,0.96133935,
emotion-te-00033,en-Latn,brighter-eng,emotion,bilstm,10,joy|surprise,joy|surprise,False,0.8656431,
emotion-te-00034,en-Latn,brighter-eng,emotion,bilstm,23,fear|sadness,none,True,0.58063364,
emotion-te-00035,en-Latn,brighter-eng,emotion,bilstm,6,fear|sadness,fear|sadness,False,0.72942287,
emotion-te-00036,en-Latn,brighter-eng,emotion,bilstm,7,joy,fear,True,0.6942197,
emotion-te-00037,en-Latn,brighter-eng,emotion,bilstm,16,fear|sadness,fear|sadness,False,0.8296324,
emotion-te-00038,en-Latn,brighter-eng,emotion,bilstm,5,fear|sadness|surprise,fear|sadness|surprise,False,0.95347977,
emotion-te-00039,en-Latn,brighter-eng,emotion,bilstm,7,surprise,fear|sadness,True,0.8813868,
emotion-te-00040,en-Latn,brighter-eng,emotion,bilstm,4,none,sadness,True,0.40509778,
emotion-te-00041,en-Latn,brighter-eng,emotion,bilstm,14,fear|surprise,fear|joy|surprise,True,0.74850875,
emotion-te-00042,en-Latn,brighter-eng,emotion,bilstm,22,none,fear,True,0.45110893,
emotion-te-00043,en-Latn,brighter-eng,emotion,bilstm,31,fear|sadness,fear|joy,True,0.602835,
emotion-te-00044,en-Latn,brighter-eng,emotion,bilstm,4,fear,joy,True,0.57741404,
emotion-te-00045,en-Latn,brighter-eng,emotion,bilstm,4,surprise,anger|fear|sadness,True,0.8449075,
emotion-te-00046,en-Latn,brighter-eng,emotion,bilstm,13,joy,fear,True,0.7557204,
emotion-te-00047,en-Latn,brighter-eng,emotion,bilstm,28,anger,fear|sadness,True,0.7250734,
emotion-te-00048,en-Latn,brighter-eng,emotion,bilstm,8,surprise,anger|disgust|joy|sadness,True,0.6871672,
emotion-te-00049,en-Latn,brighter-eng,emotion,bilstm,19,joy|surprise,fear|surprise,True,0.7846167,
emotion-te-00050,en-Latn,brighter-eng,emotion,bilstm,38,anger|fear|sadness,joy|surprise,True,0.7859628,
emotion-te-00051,en-Latn,brighter-eng,emotion,bilstm,12,fear,fear|sadness,True,0.8363685,
emotion-te-00052,en-Latn,brighter-eng,emotion,bilstm,25,none,joy,True,0.7911171,
emotion-te-00053,en-Latn,brighter-eng,emotion,bilstm,18,fear|surprise,fear|sadness,True,0.95884806,
emotion-te-00054,en-Latn,brighter-eng,emotion,bilstm,21,joy,fear|surprise,True,0.73079854,
emotion-te-00055,en-Latn,brighter-eng,emotion,bilstm,4,fear|sadness,fear|surprise,True,0.96015805,
emotion-te-00056,en-Latn,brighter-eng,emotion,bilstm,27,joy|surprise,joy|surprise,False,0.87249994,
emotion-te-00057,en-Latn,brighter-eng,emotion,bilstm,17,joy,fear|surprise,True,0.8648249,
emotion-te-00058,en-Latn,brighter-eng,emotion,bilstm,19,sadness,joy|sadness,True,0.51049644,
emotion-te-00059,en-Latn,brighter-eng,emotion,bilstm,6,fear,fear|surprise,True,0.6530465,
emotion-te-00060,en-Latn,brighter-eng,emotion,bilstm,24,joy,joy|surprise,True,0.77414364,
emotion-te-00061,en-Latn,brighter-eng,emotion,bilstm,21,joy|surprise,joy,True,0.75316817,
emotion-te-00062,en-Latn,brighter-eng,emotion,bilstm,7,joy,joy,False,0.86227274,
emotion-te-00063,en-Latn,brighter-eng,emotion,bilstm,7,fear,fear|sadness,True,0.49991295,
emotion-te-00064,en-Latn,brighter-eng,emotion,bilstm,15,fear|sadness|surprise,anger|disgust|fear|sadness|surprise,True,0.895238,
emotion-te-00065,en-Latn,brighter-eng,emotion,bilstm,8,anger,anger|sadness,True,0.7832418,
emotion-te-00066,en-Latn,brighter-eng,emotion,bilstm,8,fear|sadness,fear|sadness,False,0.71827,
emotion-te-00067,en-Latn,brighter-eng,emotion,bilstm,10,joy,fear,True,0.71040004,
emotion-te-00068,en-Latn,brighter-eng,emotion,bilstm,12,fear|sadness,fear|sadness,False,0.9468127,
emotion-te-00069,en-Latn,brighter-eng,emotion,bilstm,14,anger|fear,fear|sadness|surprise,True,0.8604679,
emotion-te-00070,en-Latn,brighter-eng,emotion,bilstm,56,joy|surprise,fear|sadness|surprise,True,0.91245645,
emotion-te-00071,en-Latn,brighter-eng,emotion,bilstm,8,anger|fear|sadness,fear|joy,True,0.52430844,
emotion-te-00072,en-Latn,brighter-eng,emotion,bilstm,4,sadness,anger|fear|sadness|surprise,True,0.8113427,
emotion-te-00073,en-Latn,brighter-eng,emotion,bilstm,4,fear|surprise,fear|surprise,False,0.88319033,
emotion-te-00074,en-Latn,brighter-eng,emotion,bilstm,11,joy,fear|sadness,True,0.9345664,
emotion-te-00075,en-Latn,brighter-eng,emotion,bilstm,11,fear|joy|surprise,fear|joy|surprise,False,0.9885417,
emotion-te-00076,en-Latn,brighter-eng,emotion,bilstm,14,joy,fear|sadness,True,0.9100457,
emotion-te-00077,en-Latn,brighter-eng,emotion,bilstm,17,joy,anger|fear|sadness,True,0.6346424,
emotion-te-00078,en-Latn,brighter-eng,emotion,bilstm,24,joy|surprise,fear|joy|surprise,True,0.9846919,
emotion-te-00079,en-Latn,brighter-eng,emotion,bilstm,8,joy,fear|sadness,True,0.8312106,
emotion-te-00080,en-Latn,brighter-eng,emotion,bilstm,10,fear|joy,joy|surprise,True,0.66274804,
emotion-te-00081,en-Latn,brighter-eng,emotion,bilstm,21,joy,fear|joy|sadness|surprise,True,0.8162508,
emotion-te-00082,en-Latn,brighter-eng,emotion,bilstm,14,fear,fear|joy,True,0.5700351,
emotion-te-00083,en-Latn,brighter-eng,emotion,bilstm,34,fear|sadness,fear|sadness,False,0.9851874,
emotion-te-00084,en-Latn,brighter-eng,emotion,bilstm,7,joy,fear|joy|surprise,True,0.5991971,
emotion-te-00085,en-Latn,brighter-eng,emotion,bilstm,8,fear|sadness,fear|surprise,True,0.8995344,
emotion-te-00086,en-Latn,brighter-eng,emotion,bilstm,3,none,disgust|fear|surprise,True,0.6604016,
emotion-te-00087,en-Latn,brighter-eng,emotion,bilstm,14,joy|surprise,joy,True,0.87697434,
emotion-te-00088,en-Latn,brighter-eng,emotion,bilstm,12,joy,fear|sadness,True,0.71731025,
emotion-te-00089,en-Latn,brighter-eng,emotion,bilstm,27,fear|sadness,fear|sadness,False,0.9301199,
emotion-te-00090,en-Latn,brighter-eng,emotion,bilstm,13,fear|sadness|surprise,joy|surprise,True,0.6051243,
emotion-te-00091,en-Latn,brighter-eng,emotion,bilstm,14,none,fear|joy,True,0.6512448,
emotion-te-00092,en-Latn,brighter-eng,emotion,bilstm,19,surprise,disgust|fear|sadness|surprise,True,0.71490693,
emotion-te-00093,en-Latn,brighter-eng,emotion,bilstm,36,fear|surprise,fear|sadness|surprise,True,0.8806459,
emotion-te-00094,en-Latn,brighter-eng,emotion,bilstm,6,anger|fear|surprise,anger|fear|sadness|surprise,True,0.8271032,
emotion-te-00095,en-Latn,brighter-eng,emotion,bilstm,24,joy,fear|sadness,True,0.9502955,
emotion-te-00096,en-Latn,brighter-eng,emotion,bilstm,16,fear|sadness,fear|sadness,False,0.6799507,
emotion-te-00097,en-Latn,brighter-eng,emotion,bilstm,4,fear,anger|sadness,True,0.5995163,
emotion-te-00098,en-Latn,brighter-eng,emotion,bilstm,8,fear|sadness,anger|sadness,True,0.7108522,
emotion-te-00099,en-Latn,brighter-eng,emotion,bilstm,8,joy,joy|surprise,True,0.8864401,
emotion-te-00100,en-Latn,brighter-eng,emotion,bilstm,16,sadness,fear|sadness,True,0.8025246,
emotion-te-00101,en-Latn,brighter-eng,emotion,bilstm,38,fear|sadness,anger|fear|sadness|surprise,True,0.8652863,
emotion-te-00102,en-Latn,brighter-eng,emotion,bilstm,8,fear|surprise,fear|surprise,False,0.9935661,
emotion-te-00103,en-Latn,brighter-eng,emotion,bilstm,21,fear|sadness,fear|sadness,False,0.95772874,
emotion-te-00104,en-Latn,brighter-eng,emotion,bilstm,4,anger|fear,fear|joy|sadness|surprise,True,0.78428096,
emotion-te-00105,en-Latn,brighter-eng,emotion,bilstm,5,sadness,fear|surprise,True,0.8028264,
emotion-te-00106,en-Latn,brighter-eng,emotion,bilstm,7,none,joy,True,0.6384384,
emotion-te-00107,en-Latn,brighter-eng,emotion,bilstm,15,fear|sadness,fear,True,0.6433304,
emotion-te-00108,en-Latn,brighter-eng,emotion,bilstm,7,fear|surprise,fear|surprise,False,0.90345234,
emotion-te-00109,en-Latn,brighter-eng,emotion,bilstm,5,fear|surprise,fear|surprise,False,0.9840916,
emotion-te-00110,en-Latn,brighter-eng,emotion,bilstm,7,fear,joy|surprise,True,0.6485249,
emotion-te-00111,en-Latn,brighter-eng,emotion,bilstm,24,anger|fear|surprise,fear|sadness,True,0.5975835,
emotion-te-00112,en-Latn,brighter-eng,emotion,bilstm,3,sadness,fear|sadness|surprise,True,0.83470416,
emotion-te-00113,en-Latn,brighter-eng,emotion,bilstm,12,none,fear|sadness,True,0.59274983,
emotion-te-00114,en-Latn,brighter-eng,emotion,bilstm,21,none,fear,True,0.93406606,
emotion-te-00115,en-Latn,brighter-eng,emotion,bilstm,26,fear|sadness,fear|surprise,True,0.69430745,
emotion-te-00116,en-Latn,brighter-eng,emotion,bilstm,4,none,fear|sadness,True,0.8037569,
emotion-te-00117,en-Latn,brighter-eng,emotion,bilstm,4,fear|surprise,fear|sadness|surprise,True,0.9789392,
emotion-te-00118,en-Latn,brighter-eng,emotion,bilstm,14,fear|sadness,fear|surprise,True,0.9072791,
emotion-te-00119,en-Latn,brighter-eng,emotion,bilstm,4,none,anger|fear|sadness|surprise,True,0.7814251,
emotion-te-00120,en-Latn,brighter-eng,emotion,bilstm,5,anger|fear,anger|disgust|sadness,True,0.7682478,
emotion-te-00121,en-Latn,brighter-eng,emotion,bilstm,7,fear|sadness,anger|sadness|surprise,True,0.6363782,
emotion-te-00122,en-Latn,brighter-eng,emotion,bilstm,32,surprise,fear|joy|surprise,True,0.76915044,
emotion-te-00123,en-Latn,brighter-eng,emotion,bilstm,22,none,fear|surprise,True,0.7007722,
emotion-te-00124,en-Latn,brighter-eng,emotion,bilstm,12,fear|surprise,joy|surprise,True,0.77191037,
emotion-te-00125,en-Latn,brighter-eng,emotion,bilstm,21,sadness,fear|surprise,True,0.77751803,
emotion-te-00126,en-Latn,brighter-eng,emotion,bilstm,23,surprise,anger|fear|surprise,True,0.66478574,
emotion-te-00127,en-Latn,brighter-eng,emotion,bilstm,16,none,fear|joy|sadness,True,0.69312114,
emotion-te-00128,en-Latn,brighter-eng,emotion,bilstm,19,fear|sadness|surprise,joy|surprise,True,0.830319,
emotion-te-00129,en-Latn,brighter-eng,emotion,bilstm,4,anger,anger,False,0.7941983,
emotion-te-00130,en-Latn,brighter-eng,emotion,bilstm,34,fear|sadness,fear|sadness,False,0.876039,
emotion-te-00131,en-Latn,brighter-eng,emotion,bilstm,10,fear|sadness,joy|surprise,True,0.8830528,
emotion-te-00132,en-Latn,brighter-eng,emotion,bilstm,4,joy,fear|joy,True,0.583903,
emotion-te-00133,en-Latn,brighter-eng,emotion,bilstm,11,fear|joy|sadness|surprise,fear,True,0.4780385,
emotion-te-00134,en-Latn,brighter-eng,emotion,bilstm,36,fear,fear|sadness,True,0.65173453,
emotion-te-00135,en-Latn,brighter-eng,emotion,bilstm,8,anger|fear|sadness,fear|joy|surprise,True,0.7082855,
emotion-te-00136,en-Latn,brighter-eng,emotion,bilstm,12,anger|surprise,fear|surprise,True,0.77176166,
emotion-te-00137,en-Latn,brighter-eng,emotion,bilstm,4,fear|sadness,anger|fear|sadness|surprise,True,0.9019481,
emotion-te-00138,en-Latn,brighter-eng,emotion,bilstm,13,joy,joy,False,0.7328861,
emotion-te-00139,en-Latn,brighter-eng,emotion,bilstm,10,joy|surprise,joy,True,0.48919624,
emotion-te-00140,en-Latn,brighter-eng,emotion,bilstm,56,joy,fear|sadness,True,0.6287177,
emotion-te-00141,en-Latn,brighter-eng,emotion,bilstm,23,joy,fear|sadness,True,0.8380343,
emotion-te-00142,en-Latn,brighter-eng,emotion,bilstm,11,fear|surprise,fear|joy|sadness|surprise,True,0.79498315,
emotion-te-00143,en-Latn,brighter-eng,emotion,bilstm,19,joy|surprise,fear|sadness,True,0.7785902,
emotion-te-00144,en-Latn,brighter-eng,emotion,bilstm,22,joy,joy|surprise,True,0.56399226,
emotion-te-00145,en-Latn,brighter-eng,emotion,bilstm,4,joy,fear|joy|surprise,True,0.6171113,
emotion-te-00146,en-Latn,brighter-eng,emotion,bilstm,8,fear,fear|sadness,True,0.895442,
emotion-te-00147,en-Latn,brighter-eng,emotion,bilstm,8,fear|sadness,joy,True,0.51360273,
emotion-te-00148,en-Latn,brighter-eng,emotion,bilstm,26,joy,fear|surprise,True,0.83478034,
emotion-te-00149,en-Latn,brighter-eng,emotion,bilstm,19,none,fear,True,0.66135365,
emotion-te-00150,en-Latn,brighter-eng,emotion,bilstm,10,none,fear,True,0.6653752,
emotion-te-00151,en-Latn,brighter-eng,emotion,bilstm,17,fear|surprise,fear|surprise,False,0.9673304,
emotion-te-00152,en-Latn,brighter-eng,emotion,bilstm,20,fear|joy,fear|sadness,True,0.9314889,
emotion-te-00153,en-Latn,brighter-eng,emotion,bilstm,12,fear|surprise,fear|surprise,False,0.5576976,
emotion-te-00154,en-Latn,brighter-eng,emotion,bilstm,4,none,anger|fear|surprise,True,0.77457595,
emotion-te-00155,en-Latn,brighter-eng,emotion,bilstm,4,fear|surprise,anger|fear|sadness|surprise,True,0.66205114,
emotion-te-00156,en-Latn,brighter-eng,emotion,bilstm,10,fear|sadness,fear|sadness|surprise,True,0.6597523,
emotion-te-00157,en-Latn,brighter-eng,emotion,bilstm,33,fear|sadness,fear|sadness,False,0.9472657,
emotion-te-00158,en-Latn,brighter-eng,emotion,bilstm,10,fear,joy|surprise,True,0.8812608,
emotion-te-00159,en-Latn,brighter-eng,emotion,bilstm,42,fear|sadness,fear|sadness,False,0.87352705,
emotion-te-00160,en-Latn,brighter-eng,emotion,bilstm,22,anger|fear|sadness|surprise,joy|surprise,True,0.766968,
emotion-te-00161,en-Latn,brighter-eng,emotion,bilstm,23,fear|sadness|surprise,fear|sadness,True,0.7532579,
emotion-te-00162,en-Latn,brighter-eng,emotion,bilstm,14,sadness,fear|sadness,True,0.80419385,
emotion-te-00163,en-Latn,brighter-eng,emotion,bilstm,11,surprise,fear,True,0.65548706,
emotion-te-00164,en-Latn,brighter-eng,emotion,bilstm,9,anger|fear|joy|sadness|surprise,fear|sadness|surprise,True,0.80584955,
emotion-te-00165,en-Latn,brighter-eng,emotion,bilstm,30,fear|sadness,fear|sadness,False,0.8945403,
emotion-te-00166,en-Latn,brighter-eng,emotion,bilstm,4,none,fear,True,0.41635403,
emotion-te-00167,en-Latn,brighter-eng,emotion,bilstm,10,fear,fear|sadness,True,0.749929,
emotion-te-00168,en-Latn,brighter-eng,emotion,bilstm,21,anger|fear|sadness,anger|fear|sadness,False,0.8568519,
emotion-te-00169,en-Latn,brighter-eng,emotion,bilstm,10,none,fear|sadness|surprise,True,0.67946815,
emotion-te-00170,en-Latn,brighter-eng,emotion,bilstm,9,none,fear|sadness,True,0.75832033,
emotion-te-00171,en-Latn,brighter-eng,emotion,bilstm,16,sadness,joy|surprise,True,0.78742933,
emotion-te-00172,en-Latn,brighter-eng,emotion,bilstm,12,fear|sadness|surprise,fear|sadness|surprise,False,0.7253912,
emotion-te-00173,en-Latn,brighter-eng,emotion,bilstm,24,fear,fear|sadness,True,0.5506221,
emotion-te-00174,en-Latn,brighter-eng,emotion,bilstm,10,fear|sadness,fear|sadness,False,0.5080907,
emotion-te-00175,en-Latn,brighter-eng,emotion,bilstm,8,fear|sadness,fear|sadness,False,0.7378636,
emotion-te-00176,en-Latn,brighter-eng,emotion,bilstm,11,fear,fear|sadness,True,0.9596052,
emotion-te-00177,en-Latn,brighter-eng,emotion,bilstm,18,none,fear|joy,True,0.50342774,
emotion-te-00178,en-Latn,brighter-eng,emotion,bilstm,27,joy,joy,False,0.9217245,
emotion-te-00179,en-Latn,brighter-eng,emotion,bilstm,25,fear,joy,True,0.68966824,
emotion-te-00180,en-Latn,brighter-eng,emotion,bilstm,4,sadness,disgust|fear|sadness|surprise,True,0.6823306,
emotion-te-00181,en-Latn,brighter-eng,emotion,bilstm,13,fear|sadness,fear|joy|surprise,True,0.75254965,
emotion-te-00182,en-Latn,brighter-eng,emotion,bilstm,9,anger|fear,fear|surprise,True,0.90342593,
emotion-te-00183,en-Latn,brighter-eng,emotion,bilstm,17,anger|fear|sadness,joy,True,0.9109536,
emotion-te-00184,en-Latn,brighter-eng,emotion,bilstm,18,fear|sadness,fear|sadness|surprise,True,0.8096816,
emotion-te-00185,en-Latn,brighter-eng,emotion,bilstm,8,fear|surprise,fear|surprise,False,0.9513808,
emotion-te-00186,en-Latn,brighter-eng,emotion,bilstm,7,surprise,fear|sadness,True,0.8237228,
emotion-te-00187,en-Latn,brighter-eng,emotion,bilstm,8,fear|surprise,fear|sadness|surprise,True,0.9753947,
emotion-te-00188,en-Latn,brighter-eng,emotion,bilstm,11,joy,fear|sadness,True,0.8862988,
emotion-te-00189,en-Latn,brighter-eng,emotion,bilstm,17,anger|fear|sadness,disgust|fear|sadness|surprise,True,0.8338511,
emotion-te-00190,en-Latn,brighter-eng,emotion,bilstm,16,fear|sadness,fear|sadness,False,0.94415706,
emotion-te-00191,en-Latn,brighter-eng,emotion,bilstm,8,fear|sadness|surprise,joy,True,0.73416483,
emotion-te-00192,en-Latn,brighter-eng,emotion,bilstm,5,fear|sadness,anger|fear|sadness,True,0.80829626,
emotion-te-00193,en-Latn,brighter-eng,emotion,bilstm,11,anger|fear|sadness,fear|sadness,True,0.9455752,
emotion-te-00194,en-Latn,brighter-eng,emotion,bilstm,8,joy,fear,True,0.47139645,
emotion-te-00195,en-Latn,brighter-eng,emotion,bilstm,17,sadness,joy,True,0.7126731,
emotion-te-00196,en-Latn,brighter-eng,emotion,bilstm,8,fear|sadness,anger|fear|sadness|surprise,True,0.8605454,
emotion-te-00197,en-Latn,brighter-eng,emotion,bilstm,4,anger,anger|fear|sadness|surprise,True,0.69831085,
emotion-te-00198,en-Latn,brighter-eng,emotion,bilstm,6,fear|sadness,fear,True,0.9677048,
emotion-te-00199,en-Latn,brighter-eng,emotion,bilstm,22,fear|surprise,anger|fear|sadness|surprise,True,0.6961409,
emotion-te-00200,en-Latn,brighter-eng,emotion,bilstm,8,anger,anger|disgust|fear|sadness|surprise,True,0.83773303,
emotion-te-00201,en-Latn,brighter-eng,emotion,bilstm,14,fear|sadness,joy,True,0.69697624,
emotion-te-00202,en-Latn,brighter-eng,emotion,bilstm,18,fear,fear|sadness,True,0.9724681,
emotion-te-00203,en-Latn,brighter-eng,emotion,bilstm,24,fear|surprise,fear|sadness,True,0.9135309,
emotion-te-00204,en-Latn,brighter-eng,emotion,bilstm,30,none,joy,True,0.55070347,
emotion-te-00205,en-Latn,brighter-eng,emotion,bilstm,29,anger|fear|sadness|surprise,fear|joy|sadness,True,0.6695522,
emotion-te-00206,en-Latn,brighter-eng,emotion,bilstm,4,joy,joy|surprise,True,0.8311705,
emotion-te-00207,en-Latn,brighter-eng,emotion,bilstm,9,fear|surprise,fear|sadness|surprise,True,0.8706431,
emotion-te-00208,en-Latn,brighter-eng,emotion,bilstm,12,fear|surprise,fear|surprise,False,0.92432743,
emotion-te-00209,en-Latn,brighter-eng,emotion,bilstm,14,joy,fear|sadness,True,0.70340604,
emotion-te-00210,en-Latn,brighter-eng,emotion,bilstm,14,joy,anger|fear,True,0.5021713,
emotion-te-00211,en-Latn,brighter-eng,emotion,bilstm,26,sadness,fear|sadness,True,0.87398577,
emotion-te-00212,en-Latn,brighter-eng,emotion,bilstm,9,none,fear|sadness,True,0.89902776,
emotion-te-00213,en-Latn,brighter-eng,emotion,bilstm,6,fear|sadness|surprise,fear|sadness|surprise,False,0.8961605,
emotion-te-00214,en-Latn,brighter-eng,emotion,bilstm,8,surprise,fear|sadness|surprise,True,0.78748757,
emotion-te-00215,en-Latn,brighter-eng,emotion,bilstm,27,joy,fear|joy|sadness|surprise,True,0.6022321,
emotion-te-00216,en-Latn,brighter-eng,emotion,bilstm,12,fear|sadness,disgust|fear|surprise,True,0.72167915,
emotion-te-00217,en-Latn,brighter-eng,emotion,bilstm,14,anger|fear|sadness|surprise,anger|fear|sadness|surprise,False,0.83730173,
emotion-te-00218,en-Latn,brighter-eng,emotion,bilstm,8,joy|surprise,fear|surprise,True,0.97005713,
emotion-te-00219,en-Latn,brighter-eng,emotion,bilstm,13,joy,joy|sadness,True,0.6227686,
emotion-te-00220,en-Latn,brighter-eng,emotion,bilstm,4,none,anger|fear|surprise,True,0.6474891,
emotion-te-00221,en-Latn,brighter-eng,emotion,bilstm,4,joy,joy,False,0.856707,
emotion-te-00222,en-Latn,brighter-eng,emotion,bilstm,28,anger|fear|surprise,fear|sadness|surprise,True,0.8989707,
emotion-te-00223,en-Latn,brighter-eng,emotion,bilstm,13,joy,none,True,0.31229648,
emotion-te-00224,en-Latn,brighter-eng,emotion,bilstm,12,fear|joy,anger|fear|sadness,True,0.8178893,
emotion-te-00225,en-Latn,brighter-eng,emotion,bilstm,8,fear|joy|surprise,joy|surprise,True,0.8862518,
emotion-te-00226,en-Latn,brighter-eng,emotion,bilstm,6,fear|sadness|surprise,anger|joy,True,0.5222836,
emotion-te-00227,en-Latn,brighter-eng,emotion,bilstm,6,anger,disgust|fear|sadness|surprise,True,0.87853765,
emotion-te-00228,en-Latn,brighter-eng,emotion,bilstm,5,none,anger|fear|sadness|surprise,True,0.6164206,
emotion-te-00229,en-Latn,brighter-eng,emotion,bilstm,24,joy,fear|sadness,True,0.47677273,
emotion-te-00230,en-Latn,brighter-eng,emotion,bilstm,18,fear,fear|joy,True,0.5301136,
emotion-te-00231,en-Latn,brighter-eng,emotion,bilstm,10,fear|surprise,fear|surprise,False,0.9791069,
emotion-te-00232,en-Latn,brighter-eng,emotion,bilstm,18,surprise,joy|surprise,True,0.54965353,
emotion-te-00233,en-Latn,brighter-eng,emotion,bilstm,16,none,sadness,True,0.400579,
emotion-te-00234,en-Latn,brighter-eng,emotion,bilstm,20,joy|surprise,fear|surprise,True,0.8037612,
emotion-te-00235,en-Latn,brighter-eng,emotion,bilstm,23,fear|sadness,fear,True,0.54622096,
emotion-te-00236,en-Latn,brighter-eng,emotion,bilstm,16,fear|sadness|surprise,fear|sadness|surprise,False,0.92886245,
emotion-te-00237,en-Latn,brighter-eng,emotion,bilstm,32,joy,fear|sadness,True,0.6639606,
emotion-te-00238,en-Latn,brighter-eng,emotion,bilstm,28,fear|sadness,fear|sadness|surprise,True,0.85508066,
emotion-te-00239,en-Latn,brighter-eng,emotion,bilstm,4,none,fear|sadness|surprise,True,0.6724469,
emotion-te-00240,en-Latn,brighter-eng,emotion,bilstm,29,fear,fear|surprise,True,0.8201132,
emotion-te-00241,en-Latn,brighter-eng,emotion,bilstm,13,fear,fear,False,0.6497194,
emotion-te-00242,en-Latn,brighter-eng,emotion,bilstm,15,surprise,fear|joy|surprise,True,0.9063728,
emotion-te-00243,en-Latn,brighter-eng,emotion,bilstm,6,fear|sadness,fear|sadness,False,0.9270697,
emotion-te-00244,en-Latn,brighter-eng,emotion,bilstm,17,anger,fear|surprise,True,0.829893,
emotion-te-00245,en-Latn,brighter-eng,emotion,bilstm,7,joy,anger|joy|surprise,True,0.7717195,
emotion-te-00246,en-Latn,brighter-eng,emotion,bilstm,7,fear|surprise,fear|sadness|surprise,True,0.9219891,
emotion-te-00247,en-Latn,brighter-eng,emotion,bilstm,4,joy,fear,True,0.55599284,
emotion-te-00248,en-Latn,brighter-eng,emotion,bilstm,13,sadness,none,True,0.48516065,
emotion-te-00249,en-Latn,brighter-eng,emotion,bilstm,4,fear|sadness,fear|sadness|surprise,True,0.6834459,
emotion-te-00250,en-Latn,brighter-eng,emotion,bilstm,3,sadness,fear|joy|sadness,True,0.5564261,
emotion-te-00251,en-Latn,brighter-eng,emotion,bilstm,19,fear,fear,False,0.842751,
emotion-te-00252,en-Latn,brighter-eng,emotion,bilstm,36,fear|sadness,fear|surprise,True,0.71360326,
emotion-te-00253,en-Latn,brighter-eng,emotion,bilstm,20,surprise,anger|fear|sadness,True,0.5490878,
emotion-te-00254,en-Latn,brighter-eng,emotion,bilstm,7,joy,joy,False,0.8884369,
emotion-te-00255,en-Latn,brighter-eng,emotion,bilstm,13,joy,joy|surprise,True,0.94905007,
emotion-te-00256,en-Latn,brighter-eng,emotion,bilstm,12,joy,none,True,0.31084275,
emotion-te-00257,en-Latn,brighter-eng,emotion,bilstm,10,joy,fear|sadness,True,0.59121764,
emotion-te-00258,en-Latn,brighter-eng,emotion,bilstm,14,fear,fear,False,0.7170596,
emotion-te-00259,en-Latn,brighter-eng,emotion,bilstm,5,anger|fear|sadness,anger|fear|sadness,False,0.7630185,
emotion-te-00260,en-Latn,brighter-eng,emotion,bilstm,6,joy,fear|sadness,True,0.7766896,
emotion-te-00261,en-Latn,brighter-eng,emotion,bilstm,4,fear|sadness,fear|joy|surprise,True,0.86305356,
emotion-te-00262,en-Latn,brighter-eng,emotion,bilstm,14,joy,fear|sadness,True,0.8806754,
emotion-te-00263,en-Latn,brighter-eng,emotion,bilstm,15,fear,anger|fear|sadness,True,0.65098464,
emotion-te-00264,en-Latn,brighter-eng,emotion,bilstm,28,joy,fear|joy,True,0.5528955,
emotion-te-00265,en-Latn,brighter-eng,emotion,bilstm,11,joy,anger|sadness,True,0.6012406,
emotion-te-00266,en-Latn,brighter-eng,emotion,bilstm,7,none,fear|surprise,True,0.90436864,
emotion-te-00267,en-Latn,brighter-eng,emotion,bilstm,9,fear|sadness,fear,True,0.6233447,
emotion-te-00268,en-Latn,brighter-eng,emotion,bilstm,32,fear|joy|sadness,joy,True,0.84426266,
emotion-te-00269,en-Latn,brighter-eng,emotion,bilstm,7,fear|sadness|surprise,joy|surprise,True,0.6900376,
emotion-te-00270,en-Latn,brighter-eng,emotion,bilstm,5,joy,fear|sadness|surprise,True,0.8978329,
emotion-te-00271,en-Latn,brighter-eng,emotion,bilstm,17,fear|sadness,fear|sadness,False,0.92920166,
emotion-te-00272,en-Latn,brighter-eng,emotion,bilstm,18,joy,fear|sadness,True,0.693289,
emotion-te-00273,en-Latn,brighter-eng,emotion,bilstm,25,joy,fear,True,0.80452406,
emotion-te-00274,en-Latn,brighter-eng,emotion,bilstm,21,joy|surprise,disgust|fear|surprise,True,0.87657124,
emotion-te-00275,en-Latn,brighter-eng,emotion,bilstm,43,fear,fear|sadness,True,0.5111058,
emotion-te-00276,en-Latn,brighter-eng,emotion,bilstm,8,fear|surprise,anger|fear|sadness|surprise,True,0.7971702,
emotion-te-00277,en-Latn,brighter-eng,emotion,bilstm,31,anger|sadness|surprise,fear|sadness,True,0.796532,
emotion-te-00278,en-Latn,brighter-eng,emotion,bilstm,4,fear|surprise,fear|surprise,False,0.74249357,
emotion-te-00279,en-Latn,brighter-eng,emotion,bilstm,11,sadness,fear|sadness,True,0.537145,
emotion-te-00280,en-Latn,brighter-eng,emotion,bilstm,12,anger|sadness,anger|surprise,True,0.78698546,
emotion-te-00281,en-Latn,brighter-eng,emotion,bilstm,11,fear,fear|sadness,True,0.90912133,
emotion-te-00282,en-Latn,brighter-eng,emotion,bilstm,8,joy,joy,False,0.95640707,
emotion-te-00283,en-Latn,brighter-eng,emotion,bilstm,23,fear|sadness,fear|sadness,False,0.96867114,
emotion-te-00284,en-Latn,brighter-eng,emotion,bilstm,7,anger,anger|fear,True,0.53210825,
emotion-te-00285,en-Latn,brighter-eng,emotion,bilstm,8,none,anger|fear|surprise,True,0.8369043,
emotion-te-00286,en-Latn,brighter-eng,emotion,bilstm,18,fear|surprise,anger|fear|sadness|surprise,True,0.86215866,
emotion-te-00287,en-Latn,brighter-eng,emotion,bilstm,9,joy,fear|sadness|surprise,True,0.72715664,
emotion-te-00288,en-Latn,brighter-eng,emotion,bilstm,16,anger|fear|sadness,anger|sadness,True,0.51730615,
emotion-te-00289,en-Latn,brighter-eng,emotion,bilstm,36,fear,fear|joy|sadness,True,0.65027595,
emotion-te-00290,en-Latn,brighter-eng,emotion,bilstm,9,anger|fear|sadness|surprise,joy|surprise,True,0.8169774,
emotion-te-00291,en-Latn,brighter-eng,emotion,bilstm,28,fear|sadness,fear|sadness,False,0.88639045,
emotion-te-00292,en-Latn,brighter-eng,emotion,bilstm,7,sadness|surprise,anger|fear|sadness,True,0.77872646,
emotion-te-00293,en-Latn,brighter-eng,emotion,bilstm,7,anger,none,True,0.33032328,
emotion-te-00294,en-Latn,brighter-eng,emotion,bilstm,50,fear|surprise,fear|sadness,True,0.93051785,
emotion-te-00295,en-Latn,brighter-eng,emotion,bilstm,32,joy,joy,False,0.925908,
emotion-te-00296,en-Latn,brighter-eng,emotion,bilstm,11,joy,joy|surprise,True,0.7419802,
emotion-te-00297,en-Latn,brighter-eng,emotion,bilstm,20,fear|sadness,fear|sadness,False,0.71273255,
emotion-te-00298,en-Latn,brighter-eng,emotion,bilstm,15,anger|fear|surprise,fear|joy|surprise,True,0.75346255,
emotion-te-00299,en-Latn,brighter-eng,emotion,bilstm,18,joy|surprise,anger|sadness,True,0.67138386,
emotion-te-00300,en-Latn,brighter-eng,emotion,bilstm,8,anger|fear,fear,True,0.49042845,
emotion-te-00301,en-Latn,brighter-eng,emotion,bilstm,6,fear|sadness|surprise,fear,True,0.8106312,
emotion-te-00302,en-Latn,brighter-eng,emotion,bilstm,15,fear|joy|surprise,joy,True,0.6918398,
emotion-te-00303,en-Latn,brighter-eng,emotion,bilstm,6,fear,fear|sadness|surprise,True,0.87201256,
emotion-te-00304,en-Latn,brighter-eng,emotion,bilstm,9,fear|sadness,anger|fear|sadness,True,0.8262006,
emotion-te-00305,en-Latn,brighter-eng,emotion,bilstm,27,joy,none,True,0.37588233,
emotion-te-00306,en-Latn,brighter-eng,emotion,bilstm,5,anger|sadness|surprise,fear|sadness,True,0.6189767,
emotion-te-00307,en-Latn,brighter-eng,emotion,bilstm,31,joy,anger|fear|sadness,True,0.8777096,
emotion-te-00308,en-Latn,brighter-eng,emotion,bilstm,10,fear,fear|surprise,True,0.8301428,
emotion-te-00309,en-Latn,brighter-eng,emotion,bilstm,20,none,fear|sadness,True,0.8901601,
emotion-te-00310,en-Latn,brighter-eng,emotion,bilstm,30,fear,fear|joy|surprise,True,0.7416092,
emotion-te-00311,en-Latn,brighter-eng,emotion,bilstm,18,anger|fear|sadness,fear|sadness,True,0.89128685,
emotion-te-00312,en-Latn,brighter-eng,emotion,bilstm,23,joy,joy|sadness,True,0.5970922,
emotion-te-00313,en-Latn,brighter-eng,emotion,bilstm,31,fear|joy|sadness,fear|sadness,True,0.87942183,
emotion-te-00314,en-Latn,brighter-eng,emotion,bilstm,12,fear|surprise,fear|joy|surprise,True,0.6906084,
emotion-te-00315,en-Latn,brighter-eng,emotion,bilstm,12,fear,fear,False,0.76356965,
emotion-te-00316,en-Latn,brighter-eng,emotion,bilstm,19,fear|sadness,joy|sadness,True,0.6012551,
emotion-te-00317,en-Latn,brighter-eng,emotion,bilstm,12,fear|sadness,fear|sadness,False,0.8897834,
emotion-te-00318,en-Latn,brighter-eng,emotion,bilstm,20,fear|surprise,fear|sadness|surprise,True,0.93899155,
emotion-te-00319,en-Latn,brighter-eng,emotion,bilstm,10,surprise,anger|fear|sadness|surprise,True,0.74113655,
emotion-te-00320,en-Latn,brighter-eng,emotion,bilstm,8,fear|sadness,sadness,True,0.491562,
emotion-te-00321,en-Latn,brighter-eng,emotion,bilstm,10,fear,fear|sadness,True,0.9699551,
emotion-te-00322,en-Latn,brighter-eng,emotion,bilstm,20,joy,joy,False,0.81299907,
emotion-te-00323,en-Latn,brighter-eng,emotion,bilstm,4,joy,joy|surprise,True,0.7877706,
emotion-te-00324,en-Latn,brighter-eng,emotion,bilstm,19,none,fear|sadness,True,0.7426508,
emotion-te-00325,en-Latn,brighter-eng,emotion,bilstm,6,sadness|surprise,anger|fear|sadness,True,0.5748539,
emotion-te-00326,en-Latn,brighter-eng,emotion,bilstm,21,joy,fear,True,0.58634645,
emotion-te-00327,en-Latn,brighter-eng,emotion,bilstm,21,sadness,anger|fear|sadness,True,0.7401904,
emotion-te-00328,en-Latn,brighter-eng,emotion,bilstm,17,joy,fear|sadness,True,0.78847355,
emotion-te-00329,en-Latn,brighter-eng,emotion,bilstm,4,fear|sadness,fear|joy|surprise,True,0.6127376,
emotion-te-00330,en-Latn,brighter-eng,emotion,bilstm,12,fear|sadness,fear|sadness,False,0.9813534,
emotion-te-00331,en-Latn,brighter-eng,emotion,bilstm,19,fear|sadness,joy,True,0.5840871,
emotion-te-00332,en-Latn,brighter-eng,emotion,bilstm,12,joy,fear|joy|sadness,True,0.5902475,
emotion-te-00333,en-Latn,brighter-eng,emotion,bilstm,11,none,none,False,0.3573165,
emotion-te-00334,en-Latn,brighter-eng,emotion,bilstm,23,fear,fear,False,0.6061748,
emotion-te-00335,en-Latn,brighter-eng,emotion,bilstm,15,anger,fear|sadness,True,0.7877361,
emotion-te-00336,en-Latn,brighter-eng,emotion,bilstm,8,joy,fear|joy,True,0.56774974,
emotion-te-00337,en-Latn,brighter-eng,emotion,bilstm,17,none,fear,True,0.6721995,
emotion-te-00338,en-Latn,brighter-eng,emotion,bilstm,34,joy,joy,False,0.7892662,
emotion-te-00339,en-Latn,brighter-eng,emotion,bilstm,9,fear,disgust|fear|sadness|surprise,True,0.881831,
emotion-te-00340,en-Latn,brighter-eng,emotion,bilstm,10,anger,none,True,0.29781213,
emotion-te-00341,en-Latn,brighter-eng,emotion,bilstm,14,fear|sadness,fear,True,0.9307267,
emotion-te-00342,en-Latn,brighter-eng,emotion,bilstm,4,fear|surprise,disgust|fear|joy|sadness|surprise,True,0.71212584,
emotion-te-00343,en-Latn,brighter-eng,emotion,bilstm,34,fear,fear|sadness|surprise,True,0.7872328,
emotion-te-00344,en-Latn,brighter-eng,emotion,bilstm,19,fear|sadness,fear|sadness,False,0.92999583,
emotion-te-00345,en-Latn,brighter-eng,emotion,bilstm,14,fear|sadness,fear|surprise,True,0.77709496,
emotion-te-00346,en-Latn,brighter-eng,emotion,bilstm,19,fear|joy,fear|joy,False,0.48860243,
emotion-te-00347,en-Latn,brighter-eng,emotion,bilstm,18,joy|surprise,anger|fear|sadness|surprise,True,0.71056914,
emotion-te-00348,en-Latn,brighter-eng,emotion,bilstm,7,joy|surprise,joy,True,0.5181213,
emotion-te-00349,en-Latn,brighter-eng,emotion,bilstm,7,joy|surprise,anger|fear|sadness,True,0.66274685,
emotion-te-00350,en-Latn,brighter-eng,emotion,bilstm,14,sadness,fear|sadness,True,0.84317863,
emotion-te-00351,en-Latn,brighter-eng,emotion,bilstm,4,fear,fear|sadness,True,0.83245325,
emotion-te-00352,en-Latn,brighter-eng,emotion,bilstm,5,fear|surprise,disgust|fear|sadness|surprise,True,0.6963404,
emotion-te-00353,en-Latn,brighter-eng,emotion,bilstm,11,sadness,fear|joy|sadness,True,0.64434886,
emotion-te-00354,en-Latn,brighter-eng,emotion,bilstm,12,fear|sadness,fear|sadness|surprise,True,0.94065756,
emotion-te-00355,en-Latn,brighter-eng,emotion,bilstm,11,fear,fear,False,0.79027754,
emotion-te-00356,en-Latn,brighter-eng,emotion,bilstm,20,fear|sadness,anger|fear|sadness|surprise,True,0.8610755,
emotion-te-00357,en-Latn,brighter-eng,emotion,bilstm,7,fear,fear|surprise,True,0.9355013,
emotion-te-00358,en-Latn,brighter-eng,emotion,bilstm,18,anger,fear|sadness,True,0.592591,
emotion-te-00359,en-Latn,brighter-eng,emotion,bilstm,8,fear|sadness,fear|sadness|surprise,True,0.9003883,
emotion-te-00360,en-Latn,brighter-eng,emotion,bilstm,15,joy,joy,False,0.6001683,
emotion-te-00361,en-Latn,brighter-eng,emotion,bilstm,11,anger,anger|sadness,True,0.7352562,
emotion-te-00362,en-Latn,brighter-eng,emotion,bilstm,3,joy,anger|fear|surprise,True,0.86865354,
emotion-te-00363,en-Latn,brighter-eng,emotion,bilstm,7,joy|surprise,fear|sadness|surprise,True,0.8694849,
emotion-te-00364,en-Latn,brighter-eng,emotion,bilstm,27,fear,fear|surprise,True,0.56848335,
emotion-te-00365,en-Latn,brighter-eng,emotion,bilstm,18,fear|surprise,anger|fear|sadness|surprise,True,0.90514404,
emotion-te-00366,en-Latn,brighter-eng,emotion,bilstm,30,fear|surprise,fear|sadness|surprise,True,0.96051997,
emotion-te-00367,en-Latn,brighter-eng,emotion,bilstm,11,fear|surprise,fear,True,0.8454918,
emotion-te-00368,en-Latn,brighter-eng,emotion,bilstm,5,surprise,fear|joy|sadness|surprise,True,0.5629704,
emotion-te-00369,en-Latn,brighter-eng,emotion,bilstm,21,fear|surprise,fear|sadness,True,0.4553952,
emotion-te-00370,en-Latn,brighter-eng,emotion,bilstm,7,fear,fear|joy,True,0.58686405,
emotion-te-00371,en-Latn,brighter-eng,emotion,bilstm,7,none,fear|sadness,True,0.65680957,
emotion-te-00372,en-Latn,brighter-eng,emotion,bilstm,40,joy,fear|sadness,True,0.8996129,
emotion-te-00373,en-Latn,brighter-eng,emotion,bilstm,22,joy,fear,True,0.48259288,
emotion-te-00374,en-Latn,brighter-eng,emotion,bilstm,22,joy,fear|joy|surprise,True,0.8355687,
emotion-te-00375,en-Latn,brighter-eng,emotion,bilstm,21,fear|sadness,fear|sadness,False,0.88331634,
emotion-te-00376,en-Latn,brighter-eng,emotion,bilstm,6,joy,joy,False,0.95541114,
emotion-te-00377,en-Latn,brighter-eng,emotion,bilstm,9,none,none,False,0.32936245,
emotion-te-00378,en-Latn,brighter-eng,emotion,bilstm,17,fear|surprise,fear|sadness,True,0.9369359,
emotion-te-00379,en-Latn,brighter-eng,emotion,bilstm,7,fear,none,True,0.39113683,
emotion-te-00380,en-Latn,brighter-eng,emotion,bilstm,19,anger,fear|surprise,True,0.95183873,
emotion-te-00381,en-Latn,brighter-eng,emotion,bilstm,27,fear|sadness,fear|surprise,True,0.86399704,
emotion-te-00382,en-Latn,brighter-eng,emotion,bilstm,10,fear|surprise,fear,True,0.65431553,
emotion-te-00383,en-Latn,brighter-eng,emotion,bilstm,15,fear|joy|surprise,fear|joy|surprise,False,0.6776862,
emotion-te-00384,en-Latn,brighter-eng,emotion,bilstm,14,joy,none,True,0.3799262,
emotion-te-00385,en-Latn,brighter-eng,emotion,bilstm,3,none,anger|sadness,True,0.8653744,
emotion-te-00386,en-Latn,brighter-eng,emotion,bilstm,31,fear|sadness,fear,True,0.7103631,
emotion-te-00387,en-Latn,brighter-eng,emotion,bilstm,4,fear|sadness,fear|joy|sadness,True,0.5280921,
emotion-te-00388,en-Latn,brighter-eng,emotion,bilstm,22,surprise,fear|sadness|surprise,True,0.6803102,
emotion-te-00389,en-Latn,brighter-eng,emotion,bilstm,6,fear|sadness,fear|sadness,False,0.6872519,
emotion-te-00390,en-Latn,brighter-eng,emotion,bilstm,7,surprise,fear|sadness|surprise,True,0.98522633,
emotion-te-00391,en-Latn,brighter-eng,emotion,bilstm,12,fear|sadness,fear|surprise,True,0.77129835,
emotion-te-00392,en-Latn,brighter-eng,emotion,bilstm,7,none,fear,True,0.54070723,
emotion-te-00393,en-Latn,brighter-eng,emotion,bilstm,23,fear|sadness,fear|surprise,True,0.77340585,
emotion-te-00394,en-Latn,brighter-eng,emotion,bilstm,12,fear|sadness,fear|surprise,True,0.9335062,
emotion-te-00395,en-Latn,brighter-eng,emotion,bilstm,9,joy,joy,False,0.9290386,
emotion-te-00396,en-Latn,brighter-eng,emotion,bilstm,9,joy|surprise,joy,True,0.7115032,
emotion-te-00397,en-Latn,brighter-eng,emotion,bilstm,19,fear|sadness,anger|fear|sadness,True,0.6897011,
emotion-te-00398,en-Latn,brighter-eng,emotion,bilstm,20,fear,joy,True,0.6851298,
emotion-te-00399,en-Latn,brighter-eng,emotion,bilstm,24,none,anger|sadness,True,0.5215568,
emotion-te-00400,en-Latn,brighter-eng,emotion,bilstm,7,joy,joy,False,0.8310764,
emotion-te-00401,en-Latn,brighter-eng,emotion,bilstm,14,sadness,joy|surprise,True,0.7486505,
emotion-te-00402,en-Latn,brighter-eng,emotion,bilstm,10,none,fear|sadness,True,0.83281887,
emotion-te-00403,en-Latn,brighter-eng,emotion,bilstm,18,none,fear,True,0.41660058,
emotion-te-00404,en-Latn,brighter-eng,emotion,bilstm,23,fear|sadness,fear|sadness,False,0.90503025,
emotion-te-00405,en-Latn,brighter-eng,emotion,bilstm,12,joy|surprise,anger|joy|surprise,True,0.6487927,
emotion-te-00406,en-Latn,brighter-eng,emotion,bilstm,53,fear|sadness,fear|sadness,False,0.9333693,
emotion-te-00407,en-Latn,brighter-eng,emotion,bilstm,8,joy,joy|surprise,True,0.8653742,
emotion-te-00408,en-Latn,brighter-eng,emotion,bilstm,15,fear|surprise,joy|surprise,True,0.86498,
emotion-te-00409,en-Latn,brighter-eng,emotion,bilstm,8,joy|surprise,joy,True,0.8510725,
emotion-te-00410,en-Latn,brighter-eng,emotion,bilstm,9,joy,none,True,0.3239904,
emotion-te-00411,en-Latn,brighter-eng,emotion,bilstm,12,fear|sadness|surprise,fear|surprise,True,0.8779026,
emotion-te-00412,en-Latn,brighter-eng,emotion,bilstm,20,joy|surprise,fear|sadness,True,0.8853189,
emotion-te-00413,en-Latn,brighter-eng,emotion,bilstm,29,none,fear|surprise,True,0.90201586,
emotion-te-00414,en-Latn,brighter-eng,emotion,bilstm,25,none,joy,True,0.6864887,
emotion-te-00415,en-Latn,brighter-eng,emotion,bilstm,14,anger,joy,True,0.7474015,
emotion-te-00416,en-Latn,brighter-eng,emotion,bilstm,20,fear,anger|fear|sadness,True,0.73363906,
emotion-te-00417,en-Latn,brighter-eng,emotion,bilstm,6,sadness|surprise,fear|joy|sadness|surprise,True,0.65989697,
emotion-te-00418,en-Latn,brighter-eng,emotion,bilstm,14,joy|sadness,joy,True,0.5848137,
emotion-te-00419,en-Latn,brighter-eng,emotion,bilstm,15,fear|surprise,fear,True,0.7032064,
emotion-te-00420,en-Latn,brighter-eng,emotion,bilstm,6,joy,joy|surprise,True,0.71420676,
emotion-te-00421,en-Latn,brighter-eng,emotion,bilstm,13,joy,joy,False,0.8521737,
emotion-te-00422,en-Latn,brighter-eng,emotion,bilstm,16,fear,fear|joy,True,0.56717503,
emotion-te-00423,en-Latn,brighter-eng,emotion,bilstm,47,fear,fear|joy,True,0.5072206,
emotion-te-00424,en-Latn,brighter-eng,emotion,bilstm,11,fear|joy,joy,True,0.7109721,
emotion-te-00425,en-Latn,brighter-eng,emotion,bilstm,11,fear|surprise,joy,True,0.68963546,
emotion-te-00426,en-Latn,brighter-eng,emotion,bilstm,16,anger|fear|sadness,joy,True,0.8621658,
emotion-te-00427,en-Latn,brighter-eng,emotion,bilstm,24,joy,fear|surprise,True,0.89725256,
emotion-te-00428,en-Latn,brighter-eng,emotion,bilstm,27,sadness,fear|sadness,True,0.7741941,
emotion-te-00429,en-Latn,brighter-eng,emotion,bilstm,12,none,fear|sadness,True,0.5992846,
emotion-te-00430,en-Latn,brighter-eng,emotion,bilstm,22,fear|sadness,fear|sadness,False,0.9768465,
emotion-te-00431,en-Latn,brighter-eng,emotion,bilstm,4,fear|surprise,fear|surprise,False,0.9852271,
emotion-te-00432,en-Latn,brighter-eng,emotion,bilstm,5,fear|sadness,anger|fear|sadness|surprise,True,0.6498349,
emotion-te-00433,en-Latn,brighter-eng,emotion,bilstm,21,surprise,fear|surprise,True,0.97083986,
emotion-te-00434,en-Latn,brighter-eng,emotion,bilstm,3,fear,anger|surprise,True,0.8500685,
emotion-te-00435,en-Latn,brighter-eng,emotion,bilstm,37,anger|fear|sadness,fear|sadness,True,0.8559369,
emotion-te-00436,en-Latn,brighter-eng,emotion,bilstm,25,fear|joy,fear|surprise,True,0.79529244,
emotion-te-00437,en-Latn,brighter-eng,emotion,bilstm,5,fear|joy|surprise,fear|surprise,True,0.96851796,
emotion-te-00438,en-Latn,brighter-eng,emotion,bilstm,6,none,fear|joy,True,0.55026007,
emotion-te-00439,en-Latn,brighter-eng,emotion,bilstm,28,fear|sadness,fear|sadness,False,0.7018035,
emotion-te-00440,en-Latn,brighter-eng,emotion,bilstm,6,fear|sadness|surprise,anger|fear|sadness,True,0.7614597,
emotion-te-00441,en-Latn,brighter-eng,emotion,bilstm,8,surprise,fear,True,0.6883946,
emotion-te-00442,en-Latn,brighter-eng,emotion,bilstm,44,fear|sadness,fear|sadness,False,0.872331,
emotion-te-00443,en-Latn,brighter-eng,emotion,bilstm,13,fear|sadness,anger|fear|sadness,True,0.8106746,
emotion-te-00444,en-Latn,brighter-eng,emotion,bilstm,9,joy,fear|surprise,True,0.66092324,
emotion-te-00445,en-Latn,brighter-eng,emotion,bilstm,14,fear|sadness,fear|sadness|surprise,True,0.9217516,
emotion-te-00446,en-Latn,brighter-eng,emotion,bilstm,14,fear|sadness,joy,True,0.6779479,
emotion-te-00447,en-Latn,brighter-eng,emotion,bilstm,15,fear|sadness,fear|sadness,False,0.9827152,
emotion-te-00448,en-Latn,brighter-eng,emotion,bilstm,10,fear|sadness,fear|joy|surprise,True,0.78847086,
emotion-te-00449,en-Latn,brighter-eng,emotion,bilstm,5,surprise,anger|sadness,True,0.7262431,
emotion-te-00450,en-Latn,brighter-eng,emotion,bilstm,6,none,none,False,0.4696554,
emotion-te-00451,en-Latn,brighter-eng,emotion,bilstm,19,fear,joy,True,0.5819971,
emotion-te-00452,en-Latn,brighter-eng,emotion,bilstm,15,fear,fear,False,0.8413977,
emotion-te-00453,en-Latn,brighter-eng,emotion,bilstm,4,fear|surprise,fear|joy|sadness|surprise,True,0.72744524,
emotion-te-00454,en-Latn,brighter-eng,emotion,bilstm,4,sadness,anger|sadness,True,0.7224284,
emotion-te-00455,en-Latn,brighter-eng,emotion,bilstm,24,fear|sadness,fear,True,0.77609557,
emotion-te-00456,en-Latn,brighter-eng,emotion,bilstm,6,anger|fear|surprise,fear|surprise,True,0.9066172,
emotion-te-00457,en-Latn,brighter-eng,emotion,bilstm,10,fear|joy,joy,True,0.8386676,
emotion-te-00458,en-Latn,brighter-eng,emotion,bilstm,25,none,fear,True,0.7186816,
emotion-te-00459,en-Latn,brighter-eng,emotion,bilstm,6,joy,joy,False,0.7017766,
emotion-te-00460,en-Latn,brighter-eng,emotion,bilstm,11,joy,fear|sadness,True,0.6262983,
emotion-te-00461,en-Latn,brighter-eng,emotion,bilstm,9,none,fear,True,0.42419693,
emotion-te-00462,en-Latn,brighter-eng,emotion,bilstm,42,fear,fear|sadness,True,0.83354634,
emotion-te-00463,en-Latn,brighter-eng,emotion,bilstm,9,joy|sadness,joy,True,0.79062927,
emotion-te-00464,en-Latn,brighter-eng,emotion,bilstm,4,joy|surprise,joy,True,0.89664066,
emotion-te-00465,en-Latn,brighter-eng,emotion,bilstm,26,fear|surprise,fear|sadness|surprise,True,0.9796277,
emotion-te-00466,en-Latn,brighter-eng,emotion,bilstm,9,fear,anger|joy|surprise,True,0.58893716,
emotion-te-00467,en-Latn,brighter-eng,emotion,bilstm,7,fear,fear|sadness,True,0.71461314,
emotion-te-00468,en-Latn,brighter-eng,emotion,bilstm,8,joy|surprise,surprise,True,0.9201205,
emotion-te-00469,en-Latn,brighter-eng,emotion,bilstm,46,fear|sadness,fear|sadness,False,0.89182997,
emotion-te-00470,en-Latn,brighter-eng,emotion,bilstm,19,fear|sadness,fear|sadness,False,0.9575627,
emotion-te-00471,en-Latn,brighter-eng,emotion,bilstm,14,fear,joy|surprise,True,0.6852073,
emotion-te-00472,en-Latn,brighter-eng,emotion,bilstm,12,none,fear,True,0.7106866,
emotion-te-00473,en-Latn,brighter-eng,emotion,bilstm,15,anger|fear,fear|sadness,True,0.72657275,
emotion-te-00474,en-Latn,brighter-eng,emotion,bilstm,21,joy,fear|sadness,True,0.66038275,
emotion-te-00475,en-Latn,brighter-eng,emotion,bilstm,12,joy,fear|joy,True,0.59181416,
emotion-te-00476,en-Latn,brighter-eng,emotion,bilstm,22,fear|sadness,fear|sadness,False,0.7126837,
emotion-te-00477,en-Latn,brighter-eng,emotion,bilstm,15,fear,fear,False,0.8681069,
emotion-te-00478,en-Latn,brighter-eng,emotion,bilstm,15,joy,fear|sadness,True,0.65538716,
emotion-te-00479,en-Latn,brighter-eng,emotion,bilstm,18,fear,fear|joy|surprise,True,0.70706904,
emotion-te-00480,en-Latn,brighter-eng,emotion,bilstm,8,none,fear,True,0.72594094,
emotion-te-00481,en-Latn,brighter-eng,emotion,bilstm,40,fear|joy,fear,True,0.80034524,
emotion-te-00482,en-Latn,brighter-eng,emotion,bilstm,15,fear|surprise,joy|surprise,True,0.6534187,
emotion-te-00483,en-Latn,brighter-eng,emotion,bilstm,12,anger,joy|surprise,True,0.73570365,
emotion-te-00484,en-Latn,brighter-eng,emotion,bilstm,6,fear,disgust|sadness,True,0.7316102,
emotion-te-00485,en-Latn,brighter-eng,emotion,bilstm,30,fear|sadness,fear|sadness,False,0.930665,
emotion-te-00486,en-Latn,brighter-eng,emotion,bilstm,28,anger|fear|sadness|surprise,surprise,True,0.90942264,
emotion-te-00487,en-Latn,brighter-eng,emotion,bilstm,8,fear|surprise,fear|surprise,False,0.98626304,
emotion-te-00488,en-Latn,brighter-eng,emotion,bilstm,7,joy|surprise,joy|surprise,False,0.8305598,
emotion-te-00489,en-Latn,brighter-eng,emotion,bilstm,8,joy,anger|disgust|sadness|surprise,True,0.66514367,
emotion-te-00490,en-Latn,brighter-eng,emotion,bilstm,8,anger,anger|fear|sadness|surprise,True,0.94687104,
emotion-te-00491,en-Latn,brighter-eng,emotion,bilstm,24,joy,joy,False,0.43797678,
emotion-te-00492,en-Latn,brighter-eng,emotion,bilstm,37,fear,fear,False,0.5726839,
emotion-te-00493,en-Latn,brighter-eng,emotion,bilstm,8,fear|sadness,fear|sadness,False,0.9665519,
emotion-te-00494,en-Latn,brighter-eng,emotion,bilstm,12,fear,joy,True,0.59659374,
emotion-te-00495,en-Latn,brighter-eng,emotion,bilstm,10,fear|surprise,joy,True,0.75656897,
emotion-te-00496,en-Latn,brighter-eng,emotion,bilstm,19,fear|surprise,fear|sadness,True,0.7104565,
emotion-te-00497,en-Latn,brighter-eng,emotion,bilstm,18,anger|fear|sadness,fear,True,0.6600928,
emotion-te-00498,en-Latn,brighter-eng,emotion,bilstm,16,fear|surprise,fear|surprise,False,0.99003613,
emotion-te-00499,en-Latn,brighter-eng,emotion,bilstm,34,fear|joy,joy,True,0.82602835,
emotion-te-00500,en-Latn,brighter-eng,emotion,bilstm,15,none,fear|sadness,True,0.81970495,
emotion-te-00501,en-Latn,brighter-eng,emotion,bilstm,13,sadness,fear|joy|surprise,True,0.6187909,
emotion-te-00502,en-Latn,brighter-eng,emotion,bilstm,20,none,fear|sadness,True,0.82090956,
emotion-te-00503,en-Latn,brighter-eng,emotion,bilstm,16,fear,anger|fear|sadness|surprise,True,0.83637357,
emotion-te-00504,en-Latn,brighter-eng,emotion,bilstm,6,sadness|surprise,anger|fear|sadness|surprise,True,0.7107082,
emotion-te-00505,en-Latn,brighter-eng,emotion,bilstm,5,fear,fear|joy|sadness|surprise,True,0.7404757,
emotion-te-00506,en-Latn,brighter-eng,emotion,bilstm,12,fear,fear,False,0.8394744,
emotion-te-00507,en-Latn,brighter-eng,emotion,bilstm,15,fear|surprise,fear|surprise,False,0.8911892,
emotion-te-00508,en-Latn,brighter-eng,emotion,bilstm,31,fear|surprise,fear|joy|surprise,True,0.7200961,
emotion-te-00509,en-Latn,brighter-eng,emotion,bilstm,4,none,joy,True,0.5589767,
emotion-te-00510,en-Latn,brighter-eng,emotion,bilstm,9,anger,fear|sadness,True,0.71236587,
emotion-te-00511,en-Latn,brighter-eng,emotion,bilstm,4,fear|surprise,fear|surprise,False,0.8566743,
emotion-te-00512,en-Latn,brighter-eng,emotion,bilstm,27,fear|sadness,joy|sadness,True,0.5240222,
emotion-te-00513,en-Latn,brighter-eng,emotion,bilstm,5,fear|sadness|surprise,anger|fear|sadness,True,0.66033065,
emotion-te-00514,en-Latn,brighter-eng,emotion,bilstm,11,fear|surprise,joy|surprise,True,0.7931161,
emotion-te-00515,en-Latn,brighter-eng,emotion,bilstm,15,fear|surprise,fear|sadness|surprise,True,0.7869414,
emotion-te-00516,en-Latn,brighter-eng,emotion,bilstm,12,anger,anger|fear|sadness|surprise,True,0.7631449,
emotion-te-00517,en-Latn,brighter-eng,emotion,bilstm,21,joy,fear|sadness,True,0.83155775,
emotion-te-00518,en-Latn,brighter-eng,emotion,bilstm,4,fear,fear|surprise,True,0.98608404,
emotion-te-00519,en-Latn,brighter-eng,emotion,bilstm,14,joy,surprise,True,0.5901784,
emotion-te-00520,en-Latn,brighter-eng,emotion,bilstm,13,surprise,disgust|fear|surprise,True,0.8252686,
emotion-te-00521,en-Latn,brighter-eng,emotion,bilstm,6,joy|surprise,fear|surprise,True,0.9864167,
emotion-te-00522,en-Latn,brighter-eng,emotion,bilstm,8,anger|sadness,fear|surprise,True,0.78941387,
emotion-te-00523,en-Latn,brighter-eng,emotion,bilstm,5,sadness,fear|sadness,True,0.8491561,
emotion-te-00524,en-Latn,brighter-eng,emotion,bilstm,13,fear|joy|surprise,fear|joy|sadness,True,0.70265424,
emotion-te-00525,en-Latn,brighter-eng,emotion,bilstm,5,fear|sadness,fear|sadness|surprise,True,0.61411595,
emotion-te-00526,en-Latn,brighter-eng,emotion,bilstm,9,joy,joy|surprise,True,0.7560548,
emotion-te-00527,en-Latn,brighter-eng,emotion,bilstm,8,fear|surprise,none,True,0.27410203,
emotion-te-00528,en-Latn,brighter-eng,emotion,bilstm,7,none,fear|surprise,True,0.8006787,
emotion-te-00529,en-Latn,brighter-eng,emotion,bilstm,17,fear|joy,fear|joy,False,0.5293444,
emotion-te-00530,en-Latn,brighter-eng,emotion,bilstm,52,fear|surprise,fear,True,0.94348085,
emotion-te-00531,en-Latn,brighter-eng,emotion,bilstm,33,anger|sadness,fear|surprise,True,0.7962793,
emotion-te-00532,en-Latn,brighter-eng,emotion,bilstm,12,fear,fear|sadness,True,0.7027398,
emotion-te-00533,en-Latn,brighter-eng,emotion,bilstm,14,fear|joy,fear|joy,False,0.46022052,
emotion-te-00534,en-Latn,brighter-eng,emotion,bilstm,17,fear|sadness|surprise,joy,True,0.9018139,
emotion-te-00535,en-Latn,brighter-eng,emotion,bilstm,11,joy,joy,False,0.6584161,
emotion-te-00536,en-Latn,brighter-eng,emotion,bilstm,14,joy|sadness,anger|fear|sadness,True,0.907598,
emotion-te-00537,en-Latn,brighter-eng,emotion,bilstm,24,fear,fear|joy|surprise,True,0.6112505,
emotion-te-00538,en-Latn,brighter-eng,emotion,bilstm,11,joy,fear|sadness,True,0.60088176,
emotion-te-00539,en-Latn,brighter-eng,emotion,bilstm,14,fear|surprise,fear|surprise,False,0.90738195,
emotion-te-00540,en-Latn,brighter-eng,emotion,bilstm,32,anger|fear|sadness,fear,True,0.9759586,
emotion-te-00541,en-Latn,brighter-eng,emotion,bilstm,58,fear,fear|sadness,True,0.4252879,
emotion-te-00542,en-Latn,brighter-eng,emotion,bilstm,13,anger|fear|surprise,joy|surprise,True,0.6967316,
emotion-te-00543,en-Latn,brighter-eng,emotion,bilstm,16,sadness,fear|sadness|surprise,True,0.87172693,
emotion-te-00544,en-Latn,brighter-eng,emotion,bilstm,29,fear,fear|sadness|surprise,True,0.9143651,
emotion-te-00545,en-Latn,brighter-eng,emotion,bilstm,10,joy|surprise,joy|surprise,False,0.8033529,
emotion-te-00546,en-Latn,brighter-eng,emotion,bilstm,7,fear,fear|sadness|surprise,True,0.6580989,
emotion-te-00547,en-Latn,brighter-eng,emotion,bilstm,22,none,joy,True,0.9797009,
emotion-te-00548,en-Latn,brighter-eng,emotion,bilstm,9,none,joy,True,0.70059127,
emotion-te-00549,en-Latn,brighter-eng,emotion,bilstm,4,joy|surprise,joy|surprise,False,0.790397,
emotion-te-00550,en-Latn,brighter-eng,emotion,bilstm,24,none,fear|sadness,True,0.8396879,
emotion-te-00551,en-Latn,brighter-eng,emotion,bilstm,3,none,joy,True,0.48082563,
emotion-te-00552,en-Latn,brighter-eng,emotion,bilstm,20,fear,fear|joy|surprise,True,0.7687171,
emotion-te-00553,en-Latn,brighter-eng,emotion,bilstm,18,fear|sadness,fear|sadness,False,0.89641774,
emotion-te-00554,en-Latn,brighter-eng,emotion,bilstm,10,none,fear|surprise,True,0.95253736,
emotion-te-00555,en-Latn,brighter-eng,emotion,bilstm,6,anger,fear|surprise,True,0.60339594,
emotion-te-00556,en-Latn,brighter-eng,emotion,bilstm,37,anger|fear|sadness,joy|surprise,True,0.90668905,
emotion-te-00557,en-Latn,brighter-eng,emotion,bilstm,14,fear|sadness,fear|sadness,False,0.7728415,
emotion-te-00558,en-Latn,brighter-eng,emotion,bilstm,13,fear,fear|sadness,True,0.7846574,
emotion-te-00559,en-Latn,brighter-eng,emotion,bilstm,35,fear|sadness,fear|sadness,False,0.8537264,
emotion-te-00560,en-Latn,brighter-eng,emotion,bilstm,13,fear|surprise,fear|sadness,True,0.9313066,
emotion-te-00561,en-Latn,brighter-eng,emotion,bilstm,8,fear|sadness,fear|sadness,False,0.88844013,
emotion-te-00562,en-Latn,brighter-eng,emotion,bilstm,12,joy|surprise,fear|sadness|surprise,True,0.94259983,
emotion-te-00563,en-Latn,brighter-eng,emotion,bilstm,20,fear|surprise,fear|joy|surprise,True,0.6044845,
emotion-te-00564,en-Latn,brighter-eng,emotion,bilstm,11,fear|surprise,joy|sadness|surprise,True,0.5924722,
emotion-te-00565,en-Latn,brighter-eng,emotion,bilstm,21,none,fear,True,0.7204139,
emotion-te-00566,en-Latn,brighter-eng,emotion,bilstm,4,anger|fear,anger|fear|sadness,True,0.76614434,
emotion-te-00567,en-Latn,brighter-eng,emotion,bilstm,8,surprise,anger|fear|sadness,True,0.7266508,
emotion-te-00568,en-Latn,brighter-eng,emotion,bilstm,10,fear|sadness,anger|fear|sadness,True,0.8326133,
emotion-te-00569,en-Latn,brighter-eng,emotion,bilstm,26,fear|joy|surprise,joy,True,0.5658976,
emotion-te-00570,en-Latn,brighter-eng,emotion,bilstm,7,none,none,False,0.31657732,
emotion-te-00571,en-Latn,brighter-eng,emotion,bilstm,43,joy,fear|joy|surprise,True,0.6150221,
emotion-te-00572,en-Latn,brighter-eng,emotion,bilstm,4,fear|surprise,fear|sadness|surprise,True,0.87470907,
emotion-te-00573,en-Latn,brighter-eng,emotion,bilstm,5,anger|fear|sadness|surprise,fear|joy|surprise,True,0.76863575,
emotion-te-00574,en-Latn,brighter-eng,emotion,bilstm,24,sadness,fear|sadness,True,0.80208373,
emotion-te-00575,en-Latn,brighter-eng,emotion,bilstm,12,fear|surprise,fear|surprise,False,0.8848653,
emotion-te-00576,en-Latn,brighter-eng,emotion,bilstm,6,joy,fear|sadness,True,0.9096448,
emotion-te-00577,en-Latn,brighter-eng,emotion,bilstm,11,fear,fear|joy|sadness|surprise,True,0.9067064,
emotion-te-00578,en-Latn,brighter-eng,emotion,bilstm,23,joy,joy,False,0.81968355,
emotion-te-00579,en-Latn,brighter-eng,emotion,bilstm,4,fear|surprise,anger|fear|sadness,True,0.5529556,
emotion-te-00580,en-Latn,brighter-eng,emotion,bilstm,4,joy,fear|joy|sadness,True,0.4812839,
emotion-te-00581,en-Latn,brighter-eng,emotion,bilstm,24,joy,anger|fear|sadness,True,0.86290336,
emotion-te-00582,en-Latn,brighter-eng,emotion,bilstm,5,none,joy,True,0.48603424,
emotion-te-00583,en-Latn,brighter-eng,emotion,bilstm,26,sadness,joy|sadness,True,0.7225336,
emotion-te-00584,en-Latn,brighter-eng,emotion,bilstm,8,joy,joy,False,0.9258647,
emotion-te-00585,en-Latn,brighter-eng,emotion,bilstm,14,fear|surprise,fear|sadness,True,0.78345704,
emotion-te-00586,en-Latn,brighter-eng,emotion,bilstm,5,fear|sadness,fear|sadness,False,0.90353465,
emotion-te-00587,en-Latn,brighter-eng,emotion,bilstm,5,fear|sadness,fear|sadness,False,0.9025351,
emotion-te-00588,en-Latn,brighter-eng,emotion,bilstm,8,joy,joy,False,0.7519342,
emotion-te-00589,en-Latn,brighter-eng,emotion,bilstm,5,joy,anger|fear|surprise,True,0.8278691,
emotion-te-00590,en-Latn,brighter-eng,emotion,bilstm,19,fear,fear|joy|surprise,True,0.74580485,
emotion-te-00591,en-Latn,brighter-eng,emotion,bilstm,13,fear|sadness|surprise,disgust|fear|surprise,True,0.7737937,
emotion-te-00592,en-Latn,brighter-eng,emotion,bilstm,4,fear|sadness,anger|fear|sadness|surprise,True,0.72994864,
emotion-te-00593,en-Latn,brighter-eng,emotion,bilstm,4,none,sadness,True,0.42161003,
emotion-te-00594,en-Latn,brighter-eng,emotion,bilstm,11,fear|surprise,joy|surprise,True,0.8077902,
emotion-te-00595,en-Latn,brighter-eng,emotion,bilstm,14,fear|sadness,fear|sadness,False,0.834425,
emotion-te-00596,en-Latn,brighter-eng,emotion,bilstm,21,fear,fear|sadness,True,0.5737901,
emotion-te-00597,en-Latn,brighter-eng,emotion,bilstm,12,anger|fear|surprise,anger|fear|sadness,True,0.6883153,
emotion-te-00598,en-Latn,brighter-eng,emotion,bilstm,32,fear|surprise,fear|surprise,False,0.9370774,
emotion-te-00599,en-Latn,brighter-eng,emotion,bilstm,13,fear,fear|sadness|surprise,True,0.76194096,
emotion-te-00600,en-Latn,brighter-eng,emotion,bilstm,6,anger|fear|surprise,anger|fear|sadness,True,0.69433856,
emotion-te-00601,en-Latn,brighter-eng,emotion,bilstm,6,anger|sadness,fear|joy|surprise,True,0.8751337,
emotion-te-00602,en-Latn,brighter-eng,emotion,bilstm,15,joy|surprise,fear|joy|surprise,True,0.85534817,
emotion-te-00603,en-Latn,brighter-eng,emotion,bilstm,9,none,fear|sadness|surprise,True,0.9333749,
emotion-te-00604,en-Latn,brighter-eng,emotion,bilstm,10,joy,surprise,True,0.52401584,
emotion-te-00605,en-Latn,brighter-eng,emotion,bilstm,40,fear,fear|sadness,True,0.89894474,
emotion-te-00606,en-Latn,brighter-eng,emotion,bilstm,4,anger,anger|fear,True,0.5408857,
emotion-te-00607,en-Latn,brighter-eng,emotion,bilstm,23,fear|sadness,fear|sadness|surprise,True,0.9574363,
emotion-te-00608,en-Latn,brighter-eng,emotion,bilstm,25,none,fear|sadness,True,0.85352975,
emotion-te-00609,en-Latn,brighter-eng,emotion,bilstm,20,joy|sadness|surprise,fear|joy|surprise,True,0.7279965,
emotion-te-00610,en-Latn,brighter-eng,emotion,bilstm,12,joy|surprise,fear|sadness|surprise,True,0.6581164,
emotion-te-00611,en-Latn,brighter-eng,emotion,bilstm,4,sadness,anger|fear|sadness|surprise,True,0.63401055,
emotion-te-00612,en-Latn,brighter-eng,emotion,bilstm,27,joy|surprise,anger|joy,True,0.48452547,
emotion-te-00613,en-Latn,brighter-eng,emotion,bilstm,8,fear|surprise,fear|surprise,False,0.9828194,
emotion-te-00614,en-Latn,brighter-eng,emotion,bilstm,10,fear|surprise,fear,True,0.6008063,
emotion-te-00615,en-Latn,brighter-eng,emotion,bilstm,4,fear|surprise,fear|sadness|surprise,True,0.8270697,
emotion-te-00616,en-Latn,brighter-eng,emotion,bilstm,15,none,fear|joy|surprise,True,0.8122108,
emotion-te-00617,en-Latn,brighter-eng,emotion,bilstm,13,fear|sadness,fear|sadness,False,0.9162418,
emotion-te-00618,en-Latn,brighter-eng,emotion,bilstm,15,fear,none,True,0.37745628,
emotion-te-00619,en-Latn,brighter-eng,emotion,bilstm,13,joy,fear|joy|surprise,True,0.954399,
emotion-te-00620,en-Latn,brighter-eng,emotion,bilstm,13,joy,joy,False,0.690343,
emotion-te-00621,en-Latn,brighter-eng,emotion,bilstm,32,sadness,joy,True,0.87148875,
emotion-te-00622,en-Latn,brighter-eng,emotion,bilstm,19,joy,joy|surprise,True,0.83468753,
emotion-te-00623,en-Latn,brighter-eng,emotion,bilstm,4,sadness,fear|sadness,True,0.7311213,
emotion-te-00624,en-Latn,brighter-eng,emotion,bilstm,13,joy,joy,False,0.47245353,
emotion-te-00625,en-Latn,brighter-eng,emotion,bilstm,8,fear|surprise,joy|surprise,True,0.81522626,
emotion-te-00626,en-Latn,brighter-eng,emotion,bilstm,8,joy,joy|surprise,True,0.8901392,
emotion-te-00627,en-Latn,brighter-eng,emotion,bilstm,15,fear,fear|sadness,True,0.6624095,
emotion-te-00628,en-Latn,brighter-eng,emotion,bilstm,7,surprise,fear|sadness,True,0.6266859,
emotion-te-00629,en-Latn,brighter-eng,emotion,bilstm,8,joy,fear|sadness,True,0.89401835,
emotion-te-00630,en-Latn,brighter-eng,emotion,bilstm,29,anger|fear|sadness,anger|fear|sadness,False,0.8713806,
emotion-te-00631,en-Latn,brighter-eng,emotion,bilstm,27,fear,fear,False,0.54384017,
emotion-te-00632,en-Latn,brighter-eng,emotion,bilstm,17,fear|surprise,joy|surprise,True,0.62953675,
emotion-te-00633,en-Latn,brighter-eng,emotion,bilstm,22,sadness,fear|joy,True,0.5095931,
emotion-te-00634,en-Latn,brighter-eng,emotion,bilstm,6,fear|sadness|surprise,anger|fear|sadness|surprise,True,0.86330235,
emotion-te-00635,en-Latn,brighter-eng,emotion,bilstm,75,fear|sadness|surprise,fear|sadness,True,0.8252648,
emotion-te-00636,en-Latn,brighter-eng,emotion,bilstm,18,sadness,fear|surprise,True,0.9231886,
emotion-te-00637,en-Latn,brighter-eng,emotion,bilstm,4,joy|surprise,joy,True,0.73892,
emotion-te-00638,en-Latn,brighter-eng,emotion,bilstm,4,joy,fear|joy|surprise,True,0.7271483,
emotion-te-00639,en-Latn,brighter-eng,emotion,bilstm,27,anger|fear|sadness,fear|sadness,True,0.9110822,
emotion-te-00640,en-Latn,brighter-eng,emotion,bilstm,15,joy,joy,False,0.9508596,
emotion-te-00641,en-Latn,brighter-eng,emotion,bilstm,45,surprise,fear|joy|surprise,True,0.85679734,
emotion-te-00642,en-Latn,brighter-eng,emotion,bilstm,12,joy,fear|joy|sadness,True,0.5454845,
emotion-te-00643,en-Latn,brighter-eng,emotion,bilstm,29,anger|fear|sadness,fear|sadness|surprise,True,0.89481443,
emotion-te-00644,en-Latn,brighter-eng,emotion,bilstm,14,fear,fear|sadness,True,0.7193173,
emotion-te-00645,en-Latn,brighter-eng,emotion,bilstm,23,fear,fear|sadness,True,0.7394565,
emotion-te-00646,en-Latn,brighter-eng,emotion,bilstm,35,none,fear|sadness,True,0.94031155,
emotion-te-00647,en-Latn,brighter-eng,emotion,bilstm,16,none,fear|surprise,True,0.92770857,
emotion-te-00648,en-Latn,brighter-eng,emotion,bilstm,22,fear|surprise,fear|surprise,False,0.9409345,
emotion-te-00649,en-Latn,brighter-eng,emotion,bilstm,13,fear,fear|sadness,True,0.9581373,
emotion-te-00650,en-Latn,brighter-eng,emotion,bilstm,20,anger|fear,joy,True,0.6996892,
emotion-te-00651,en-Latn,brighter-eng,emotion,bilstm,4,anger|fear|sadness,anger|surprise,True,0.7810443,
emotion-te-00652,en-Latn,brighter-eng,emotion,bilstm,9,fear|sadness,none,True,0.3235908,
emotion-te-00653,en-Latn,brighter-eng,emotion,bilstm,26,fear|sadness,fear,True,0.5009303,
emotion-te-00654,en-Latn,brighter-eng,emotion,bilstm,8,joy,joy|sadness,True,0.51707345,
emotion-te-00655,en-Latn,brighter-eng,emotion,bilstm,4,fear|surprise,fear|surprise,False,0.8119153,
emotion-te-00656,en-Latn,brighter-eng,emotion,bilstm,4,fear|surprise,anger|disgust|fear|sadness|surprise,True,0.90807694,
emotion-te-00657,en-Latn,brighter-eng,emotion,bilstm,14,joy,anger|disgust|sadness,True,0.69577885,
emotion-te-00658,en-Latn,brighter-eng,emotion,bilstm,7,joy,fear|surprise,True,0.8620472,
emotion-te-00659,en-Latn,brighter-eng,emotion,bilstm,8,fear,fear|sadness,True,0.74440557,
emotion-te-00660,en-Latn,brighter-eng,emotion,bilstm,14,none,fear,True,0.40010175,
emotion-te-00661,en-Latn,brighter-eng,emotion,bilstm,28,fear|sadness|surprise,fear|sadness,True,0.93303335,
emotion-te-00662,en-Latn,brighter-eng,emotion,bilstm,7,none,fear|surprise,True,0.9725302,
emotion-te-00663,en-Latn,brighter-eng,emotion,bilstm,8,fear|surprise,fear|sadness,True,0.7925031,
emotion-te-00664,en-Latn,brighter-eng,emotion,bilstm,8,anger|fear|sadness,fear|surprise,True,0.95043236,
emotion-te-00665,en-Latn,brighter-eng,emotion,bilstm,14,fear|sadness|surprise,anger|fear|sadness|surprise,True,0.74230015,
emotion-te-00666,en-Latn,brighter-eng,emotion,bilstm,8,joy,disgust|joy|surprise,True,0.6495001,
emotion-te-00667,en-Latn,brighter-eng,emotion,bilstm,27,joy,joy,False,0.9212884,
emotion-te-00668,en-Latn,brighter-eng,emotion,bilstm,19,fear|sadness,fear|sadness,False,0.9684904,
emotion-te-00669,en-Latn,brighter-eng,emotion,bilstm,9,anger|fear,fear,True,0.8150396,
emotion-te-00670,en-Latn,brighter-eng,emotion,bilstm,7,anger|fear|surprise,anger|fear|sadness|surprise,True,0.9431542,
emotion-te-00671,en-Latn,brighter-eng,emotion,bilstm,5,anger|fear,anger|fear|sadness|surprise,True,0.8144193,
emotion-te-00672,en-Latn,brighter-eng,emotion,bilstm,17,none,disgust|fear|sadness|surprise,True,0.9570846,
emotion-te-00673,en-Latn,brighter-eng,emotion,bilstm,19,fear|sadness,anger|joy,True,0.53327847,
emotion-te-00674,en-Latn,brighter-eng,emotion,bilstm,21,joy,fear|surprise,True,0.66426396,
emotion-te-00675,en-Latn,brighter-eng,emotion,bilstm,7,surprise,fear|sadness,True,0.8915606,
emotion-te-00676,en-Latn,brighter-eng,emotion,bilstm,7,fear|surprise,fear|sadness,True,0.7091263,
emotion-te-00677,en-Latn,brighter-eng,emotion,bilstm,17,fear,fear|surprise,True,0.73166275,
emotion-te-00678,en-Latn,brighter-eng,emotion,bilstm,15,fear|sadness,fear|sadness,False,0.5817734,
emotion-te-00679,en-Latn,brighter-eng,emotion,bilstm,24,anger|sadness,fear|sadness,True,0.78550607,
emotion-te-00680,en-Latn,brighter-eng,emotion,bilstm,11,fear|joy|surprise,fear|joy|surprise,False,0.8092102,
emotion-te-00681,en-Latn,brighter-eng,emotion,bilstm,5,none,joy,True,0.76286745,
emotion-te-00682,en-Latn,brighter-eng,emotion,bilstm,22,fear|sadness,fear,True,0.8877253,
emotion-te-00683,en-Latn,brighter-eng,emotion,bilstm,42,fear|sadness,fear|sadness|surprise,True,0.8767843,
emotion-te-00684,en-Latn,brighter-eng,emotion,bilstm,6,joy,joy,False,0.7502302,
emotion-te-00685,en-Latn,brighter-eng,emotion,bilstm,5,joy|surprise,anger|disgust|fear|sadness|surprise,True,0.7696227,
emotion-te-00686,en-Latn,brighter-eng,emotion,bilstm,13,joy,joy,False,0.43962124,
emotion-te-00687,en-Latn,brighter-eng,emotion,bilstm,15,joy,fear|joy|surprise,True,0.6710852,
emotion-te-00688,en-Latn,brighter-eng,emotion,bilstm,13,joy|surprise,joy,True,0.76203364,
emotion-te-00689,en-Latn,brighter-eng,emotion,bilstm,15,joy|surprise,joy|surprise,False,0.9113512,
emotion-te-00690,en-Latn,brighter-eng,emotion,bilstm,19,anger|fear|surprise,anger|fear|sadness|surprise,True,0.7341406,
emotion-te-00691,en-Latn,brighter-eng,emotion,bilstm,8,sadness|surprise,fear|surprise,True,0.96367514,
emotion-te-00692,en-Latn,brighter-eng,emotion,bilstm,12,fear,fear,False,0.6985307,
emotion-te-00693,en-Latn,brighter-eng,emotion,bilstm,7,joy,joy|surprise,True,0.9266903,
emotion-te-00694,en-Latn,brighter-eng,emotion,bilstm,7,fear,joy,True,0.6234172,
emotion-te-00695,en-Latn,brighter-eng,emotion,bilstm,12,joy,fear|surprise,True,0.9416576,
emotion-te-00696,en-Latn,brighter-eng,emotion,bilstm,38,fear|sadness,fear|sadness,False,0.61721426,
emotion-te-00697,en-Latn,brighter-eng,emotion,bilstm,15,sadness,joy,True,0.5217887,
emotion-te-00698,en-Latn,brighter-eng,emotion,bilstm,6,fear|sadness,disgust,True,0.71537,
emotion-te-00699,en-Latn,brighter-eng,emotion,bilstm,30,fear,fear|sadness,True,0.7749874,
emotion-te-00700,en-Latn,brighter-eng,emotion,bilstm,4,joy,anger|fear|sadness,True,0.6156875,
emotion-te-00701,en-Latn,brighter-eng,emotion,bilstm,7,anger|fear|surprise,fear|joy|sadness,True,0.49059498,
emotion-te-00702,en-Latn,brighter-eng,emotion,bilstm,17,fear|surprise,anger|fear|sadness,True,0.7697959,
emotion-te-00703,en-Latn,brighter-eng,emotion,bilstm,4,joy,fear|surprise,True,0.9753666,
emotion-te-00704,en-Latn,brighter-eng,emotion,bilstm,9,joy|sadness,joy,True,0.8707209,
emotion-te-00705,en-Latn,brighter-eng,emotion,bilstm,4,joy,anger|fear|sadness|surprise,True,0.75523436,
emotion-te-00706,en-Latn,brighter-eng,emotion,bilstm,3,anger|surprise,anger|surprise,False,0.91008604,
emotion-te-00707,en-Latn,brighter-eng,emotion,bilstm,9,joy|surprise,joy|surprise,False,0.6247799,
emotion-te-00708,en-Latn,brighter-eng,emotion,bilstm,11,fear|surprise,fear|sadness|surprise,True,0.9686082,
emotion-te-00709,en-Latn,brighter-eng,emotion,bilstm,5,sadness,anger|fear|sadness,True,0.8105825,
emotion-te-00710,en-Latn,brighter-eng,emotion,bilstm,21,joy,joy,False,0.8321677,
emotion-te-00711,en-Latn,brighter-eng,emotion,bilstm,24,anger|sadness,fear,True,0.63856596,
emotion-te-00712,en-Latn,brighter-eng,emotion,bilstm,26,fear|joy,fear|sadness|surprise,True,0.7918589,
emotion-te-00713,en-Latn,brighter-eng,emotion,bilstm,52,sadness,fear|sadness,True,0.8075806,
emotion-te-00714,en-Latn,brighter-eng,emotion,bilstm,8,fear,fear,False,0.9769438,
emotion-te-00715,en-Latn,brighter-eng,emotion,bilstm,32,anger,fear|joy|sadness,True,0.65093976,
emotion-te-00716,en-Latn,brighter-eng,emotion,bilstm,5,fear|surprise,fear|surprise,False,0.99091303,
emotion-te-00717,en-Latn,brighter-eng,emotion,bilstm,16,fear,anger|fear|sadness|surprise,True,0.93924713,
emotion-te-00718,en-Latn,brighter-eng,emotion,bilstm,9,anger|sadness,anger|disgust|fear|sadness|surprise,True,0.7261726,
emotion-te-00719,en-Latn,brighter-eng,emotion,bilstm,8,anger,disgust|fear|joy|surprise,True,0.69376487,
emotion-te-00720,en-Latn,brighter-eng,emotion,bilstm,16,joy,fear,True,0.9364508,
emotion-te-00721,en-Latn,brighter-eng,emotion,bilstm,4,anger,fear,True,0.9016533,
emotion-te-00722,en-Latn,brighter-eng,emotion,bilstm,8,sadness|surprise,anger|fear|sadness|surprise,True,0.8618252,
emotion-te-00723,en-Latn,brighter-eng,emotion,bilstm,37,fear|surprise,fear|surprise,False,0.69267297,
emotion-te-00724,en-Latn,brighter-eng,emotion,bilstm,4,fear|surprise,fear|sadness|surprise,True,0.89997536,
emotion-te-00725,en-Latn,brighter-eng,emotion,bilstm,8,none,fear|sadness,True,0.72891027,
emotion-te-00726,en-Latn,brighter-eng,emotion,bilstm,7,joy|surprise,joy|surprise,False,0.9020987,
emotion-te-00727,en-Latn,brighter-eng,emotion,bilstm,16,fear,fear,False,0.73328465,
emotion-te-00728,en-Latn,brighter-eng,emotion,bilstm,22,fear|sadness,fear|sadness,False,0.72670835,
emotion-te-00729,en-Latn,brighter-eng,emotion,bilstm,10,anger|fear,anger|joy|sadness,True,0.63886005,
emotion-te-00730,en-Latn,brighter-eng,emotion,bilstm,10,fear|sadness,fear|sadness,False,0.89444566,
emotion-te-00731,en-Latn,brighter-eng,emotion,bilstm,16,none,joy|surprise,True,0.6708329,
emotion-te-00732,en-Latn,brighter-eng,emotion,bilstm,4,fear|sadness|surprise,joy,True,0.49823996,
emotion-te-00733,en-Latn,brighter-eng,emotion,bilstm,7,fear|surprise,fear|sadness|surprise,True,0.92778194,
emotion-te-00734,en-Latn,brighter-eng,emotion,bilstm,26,fear|sadness,fear,True,0.789997,
emotion-te-00735,en-Latn,brighter-eng,emotion,bilstm,34,fear|surprise,fear|surprise,False,0.82156277,
emotion-te-00736,en-Latn,brighter-eng,emotion,bilstm,8,fear|sadness,fear|sadness|surprise,True,0.880558,
emotion-te-00737,en-Latn,brighter-eng,emotion,bilstm,9,anger|fear|sadness|surprise,anger|sadness,True,0.5446678,
emotion-te-00738,en-Latn,brighter-eng,emotion,bilstm,16,joy,sadness,True,0.565087,
emotion-te-00739,en-Latn,brighter-eng,emotion,bilstm,69,fear,fear|surprise,True,0.9395014,
emotion-te-00740,en-Latn,brighter-eng,emotion,bilstm,15,fear|surprise,fear|surprise,False,0.77902615,
emotion-te-00741,en-Latn,brighter-eng,emotion,bilstm,26,surprise,fear|surprise,True,0.8375725,
emotion-te-00742,en-Latn,brighter-eng,emotion,bilstm,20,joy,joy|surprise,True,0.8706206,
emotion-te-00743,en-Latn,brighter-eng,emotion,bilstm,14,fear,fear|sadness,True,0.92187715,
emotion-te-00744,en-Latn,brighter-eng,emotion,bilstm,8,anger|sadness,anger|disgust|sadness,False,0.68356395,
emotion-te-00745,en-Latn,brighter-eng,emotion,bilstm,5,fear|sadness,fear|joy|surprise,True,0.71561396,
emotion-te-00746,en-Latn,brighter-eng,emotion,bilstm,6,fear,fear|sadness,True,0.77368146,
emotion-te-00747,en-Latn,brighter-eng,emotion,bilstm,58,fear|joy,anger|fear|sadness,True,0.5537891,
emotion-te-00748,en-Latn,brighter-eng,emotion,bilstm,15,none,disgust|fear|sadness|surprise,True,0.92515033,
emotion-te-00749,en-Latn,brighter-eng,emotion,bilstm,3,fear,fear|sadness|surprise,True,0.82597435,
emotion-te-00750,en-Latn,brighter-eng,emotion,bilstm,38,anger|fear|sadness,fear|sadness,True,0.96497715,
emotion-te-00751,en-Latn,brighter-eng,emotion,bilstm,14,fear,fear|sadness,True,0.95913774,
emotion-te-00752,en-Latn,brighter-eng,emotion,bilstm,27,fear|surprise,fear|sadness|surprise,True,0.90956455,
emotion-te-00753,en-Latn,brighter-eng,emotion,bilstm,17,anger,fear|sadness,True,0.6582496,
emotion-te-00754,en-Latn,brighter-eng,emotion,bilstm,11,fear|sadness,fear|surprise,True,0.70928866,
emotion-te-00755,en-Latn,brighter-eng,emotion,bilstm,7,fear|surprise,fear|surprise,False,0.6980406,
emotion-te-00756,en-Latn,brighter-eng,emotion,bilstm,7,fear,anger|fear|sadness|surprise,True,0.8345671,
emotion-te-00757,en-Latn,brighter-eng,emotion,bilstm,12,none,fear,True,0.7110342,
emotion-te-00758,en-Latn,brighter-eng,emotion,bilstm,8,fear|surprise,fear|surprise,False,0.9240153,
emotion-te-00759,en-Latn,brighter-eng,emotion,bilstm,5,fear|surprise,fear|sadness|surprise,True,0.8388436,
emotion-te-00760,en-Latn,brighter-eng,emotion,bilstm,17,fear|joy|sadness,fear|sadness,True,0.7770625,
emotion-te-00761,en-Latn,brighter-eng,emotion,bilstm,57,fear|joy|surprise,fear|sadness,True,0.791548,
emotion-te-00762,en-Latn,brighter-eng,emotion,bilstm,9,joy|surprise,joy,True,0.98452383,
emotion-te-00763,en-Latn,brighter-eng,emotion,bilstm,15,none,joy,True,0.9006192,
emotion-te-00764,en-Latn,brighter-eng,emotion,bilstm,6,anger|fear,fear|sadness,True,0.6633622,
emotion-te-00765,en-Latn,brighter-eng,emotion,bilstm,10,fear|sadness|surprise,fear|surprise,True,0.83367956,
emotion-te-00766,en-Latn,brighter-eng,emotion,bilstm,15,fear|sadness|surprise,disgust|fear|sadness|surprise,False,0.8534135,
emotion-te-00767,en-Latn,brighter-eng,emotion,bilstm,23,fear|sadness,fear|sadness,False,0.8760214,
emotion-te-00768,en-Latn,brighter-eng,emotion,bilstm,67,fear|joy|sadness,fear|sadness,True,0.84693694,
emotion-te-00769,en-Latn,brighter-eng,emotion,bilstm,7,sadness|surprise,anger|fear|sadness,True,0.6858123,
emotion-te-00770,en-Latn,brighter-eng,emotion,bilstm,8,fear|sadness|surprise,fear|sadness,True,0.75891393,
emotion-te-00771,en-Latn,brighter-eng,emotion,bilstm,3,fear,fear|sadness,True,0.75273496,
emotion-te-00772,en-Latn,brighter-eng,emotion,bilstm,24,fear|joy,fear|sadness,True,0.9364312,
emotion-te-00773,en-Latn,brighter-eng,emotion,bilstm,6,fear,fear,False,0.9795066,
emotion-te-00774,en-Latn,brighter-eng,emotion,bilstm,6,anger|fear|sadness|surprise,fear|sadness|surprise,True,0.9059599,
emotion-te-00775,en-Latn,brighter-eng,emotion,bilstm,22,fear|sadness,fear,True,0.5735543,
emotion-te-00776,en-Latn,brighter-eng,emotion,bilstm,16,fear,fear|sadness,True,0.63031197,
emotion-te-00777,en-Latn,brighter-eng,emotion,bilstm,62,joy,joy,False,0.7271846,
emotion-te-00778,en-Latn,brighter-eng,emotion,bilstm,21,fear,joy,True,0.8133775,
emotion-te-00779,en-Latn,brighter-eng,emotion,bilstm,43,fear|sadness,fear|sadness,False,0.8924125,
emotion-te-00780,en-Latn,brighter-eng,emotion,bilstm,29,joy,joy,False,0.5197327,
emotion-te-00781,en-Latn,brighter-eng,emotion,bilstm,4,fear|sadness,fear|sadness,False,0.76635617,
emotion-te-00782,en-Latn,brighter-eng,emotion,bilstm,35,anger|fear|sadness,fear|sadness,True,0.8099603,
emotion-te-00783,en-Latn,brighter-eng,emotion,bilstm,18,none,joy,True,0.5221001,
emotion-te-00784,en-Latn,brighter-eng,emotion,bilstm,14,fear|surprise,anger|fear|sadness,True,0.82717454,
emotion-te-00785,en-Latn,brighter-eng,emotion,bilstm,13,joy,joy|surprise,True,0.7946232,
emotion-te-00786,en-Latn,brighter-eng,emotion,bilstm,11,fear|surprise,anger|sadness|surprise,True,0.57508713,
emotion-te-00787,en-Latn,brighter-eng,emotion,bilstm,12,joy,joy,False,0.8476296,
emotion-te-00788,en-Latn,brighter-eng,emotion,bilstm,16,none,fear|sadness|surprise,True,0.8176059,
emotion-te-00789,en-Latn,brighter-eng,emotion,bilstm,16,anger|fear|sadness|surprise,fear,True,0.61890733,
emotion-te-00790,en-Latn,brighter-eng,emotion,bilstm,44,anger|fear,fear|sadness,True,0.9608345,
emotion-te-00791,en-Latn,brighter-eng,emotion,bilstm,6,joy,joy,False,0.4500728,
emotion-te-00792,en-Latn,brighter-eng,emotion,bilstm,9,fear|sadness,fear|sadness,False,0.9136675,
emotion-te-00793,en-Latn,brighter-eng,emotion,bilstm,42,fear,fear|sadness,True,0.9050412,
emotion-te-00794,en-Latn,brighter-eng,emotion,bilstm,8,none,joy,True,0.8242066,
emotion-te-00795,en-Latn,brighter-eng,emotion,bilstm,30,joy,anger|fear|sadness|surprise,True,0.8638525,
emotion-te-00796,en-Latn,brighter-eng,emotion,bilstm,20,fear|surprise,fear|surprise,False,0.9749579,
emotion-te-00797,en-Latn,brighter-eng,emotion,bilstm,44,fear|surprise,joy,True,0.7510522,
emotion-te-00798,en-Latn,brighter-eng,emotion,bilstm,6,fear|surprise,fear|surprise,False,0.73485196,
emotion-te-00799,en-Latn,brighter-eng,emotion,bilstm,12,fear,fear|joy|sadness,True,0.46089926,
emotion-te-00800,en-Latn,brighter-eng,emotion,bilstm,42,fear|joy|surprise,fear|joy,True,0.7551163,
emotion-te-00801,en-Latn,brighter-eng,emotion,bilstm,13,fear|joy,joy,True,0.63902366,
emotion-te-00802,en-Latn,brighter-eng,emotion,bilstm,10,fear,fear|sadness,True,0.73527956,
emotion-te-00803,en-Latn,brighter-eng,emotion,bilstm,8,fear,joy|sadness,True,0.49012977,
emotion-te-00804,en-Latn,brighter-eng,emotion,bilstm,7,none,fear|surprise,True,0.91343015,
emotion-te-00805,en-Latn,brighter-eng,emotion,bilstm,11,joy|sadness,anger|fear|sadness|surprise,True,0.74806035,
emotion-te-00806,en-Latn,brighter-eng,emotion,bilstm,4,joy,joy,False,0.9825967,
emotion-te-00807,en-Latn,brighter-eng,emotion,bilstm,31,fear|surprise,joy|surprise,True,0.8548922,
emotion-te-00808,en-Latn,brighter-eng,emotion,bilstm,14,none,anger|fear|sadness,True,0.47448778,
emotion-te-00809,en-Latn,brighter-eng,emotion,bilstm,6,fear|sadness,fear|surprise,True,0.8749904,
emotion-te-00810,en-Latn,brighter-eng,emotion,bilstm,6,joy|surprise,joy|surprise,False,0.9153532,
emotion-te-00811,en-Latn,brighter-eng,emotion,bilstm,4,fear|sadness|surprise,anger|disgust|fear|joy|sadness|surprise,True,0.82781446,
emotion-te-00812,en-Latn,brighter-eng,emotion,bilstm,33,fear|surprise,fear|surprise,False,0.94669634,
emotion-te-00813,en-Latn,brighter-eng,emotion,bilstm,4,joy,fear|joy|sadness,True,0.57178926,
emotion-te-00814,en-Latn,brighter-eng,emotion,bilstm,12,fear|joy|surprise,joy|surprise,True,0.59874666,
emotion-te-00815,en-Latn,brighter-eng,emotion,bilstm,8,joy,joy,False,0.47078726,
emotion-te-00816,en-Latn,brighter-eng,emotion,bilstm,19,fear|sadness,fear|sadness,False,0.76016045,
emotion-te-00817,en-Latn,brighter-eng,emotion,bilstm,38,joy,fear|surprise,True,0.712984,
emotion-te-00818,en-Latn,brighter-eng,emotion,bilstm,3,none,fear|joy|sadness,True,0.52447736,
emotion-te-00819,en-Latn,brighter-eng,emotion,bilstm,21,fear,fear|sadness,True,0.575647,
emotion-te-00820,en-Latn,brighter-eng,emotion,bilstm,4,fear|sadness|surprise,fear|sadness|surprise,False,0.7893373,
emotion-te-00821,en-Latn,brighter-eng,emotion,bilstm,43,joy,fear,True,0.80386496,
emotion-te-00822,en-Latn,brighter-eng,emotion,bilstm,4,none,anger|fear|sadness|surprise,True,0.64969486,
emotion-te-00823,en-Latn,brighter-eng,emotion,bilstm,7,none,fear|surprise,True,0.7709605,
emotion-te-00824,en-Latn,brighter-eng,emotion,bilstm,22,joy,fear,True,0.75420815,
emotion-te-00825,en-Latn,brighter-eng,emotion,bilstm,15,anger|fear|sadness,fear|sadness,True,0.9352501,
emotion-te-00826,en-Latn,brighter-eng,emotion,bilstm,4,fear,fear|sadness,True,0.5405062,
emotion-te-00827,en-Latn,brighter-eng,emotion,bilstm,21,fear,fear|sadness,True,0.91175884,
emotion-te-00828,en-Latn,brighter-eng,emotion,bilstm,20,fear|surprise,fear|joy|sadness|surprise,True,0.7621952,
emotion-te-00829,en-Latn,brighter-eng,emotion,bilstm,31,fear|sadness,fear,True,0.8886389,
emotion-te-00830,en-Latn,brighter-eng,emotion,bilstm,4,sadness|surprise,anger|fear|sadness,True,0.6580148,
emotion-te-00831,en-Latn,brighter-eng,emotion,bilstm,1,none,joy|surprise,True,0.76284724,
emotion-te-00832,en-Latn,brighter-eng,emotion,bilstm,27,fear|sadness,fear|sadness,False,0.97401255,
emotion-te-00833,en-Latn,brighter-eng,emotion,bilstm,16,anger|surprise,anger|fear|sadness|surprise,True,0.6582454,
emotion-te-00834,en-Latn,brighter-eng,emotion,bilstm,9,fear|surprise,fear|sadness|surprise,True,0.9308071,
emotion-te-00835,en-Latn,brighter-eng,emotion,bilstm,4,joy,joy|surprise,True,0.7555141,
emotion-te-00836,en-Latn,brighter-eng,emotion,bilstm,71,joy,joy,False,0.63529664,
emotion-te-00837,en-Latn,brighter-eng,emotion,bilstm,32,fear|sadness,fear|joy,True,0.63026476,
emotion-te-00838,en-Latn,brighter-eng,emotion,bilstm,8,fear|surprise,fear|surprise,False,0.9500163,
emotion-te-00839,en-Latn,brighter-eng,emotion,bilstm,25,none,fear|sadness,True,0.61538714,
emotion-te-00840,en-Latn,brighter-eng,emotion,bilstm,4,anger|fear,fear|sadness|surprise,True,0.9318014,
emotion-te-00841,en-Latn,brighter-eng,emotion,bilstm,14,none,fear|surprise,True,0.85653687,
emotion-te-00842,en-Latn,brighter-eng,emotion,bilstm,25,fear|sadness,fear|sadness,False,0.94255227,
emotion-te-00843,en-Latn,brighter-eng,emotion,bilstm,14,fear,fear|surprise,True,0.9617311,
emotion-te-00844,en-Latn,brighter-eng,emotion,bilstm,11,joy,joy,False,0.83019423,
emotion-te-00845,en-Latn,brighter-eng,emotion,bilstm,6,fear|sadness|surprise,fear|sadness|surprise,False,0.8351346,
emotion-te-00846,en-Latn,brighter-eng,emotion,bilstm,28,anger|fear|sadness|surprise,joy|sadness,True,0.52520394,
emotion-te-00847,en-Latn,brighter-eng,emotion,bilstm,12,fear|sadness|surprise,anger|disgust|fear|sadness|surprise,True,0.7270426,
emotion-te-00848,en-Latn,brighter-eng,emotion,bilstm,24,fear|sadness,fear,True,0.90418595,
emotion-te-00849,en-Latn,brighter-eng,emotion,bilstm,42,fear|sadness,fear|sadness,False,0.9698471,
emotion-te-00850,en-Latn,brighter-eng,emotion,bilstm,30,joy|sadness,surprise,True,0.60011864,
emotion-te-00851,en-Latn,brighter-eng,emotion,bilstm,15,joy|surprise,fear|sadness,True,0.85747874,
emotion-te-00852,en-Latn,brighter-eng,emotion,bilstm,19,fear,fear|sadness,True,0.77072984,
emotion-te-00853,en-Latn,brighter-eng,emotion,bilstm,6,joy,joy|surprise,True,0.80898285,
emotion-te-00854,en-Latn,brighter-eng,emotion,bilstm,15,anger,anger|fear|sadness,True,0.727798,
emotion-te-00855,en-Latn,brighter-eng,emotion,bilstm,30,joy,fear,True,0.62968284,
emotion-te-00856,en-Latn,brighter-eng,emotion,bilstm,19,anger|fear|sadness|surprise,anger|fear|sadness,True,0.7485441,
emotion-te-00857,en-Latn,brighter-eng,emotion,bilstm,4,fear,fear|sadness,True,0.6627319,
emotion-te-00858,en-Latn,brighter-eng,emotion,bilstm,6,joy,joy,False,0.43458304,
emotion-te-00859,en-Latn,brighter-eng,emotion,bilstm,6,none,fear|sadness|surprise,True,0.9110524,
emotion-te-00860,en-Latn,brighter-eng,emotion,bilstm,6,fear|sadness|surprise,fear|sadness|surprise,False,0.87843555,
emotion-te-00861,en-Latn,brighter-eng,emotion,bilstm,14,anger|sadness,fear|sadness,True,0.8707878,
emotion-te-00862,en-Latn,brighter-eng,emotion,bilstm,24,joy,fear|joy|surprise,True,0.7831139,
emotion-te-00863,en-Latn,brighter-eng,emotion,bilstm,36,none,fear|sadness|surprise,True,0.95380616,
emotion-te-00864,en-Latn,brighter-eng,emotion,bilstm,26,joy,joy|surprise,True,0.7052512,
emotion-te-00865,en-Latn,brighter-eng,emotion,bilstm,7,fear,fear|surprise,True,0.9929817,
emotion-te-00866,en-Latn,brighter-eng,emotion,bilstm,3,anger,anger|sadness,True,0.81589437,
emotion-te-00867,en-Latn,brighter-eng,emotion,bilstm,4,none,fear|sadness,True,0.519167,
emotion-te-00868,en-Latn,brighter-eng,emotion,bilstm,5,surprise,joy,True,0.5326789,
emotion-te-00869,en-Latn,brighter-eng,emotion,bilstm,34,anger|fear|sadness|surprise,fear|sadness,True,0.9514893,
emotion-te-00870,en-Latn,brighter-eng,emotion,bilstm,10,joy,joy|surprise,True,0.62321454,
emotion-te-00871,en-Latn,brighter-eng,emotion,bilstm,16,fear|surprise,fear,True,0.6502948,
emotion-te-00872,en-Latn,brighter-eng,emotion,bilstm,17,sadness,joy,True,0.6112813,
emotion-te-00873,en-Latn,brighter-eng,emotion,bilstm,12,fear|joy,fear,True,0.54308045,
emotion-te-00874,en-Latn,brighter-eng,emotion,bilstm,21,anger|sadness,fear|sadness,True,0.8068936,
emotion-te-00875,en-Latn,brighter-eng,emotion,bilstm,4,fear|surprise,fear|sadness,True,0.82933325,
emotion-te-00876,en-Latn,brighter-eng,emotion,bilstm,8,none,fear|surprise,True,0.8463521,
emotion-te-00877,en-Latn,brighter-eng,emotion,bilstm,10,fear,fear|sadness,True,0.8287771,
emotion-te-00878,en-Latn,brighter-eng,emotion,bilstm,15,joy,fear|joy|surprise,True,0.7354458,
emotion-te-00879,en-Latn,brighter-eng,emotion,bilstm,13,anger|fear|sadness,fear|surprise,True,0.8081847,
emotion-te-00880,en-Latn,brighter-eng,emotion,bilstm,18,fear|sadness,fear,True,0.8357586,
emotion-te-00881,en-Latn,brighter-eng,emotion,bilstm,14,joy,surprise,True,0.62448597,
emotion-te-00882,en-Latn,brighter-eng,emotion,bilstm,4,fear,fear|surprise,True,0.9653177,
emotion-te-00883,en-Latn,brighter-eng,emotion,bilstm,11,fear,fear|sadness,True,0.8067971,
emotion-te-00884,en-Latn,brighter-eng,emotion,bilstm,78,fear|sadness,joy,True,0.85470855,
emotion-te-00885,en-Latn,brighter-eng,emotion,bilstm,4,anger|surprise,fear|sadness|surprise,True,0.7369705,
emotion-te-00886,en-Latn,brighter-eng,emotion,bilstm,45,fear|sadness,anger|fear|sadness,True,0.565604,
emotion-te-00887,en-Latn,brighter-eng,emotion,bilstm,20,joy,none,True,0.36368582,
emotion-te-00888,en-Latn,brighter-eng,emotion,bilstm,14,fear|surprise,fear|surprise,False,0.9613853,
emotion-te-00889,en-Latn,brighter-eng,emotion,bilstm,4,joy,fear|joy|surprise,True,0.8669836,
emotion-te-00890,en-Latn,brighter-eng,emotion,bilstm,8,fear|surprise,fear|sadness|surprise,True,0.987922,
emotion-te-00891,en-Latn,brighter-eng,emotion,bilstm,21,sadness,fear|sadness,True,0.70350283,
emotion-te-00892,en-Latn,brighter-eng,emotion,bilstm,6,fear|sadness,anger|fear|sadness|surprise,True,0.7688412,
emotion-te-00893,en-Latn,brighter-eng,emotion,bilstm,6,none,sadness,True,0.53410435,
emotion-te-00894,en-Latn,brighter-eng,emotion,bilstm,8,surprise,fear|sadness|surprise,True,0.9563215,
emotion-te-00895,en-Latn,brighter-eng,emotion,bilstm,11,anger|surprise,fear|joy|surprise,True,0.84535617,
emotion-te-00896,en-Latn,brighter-eng,emotion,bilstm,6,fear,fear|sadness,True,0.5991499,
emotion-te-00897,en-Latn,brighter-eng,emotion,bilstm,44,fear|sadness,fear|sadness,False,0.9580546,
emotion-te-00898,en-Latn,brighter-eng,emotion,bilstm,34,anger|fear|sadness,fear,True,0.94336146,
emotion-te-00899,en-Latn,brighter-eng,emotion,bilstm,8,none,anger|fear|sadness,True,0.6198818,
emotion-te-00900,en-Latn,brighter-eng,emotion,bilstm,18,sadness,fear|joy|surprise,True,0.8984453,
emotion-te-00901,en-Latn,brighter-eng,emotion,bilstm,6,joy,joy,False,0.8693105,
emotion-te-00902,en-Latn,brighter-eng,emotion,bilstm,7,joy,surprise,True,0.53851545,
emotion-te-00903,en-Latn,brighter-eng,emotion,bilstm,8,joy,anger|fear|surprise,True,0.88922274,
emotion-te-00904,en-Latn,brighter-eng,emotion,bilstm,15,fear|sadness|surprise,fear|sadness|surprise,False,0.9797354,
emotion-te-00905,en-Latn,brighter-eng,emotion,bilstm,12,joy,anger|joy|surprise,True,0.56934065,
emotion-te-00906,en-Latn,brighter-eng,emotion,bilstm,7,fear|sadness,fear|sadness,False,0.9060656,
emotion-te-00907,en-Latn,brighter-eng,emotion,bilstm,11,none,joy|surprise,True,0.911435,
emotion-te-00908,en-Latn,brighter-eng,emotion,bilstm,16,fear|sadness,joy|sadness,True,0.6093094,
emotion-te-00909,en-Latn,brighter-eng,emotion,bilstm,20,fear|sadness,anger|fear|sadness,True,0.8873428,
emotion-te-00910,en-Latn,brighter-eng,emotion,bilstm,15,joy|sadness,fear|joy|sadness,True,0.77811867,
emotion-te-00911,en-Latn,brighter-eng,emotion,bilstm,18,fear|surprise,fear|joy|surprise,True,0.773684,
emotion-te-00912,en-Latn,brighter-eng,emotion,bilstm,10,sadness,joy,True,0.5951549,
emotion-te-00913,en-Latn,brighter-eng,emotion,bilstm,4,fear|sadness,anger|fear|sadness,True,0.85607004,
emotion-te-00914,en-Latn,brighter-eng,emotion,bilstm,17,joy,fear|joy,True,0.73431414,
emotion-te-00915,en-Latn,brighter-eng,emotion,bilstm,7,joy|surprise,fear|joy|surprise,True,0.9228617,
emotion-te-00916,en-Latn,brighter-eng,emotion,bilstm,5,fear|surprise,fear|joy|sadness,True,0.4893736,
emotion-te-00917,en-Latn,brighter-eng,emotion,bilstm,25,joy|surprise,joy,True,0.9264102,
emotion-te-00918,en-Latn,brighter-eng,emotion,bilstm,4,fear,fear|surprise,True,0.5661016,
emotion-te-00919,en-Latn,brighter-eng,emotion,bilstm,43,anger|fear|sadness|surprise,fear,True,0.79129547,
emotion-te-00920,en-Latn,brighter-eng,emotion,bilstm,5,joy,joy|surprise,True,0.65703666,
emotion-te-00921,en-Latn,brighter-eng,emotion,bilstm,27,anger,fear|surprise,True,0.89928967,
emotion-te-00922,en-Latn,brighter-eng,emotion,bilstm,9,joy,joy,False,0.66735256,
emotion-te-00923,en-Latn,brighter-eng,emotion,bilstm,6,surprise,joy|surprise,True,0.7140929,
emotion-te-00924,en-Latn,brighter-eng,emotion,bilstm,33,fear|sadness,joy,True,0.7367673,
emotion-te-00925,en-Latn,brighter-eng,emotion,bilstm,19,fear|sadness,fear|sadness,False,0.87467927,
emotion-te-00926,en-Latn,brighter-eng,emotion,bilstm,17,anger|fear|sadness,fear|sadness|surprise,True,0.9061572,
emotion-te-00927,en-Latn,brighter-eng,emotion,bilstm,10,fear|sadness|surprise,fear|sadness|surprise,False,0.8283623,
emotion-te-00928,en-Latn,brighter-eng,emotion,bilstm,16,joy,fear|sadness,True,0.8517015,
emotion-te-00929,en-Latn,brighter-eng,emotion,bilstm,7,sadness,disgust,True,0.6517992,
emotion-te-00930,en-Latn,brighter-eng,emotion,bilstm,10,fear|sadness|surprise,fear|joy|surprise,True,0.80886394,
emotion-te-00931,en-Latn,brighter-eng,emotion,bilstm,31,sadness,fear|sadness,True,0.86344385,
emotion-te-00932,en-Latn,brighter-eng,emotion,bilstm,4,fear,anger|fear|surprise,True,0.7407328,
emotion-te-00933,en-Latn,brighter-eng,emotion,bilstm,18,fear|sadness,fear|sadness,False,0.7209731,
emotion-te-00934,en-Latn,brighter-eng,emotion,bilstm,12,fear|surprise,fear|surprise,False,0.872459,
emotion-te-00935,en-Latn,brighter-eng,emotion,bilstm,13,fear|sadness,fear|sadness,False,0.81488407,
emotion-te-00936,en-Latn,brighter-eng,emotion,bilstm,21,fear,fear|sadness,True,0.8936002,
emotion-te-00937,en-Latn,brighter-eng,emotion,bilstm,22,fear|sadness,fear|joy|surprise,True,0.57541466,
emotion-te-00938,en-Latn,brighter-eng,emotion,bilstm,4,anger|fear,fear|sadness|surprise,True,0.76243824,
emotion-te-00939,en-Latn,brighter-eng,emotion,bilstm,25,joy,fear|joy,True,0.7001442,
emotion-te-00940,en-Latn,brighter-eng,emotion,bilstm,23,fear|sadness,anger|fear|sadness,True,0.86963093,
emotion-te-00941,en-Latn,brighter-eng,emotion,bilstm,51,anger|fear|sadness|surprise,joy|surprise,True,0.7585216,
emotion-te-00942,en-Latn,brighter-eng,emotion,bilstm,27,fear,fear,False,0.8287135,
emotion-te-00943,en-Latn,brighter-eng,emotion,bilstm,23,none,fear|joy|surprise,True,0.85709846,
emotion-te-00944,en-Latn,brighter-eng,emotion,bilstm,5,fear|sadness,fear,True,0.80172366,
emotion-te-00945,en-Latn,brighter-eng,emotion,bilstm,5,anger,fear|sadness,True,0.52296704,
emotion-te-00946,en-Latn,brighter-eng,emotion,bilstm,6,none,joy,True,0.9270281,
emotion-te-00947,en-Latn,brighter-eng,emotion,bilstm,10,none,fear|sadness,True,0.70918196,
emotion-te-00948,en-Latn,brighter-eng,emotion,bilstm,14,fear,fear|sadness,True,0.91081786,
emotion-te-00949,en-Latn,brighter-eng,emotion,bilstm,13,joy,joy|surprise,True,0.5887451,
emotion-te-00950,en-Latn,brighter-eng,emotion,bilstm,15,fear|sadness,fear|sadness,False,0.7833285,
emotion-te-00951,en-Latn,brighter-eng,emotion,bilstm,9,fear|surprise,anger|fear|sadness|surprise,True,0.70622855,
emotion-te-00952,en-Latn,brighter-eng,emotion,bilstm,4,anger,anger|fear|sadness|surprise,True,0.8378548,
emotion-te-00953,en-Latn,brighter-eng,emotion,bilstm,16,joy,joy,False,0.5032212,
emotion-te-00954,en-Latn,brighter-eng,emotion,bilstm,4,joy,joy,False,0.8655554,
emotion-te-00955,en-Latn,brighter-eng,emotion,bilstm,22,joy,fear|sadness,True,0.8412536,
emotion-te-00956,en-Latn,brighter-eng,emotion,bilstm,11,joy,anger|fear|sadness|surprise,True,0.81440794,
emotion-te-00957,en-Latn,brighter-eng,emotion,bilstm,14,joy|surprise,joy,True,0.8385913,
emotion-te-00958,en-Latn,brighter-eng,emotion,bilstm,11,fear|joy,joy,True,0.633627,
emotion-te-00959,en-Latn,brighter-eng,emotion,bilstm,14,fear|surprise,fear|joy|surprise,True,0.69341743,
emotion-te-00960,en-Latn,brighter-eng,emotion,bilstm,11,fear|sadness|surprise,anger|fear|sadness,True,0.8227354,
emotion-te-00961,en-Latn,brighter-eng,emotion,bilstm,13,joy,fear|sadness,True,0.65994984,
emotion-te-00962,en-Latn,brighter-eng,emotion,bilstm,10,none,fear|surprise,True,0.8608688,
emotion-te-00963,en-Latn,brighter-eng,emotion,bilstm,4,fear,fear,False,0.74539423,
emotion-te-00964,en-Latn,brighter-eng,emotion,bilstm,42,fear|sadness,joy,True,0.68490344,
emotion-te-00965,en-Latn,brighter-eng,emotion,bilstm,4,anger|sadness|surprise,disgust|fear|surprise,True,0.84628254,
emotion-te-00966,en-Latn,brighter-eng,emotion,bilstm,13,none,joy,True,0.5836855,
emotion-te-00967,en-Latn,brighter-eng,emotion,bilstm,6,joy,fear|joy|surprise,True,0.7904298,
emotion-te-00968,en-Latn,brighter-eng,emotion,bilstm,16,anger|fear|sadness,fear|surprise,True,0.8632409,
emotion-te-00969,en-Latn,brighter-eng,emotion,bilstm,29,fear|surprise,fear|surprise,False,0.8512533,
emotion-te-00970,en-Latn,brighter-eng,emotion,bilstm,6,fear|sadness,fear|sadness|surprise,True,0.5271895,
emotion-te-00971,en-Latn,brighter-eng,emotion,bilstm,6,surprise,surprise,False,0.9501065,
emotion-te-00972,en-Latn,brighter-eng,emotion,bilstm,25,fear,fear|sadness,True,0.55959225,
emotion-te-00973,en-Latn,brighter-eng,emotion,bilstm,23,fear|surprise,fear|surprise,False,0.9908041,
emotion-te-00974,en-Latn,brighter-eng,emotion,bilstm,20,fear|sadness,fear|sadness,False,0.9615747,
emotion-te-00975,en-Latn,brighter-eng,emotion,bilstm,4,none,fear|sadness|surprise,True,0.72762334,
emotion-te-00976,en-Latn,brighter-eng,emotion,bilstm,12,fear|sadness,fear|sadness,False,0.83630973,
emotion-te-00977,en-Latn,brighter-eng,emotion,bilstm,9,joy,fear|sadness,True,0.7522125,
emotion-te-00978,en-Latn,brighter-eng,emotion,bilstm,10,fear,fear,False,0.5034167,
emotion-te-00979,en-Latn,brighter-eng,emotion,bilstm,22,none,anger|fear|sadness,True,0.5340092,
emotion-te-00980,en-Latn,brighter-eng,emotion,bilstm,13,none,anger|sadness,True,0.5431501,
emotion-te-00981,en-Latn,brighter-eng,emotion,bilstm,6,fear,fear|sadness,True,0.79375607,
emotion-te-00982,en-Latn,brighter-eng,emotion,bilstm,11,anger|fear|sadness,joy|surprise,True,0.7640256,
emotion-te-00983,en-Latn,brighter-eng,emotion,bilstm,6,fear,fear|joy,True,0.5477571,
emotion-te-00984,en-Latn,brighter-eng,emotion,bilstm,10,none,disgust|fear|surprise,True,0.80227476,
emotion-te-00985,en-Latn,brighter-eng,emotion,bilstm,8,fear|sadness|surprise,fear|sadness,True,0.8162837,
emotion-te-00986,en-Latn,brighter-eng,emotion,bilstm,5,sadness,fear|sadness,True,0.7776472,
emotion-te-00987,en-Latn,brighter-eng,emotion,bilstm,11,fear|surprise,joy,True,0.5926447,
emotion-te-00988,en-Latn,brighter-eng,emotion,bilstm,27,sadness,joy|surprise,True,0.8259761,
emotion-te-00989,en-Latn,brighter-eng,emotion,bilstm,12,none,fear|sadness,True,0.8017469,
emotion-te-00990,en-Latn,brighter-eng,emotion,bilstm,16,fear,fear|sadness,True,0.91860056,
emotion-te-00991,en-Latn,brighter-eng,emotion,bilstm,8,joy,joy,False,0.7855818,
emotion-te-00992,en-Latn,brighter-eng,emotion,bilstm,20,fear|sadness,fear|sadness,False,0.56274456,
emotion-te-00993,en-Latn,brighter-eng,emotion,bilstm,8,surprise,fear|sadness|surprise,True,0.77375954,
emotion-te-00994,en-Latn,brighter-eng,emotion,bilstm,6,fear|sadness,anger|fear|sadness,True,0.80208755,
emotion-te-00995,en-Latn,brighter-eng,emotion,bilstm,16,fear|sadness,fear|sadness|surprise,True,0.8563585,
emotion-te-00996,en-Latn,brighter-eng,emotion,bilstm,5,fear|surprise,fear,True,0.49434775,
emotion-te-00997,en-Latn,brighter-eng,emotion,bilstm,76,anger|fear|sadness,fear|joy|surprise,True,0.7904479,
emotion-te-00998,en-Latn,brighter-eng,emotion,bilstm,11,anger|fear|sadness,fear|sadness,True,0.5862364,
emotion-te-00999,en-Latn,brighter-eng,emotion,bilstm,6,fear,fear,False,0.6055335,
emotion-te-01000,en-Latn,brighter-eng,emotion,bilstm,4,fear|surprise,fear|surprise,False,0.6615641,
emotion-te-01001,en-Latn,brighter-eng,emotion,bilstm,4,anger|sadness|surprise,fear|sadness|surprise,True,0.83369464,
emotion-te-01002,en-Latn,brighter-eng,emotion,bilstm,23,none,joy,True,0.49538922,
emotion-te-01003,en-Latn,brighter-eng,emotion,bilstm,5,fear,fear|sadness,True,0.8214292,
emotion-te-01004,en-Latn,brighter-eng,emotion,bilstm,3,anger|fear,fear|joy|surprise,True,0.7030733,
emotion-te-01005,en-Latn,brighter-eng,emotion,bilstm,3,anger,fear|surprise,True,0.92174065,
emotion-te-01006,en-Latn,brighter-eng,emotion,bilstm,9,fear|sadness,anger|fear|sadness|surprise,True,0.95394135,
emotion-te-01007,en-Latn,brighter-eng,emotion,bilstm,17,fear|sadness,fear|sadness,False,0.9583467,
emotion-te-01008,en-Latn,brighter-eng,emotion,bilstm,31,none,fear,True,0.55662024,
emotion-te-01009,en-Latn,brighter-eng,emotion,bilstm,7,none,disgust|fear|surprise,True,0.8856775,
emotion-te-01010,en-Latn,brighter-eng,emotion,bilstm,11,fear,fear|sadness,True,0.49950945,
emotion-te-01011,en-Latn,brighter-eng,emotion,bilstm,19,surprise,anger|disgust|fear|sadness,True,0.6788235,
emotion-te-01012,en-Latn,brighter-eng,emotion,bilstm,5,fear|surprise,fear|surprise,False,0.97091585,
emotion-te-01013,en-Latn,brighter-eng,emotion,bilstm,4,sadness,fear|sadness,True,0.5030952,
emotion-te-01014,en-Latn,brighter-eng,emotion,bilstm,19,fear|sadness|surprise,fear|sadness|surprise,False,0.8786907,
emotion-te-01015,en-Latn,brighter-eng,emotion,bilstm,6,fear|joy|surprise,fear|sadness|surprise,True,0.83558047,
emotion-te-01016,en-Latn,brighter-eng,emotion,bilstm,23,fear|sadness,fear|sadness,False,0.6199341,
emotion-te-01017,en-Latn,brighter-eng,emotion,bilstm,31,anger|fear|sadness|surprise,fear|sadness,True,0.5290863,
emotion-te-01018,en-Latn,brighter-eng,emotion,bilstm,32,fear,fear,False,0.68148106,
emotion-te-01019,en-Latn,brighter-eng,emotion,bilstm,14,joy,joy,False,0.53346324,
emotion-te-01020,en-Latn,brighter-eng,emotion,bilstm,8,none,joy|surprise,True,0.70421946,
emotion-te-01021,en-Latn,brighter-eng,emotion,bilstm,28,fear,joy,True,0.57803214,
emotion-te-01022,en-Latn,brighter-eng,emotion,bilstm,11,joy,fear,True,0.85306025,
emotion-te-01023,en-Latn,brighter-eng,emotion,bilstm,14,fear,joy|sadness,True,0.47726288,
emotion-te-01024,en-Latn,brighter-eng,emotion,bilstm,3,anger,fear|joy|sadness,True,0.5843246,
emotion-te-01025,en-Latn,brighter-eng,emotion,bilstm,18,none,joy|sadness,True,0.4597873,
emotion-te-01026,en-Latn,brighter-eng,emotion,bilstm,20,fear|sadness|surprise,joy,True,0.772322,
emotion-te-01027,en-Latn,brighter-eng,emotion,bilstm,39,fear|sadness,fear|sadness,False,0.9548613,
emotion-te-01028,en-Latn,brighter-eng,emotion,bilstm,4,none,anger|fear|sadness|surprise,True,0.744878,
emotion-te-01029,en-Latn,brighter-eng,emotion,bilstm,18,fear,joy,True,0.6104522,
emotion-te-01030,en-Latn,brighter-eng,emotion,bilstm,16,fear|sadness,fear|surprise,True,0.9270582,
emotion-te-01031,en-Latn,brighter-eng,emotion,bilstm,30,fear|sadness,fear|sadness|surprise,True,0.6556254,
emotion-te-01032,en-Latn,brighter-eng,emotion,bilstm,19,none,fear|sadness,True,0.72240424,
emotion-te-01033,en-Latn,brighter-eng,emotion,bilstm,6,surprise,fear|surprise,True,0.74128467,
emotion-te-01034,en-Latn,brighter-eng,emotion,bilstm,33,joy,fear|sadness,True,0.80310994,
emotion-te-01035,en-Latn,brighter-eng,emotion,bilstm,4,fear,joy,True,0.702027,
emotion-te-01036,en-Latn,brighter-eng,emotion,bilstm,44,joy|sadness,joy|surprise,True,0.9081854,
emotion-te-01037,en-Latn,brighter-eng,emotion,bilstm,6,fear|surprise,fear|surprise,False,0.8992066,
emotion-te-01038,en-Latn,brighter-eng,emotion,bilstm,20,none,sadness,True,0.54469746,
emotion-te-01039,en-Latn,brighter-eng,emotion,bilstm,12,none,none,False,0.39707777,
emotion-te-01040,en-Latn,brighter-eng,emotion,bilstm,9,fear,fear|surprise,True,0.9516453,
emotion-te-01041,en-Latn,brighter-eng,emotion,bilstm,22,anger|fear|joy,anger|fear|sadness|surprise,True,0.8671991,
emotion-te-01042,en-Latn,brighter-eng,emotion,bilstm,16,joy,joy,False,0.9190949,
emotion-te-01043,en-Latn,brighter-eng,emotion,bilstm,6,fear,fear,False,0.6787088,
emotion-te-01044,en-Latn,brighter-eng,emotion,bilstm,8,fear,fear|sadness,True,0.73385006,
emotion-te-01045,en-Latn,brighter-eng,emotion,bilstm,16,anger|fear|surprise,anger|fear|sadness,True,0.9213178,
emotion-te-01046,en-Latn,brighter-eng,emotion,bilstm,70,sadness,fear|sadness,True,0.8402679,
emotion-te-01047,en-Latn,brighter-eng,emotion,bilstm,12,fear|sadness,fear|sadness,False,0.8606979,
emotion-te-01048,en-Latn,brighter-eng,emotion,bilstm,8,joy|surprise,joy|surprise,False,0.847983,
emotion-te-01049,en-Latn,brighter-eng,emotion,bilstm,7,joy,joy,False,0.6936775,
emotion-te-01050,en-Latn,brighter-eng,emotion,bilstm,23,joy,joy,False,0.9591376,
emotion-te-01051,en-Latn,brighter-eng,emotion,bilstm,13,fear|sadness,fear|sadness,False,0.7706373,
emotion-te-01052,en-Latn,brighter-eng,emotion,bilstm,16,none,joy|surprise,True,0.72562397,
emotion-te-01053,en-Latn,brighter-eng,emotion,bilstm,27,anger|sadness,fear|sadness,True,0.8853154,
emotion-te-01054,en-Latn,brighter-eng,emotion,bilstm,4,joy,fear|surprise,True,0.9562477,
emotion-te-01055,en-Latn,brighter-eng,emotion,bilstm,11,anger|fear|surprise,none,True,0.43830028,
emotion-te-01056,en-Latn,brighter-eng,emotion,bilstm,12,fear|joy,disgust|fear|surprise,True,0.92897385,
emotion-te-01057,en-Latn,brighter-eng,emotion,bilstm,12,fear|sadness,fear|sadness|surprise,True,0.89626354,
emotion-te-01058,en-Latn,brighter-eng,emotion,bilstm,12,joy,anger|fear|sadness|surprise,True,0.73570365,
emotion-te-01059,en-Latn,brighter-eng,emotion,bilstm,39,fear|sadness|surprise,fear|joy,True,0.7998391,
emotion-te-01060,en-Latn,brighter-eng,emotion,bilstm,13,fear|surprise,joy|surprise,True,0.72923106,
emotion-te-01061,en-Latn,brighter-eng,emotion,bilstm,4,fear|sadness|surprise,fear|joy|surprise,True,0.8944431,
emotion-te-01062,en-Latn,brighter-eng,emotion,bilstm,12,fear|sadness|surprise,fear|sadness|surprise,False,0.7646564,
emotion-te-01063,en-Latn,brighter-eng,emotion,bilstm,41,joy,fear|joy,True,0.7568114,
emotion-te-01064,en-Latn,brighter-eng,emotion,bilstm,16,fear|sadness|surprise,fear|surprise,True,0.9500529,
emotion-te-01065,en-Latn,brighter-eng,emotion,bilstm,58,fear|sadness,disgust|fear|sadness,False,0.6502466,
emotion-te-01066,en-Latn,brighter-eng,emotion,bilstm,9,fear|surprise,fear|surprise,False,0.6777398,
emotion-te-01067,en-Latn,brighter-eng,emotion,bilstm,23,joy,joy,False,0.8309603,
emotion-te-01068,en-Latn,brighter-eng,emotion,bilstm,7,anger|fear|sadness,fear|joy|surprise,True,0.8609122,
emotion-te-01069,en-Latn,brighter-eng,emotion,bilstm,32,fear|surprise,fear|sadness,True,0.86487824,
emotion-te-01070,en-Latn,brighter-eng,emotion,bilstm,27,fear|sadness|surprise,fear|joy|surprise,True,0.5835321,
emotion-te-01071,en-Latn,brighter-eng,emotion,bilstm,15,fear,joy,True,0.4216793,
emotion-te-01072,en-Latn,brighter-eng,emotion,bilstm,21,surprise,fear|surprise,True,0.94956475,
emotion-te-01073,en-Latn,brighter-eng,emotion,bilstm,25,fear|sadness,fear|sadness,False,0.92967415,
emotion-te-01074,en-Latn,brighter-eng,emotion,bilstm,39,fear|sadness,fear|sadness,False,0.87904245,
emotion-te-01075,en-Latn,brighter-eng,emotion,bilstm,36,joy|surprise,anger|fear|sadness|surprise,True,0.8671391,
emotion-te-01076,en-Latn,brighter-eng,emotion,bilstm,54,none,fear|joy|surprise,True,0.83457077,
emotion-te-01077,en-Latn,brighter-eng,emotion,bilstm,25,joy,fear|joy|surprise,True,0.81335723,
emotion-te-01078,en-Latn,brighter-eng,emotion,bilstm,5,surprise,fear|sadness|surprise,True,0.6971194,
emotion-te-01079,en-Latn,brighter-eng,emotion,bilstm,4,joy,anger|sadness,True,0.6396078,
emotion-te-01080,en-Latn,brighter-eng,emotion,bilstm,4,fear|sadness|surprise,anger|fear|sadness|surprise,True,0.8653594,
emotion-te-01081,en-Latn,brighter-eng,emotion,bilstm,8,fear|sadness,fear|sadness|surprise,True,0.96475714,
emotion-te-01082,en-Latn,brighter-eng,emotion,bilstm,15,fear,fear|sadness,True,0.8873612,
emotion-te-01083,en-Latn,brighter-eng,emotion,bilstm,27,fear|sadness,fear|sadness,False,0.99449486,
emotion-te-01084,en-Latn,brighter-eng,emotion,bilstm,52,anger|fear|sadness,fear|joy,True,0.5353496,
emotion-te-01085,en-Latn,brighter-eng,emotion,bilstm,6,none,fear,True,0.5628175,
emotion-te-01086,en-Latn,brighter-eng,emotion,bilstm,7,none,fear|sadness|surprise,True,0.90362906,
emotion-te-01087,en-Latn,brighter-eng,emotion,bilstm,10,fear|surprise,fear|surprise,False,0.96236736,
emotion-te-01088,en-Latn,brighter-eng,emotion,bilstm,16,sadness,joy,True,0.7725442,
emotion-te-01089,en-Latn,brighter-eng,emotion,bilstm,10,surprise,joy|surprise,True,0.6974145,
emotion-te-01090,en-Latn,brighter-eng,emotion,bilstm,23,fear,fear|joy|sadness,True,0.5246562,
emotion-te-01091,en-Latn,brighter-eng,emotion,bilstm,5,none,none,False,0.3917609,
emotion-te-01092,en-Latn,brighter-eng,emotion,bilstm,52,joy,joy,False,0.7213958,
emotion-te-01093,en-Latn,brighter-eng,emotion,bilstm,55,fear|sadness,anger|fear|sadness,True,0.7073992,
emotion-te-01094,en-Latn,brighter-eng,emotion,bilstm,22,none,joy,True,0.55015373,
emotion-te-01095,en-Latn,brighter-eng,emotion,bilstm,4,none,joy,True,0.76822186,
emotion-te-01096,en-Latn,brighter-eng,emotion,bilstm,20,fear|sadness,fear|sadness,False,0.7980719,
emotion-te-01097,en-Latn,brighter-eng,emotion,bilstm,9,fear,fear|surprise,True,0.9339239,
emotion-te-01098,en-Latn,brighter-eng,emotion,bilstm,8,fear|sadness,anger|fear|sadness,True,0.7178838,
emotion-te-01099,en-Latn,brighter-eng,emotion,bilstm,11,fear|surprise,disgust|fear|surprise,False,0.8513119,
emotion-te-01100,en-Latn,brighter-eng,emotion,bilstm,40,anger|fear|sadness|surprise,fear|sadness|surprise,True,0.8240876,
emotion-te-01101,en-Latn,brighter-eng,emotion,bilstm,4,fear|surprise,fear|sadness|surprise,True,0.8995563,
emotion-te-01102,en-Latn,brighter-eng,emotion,bilstm,1,joy,fear|sadness,True,0.69017476,
emotion-te-01103,en-Latn,brighter-eng,emotion,bilstm,8,fear,anger|fear|sadness|surprise,True,0.731144,
emotion-te-01104,en-Latn,brighter-eng,emotion,bilstm,13,fear|sadness,fear|surprise,True,0.8070564,
emotion-te-01105,en-Latn,brighter-eng,emotion,bilstm,18,fear,fear|surprise,True,0.7607953,
emotion-te-01106,en-Latn,brighter-eng,emotion,bilstm,13,anger|fear|surprise,joy|surprise,True,0.56018347,
emotion-te-01107,en-Latn,brighter-eng,emotion,bilstm,14,anger|fear|surprise,joy,True,0.67179596,
emotion-te-01108,en-Latn,brighter-eng,emotion,bilstm,7,fear,fear,False,0.7663179,
emotion-te-01109,en-Latn,brighter-eng,emotion,bilstm,8,anger|fear,anger|joy|sadness,True,0.5455304,
emotion-te-01110,en-Latn,brighter-eng,emotion,bilstm,16,fear|surprise,fear|surprise,False,0.7984741,
emotion-te-01111,en-Latn,brighter-eng,emotion,bilstm,4,fear|surprise,anger|disgust|fear|joy|sadness|surprise,True,0.7783247,
emotion-te-01112,en-Latn,brighter-eng,emotion,bilstm,25,fear,fear|sadness,True,0.91487414,
emotion-te-01113,en-Latn,brighter-eng,emotion,bilstm,16,fear|joy,fear|sadness,True,0.718863,
emotion-te-01114,en-Latn,brighter-eng,emotion,bilstm,4,fear,fear|sadness|surprise,True,0.98005694,
emotion-te-01115,en-Latn,brighter-eng,emotion,bilstm,21,fear,fear|sadness|surprise,True,0.92325735,
emotion-te-01116,en-Latn,brighter-eng,emotion,bilstm,45,sadness,fear|joy,True,0.5554983,
emotion-te-01117,en-Latn,brighter-eng,emotion,bilstm,5,none,fear|sadness,True,0.54499286,
emotion-te-01118,en-Latn,brighter-eng,emotion,bilstm,20,fear|sadness,fear|sadness|surprise,True,0.96623945,
emotion-te-01119,en-Latn,brighter-eng,emotion,bilstm,15,fear|joy|surprise,anger|fear|sadness,True,0.6567123,
emotion-te-01120,en-Latn,brighter-eng,emotion,bilstm,11,joy,fear|sadness,True,0.66551673,
emotion-te-01121,en-Latn,brighter-eng,emotion,bilstm,30,fear|surprise,fear|surprise,False,0.7639574,
emotion-te-01122,en-Latn,brighter-eng,emotion,bilstm,6,none,fear|surprise,True,0.74045414,
emotion-te-01123,en-Latn,brighter-eng,emotion,bilstm,10,fear|surprise,fear|surprise,False,0.9676283,
emotion-te-01124,en-Latn,brighter-eng,emotion,bilstm,9,none,joy,True,0.6407928,
emotion-te-01125,en-Latn,brighter-eng,emotion,bilstm,21,joy|sadness,fear|sadness,True,0.8464973,
emotion-te-01126,en-Latn,brighter-eng,emotion,bilstm,12,fear|sadness|surprise,joy|sadness,True,0.6798161,
emotion-te-01127,en-Latn,brighter-eng,emotion,bilstm,10,fear|joy,fear|sadness|surprise,True,0.808763,
emotion-te-01128,en-Latn,brighter-eng,emotion,bilstm,30,none,fear|joy|surprise,True,0.62752897,
emotion-te-01129,en-Latn,brighter-eng,emotion,bilstm,9,anger|fear,fear|sadness,True,0.71344733,
emotion-te-01130,en-Latn,brighter-eng,emotion,bilstm,6,fear|surprise,anger|fear|sadness,True,0.6477459,
emotion-te-01131,en-Latn,brighter-eng,emotion,bilstm,6,none,disgust|fear|surprise,True,0.85645163,
emotion-te-01132,en-Latn,brighter-eng,emotion,bilstm,10,fear|sadness,fear|joy,True,0.5162944,
emotion-te-01133,en-Latn,brighter-eng,emotion,bilstm,29,fear|joy,joy|surprise,True,0.85096866,
emotion-te-01134,en-Latn,brighter-eng,emotion,bilstm,11,surprise,fear|joy|sadness,True,0.5572738,
emotion-te-01135,en-Latn,brighter-eng,emotion,bilstm,13,fear|surprise,fear|sadness|surprise,True,0.8053309,
emotion-te-01136,en-Latn,brighter-eng,emotion,bilstm,8,fear|sadness,anger|fear|sadness|surprise,True,0.855457,
emotion-te-01137,en-Latn,brighter-eng,emotion,bilstm,39,none,fear,True,0.46422023,
emotion-te-01138,en-Latn,brighter-eng,emotion,bilstm,8,none,disgust|fear|surprise,True,0.842587,
emotion-te-01139,en-Latn,brighter-eng,emotion,bilstm,4,anger,joy|surprise,True,0.94561243,
emotion-te-01140,en-Latn,brighter-eng,emotion,bilstm,47,fear|sadness,fear|sadness,False,0.97697544,
emotion-te-01141,en-Latn,brighter-eng,emotion,bilstm,14,joy,fear|joy|sadness,True,0.6574153,
emotion-te-01142,en-Latn,brighter-eng,emotion,bilstm,4,joy,joy|surprise,True,0.69174474,
emotion-te-01143,en-Latn,brighter-eng,emotion,bilstm,4,surprise,anger|joy|surprise,True,0.55678236,
emotion-te-01144,en-Latn,brighter-eng,emotion,bilstm,17,sadness,fear|sadness|surprise,True,0.7556497,
emotion-te-01145,en-Latn,brighter-eng,emotion,bilstm,4,fear,fear|sadness|surprise,True,0.87645435,
emotion-te-01146,en-Latn,brighter-eng,emotion,bilstm,7,none,fear|joy|sadness|surprise,True,0.65910405,
emotion-te-01147,en-Latn,brighter-eng,emotion,bilstm,4,anger|fear|sadness|surprise,fear|sadness,True,0.5903062,
emotion-te-01148,en-Latn,brighter-eng,emotion,bilstm,6,anger,joy|sadness,True,0.54066044,
emotion-te-01149,en-Latn,brighter-eng,emotion,bilstm,66,fear|sadness|surprise,fear|sadness|surprise,False,0.95809585,
emotion-te-01150,en-Latn,brighter-eng,emotion,bilstm,11,joy,joy,False,0.9262013,
emotion-te-01151,en-Latn,brighter-eng,emotion,bilstm,4,none,joy,True,0.7817404,
emotion-te-01152,en-Latn,brighter-eng,emotion,bilstm,11,fear|sadness,fear|sadness,False,0.5743036,
emotion-te-01153,en-Latn,brighter-eng,emotion,bilstm,8,joy,fear|surprise,True,0.95109797,
emotion-te-01154,en-Latn,brighter-eng,emotion,bilstm,26,joy,fear|sadness,True,0.8192995,
emotion-te-01155,en-Latn,brighter-eng,emotion,bilstm,6,anger|fear|sadness,fear|sadness,True,0.97949606,
emotion-te-01156,en-Latn,brighter-eng,emotion,bilstm,17,fear,fear|sadness,True,0.92108625,
emotion-te-01157,en-Latn,brighter-eng,emotion,bilstm,3,fear,fear|joy,True,0.46784946,
emotion-te-01158,en-Latn,brighter-eng,emotion,bilstm,34,fear,fear|joy|surprise,True,0.8262794,
emotion-te-01159,en-Latn,brighter-eng,emotion,bilstm,22,fear|surprise,fear|joy|surprise,True,0.6824723,
emotion-te-01160,en-Latn,brighter-eng,emotion,bilstm,8,fear,fear,False,0.44247928,
emotion-te-01161,en-Latn,brighter-eng,emotion,bilstm,16,fear,fear|joy,True,0.72188145,
emotion-te-01162,en-Latn,brighter-eng,emotion,bilstm,9,fear|joy,fear|joy|sadness,True,0.58428764,
emotion-te-01163,en-Latn,brighter-eng,emotion,bilstm,8,fear|sadness,fear|sadness,False,0.8300516,
emotion-te-01164,en-Latn,brighter-eng,emotion,bilstm,30,joy,fear|joy|surprise,True,0.8511879,
emotion-te-01165,en-Latn,brighter-eng,emotion,bilstm,8,sadness,fear|sadness,True,0.6123299,
emotion-te-01166,en-Latn,brighter-eng,emotion,bilstm,10,fear|surprise,fear|sadness|surprise,True,0.97662103,
emotion-te-01167,en-Latn,brighter-eng,emotion,bilstm,12,fear|sadness,fear,True,0.9269537,
emotion-te-01168,en-Latn,brighter-eng,emotion,bilstm,11,surprise,surprise,False,0.9336159,
emotion-te-01169,en-Latn,brighter-eng,emotion,bilstm,11,fear|sadness,anger|fear,True,0.54019654,
emotion-te-01170,en-Latn,brighter-eng,emotion,bilstm,32,fear|sadness,fear|sadness,False,0.89933026,
emotion-te-01171,en-Latn,brighter-eng,emotion,bilstm,12,fear|surprise,fear|sadness|surprise,True,0.82864887,
emotion-te-01172,en-Latn,brighter-eng,emotion,bilstm,9,anger,fear|joy,True,0.5260558,
emotion-te-01173,en-Latn,brighter-eng,emotion,bilstm,10,anger|fear|surprise,anger|fear|sadness,True,0.8772254,
emotion-te-01174,en-Latn,brighter-eng,emotion,bilstm,14,anger|sadness,surprise,True,0.7139958,
emotion-te-01175,en-Latn,brighter-eng,emotion,bilstm,33,fear|surprise,fear|joy|surprise,True,0.9675011,
emotion-te-01176,en-Latn,brighter-eng,emotion,bilstm,39,fear|sadness,fear|surprise,True,0.7483048,
emotion-te-01177,en-Latn,brighter-eng,emotion,bilstm,29,fear|sadness,fear|sadness,False,0.884801,
emotion-te-01178,en-Latn,brighter-eng,emotion,bilstm,25,none,joy|surprise,True,0.80019516,
emotion-te-01179,en-Latn,brighter-eng,emotion,bilstm,9,fear,fear|sadness,True,0.5816879,
emotion-te-01180,en-Latn,brighter-eng,emotion,bilstm,7,joy,anger|fear|sadness|surprise,True,0.7820793,
emotion-te-01181,en-Latn,brighter-eng,emotion,bilstm,10,sadness,fear,True,0.7828114,
emotion-te-01182,en-Latn,brighter-eng,emotion,bilstm,19,fear,fear|joy|sadness,True,0.6035942,
emotion-te-01183,en-Latn,brighter-eng,emotion,bilstm,5,fear|sadness,anger|fear|sadness,True,0.7794456,
emotion-te-01184,en-Latn,brighter-eng,emotion,bilstm,13,fear,fear|sadness,True,0.9518832,
emotion-te-01185,en-Latn,brighter-eng,emotion,bilstm,19,sadness,fear|sadness,True,0.69710815,
emotion-te-01186,en-Latn,brighter-eng,emotion,bilstm,11,fear,fear,False,0.79453784,
emotion-te-01187,en-Latn,brighter-eng,emotion,bilstm,13,fear|sadness,fear|surprise,True,0.94370925,
emotion-te-01188,en-Latn,brighter-eng,emotion,bilstm,7,fear|joy,fear|sadness|surprise,True,0.9813834,
emotion-te-01189,en-Latn,brighter-eng,emotion,bilstm,19,none,joy,True,0.8020087,
emotion-te-01190,en-Latn,brighter-eng,emotion,bilstm,11,anger|fear,anger|fear|sadness,True,0.88491064,
emotion-te-01191,en-Latn,brighter-eng,emotion,bilstm,12,sadness,fear|sadness,True,0.9455351,
emotion-te-01192,en-Latn,brighter-eng,emotion,bilstm,39,fear|sadness,fear|sadness,False,0.9093803,
emotion-te-01193,en-Latn,brighter-eng,emotion,bilstm,3,none,anger|fear|sadness|surprise,True,0.5457582,
emotion-te-01194,en-Latn,brighter-eng,emotion,bilstm,26,joy,fear|surprise,True,0.9107158,
emotion-te-01195,en-Latn,brighter-eng,emotion,bilstm,64,surprise,fear|joy,True,0.57363117,
emotion-te-01196,en-Latn,brighter-eng,emotion,bilstm,12,joy,fear|sadness,True,0.9417251,
emotion-te-01197,en-Latn,brighter-eng,emotion,bilstm,9,sadness,fear|sadness,True,0.67438376,
emotion-te-01198,en-Latn,brighter-eng,emotion,bilstm,25,joy,fear|sadness|surprise,True,0.7058554,
emotion-te-01199,en-Latn,brighter-eng,emotion,bilstm,6,fear|joy|surprise,fear|sadness,True,0.86629504,
emotion-te-01200,en-Latn,brighter-eng,emotion,bilstm,23,joy,fear|surprise,True,0.836931,
emotion-te-01201,en-Latn,brighter-eng,emotion,bilstm,14,fear|surprise,fear|surprise,False,0.9267735,
emotion-te-01202,en-Latn,brighter-eng,emotion,bilstm,4,fear,fear|sadness|surprise,True,0.71106386,
emotion-te-01203,en-Latn,brighter-eng,emotion,bilstm,40,fear|sadness,fear|sadness,False,0.93335664,
emotion-te-01204,en-Latn,brighter-eng,emotion,bilstm,23,fear,fear|sadness,True,0.776721,
emotion-te-01205,en-Latn,brighter-eng,emotion,bilstm,33,fear|sadness,fear|sadness,False,0.7552384,
emotion-te-01206,en-Latn,brighter-eng,emotion,bilstm,26,none,fear|surprise,True,0.8388041,
emotion-te-01207,en-Latn,brighter-eng,emotion,bilstm,33,fear,joy,True,0.6594927,
emotion-te-01208,en-Latn,brighter-eng,emotion,bilstm,6,joy|surprise,fear|sadness|surprise,True,0.78243166,
emotion-te-01209,en-Latn,brighter-eng,emotion,bilstm,28,fear|sadness,fear|sadness,False,0.87412745,
emotion-te-01210,en-Latn,brighter-eng,emotion,bilstm,24,fear|sadness|surprise,anger|fear|sadness,True,0.93819755,
emotion-te-01211,en-Latn,brighter-eng,emotion,bilstm,26,fear|sadness,fear|sadness,False,0.94382554,
emotion-te-01212,en-Latn,brighter-eng,emotion,bilstm,7,joy|surprise,fear|joy,True,0.7988837,
emotion-te-01213,en-Latn,brighter-eng,emotion,bilstm,31,fear|surprise,fear,True,0.6331715,
emotion-te-01214,en-Latn,brighter-eng,emotion,bilstm,21,joy,joy,False,0.7024917,
emotion-te-01215,en-Latn,brighter-eng,emotion,bilstm,6,anger|sadness,fear|joy|sadness|surprise,True,0.68653834,
emotion-te-01216,en-Latn,brighter-eng,emotion,bilstm,7,fear|joy|surprise,joy|sadness,True,0.4787531,
emotion-te-01217,en-Latn,brighter-eng,emotion,bilstm,6,fear|sadness,fear|sadness,False,0.8775333,
emotion-te-01218,en-Latn,brighter-eng,emotion,bilstm,8,fear,joy,True,0.7388659,
emotion-te-01219,en-Latn,brighter-eng,emotion,bilstm,4,surprise,fear|surprise,True,0.96299314,
emotion-te-01220,en-Latn,brighter-eng,emotion,bilstm,8,joy,joy,False,0.8795776,
emotion-te-01221,en-Latn,brighter-eng,emotion,bilstm,11,joy,fear|sadness|surprise,True,0.642849,
emotion-te-01222,en-Latn,brighter-eng,emotion,bilstm,15,sadness,fear|sadness,True,0.7456628,
emotion-te-01223,en-Latn,brighter-eng,emotion,bilstm,7,sadness,fear|sadness,True,0.57540286,
emotion-te-01224,en-Latn,brighter-eng,emotion,bilstm,25,fear|sadness,fear|sadness,False,0.7479148,
emotion-te-01225,en-Latn,brighter-eng,emotion,bilstm,11,joy|surprise,fear|surprise,True,0.9737942,
emotion-te-01226,en-Latn,brighter-eng,emotion,bilstm,4,fear,anger|fear|sadness|surprise,True,0.8383996,
emotion-te-01227,en-Latn,brighter-eng,emotion,bilstm,4,fear|sadness,anger,True,0.72493935,
emotion-te-01228,en-Latn,brighter-eng,emotion,bilstm,16,joy,joy,False,0.81712335,
emotion-te-01229,en-Latn,brighter-eng,emotion,bilstm,4,fear|sadness,fear|sadness|surprise,True,0.78509057,
emotion-te-01230,en-Latn,brighter-eng,emotion,bilstm,11,fear|sadness,fear|joy|sadness,True,0.7625338,
emotion-te-01231,en-Latn,brighter-eng,emotion,bilstm,7,fear|sadness|surprise,fear|surprise,True,0.9104678,
emotion-te-01232,en-Latn,brighter-eng,emotion,bilstm,47,fear|sadness,fear|sadness|surprise,True,0.9751566,
emotion-te-01233,en-Latn,brighter-eng,emotion,bilstm,18,fear|joy,anger|fear|sadness,True,0.64077955,
emotion-te-01234,en-Latn,brighter-eng,emotion,bilstm,11,sadness,fear|surprise,True,0.91116583,
emotion-te-01235,en-Latn,brighter-eng,emotion,bilstm,10,none,fear,True,0.8780222,
emotion-te-01236,en-Latn,brighter-eng,emotion,bilstm,4,anger|fear,anger|joy,True,0.69724184,
emotion-te-01237,en-Latn,brighter-eng,emotion,bilstm,18,fear|surprise,fear|joy,True,0.49908105,
emotion-te-01238,en-Latn,brighter-eng,emotion,bilstm,8,fear|sadness,fear|sadness,False,0.6415084,
emotion-te-01239,en-Latn,brighter-eng,emotion,bilstm,37,fear|surprise,fear|sadness,True,0.71510273,
emotion-te-01240,en-Latn,brighter-eng,emotion,bilstm,4,fear|surprise,fear|sadness|surprise,True,0.9597133,
emotion-te-01241,en-Latn,brighter-eng,emotion,bilstm,6,fear|sadness,fear,True,0.7916795,
emotion-te-01242,en-Latn,brighter-eng,emotion,bilstm,4,surprise,joy|surprise,True,0.9182398,
emotion-te-01243,en-Latn,brighter-eng,emotion,bilstm,18,joy,joy,False,0.5093272,
emotion-te-01244,en-Latn,brighter-eng,emotion,bilstm,5,fear|sadness,fear|sadness,False,0.8941282,
emotion-te-01245,en-Latn,brighter-eng,emotion,bilstm,12,sadness,fear|sadness,True,0.9116715,
emotion-te-01246,en-Latn,brighter-eng,emotion,bilstm,18,anger|fear|sadness,anger|fear|sadness,False,0.5715806,
emotion-te-01247,en-Latn,brighter-eng,emotion,bilstm,12,none,fear,True,0.46942186,
emotion-te-01248,en-Latn,brighter-eng,emotion,bilstm,34,fear|sadness,fear|sadness,False,0.76819724,
emotion-te-01249,en-Latn,brighter-eng,emotion,bilstm,16,joy|surprise,anger|fear|sadness|surprise,True,0.9326377,
emotion-te-01250,en-Latn,brighter-eng,emotion,bilstm,6,anger|fear|sadness,fear|surprise,True,0.8728637,
emotion-te-01251,en-Latn,brighter-eng,emotion,bilstm,20,fear|joy,fear,True,0.7622458,
emotion-te-01252,en-Latn,brighter-eng,emotion,bilstm,4,none,none,False,0.2560515,
emotion-te-01253,en-Latn,brighter-eng,emotion,bilstm,4,none,disgust|fear|joy|sadness|surprise,True,0.84886193,
emotion-te-01254,en-Latn,brighter-eng,emotion,bilstm,14,fear|sadness,fear|sadness|surprise,True,0.865372,
emotion-te-01255,en-Latn,brighter-eng,emotion,bilstm,31,sadness,fear|sadness,True,0.76237684,
emotion-te-01256,en-Latn,brighter-eng,emotion,bilstm,25,fear|sadness,fear|sadness|surprise,True,0.89754933,
emotion-te-01257,en-Latn,brighter-eng,emotion,bilstm,5,joy,disgust|fear|surprise,True,0.71035016,
emotion-te-01258,en-Latn,brighter-eng,emotion,bilstm,5,none,fear,True,0.40987515,
emotion-te-01259,en-Latn,brighter-eng,emotion,bilstm,22,fear|sadness|surprise,fear,True,0.93784773,
emotion-te-01260,en-Latn,brighter-eng,emotion,bilstm,24,none,fear|sadness,True,0.9107053,
emotion-te-01261,en-Latn,brighter-eng,emotion,bilstm,21,joy|sadness,joy,True,0.80538046,
emotion-te-01262,en-Latn,brighter-eng,emotion,bilstm,12,fear|surprise,joy,True,0.8120324,
emotion-te-01263,en-Latn,brighter-eng,emotion,bilstm,8,surprise,joy,True,0.78828293,
emotion-te-01264,en-Latn,brighter-eng,emotion,bilstm,7,joy|surprise,joy,True,0.83899486,
emotion-te-01265,en-Latn,brighter-eng,emotion,bilstm,12,anger|fear,fear|sadness|surprise,True,0.9577495,
emotion-te-01266,en-Latn,brighter-eng,emotion,bilstm,25,joy,anger|joy,True,0.5274404,
emotion-te-01267,en-Latn,brighter-eng,emotion,bilstm,20,fear,fear|joy,True,0.6341972,
emotion-te-01268,en-Latn,brighter-eng,emotion,bilstm,4,anger|sadness,fear|sadness,True,0.92684406,
emotion-te-01269,en-Latn,brighter-eng,emotion,bilstm,25,joy,joy,False,0.59402454,
emotion-te-01270,en-Latn,brighter-eng,emotion,bilstm,15,fear|surprise,fear|surprise,False,0.7209184,
emotion-te-01271,en-Latn,brighter-eng,emotion,bilstm,11,fear,fear|sadness,True,0.9580726,
emotion-te-01272,en-Latn,brighter-eng,emotion,bilstm,16,fear|sadness,fear|sadness,False,0.76920813,
emotion-te-01273,en-Latn,brighter-eng,emotion,bilstm,12,joy,fear|sadness,True,0.7325143,
emotion-te-01274,en-Latn,brighter-eng,emotion,bilstm,22,fear,fear|joy,True,0.5895961,
emotion-te-01275,en-Latn,brighter-eng,emotion,bilstm,26,surprise,fear,True,0.46436948,
emotion-te-01276,en-Latn,brighter-eng,emotion,bilstm,18,fear|surprise,fear|sadness|surprise,True,0.9539538,
emotion-te-01277,en-Latn,brighter-eng,emotion,bilstm,4,none,fear|sadness,True,0.60156226,
emotion-te-01278,en-Latn,brighter-eng,emotion,bilstm,11,joy,joy,False,0.5584691,
emotion-te-01279,en-Latn,brighter-eng,emotion,bilstm,12,fear,joy,True,0.41816294,
emotion-te-01280,en-Latn,brighter-eng,emotion,bilstm,38,fear|sadness,fear,True,0.83111894,
emotion-te-01281,en-Latn,brighter-eng,emotion,bilstm,14,joy,fear,True,0.5351359,
emotion-te-01282,en-Latn,brighter-eng,emotion,bilstm,21,none,fear|surprise,True,0.711432,
emotion-te-01283,en-Latn,brighter-eng,emotion,bilstm,9,fear|surprise,fear|joy|surprise,True,0.714195,
emotion-te-01284,en-Latn,brighter-eng,emotion,bilstm,10,fear|sadness,fear|sadness,False,0.69184977,
emotion-te-01285,en-Latn,brighter-eng,emotion,bilstm,8,anger|fear,surprise,True,0.79251355,
emotion-te-01286,en-Latn,brighter-eng,emotion,bilstm,31,fear|surprise,fear|sadness,True,0.8329282,
emotion-te-01287,en-Latn,brighter-eng,emotion,bilstm,14,joy|surprise,disgust|fear|surprise,True,0.9403783,
emotion-te-01288,en-Latn,brighter-eng,emotion,bilstm,5,none,disgust|joy,True,0.6109826,
emotion-te-01289,en-Latn,brighter-eng,emotion,bilstm,5,fear,fear,False,0.41950732,
emotion-te-01290,en-Latn,brighter-eng,emotion,bilstm,6,joy,anger|fear|sadness|surprise,True,0.7948106,
emotion-te-01291,en-Latn,brighter-eng,emotion,bilstm,12,joy,fear,True,0.4699573,
emotion-te-01292,en-Latn,brighter-eng,emotion,bilstm,4,none,fear|joy|sadness|surprise,True,0.7851274,
emotion-te-01293,en-Latn,brighter-eng,emotion,bilstm,31,joy,fear|sadness,True,0.91930556,
emotion-te-01294,en-Latn,brighter-eng,emotion,bilstm,11,joy,fear|sadness,True,0.63345826,
emotion-te-01295,en-Latn,brighter-eng,emotion,bilstm,8,fear|surprise,fear|surprise,False,0.87844706,
emotion-te-01296,en-Latn,brighter-eng,emotion,bilstm,24,none,joy,True,0.5741278,
emotion-te-01297,en-Latn,brighter-eng,emotion,bilstm,18,fear|surprise,fear|joy|sadness,True,0.55853397,
emotion-te-01298,en-Latn,brighter-eng,emotion,bilstm,16,fear|joy,fear|sadness|surprise,True,0.96689993,
emotion-te-01299,en-Latn,brighter-eng,emotion,bilstm,19,fear|sadness,fear|sadness,False,0.9740956,
emotion-te-01300,en-Latn,brighter-eng,emotion,bilstm,29,fear,fear|sadness,True,0.5480823,
emotion-te-01301,en-Latn,brighter-eng,emotion,bilstm,16,fear|sadness,joy|surprise,True,0.57191694,
emotion-te-01302,en-Latn,brighter-eng,emotion,bilstm,20,joy|surprise,joy,True,0.7917728,
emotion-te-01303,en-Latn,brighter-eng,emotion,bilstm,3,sadness,fear|sadness,True,0.96470356,
emotion-te-01304,en-Latn,brighter-eng,emotion,bilstm,14,joy,joy|sadness,True,0.601657,
emotion-te-01305,en-Latn,brighter-eng,emotion,bilstm,4,surprise,fear|surprise,True,0.9376733,
emotion-te-01306,en-Latn,brighter-eng,emotion,bilstm,12,anger,joy|surprise,True,0.826716,
emotion-te-01307,en-Latn,brighter-eng,emotion,bilstm,5,sadness,anger|fear|sadness,True,0.74824977,
emotion-te-01308,en-Latn,brighter-eng,emotion,bilstm,4,sadness,anger|joy|surprise,True,0.6395598,
emotion-te-01309,en-Latn,brighter-eng,emotion,bilstm,15,joy,fear|joy,True,0.4372196,
emotion-te-01310,en-Latn,brighter-eng,emotion,bilstm,20,fear|surprise,fear|joy|surprise,True,0.7487822,
emotion-te-01311,en-Latn,brighter-eng,emotion,bilstm,7,none,anger|fear|sadness|surprise,True,0.6818116,
emotion-te-01312,en-Latn,brighter-eng,emotion,bilstm,26,none,joy,True,0.47958,
emotion-te-01313,en-Latn,brighter-eng,emotion,bilstm,21,joy,fear|sadness,True,0.64011526,
emotion-te-01314,en-Latn,brighter-eng,emotion,bilstm,14,joy,joy,False,0.6019907,
emotion-te-01315,en-Latn,brighter-eng,emotion,bilstm,11,none,fear|sadness,True,0.6707743,
emotion-te-01316,en-Latn,brighter-eng,emotion,bilstm,23,joy,joy|surprise,True,0.63966525,
emotion-te-01317,en-Latn,brighter-eng,emotion,bilstm,36,fear|sadness|surprise,fear,True,0.9619592,
emotion-te-01318,en-Latn,brighter-eng,emotion,bilstm,4,fear,fear|sadness,True,0.94534963,
emotion-te-01319,en-Latn,brighter-eng,emotion,bilstm,7,fear|surprise,fear|joy|sadness|surprise,True,0.81013036,
emotion-te-01320,en-Latn,brighter-eng,emotion,bilstm,19,none,joy,True,0.67200625,
emotion-te-01321,en-Latn,brighter-eng,emotion,bilstm,22,fear,joy,True,0.5408545,
emotion-te-01322,en-Latn,brighter-eng,emotion,bilstm,36,fear|surprise,fear|surprise,False,0.8499252,
emotion-te-01323,en-Latn,brighter-eng,emotion,bilstm,9,fear,fear,False,0.50436217,
emotion-te-01324,en-Latn,brighter-eng,emotion,bilstm,23,joy,joy,False,0.8423283,
emotion-te-01325,en-Latn,brighter-eng,emotion,bilstm,45,fear|joy,fear|joy|sadness,True,0.67213386,
emotion-te-01326,en-Latn,brighter-eng,emotion,bilstm,15,surprise,fear|joy|surprise,True,0.89995277,
emotion-te-01327,en-Latn,brighter-eng,emotion,bilstm,3,none,fear|sadness,True,0.59596205,
emotion-te-01328,en-Latn,brighter-eng,emotion,bilstm,23,fear|joy,surprise,True,0.59107757,
emotion-te-01329,en-Latn,brighter-eng,emotion,bilstm,27,fear|sadness|surprise,fear|sadness,True,0.7509236,
emotion-te-01330,en-Latn,brighter-eng,emotion,bilstm,12,fear|sadness,fear|joy|sadness,True,0.6798527,
emotion-te-01331,en-Latn,brighter-eng,emotion,bilstm,4,surprise,joy|surprise,True,0.7117444,
emotion-te-01332,en-Latn,brighter-eng,emotion,bilstm,7,none,fear|sadness|surprise,True,0.93465716,
emotion-te-01333,en-Latn,brighter-eng,emotion,bilstm,16,anger|fear|surprise,fear|sadness,True,0.93820465,
emotion-te-01334,en-Latn,brighter-eng,emotion,bilstm,17,joy,fear|joy,True,0.6841775,
emotion-te-01335,en-Latn,brighter-eng,emotion,bilstm,29,fear|joy,fear|joy|sadness,True,0.634172,
emotion-te-01336,en-Latn,brighter-eng,emotion,bilstm,6,none,fear|surprise,True,0.98786014,
emotion-te-01337,en-Latn,brighter-eng,emotion,bilstm,10,none,fear,True,0.5637952,
emotion-te-01338,en-Latn,brighter-eng,emotion,bilstm,4,none,joy|surprise,True,0.7793543,
emotion-te-01339,en-Latn,brighter-eng,emotion,bilstm,7,fear|sadness,fear|sadness,False,0.8687067,
emotion-te-01340,en-Latn,brighter-eng,emotion,bilstm,23,fear|sadness,fear,True,0.6601122,
emotion-te-01341,en-Latn,brighter-eng,emotion,bilstm,7,none,anger|sadness,True,0.49541217,
emotion-te-01342,en-Latn,brighter-eng,emotion,bilstm,23,fear,fear|sadness,True,0.6695481,
emotion-te-01343,en-Latn,brighter-eng,emotion,bilstm,9,fear|joy,sadness,True,0.576943,
emotion-te-01344,en-Latn,brighter-eng,emotion,bilstm,30,fear|surprise,joy|surprise,True,0.8850196,
emotion-te-01345,en-Latn,brighter-eng,emotion,bilstm,19,fear|sadness|surprise,anger|disgust|fear|sadness|surprise,True,0.9176499,
emotion-te-01346,en-Latn,brighter-eng,emotion,bilstm,6,fear|surprise,fear|surprise,False,0.9736997,
emotion-te-01347,en-Latn,brighter-eng,emotion,bilstm,16,fear|sadness,fear|sadness,False,0.8765808,
emotion-te-01348,en-Latn,brighter-eng,emotion,bilstm,3,surprise,fear|surprise,True,0.95995027,
emotion-te-01349,en-Latn,brighter-eng,emotion,bilstm,43,fear|joy,anger|fear|sadness|surprise,True,0.8340634,
emotion-te-01350,en-Latn,brighter-eng,emotion,bilstm,12,anger|fear,fear|sadness|surprise,True,0.92302877,
emotion-te-01351,en-Latn,brighter-eng,emotion,bilstm,11,fear|surprise,anger|disgust|fear|sadness|surprise,True,0.7649938,
emotion-te-01352,en-Latn,brighter-eng,emotion,bilstm,4,anger|fear,anger|fear|sadness|surprise,True,0.77050567,
emotion-te-01353,en-Latn,brighter-eng,emotion,bilstm,18,anger|sadness|surprise,joy|sadness,True,0.58511615,
emotion-te-01354,en-Latn,brighter-eng,emotion,bilstm,11,joy,joy|surprise,True,0.72486013,
emotion-te-01355,en-Latn,brighter-eng,emotion,bilstm,9,fear|sadness,fear,True,0.9148694,
emotion-te-01356,en-Latn,brighter-eng,emotion,bilstm,14,anger|fear|sadness,fear|sadness|surprise,True,0.7147518,
emotion-te-01357,en-Latn,brighter-eng,emotion,bilstm,3,fear|surprise,fear|surprise,False,0.9334904,
emotion-te-01358,en-Latn,brighter-eng,emotion,bilstm,6,fear|sadness,fear|sadness,False,0.67325556,
emotion-te-01359,en-Latn,brighter-eng,emotion,bilstm,13,anger|fear|sadness,anger|fear|sadness,False,0.7170751,
emotion-te-01360,en-Latn,brighter-eng,emotion,bilstm,59,joy,fear|joy|surprise,True,0.7299757,
emotion-te-01361,en-Latn,brighter-eng,emotion,bilstm,8,anger|fear,fear,True,0.4731524,
emotion-te-01362,en-Latn,brighter-eng,emotion,bilstm,11,sadness,joy,True,0.72916377,
emotion-te-01363,en-Latn,brighter-eng,emotion,bilstm,4,anger|fear|sadness|surprise,anger|fear|sadness|surprise,False,0.827913,
emotion-te-01364,en-Latn,brighter-eng,emotion,bilstm,24,fear|joy|sadness,fear|sadness,True,0.77494115,
emotion-te-01365,en-Latn,brighter-eng,emotion,bilstm,8,sadness,sadness,False,0.6810485,
emotion-te-01366,en-Latn,brighter-eng,emotion,bilstm,11,joy,joy|sadness,True,0.63066083,
emotion-te-01367,en-Latn,brighter-eng,emotion,bilstm,10,fear,fear|surprise,True,0.5404731,
emotion-te-01368,en-Latn,brighter-eng,emotion,bilstm,35,fear,fear|sadness,True,0.78944844,
emotion-te-01369,en-Latn,brighter-eng,emotion,bilstm,21,fear,joy,True,0.4937971,
emotion-te-01370,en-Latn,brighter-eng,emotion,bilstm,11,surprise,fear|sadness,True,0.941956,
emotion-te-01371,en-Latn,brighter-eng,emotion,bilstm,12,sadness,joy,True,0.9840718,
emotion-te-01372,en-Latn,brighter-eng,emotion,bilstm,26,joy,fear|joy,True,0.5928964,
emotion-te-01373,en-Latn,brighter-eng,emotion,bilstm,21,joy,fear,True,0.63903123,
emotion-te-01374,en-Latn,brighter-eng,emotion,bilstm,16,fear,fear,False,0.5105688,
emotion-te-01375,en-Latn,brighter-eng,emotion,bilstm,63,anger|fear,fear|sadness,True,0.76806736,
emotion-te-01376,en-Latn,brighter-eng,emotion,bilstm,24,fear,fear|joy|surprise,True,0.7466641,
emotion-te-01377,en-Latn,brighter-eng,emotion,bilstm,28,fear|sadness,fear|sadness,False,0.73296154,
emotion-te-01378,en-Latn,brighter-eng,emotion,bilstm,17,joy|surprise,fear|sadness,True,0.82603145,
emotion-te-01379,en-Latn,brighter-eng,emotion,bilstm,18,joy,fear|surprise,True,0.9593274,
emotion-te-01380,en-Latn,brighter-eng,emotion,bilstm,8,anger|fear,fear,True,0.645928,
emotion-te-01381,en-Latn,brighter-eng,emotion,bilstm,30,fear|sadness,fear|sadness,False,0.9407575,
emotion-te-01382,en-Latn,brighter-eng,emotion,bilstm,12,fear|sadness,fear|sadness,False,0.8925859,
emotion-te-01383,en-Latn,brighter-eng,emotion,bilstm,18,anger|fear|sadness,fear|sadness,True,0.55369383,
emotion-te-01384,en-Latn,brighter-eng,emotion,bilstm,4,fear,fear,False,0.6195081,
emotion-te-01385,en-Latn,brighter-eng,emotion,bilstm,15,fear|sadness|surprise,fear|sadness|surprise,False,0.9020246,
emotion-te-01386,en-Latn,brighter-eng,emotion,bilstm,4,fear,anger|fear|sadness,True,0.72191083,
emotion-te-01387,en-Latn,brighter-eng,emotion,bilstm,8,joy|surprise,anger|fear|sadness|surprise,True,0.7681597,
emotion-te-01388,en-Latn,brighter-eng,emotion,bilstm,4,fear|sadness,anger|fear|sadness,True,0.55500484,
emotion-te-01389,en-Latn,brighter-eng,emotion,bilstm,12,anger|fear|sadness,anger|fear|sadness|surprise,True,0.73124516,
emotion-te-01390,en-Latn,brighter-eng,emotion,bilstm,10,none,fear|sadness,True,0.72629464,
emotion-te-01391,en-Latn,brighter-eng,emotion,bilstm,4,fear|sadness,fear|sadness|surprise,True,0.8671532,
emotion-te-01392,en-Latn,brighter-eng,emotion,bilstm,9,fear|surprise,fear|surprise,False,0.9566869,
emotion-te-01393,en-Latn,brighter-eng,emotion,bilstm,26,fear|surprise,fear|surprise,False,0.91989076,
emotion-te-01394,en-Latn,brighter-eng,emotion,bilstm,12,fear,fear|surprise,True,0.89298904,
emotion-te-01395,en-Latn,brighter-eng,emotion,bilstm,7,fear|sadness,anger|fear|sadness,True,0.74844754,
emotion-te-01396,en-Latn,brighter-eng,emotion,bilstm,10,fear|sadness,fear|surprise,True,0.80328745,
emotion-te-01397,en-Latn,brighter-eng,emotion,bilstm,8,fear|sadness,fear|surprise,True,0.7959846,
emotion-te-01398,en-Latn,brighter-eng,emotion,bilstm,17,fear|surprise,fear|surprise,False,0.88654786,
emotion-te-01399,en-Latn,brighter-eng,emotion,bilstm,11,fear|surprise,fear|sadness|surprise,True,0.79636955,
emotion-te-01400,en-Latn,brighter-eng,emotion,bilstm,12,joy|surprise,fear|sadness|surprise,True,0.9700987,
emotion-te-01401,en-Latn,brighter-eng,emotion,bilstm,34,fear|sadness,fear|sadness,False,0.9362545,
emotion-te-01402,en-Latn,brighter-eng,emotion,bilstm,5,surprise,fear|sadness|surprise,True,0.90738165,
emotion-te-01403,en-Latn,brighter-eng,emotion,bilstm,10,fear|surprise,fear|sadness,True,0.6890647,
emotion-te-01404,en-Latn,brighter-eng,emotion,bilstm,8,fear|surprise,fear|surprise,False,0.95420086,
emotion-te-01405,en-Latn,brighter-eng,emotion,bilstm,11,fear|surprise,fear|surprise,False,0.74328464,
emotion-te-01406,en-Latn,brighter-eng,emotion,bilstm,15,surprise,fear,True,0.77700007,
emotion-te-01407,en-Latn,brighter-eng,emotion,bilstm,26,anger|fear|sadness|surprise,anger|fear|sadness,True,0.6989576,
emotion-te-01408,en-Latn,brighter-eng,emotion,bilstm,15,fear|surprise,anger|fear|surprise,True,0.9345971,
emotion-te-01409,en-Latn,brighter-eng,emotion,bilstm,4,joy,anger|joy,True,0.74047345,
emotion-te-01410,en-Latn,brighter-eng,emotion,bilstm,32,joy,fear|sadness|surprise,True,0.8859379,
emotion-te-01411,en-Latn,brighter-eng,emotion,bilstm,4,fear,anger|joy|sadness,True,0.5181455,
emotion-te-01412,en-Latn,brighter-eng,emotion,bilstm,3,fear|sadness,fear|sadness,False,0.8177438,
emotion-te-01413,en-Latn,brighter-eng,emotion,bilstm,6,fear|joy,joy,True,0.8747472,
emotion-te-01414,en-Latn,brighter-eng,emotion,bilstm,47,fear|sadness,fear|sadness,False,0.94146484,
emotion-te-01415,en-Latn,brighter-eng,emotion,bilstm,10,fear,fear,False,0.9702525,
emotion-te-01416,en-Latn,brighter-eng,emotion,bilstm,30,joy,joy,False,0.44818988,
emotion-te-01417,en-Latn,brighter-eng,emotion,bilstm,31,anger|fear|sadness,none,True,0.39106447,
emotion-te-01418,en-Latn,brighter-eng,emotion,bilstm,15,fear|sadness|surprise,fear|sadness|surprise,False,0.68178415,
emotion-te-01419,en-Latn,brighter-eng,emotion,bilstm,8,joy,fear|joy|surprise,True,0.9471962,
emotion-te-01420,en-Latn,brighter-eng,emotion,bilstm,16,fear,fear|sadness,True,0.93125063,
emotion-te-01421,en-Latn,brighter-eng,emotion,bilstm,23,fear|surprise,fear|joy,True,0.74897236,
emotion-te-01422,en-Latn,brighter-eng,emotion,bilstm,8,fear|surprise,fear|surprise,False,0.88066334,
emotion-te-01423,en-Latn,brighter-eng,emotion,bilstm,21,joy|surprise,fear|surprise,True,0.67371356,
emotion-te-01424,en-Latn,brighter-eng,emotion,bilstm,16,joy|surprise,joy|surprise,False,0.5801297,
emotion-te-01425,en-Latn,brighter-eng,emotion,bilstm,16,joy,joy,False,0.9185218,
emotion-te-01426,en-Latn,brighter-eng,emotion,bilstm,4,joy,anger|disgust|fear|sadness|surprise,True,0.94941527,
emotion-te-01427,en-Latn,brighter-eng,emotion,bilstm,4,fear|sadness,fear|sadness|surprise,True,0.9252948,
emotion-te-01428,en-Latn,brighter-eng,emotion,bilstm,21,fear|surprise,disgust|fear|sadness|surprise,True,0.8242209,
emotion-te-01429,en-Latn,brighter-eng,emotion,bilstm,10,sadness,fear|joy,True,0.48634946,
emotion-te-01430,en-Latn,brighter-eng,emotion,bilstm,12,anger|fear|surprise,anger|fear|sadness,True,0.78240126,
emotion-te-01431,en-Latn,brighter-eng,emotion,bilstm,27,anger,fear,True,0.9267648,
emotion-te-01432,en-Latn,brighter-eng,emotion,bilstm,26,joy,fear,True,0.6910014,
emotion-te-01433,en-Latn,brighter-eng,emotion,bilstm,17,anger|fear,anger|fear|sadness,True,0.5545069,
emotion-te-01434,en-Latn,brighter-eng,emotion,bilstm,8,fear|surprise,anger|fear|sadness|surprise,True,0.869032,
emotion-te-01435,en-Latn,brighter-eng,emotion,bilstm,19,anger|joy|surprise,fear|sadness|surprise,True,0.8859822,
emotion-te-01436,en-Latn,brighter-eng,emotion,bilstm,10,fear|sadness,fear|sadness,False,0.9567955,
emotion-te-01437,en-Latn,brighter-eng,emotion,bilstm,8,joy,fear,True,0.4718517,
emotion-te-01438,en-Latn,brighter-eng,emotion,bilstm,39,joy,fear|sadness,True,0.76893085,
emotion-te-01439,en-Latn,brighter-eng,emotion,bilstm,26,fear|surprise,fear|sadness,True,0.9933763,
emotion-te-01440,en-Latn,brighter-eng,emotion,bilstm,13,fear,fear|sadness,True,0.94626695,
emotion-te-01441,en-Latn,brighter-eng,emotion,bilstm,37,fear|sadness|surprise,fear|sadness,True,0.7222324,
emotion-te-01442,en-Latn,brighter-eng,emotion,bilstm,19,sadness,fear,True,0.46926948,
emotion-te-01443,en-Latn,brighter-eng,emotion,bilstm,27,anger,joy|sadness,True,0.66106445,
emotion-te-01444,en-Latn,brighter-eng,emotion,bilstm,9,none,fear|surprise,True,0.70305336,
emotion-te-01445,en-Latn,brighter-eng,emotion,bilstm,19,fear|sadness,joy,True,0.7732203,
emotion-te-01446,en-Latn,brighter-eng,emotion,bilstm,14,joy,fear|joy,True,0.67901576,
emotion-te-01447,en-Latn,brighter-eng,emotion,bilstm,11,fear,fear|sadness,True,0.78703207,
emotion-te-01448,en-Latn,brighter-eng,emotion,bilstm,9,fear|sadness|surprise,fear|sadness|surprise,False,0.6610325,
emotion-te-01449,en-Latn,brighter-eng,emotion,bilstm,7,joy,anger|sadness,True,0.59941614,
emotion-te-01450,en-Latn,brighter-eng,emotion,bilstm,28,sadness,joy,True,0.739984,
emotion-te-01451,en-Latn,brighter-eng,emotion,bilstm,15,anger|fear,fear|joy|sadness,True,0.5667967,
emotion-te-01452,en-Latn,brighter-eng,emotion,bilstm,10,none,fear|sadness|surprise,True,0.950015,
emotion-te-01453,en-Latn,brighter-eng,emotion,bilstm,8,anger|fear|sadness|surprise,anger|fear|sadness,True,0.7774553,
emotion-te-01454,en-Latn,brighter-eng,emotion,bilstm,4,fear|sadness|surprise,fear|sadness,True,0.9214996,
emotion-te-01455,en-Latn,brighter-eng,emotion,bilstm,21,anger|fear|sadness|surprise,fear|sadness|surprise,True,0.9844185,
emotion-te-01456,en-Latn,brighter-eng,emotion,bilstm,24,none,fear,True,0.43787822,
emotion-te-01457,en-Latn,brighter-eng,emotion,bilstm,27,fear|joy,fear|sadness|surprise,True,0.98882747,
emotion-te-01458,en-Latn,brighter-eng,emotion,bilstm,10,fear|sadness,fear|sadness,False,0.7914343,
emotion-te-01459,en-Latn,brighter-eng,emotion,bilstm,4,fear|sadness,anger|disgust|sadness|surprise,True,0.79608405,
emotion-te-01460,en-Latn,brighter-eng,emotion,bilstm,24,none,joy,True,0.6874427,
emotion-te-01461,en-Latn,brighter-eng,emotion,bilstm,10,fear,fear|joy|surprise,True,0.68530786,
emotion-te-01462,en-Latn,brighter-eng,emotion,bilstm,3,sadness,none,True,0.32342297,
emotion-te-01463,en-Latn,brighter-eng,emotion,bilstm,23,fear,fear|sadness,True,0.95098907,
emotion-te-01464,en-Latn,brighter-eng,emotion,bilstm,4,fear|surprise,fear|surprise,False,0.9423785,
emotion-te-01465,en-Latn,brighter-eng,emotion,bilstm,15,fear|sadness,fear,True,0.72917604,
emotion-te-01466,en-Latn,brighter-eng,emotion,bilstm,7,anger|fear|sadness,joy|surprise,True,0.77584755,
emotion-te-01467,en-Latn,brighter-eng,emotion,bilstm,12,sadness,none,True,0.5167487,
emotion-te-01468,en-Latn,brighter-eng,emotion,bilstm,25,fear|sadness|surprise,fear|sadness|surprise,False,0.78361595,
emotion-te-01469,en-Latn,brighter-eng,emotion,bilstm,10,anger,none,True,0.36696383,
emotion-te-01470,en-Latn,brighter-eng,emotion,bilstm,3,none,fear,True,0.7539155,
emotion-te-01471,en-Latn,brighter-eng,emotion,bilstm,19,anger|fear|sadness,fear|sadness|surprise,True,0.82401526,
emotion-te-01472,en-Latn,brighter-eng,emotion,bilstm,8,fear,fear|sadness,True,0.94726914,
emotion-te-01473,en-Latn,brighter-eng,emotion,bilstm,12,none,anger|fear|sadness|surprise,True,0.7834752,
emotion-te-01474,en-Latn,brighter-eng,emotion,bilstm,32,joy,joy|surprise,True,0.8454778,
emotion-te-01475,en-Latn,brighter-eng,emotion,bilstm,9,fear|surprise,joy,True,0.8543532,
emotion-te-01476,en-Latn,brighter-eng,emotion,bilstm,11,fear|sadness|surprise,fear|sadness|surprise,False,0.9609196,
emotion-te-01477,en-Latn,brighter-eng,emotion,bilstm,4,sadness,anger|sadness,True,0.76042783,
emotion-te-01478,en-Latn,brighter-eng,emotion,bilstm,12,sadness,fear|sadness,True,0.7152344,
emotion-te-01479,en-Latn,brighter-eng,emotion,bilstm,51,anger|fear|sadness|surprise,fear|surprise,True,0.93163806,
emotion-te-01480,en-Latn,brighter-eng,emotion,bilstm,8,anger|fear|surprise,joy|sadness,True,0.43575093,
emotion-te-01481,en-Latn,brighter-eng,emotion,bilstm,11,joy|sadness,anger|fear|sadness,True,0.735841,
emotion-te-01482,en-Latn,brighter-eng,emotion,bilstm,7,fear|surprise,joy,True,0.7991441,
emotion-te-01483,en-Latn,brighter-eng,emotion,bilstm,16,joy|surprise,fear|joy|surprise,True,0.79763913,
emotion-te-01484,en-Latn,brighter-eng,emotion,bilstm,15,fear,fear|sadness,True,0.89105374,
emotion-te-01485,en-Latn,brighter-eng,emotion,bilstm,17,none,fear,True,0.44513,
emotion-te-01486,en-Latn,brighter-eng,emotion,bilstm,8,fear,fear|sadness,True,0.54539835,
emotion-te-01487,en-Latn,brighter-eng,emotion,bilstm,14,fear,anger,True,0.5023645,
emotion-te-01488,en-Latn,brighter-eng,emotion,bilstm,10,joy,none,True,0.3973709,
emotion-te-01489,en-Latn,brighter-eng,emotion,bilstm,15,none,fear|sadness,True,0.6948611,
emotion-te-01490,en-Latn,brighter-eng,emotion,bilstm,4,joy,fear|joy,True,0.6336655,
emotion-te-01491,en-Latn,brighter-eng,emotion,bilstm,16,fear,fear|sadness,True,0.9584017,
emotion-te-01492,en-Latn,brighter-eng,emotion,bilstm,38,fear|sadness,anger|fear|sadness|surprise,True,0.81512374,
emotion-te-01493,en-Latn,brighter-eng,emotion,bilstm,20,none,fear|sadness,True,0.8385141,
emotion-te-01494,en-Latn,brighter-eng,emotion,bilstm,6,joy,anger|fear|surprise,True,0.84779656,
emotion-te-01495,en-Latn,brighter-eng,emotion,bilstm,4,fear,fear|sadness,True,0.67734545,
emotion-te-01496,en-Latn,brighter-eng,emotion,bilstm,24,joy,fear|joy|surprise,True,0.6121636,
emotion-te-01497,en-Latn,brighter-eng,emotion,bilstm,39,joy,fear|joy|surprise,True,0.8677747,
emotion-te-01498,en-Latn,brighter-eng,emotion,bilstm,7,fear|sadness,fear|sadness,False,0.8436354,
emotion-te-01499,en-Latn,brighter-eng,emotion,bilstm,19,fear|surprise,fear|joy|surprise,True,0.7616759,
emotion-te-01500,en-Latn,brighter-eng,emotion,bilstm,21,fear|sadness,anger|fear|sadness|surprise,True,0.9807045,
emotion-te-01501,en-Latn,brighter-eng,emotion,bilstm,13,sadness,fear|joy|sadness,True,0.6432325,
emotion-te-01502,en-Latn,brighter-eng,emotion,bilstm,11,none,anger,True,0.75176656,
emotion-te-01503,en-Latn,brighter-eng,emotion,bilstm,16,fear,fear|surprise,True,0.98638797,
emotion-te-01504,en-Latn,brighter-eng,emotion,bilstm,15,surprise,fear,True,0.78053355,
emotion-te-01505,en-Latn,brighter-eng,emotion,bilstm,56,fear,fear|sadness,True,0.8585125,
emotion-te-01506,en-Latn,brighter-eng,emotion,bilstm,22,fear|joy,fear|sadness|surprise,True,0.7641729,
emotion-te-01507,en-Latn,brighter-eng,emotion,bilstm,6,anger,fear,True,0.4862429,
emotion-te-01508,en-Latn,brighter-eng,emotion,bilstm,35,fear|sadness,fear|sadness,False,0.92091286,
emotion-te-01509,en-Latn,brighter-eng,emotion,bilstm,12,none,joy,True,0.5989134,
emotion-te-01510,en-Latn,brighter-eng,emotion,bilstm,16,fear,fear|sadness,True,0.9431565,
emotion-te-01511,en-Latn,brighter-eng,emotion,bilstm,12,fear|surprise,fear|sadness,True,0.8560817,
emotion-te-01512,en-Latn,brighter-eng,emotion,bilstm,24,joy,joy|surprise,True,0.8237441,
emotion-te-01513,en-Latn,brighter-eng,emotion,bilstm,5,fear|sadness,fear|sadness,False,0.96184546,
emotion-te-01514,en-Latn,brighter-eng,emotion,bilstm,17,none,fear|surprise,True,0.63336366,
emotion-te-01515,en-Latn,brighter-eng,emotion,bilstm,30,fear|sadness,fear|sadness,False,0.8143693,
emotion-te-01516,en-Latn,brighter-eng,emotion,bilstm,4,surprise,fear|joy|surprise,True,0.78738016,
emotion-te-01517,en-Latn,brighter-eng,emotion,bilstm,4,anger,anger|fear|sadness|surprise,True,0.7003458,
emotion-te-01518,en-Latn,brighter-eng,emotion,bilstm,20,fear,fear,False,0.5858388,
emotion-te-01519,en-Latn,brighter-eng,emotion,bilstm,15,fear|joy,fear|sadness,True,0.5702092,
emotion-te-01520,en-Latn,brighter-eng,emotion,bilstm,5,none,joy,True,0.651209,
emotion-te-01521,en-Latn,brighter-eng,emotion,bilstm,10,joy,joy,False,0.7972597,
emotion-te-01522,en-Latn,brighter-eng,emotion,bilstm,18,none,joy,True,0.44027033,
emotion-te-01523,en-Latn,brighter-eng,emotion,bilstm,12,sadness,fear|sadness,True,0.84585834,
emotion-te-01524,en-Latn,brighter-eng,emotion,bilstm,13,fear|surprise,anger|disgust|fear|sadness,True,0.711779,
emotion-te-01525,en-Latn,brighter-eng,emotion,bilstm,13,anger|fear,fear|surprise,True,0.8076691,
emotion-te-01526,en-Latn,brighter-eng,emotion,bilstm,9,anger|fear,anger|fear|sadness,True,0.6982187,
emotion-te-01527,en-Latn,brighter-eng,emotion,bilstm,17,joy,joy,False,0.45705095,
emotion-te-01528,en-Latn,brighter-eng,emotion,bilstm,8,joy,fear|sadness,True,0.63146514,
emotion-te-01529,en-Latn,brighter-eng,emotion,bilstm,46,none,joy,True,0.74855673,
emotion-te-01530,en-Latn,brighter-eng,emotion,bilstm,3,fear|surprise,anger|fear|sadness,True,0.71418095,
emotion-te-01531,en-Latn,brighter-eng,emotion,bilstm,28,fear,anger|fear|joy|sadness|surprise,True,0.6405832,
emotion-te-01532,en-Latn,brighter-eng,emotion,bilstm,4,none,fear|sadness,True,0.66085577,
emotion-te-01533,en-Latn,brighter-eng,emotion,bilstm,11,fear|surprise,joy|surprise,True,0.5022502,
emotion-te-01534,en-Latn,brighter-eng,emotion,bilstm,19,fear,fear,False,0.8940679,
emotion-te-01535,en-Latn,brighter-eng,emotion,bilstm,21,fear|sadness,fear|sadness,False,0.877015,
emotion-te-01536,en-Latn,brighter-eng,emotion,bilstm,26,joy,joy|surprise,True,0.7254606,
emotion-te-01537,en-Latn,brighter-eng,emotion,bilstm,13,fear|surprise,fear|sadness,True,0.7711715,
emotion-te-01538,en-Latn,brighter-eng,emotion,bilstm,15,anger|sadness|surprise,fear,True,0.88202274,
emotion-te-01539,en-Latn,brighter-eng,emotion,bilstm,10,surprise,fear|sadness|surprise,True,0.83979046,
emotion-te-01540,en-Latn,brighter-eng,emotion,bilstm,13,fear|sadness,fear,True,0.60749805,
emotion-te-01541,en-Latn,brighter-eng,emotion,bilstm,15,none,fear|sadness,True,0.50143427,
emotion-te-01542,en-Latn,brighter-eng,emotion,bilstm,10,fear|surprise,joy|surprise,True,0.6954521,
emotion-te-01543,en-Latn,brighter-eng,emotion,bilstm,4,sadness|surprise,fear|sadness|surprise,True,0.86088395,
emotion-te-01544,en-Latn,brighter-eng,emotion,bilstm,11,anger|fear|surprise,fear|sadness|surprise,True,0.9434453,
emotion-te-01545,en-Latn,brighter-eng,emotion,bilstm,13,sadness,fear,True,0.8955147,
emotion-te-01546,en-Latn,brighter-eng,emotion,bilstm,5,fear|sadness|surprise,fear|sadness|surprise,False,0.67951757,
emotion-te-01547,en-Latn,brighter-eng,emotion,bilstm,18,fear,joy,True,0.57370186,
emotion-te-01548,en-Latn,brighter-eng,emotion,bilstm,10,fear,fear|surprise,True,0.97988987,
emotion-te-01549,en-Latn,brighter-eng,emotion,bilstm,9,fear,fear,False,0.433328,
emotion-te-01550,en-Latn,brighter-eng,emotion,bilstm,8,none,fear|sadness,True,0.5100662,
emotion-te-01551,en-Latn,brighter-eng,emotion,bilstm,4,anger|fear,anger|disgust|fear|sadness|surprise,True,0.8368355,
emotion-te-01552,en-Latn,brighter-eng,emotion,bilstm,10,none,fear|sadness,True,0.64834684,
emotion-te-01553,en-Latn,brighter-eng,emotion,bilstm,82,anger|fear|sadness,fear|sadness|surprise,True,0.92346376,
emotion-te-01554,en-Latn,brighter-eng,emotion,bilstm,36,joy,fear|joy|sadness,True,0.61309123,
emotion-te-01555,en-Latn,brighter-eng,emotion,bilstm,5,joy,joy,False,0.9005373,
emotion-te-01556,en-Latn,brighter-eng,emotion,bilstm,16,joy,anger|fear|sadness,True,0.628512,
emotion-te-01557,en-Latn,brighter-eng,emotion,bilstm,21,fear,fear|sadness,True,0.94040495,
emotion-te-01558,en-Latn,brighter-eng,emotion,bilstm,49,fear|surprise,fear|sadness|surprise,True,0.7246783,
emotion-te-01559,en-Latn,brighter-eng,emotion,bilstm,15,sadness,fear|sadness,True,0.81376565,
emotion-te-01560,en-Latn,brighter-eng,emotion,bilstm,30,joy,fear|surprise,True,0.9120257,
emotion-te-01561,en-Latn,brighter-eng,emotion,bilstm,18,fear|sadness,fear|sadness|surprise,True,0.8959543,
emotion-te-01562,en-Latn,brighter-eng,emotion,bilstm,4,fear|sadness,fear|sadness,False,0.7692043,
emotion-te-01563,en-Latn,brighter-eng,emotion,bilstm,15,fear|sadness,fear|sadness,False,0.927284,
emotion-te-01564,en-Latn,brighter-eng,emotion,bilstm,23,joy|surprise,fear|surprise,True,0.92566997,
emotion-te-01565,en-Latn,brighter-eng,emotion,bilstm,5,anger|fear|sadness,anger|fear|sadness|surprise,True,0.8625129,
emotion-te-01566,en-Latn,brighter-eng,emotion,bilstm,33,joy,fear|joy|sadness,True,0.5674683,
emotion-te-01567,en-Latn,brighter-eng,emotion,bilstm,26,fear|surprise,fear|surprise,False,0.7462056,
emotion-te-01568,en-Latn,brighter-eng,emotion,bilstm,14,fear|surprise,fear|sadness|surprise,True,0.94581175,
emotion-te-01569,en-Latn,brighter-eng,emotion,bilstm,27,fear,fear|sadness,True,0.63296247,
emotion-te-01570,en-Latn,brighter-eng,emotion,bilstm,5,fear|surprise,anger|fear|sadness,True,0.54947835,
emotion-te-01571,en-Latn,brighter-eng,emotion,bilstm,18,fear|sadness,fear,True,0.49842593,
emotion-te-01572,en-Latn,brighter-eng,emotion,bilstm,34,fear|joy|surprise,fear|sadness|surprise,True,0.8173748,
emotion-te-01573,en-Latn,brighter-eng,emotion,bilstm,32,anger|sadness,fear,True,0.78921103,
emotion-te-01574,en-Latn,brighter-eng,emotion,bilstm,7,anger|fear,fear|sadness,True,0.6960725,
emotion-te-01575,en-Latn,brighter-eng,emotion,bilstm,10,joy,fear,True,0.65126455,
emotion-te-01576,en-Latn,brighter-eng,emotion,bilstm,28,fear|surprise,fear|surprise,False,0.9342175,
emotion-te-01577,en-Latn,brighter-eng,emotion,bilstm,11,fear|sadness|surprise,anger|fear|sadness|surprise,True,0.85379034,
emotion-te-01578,en-Latn,brighter-eng,emotion,bilstm,24,joy,anger|joy|sadness,True,0.56900936,
emotion-te-01579,en-Latn,brighter-eng,emotion,bilstm,14,fear|sadness,fear|joy,True,0.49831495,
emotion-te-01580,en-Latn,brighter-eng,emotion,bilstm,8,fear|surprise,fear|joy|sadness|surprise,True,0.87186307,
emotion-te-01581,en-Latn,brighter-eng,emotion,bilstm,24,joy,fear|surprise,True,0.90617746,
emotion-te-01582,en-Latn,brighter-eng,emotion,bilstm,4,fear|sadness,fear|sadness,False,0.624367,
emotion-te-01583,en-Latn,brighter-eng,emotion,bilstm,15,sadness,fear|sadness,True,0.95921713,
emotion-te-01584,en-Latn,brighter-eng,emotion,bilstm,3,none,fear,True,0.7115037,
emotion-te-01585,en-Latn,brighter-eng,emotion,bilstm,23,fear|sadness|surprise,anger|fear|sadness|surprise,True,0.8831454,
emotion-te-01586,en-Latn,brighter-eng,emotion,bilstm,24,fear|surprise,fear,True,0.91506106,
emotion-te-01587,en-Latn,brighter-eng,emotion,bilstm,19,fear|joy,joy|sadness,True,0.5304167,
emotion-te-01588,en-Latn,brighter-eng,emotion,bilstm,22,fear|sadness|surprise,fear,True,0.9021417,
emotion-te-01589,en-Latn,brighter-eng,emotion,bilstm,4,fear|sadness|surprise,fear|sadness|surprise,False,0.744173,
emotion-te-01590,en-Latn,brighter-eng,emotion,bilstm,13,fear|sadness,fear|sadness,False,0.9616035,
emotion-te-01591,en-Latn,brighter-eng,emotion,bilstm,8,none,fear,True,0.68215185,
emotion-te-01592,en-Latn,brighter-eng,emotion,bilstm,22,fear|sadness,fear|sadness,False,0.5393059,
emotion-te-01593,en-Latn,brighter-eng,emotion,bilstm,4,fear|surprise,anger|fear|sadness|surprise,True,0.8474372,
emotion-te-01594,en-Latn,brighter-eng,emotion,bilstm,19,fear|sadness,anger|disgust|fear|sadness,True,0.6809087,
emotion-te-01595,en-Latn,brighter-eng,emotion,bilstm,10,sadness,fear|joy|surprise,True,0.8747572,
emotion-te-01596,en-Latn,brighter-eng,emotion,bilstm,40,fear,fear|sadness,True,0.84024996,
emotion-te-01597,en-Latn,brighter-eng,emotion,bilstm,18,joy,joy,False,0.8412783,
emotion-te-01598,en-Latn,brighter-eng,emotion,bilstm,10,fear|surprise,surprise,True,0.8112573,
emotion-te-01599,en-Latn,brighter-eng,emotion,bilstm,23,anger|fear,fear|surprise,True,0.916916,
emotion-te-01600,en-Latn,brighter-eng,emotion,bilstm,3,sadness,anger|fear|sadness,True,0.80736774,
emotion-te-01601,en-Latn,brighter-eng,emotion,bilstm,10,joy,anger|fear|sadness,True,0.80609196,
emotion-te-01602,en-Latn,brighter-eng,emotion,bilstm,12,fear|sadness|surprise,fear|sadness|surprise,False,0.852815,
emotion-te-01603,en-Latn,brighter-eng,emotion,bilstm,38,joy,fear|sadness|surprise,True,0.8192341,
emotion-te-01604,en-Latn,brighter-eng,emotion,bilstm,7,surprise,fear|sadness,True,0.6169672,
emotion-te-01605,en-Latn,brighter-eng,emotion,bilstm,5,joy,anger|fear|surprise,True,0.77918273,
emotion-te-01606,en-Latn,brighter-eng,emotion,bilstm,7,fear|joy|surprise,fear|joy|surprise,False,0.7664131,
emotion-te-01607,en-Latn,brighter-eng,emotion,bilstm,6,fear|surprise,fear|surprise,False,0.98751706,
emotion-te-01608,en-Latn,brighter-eng,emotion,bilstm,4,joy,anger|fear|sadness|surprise,True,0.9335839,
emotion-te-01609,en-Latn,brighter-eng,emotion,bilstm,13,fear,fear|sadness,True,0.67831445,
emotion-te-01610,en-Latn,brighter-eng,emotion,bilstm,7,fear|surprise,fear|sadness|surprise,True,0.86910075,
emotion-te-01611,en-Latn,brighter-eng,emotion,bilstm,15,none,anger|joy,True,0.45659345,
emotion-te-01612,en-Latn,brighter-eng,emotion,bilstm,12,fear|sadness,joy,True,0.8731934,
emotion-te-01613,en-Latn,brighter-eng,emotion,bilstm,5,fear,fear|sadness,True,0.715901,
emotion-te-01614,en-Latn,brighter-eng,emotion,bilstm,23,anger|fear,fear|sadness,True,0.48569036,
emotion-te-01615,en-Latn,brighter-eng,emotion,bilstm,8,joy,fear|sadness,True,0.58915234,
emotion-te-01616,en-Latn,brighter-eng,emotion,bilstm,7,anger|fear|sadness|surprise,fear|sadness,True,0.60087377,
emotion-te-01617,en-Latn,brighter-eng,emotion,bilstm,11,fear|sadness|surprise,fear|joy|surprise,True,0.8728666,
emotion-te-01618,en-Latn,brighter-eng,emotion,bilstm,11,surprise,anger|sadness,True,0.80684143,
emotion-te-01619,en-Latn,brighter-eng,emotion,bilstm,34,fear,fear|joy|sadness,True,0.5381942,
emotion-te-01620,en-Latn,brighter-eng,emotion,bilstm,4,joy|surprise,fear|joy|surprise,True,0.9093664,
emotion-te-01621,en-Latn,brighter-eng,emotion,bilstm,21,joy,fear|joy|sadness,True,0.6158934,
emotion-te-01622,en-Latn,brighter-eng,emotion,bilstm,24,fear,fear|sadness,True,0.91739434,
emotion-te-01623,en-Latn,brighter-eng,emotion,bilstm,9,fear|sadness,fear|sadness,False,0.5164508,
emotion-te-01624,en-Latn,brighter-eng,emotion,bilstm,16,fear|surprise,disgust|fear|surprise,False,0.8492392,
emotion-te-01625,en-Latn,brighter-eng,emotion,bilstm,7,surprise,joy|surprise,True,0.87617075,
emotion-te-01626,en-Latn,brighter-eng,emotion,bilstm,4,none,sadness,True,0.7004951,
emotion-te-01627,en-Latn,brighter-eng,emotion,bilstm,24,fear|sadness,fear|sadness,False,0.9370301,
emotion-te-01628,en-Latn,brighter-eng,emotion,bilstm,16,surprise,fear|sadness,True,0.4130372,
emotion-te-01629,en-Latn,brighter-eng,emotion,bilstm,20,fear|surprise,fear|sadness|surprise,True,0.9514564,
emotion-te-01630,en-Latn,brighter-eng,emotion,bilstm,22,fear|surprise,fear|joy|sadness,True,0.47368076,
emotion-te-01631,en-Latn,brighter-eng,emotion,bilstm,4,sadness,fear|sadness,True,0.5879533,
emotion-te-01632,en-Latn,brighter-eng,emotion,bilstm,4,joy|surprise,fear|sadness|surprise,True,0.6788889,
emotion-te-01633,en-Latn,brighter-eng,emotion,bilstm,4,joy,anger|fear|sadness|surprise,True,0.842669,
emotion-te-01634,en-Latn,brighter-eng,emotion,bilstm,5,none,none,False,0.3747439,
emotion-te-01635,en-Latn,brighter-eng,emotion,bilstm,7,fear|surprise,fear|sadness,True,0.70622283,
emotion-te-01636,en-Latn,brighter-eng,emotion,bilstm,12,fear|sadness,fear|sadness,False,0.58944196,
emotion-te-01637,en-Latn,brighter-eng,emotion,bilstm,6,anger|fear|sadness|surprise,fear|sadness,True,0.8634329,
emotion-te-01638,en-Latn,brighter-eng,emotion,bilstm,4,fear|sadness,fear|surprise,True,0.7646038,
emotion-te-01639,en-Latn,brighter-eng,emotion,bilstm,8,fear|surprise,fear|sadness,True,0.9788344,
emotion-te-01640,en-Latn,brighter-eng,emotion,bilstm,18,fear|surprise,none,True,0.3507315,
emotion-te-01641,en-Latn,brighter-eng,emotion,bilstm,21,fear|surprise,joy|surprise,True,0.83910114,
emotion-te-01642,en-Latn,brighter-eng,emotion,bilstm,29,fear|sadness,fear|sadness,False,0.8792764,
emotion-te-01643,en-Latn,brighter-eng,emotion,bilstm,42,fear|joy|sadness,fear|surprise,True,0.9125299,
emotion-te-01644,en-Latn,brighter-eng,emotion,bilstm,7,joy|surprise,fear|sadness|surprise,True,0.8710094,
emotion-te-01645,en-Latn,brighter-eng,emotion,bilstm,9,joy|surprise,anger|fear|sadness|surprise,True,0.9138885,
emotion-te-01646,en-Latn,brighter-eng,emotion,bilstm,14,fear|sadness,fear|joy,True,0.46032625,
emotion-te-01647,en-Latn,brighter-eng,emotion,bilstm,40,fear|sadness,fear|sadness,False,0.9675635,
emotion-te-01648,en-Latn,brighter-eng,emotion,bilstm,14,fear|joy,fear|joy|surprise,True,0.79050857,
emotion-te-01649,en-Latn,brighter-eng,emotion,bilstm,9,none,fear|joy|sadness,True,0.55042696,
emotion-te-01650,en-Latn,brighter-eng,emotion,bilstm,6,fear|sadness,fear,True,0.765413,
emotion-te-01651,en-Latn,brighter-eng,emotion,bilstm,12,fear|surprise,fear|surprise,False,0.6664891,
emotion-te-01652,en-Latn,brighter-eng,emotion,bilstm,18,none,fear|sadness,True,0.68790996,
emotion-te-01653,en-Latn,brighter-eng,emotion,bilstm,11,joy|surprise,joy,True,0.76741683,
emotion-te-01654,en-Latn,brighter-eng,emotion,bilstm,18,joy,none,True,0.35935518,
emotion-te-01655,en-Latn,brighter-eng,emotion,bilstm,19,joy,fear|surprise,True,0.6504378,
emotion-te-01656,en-Latn,brighter-eng,emotion,bilstm,16,fear|surprise,fear|sadness|surprise,True,0.9037453,
emotion-te-01657,en-Latn,brighter-eng,emotion,bilstm,36,fear|sadness,fear|sadness,False,0.8180895,
emotion-te-01658,en-Latn,brighter-eng,emotion,bilstm,28,fear,fear,False,0.62664443,
emotion-te-01659,en-Latn,brighter-eng,emotion,bilstm,55,fear|sadness,anger|fear|surprise,True,0.7984338,
emotion-te-01660,en-Latn,brighter-eng,emotion,bilstm,16,fear|sadness,fear|joy|surprise,True,0.86244416,
emotion-te-01661,en-Latn,brighter-eng,emotion,bilstm,7,none,fear|sadness,True,0.763129,
emotion-te-01662,en-Latn,brighter-eng,emotion,bilstm,14,fear|sadness,fear|sadness,False,0.4986555,
emotion-te-01663,en-Latn,brighter-eng,emotion,bilstm,7,none,fear|sadness,True,0.56672406,
emotion-te-01664,en-Latn,brighter-eng,emotion,bilstm,4,fear,fear|surprise,True,0.7537203,
emotion-te-01665,en-Latn,brighter-eng,emotion,bilstm,13,anger|fear|sadness|surprise,fear|sadness,True,0.50745404,
emotion-te-01666,en-Latn,brighter-eng,emotion,bilstm,10,fear|sadness,fear,True,0.7077121,
emotion-te-01667,en-Latn,brighter-eng,emotion,bilstm,8,surprise,fear|sadness,True,0.5855124,
emotion-te-01668,en-Latn,brighter-eng,emotion,bilstm,16,none,fear|sadness,True,0.9360437,
emotion-te-01669,en-Latn,brighter-eng,emotion,bilstm,4,joy|surprise,joy,True,0.52195305,
emotion-te-01670,en-Latn,brighter-eng,emotion,bilstm,25,fear,fear|surprise,True,0.6679727,
emotion-te-01671,en-Latn,brighter-eng,emotion,bilstm,3,surprise,fear|joy|surprise,True,0.9280653,
emotion-te-01672,en-Latn,brighter-eng,emotion,bilstm,5,joy,none,True,0.37442786,
emotion-te-01673,en-Latn,brighter-eng,emotion,bilstm,11,sadness,joy,True,0.71846396,
emotion-te-01674,en-Latn,brighter-eng,emotion,bilstm,9,anger|fear,sadness,True,0.48885402,
emotion-te-01675,en-Latn,brighter-eng,emotion,bilstm,20,joy|surprise,anger|fear|sadness,True,0.6567969,
emotion-te-01676,en-Latn,brighter-eng,emotion,bilstm,13,fear,joy,True,0.60900724,
emotion-te-01677,en-Latn,brighter-eng,emotion,bilstm,8,joy|surprise,joy|surprise,False,0.8883846,
emotion-te-01678,en-Latn,brighter-eng,emotion,bilstm,8,anger|fear,disgust|fear|surprise,True,0.7794365,
emotion-te-01679,en-Latn,brighter-eng,emotion,bilstm,7,fear|sadness|surprise,anger|fear|sadness|surprise,True,0.84098554,
emotion-te-01680,en-Latn,brighter-eng,emotion,bilstm,20,joy,joy|surprise,True,0.7651873,
emotion-te-01681,en-Latn,brighter-eng,emotion,bilstm,23,fear|sadness,fear|sadness,False,0.8314992,
emotion-te-01682,en-Latn,brighter-eng,emotion,bilstm,16,fear|surprise,fear|surprise,False,0.95571995,
emotion-te-01683,en-Latn,brighter-eng,emotion,bilstm,4,none,fear|joy|surprise,True,0.76404476,
emotion-te-01684,en-Latn,brighter-eng,emotion,bilstm,20,fear|surprise,fear,True,0.6835325,
emotion-te-01685,en-Latn,brighter-eng,emotion,bilstm,25,fear|sadness|surprise,fear|joy|surprise,True,0.7148615,
emotion-te-01686,en-Latn,brighter-eng,emotion,bilstm,7,anger|fear|sadness|surprise,fear|surprise,True,0.8993003,
emotion-te-01687,en-Latn,brighter-eng,emotion,bilstm,10,joy,fear|sadness,True,0.7103872,
emotion-te-01688,en-Latn,brighter-eng,emotion,bilstm,8,fear|sadness|surprise,fear|sadness|surprise,False,0.93204165,
emotion-te-01689,en-Latn,brighter-eng,emotion,bilstm,24,anger,fear|surprise,True,0.7843373,
emotion-te-01690,en-Latn,brighter-eng,emotion,bilstm,16,joy,joy,False,0.86544955,
emotion-te-01691,en-Latn,brighter-eng,emotion,bilstm,12,fear|sadness,fear|sadness,False,0.6719042,
emotion-te-01692,en-Latn,brighter-eng,emotion,bilstm,32,fear|surprise,fear|surprise,False,0.8745711,
emotion-te-01693,en-Latn,brighter-eng,emotion,bilstm,28,fear|sadness,fear|surprise,True,0.92044693,
emotion-te-01694,en-Latn,brighter-eng,emotion,bilstm,40,joy,fear|joy,True,0.55286294,
emotion-te-01695,en-Latn,brighter-eng,emotion,bilstm,19,anger|fear,fear,True,0.6333436,
emotion-te-01696,en-Latn,brighter-eng,emotion,bilstm,4,anger|fear|sadness|surprise,anger|sadness|surprise,True,0.74013674,
emotion-te-01697,en-Latn,brighter-eng,emotion,bilstm,9,joy,fear|sadness,True,0.45603645,
emotion-te-01698,en-Latn,brighter-eng,emotion,bilstm,5,anger|fear,fear|sadness,True,0.65921146,
emotion-te-01699,en-Latn,brighter-eng,emotion,bilstm,28,fear|sadness,fear,True,0.64044136,
emotion-te-01700,en-Latn,brighter-eng,emotion,bilstm,15,none,fear|joy,True,0.6079474,
emotion-te-01701,en-Latn,brighter-eng,emotion,bilstm,4,fear|sadness|surprise,fear|sadness|surprise,False,0.8381009,
emotion-te-01702,en-Latn,brighter-eng,emotion,bilstm,8,anger,anger|fear|sadness|surprise,True,0.80001104,
emotion-te-01703,en-Latn,brighter-eng,emotion,bilstm,20,joy,surprise,True,0.6252342,
emotion-te-01704,en-Latn,brighter-eng,emotion,bilstm,22,fear|surprise,fear|surprise,False,0.9042942,
emotion-te-01705,en-Latn,brighter-eng,emotion,bilstm,7,none,joy,True,0.5067786,
emotion-te-01706,en-Latn,brighter-eng,emotion,bilstm,11,fear|joy|sadness|surprise,joy,True,0.86499864,
emotion-te-01707,en-Latn,brighter-eng,emotion,bilstm,6,fear|sadness,fear|sadness,False,0.8106734,
emotion-te-01708,en-Latn,brighter-eng,emotion,bilstm,16,fear|sadness|surprise,anger|fear|sadness|surprise,True,0.8757257,
emotion-te-01709,en-Latn,brighter-eng,emotion,bilstm,20,anger|fear|surprise,joy|sadness,True,0.65652454,
emotion-te-01710,en-Latn,brighter-eng,emotion,bilstm,20,fear|surprise,fear|surprise,False,0.987181,
emotion-te-01711,en-Latn,brighter-eng,emotion,bilstm,26,joy,joy,False,0.6817256,
emotion-te-01712,en-Latn,brighter-eng,emotion,bilstm,33,joy,anger|fear|sadness,True,0.7343805,
emotion-te-01713,en-Latn,brighter-eng,emotion,bilstm,8,fear|joy|surprise,fear|surprise,True,0.95592314,
emotion-te-01714,en-Latn,brighter-eng,emotion,bilstm,11,fear|surprise,fear|joy|sadness,True,0.57642937,
emotion-te-01715,en-Latn,brighter-eng,emotion,bilstm,6,sadness,joy|surprise,True,0.69556147,
emotion-te-01716,en-Latn,brighter-eng,emotion,bilstm,14,fear|surprise,fear|surprise,False,0.9517628,
emotion-te-01717,en-Latn,brighter-eng,emotion,bilstm,18,joy,anger|joy|sadness,True,0.57786137,
emotion-te-01718,en-Latn,brighter-eng,emotion,bilstm,4,fear|surprise,fear|surprise,False,0.8261785,
emotion-te-01719,en-Latn,brighter-eng,emotion,bilstm,19,fear|sadness|surprise,fear|joy,True,0.53647906,
emotion-te-01720,en-Latn,brighter-eng,emotion,bilstm,33,none,fear,True,0.76497054,
emotion-te-01721,en-Latn,brighter-eng,emotion,bilstm,27,fear|sadness,fear|sadness,False,0.80210054,
emotion-te-01722,en-Latn,brighter-eng,emotion,bilstm,16,fear|surprise,anger|fear|sadness,True,0.65964204,
emotion-te-01723,en-Latn,brighter-eng,emotion,bilstm,6,surprise,anger|fear|sadness|surprise,True,0.7866604,
emotion-te-01724,en-Latn,brighter-eng,emotion,bilstm,14,fear|joy|surprise,fear|surprise,True,0.92397904,
emotion-te-01725,en-Latn,brighter-eng,emotion,bilstm,5,joy|surprise,fear|joy|surprise,True,0.93937624,
emotion-te-01726,en-Latn,brighter-eng,emotion,bilstm,7,fear|joy,joy,True,0.79107684,
emotion-te-01727,en-Latn,brighter-eng,emotion,bilstm,6,sadness|surprise,disgust|fear|sadness,True,0.8830631,
emotion-te-01728,en-Latn,brighter-eng,emotion,bilstm,8,joy,joy,False,0.6632565,
emotion-te-01729,en-Latn,brighter-eng,emotion,bilstm,21,sadness,fear|sadness,True,0.88776857,
emotion-te-01730,en-Latn,brighter-eng,emotion,bilstm,19,anger|surprise,fear|sadness|surprise,True,0.761655,
emotion-te-01731,en-Latn,brighter-eng,emotion,bilstm,8,none,fear|surprise,True,0.7788788,
emotion-te-01732,en-Latn,brighter-eng,emotion,bilstm,7,none,fear|joy|surprise,True,0.8393793,
emotion-te-01733,en-Latn,brighter-eng,emotion,bilstm,17,fear|sadness,fear|joy|sadness,True,0.7884447,
emotion-te-01734,en-Latn,brighter-eng,emotion,bilstm,22,fear|sadness,anger|fear|sadness|surprise,True,0.81290174,
emotion-te-01735,en-Latn,brighter-eng,emotion,bilstm,10,fear|surprise,surprise,True,0.8266861,
emotion-te-01736,en-Latn,brighter-eng,emotion,bilstm,8,surprise,fear|joy|surprise,True,0.6998845,
emotion-te-01737,en-Latn,brighter-eng,emotion,bilstm,16,fear,fear|joy|sadness,True,0.5921971,
emotion-te-01738,en-Latn,brighter-eng,emotion,bilstm,8,anger|sadness,fear|sadness,True,0.66782624,
emotion-te-01739,en-Latn,brighter-eng,emotion,bilstm,19,anger,fear|joy|surprise,True,0.67250866,
emotion-te-01740,en-Latn,brighter-eng,emotion,bilstm,34,fear,joy,True,0.7269701,
emotion-te-01741,en-Latn,brighter-eng,emotion,bilstm,54,fear|joy,fear|joy|sadness,True,0.82559687,
emotion-te-01742,en-Latn,brighter-eng,emotion,bilstm,47,fear|sadness,fear|joy,True,0.73509693,
emotion-te-01743,en-Latn,brighter-eng,emotion,bilstm,4,fear|sadness,anger|fear|sadness|surprise,True,0.6032733,
emotion-te-01744,en-Latn,brighter-eng,emotion,bilstm,4,fear|surprise,anger|disgust|fear|sadness|surprise,True,0.829042,
emotion-te-01745,en-Latn,brighter-eng,emotion,bilstm,13,joy,fear|sadness,True,0.9100549,
emotion-te-01746,en-Latn,brighter-eng,emotion,bilstm,16,fear|surprise,fear|sadness|surprise,True,0.98536265,
emotion-te-01747,en-Latn,brighter-eng,emotion,bilstm,41,fear|sadness,fear|sadness,False,0.7476257,
emotion-te-01748,en-Latn,brighter-eng,emotion,bilstm,24,fear|surprise,fear,True,0.7865996,
emotion-te-01749,en-Latn,brighter-eng,emotion,bilstm,8,joy,fear,True,0.5315787,
emotion-te-01750,en-Latn,brighter-eng,emotion,bilstm,5,fear|joy|surprise,fear|sadness|surprise,True,0.840649,
emotion-te-01751,en-Latn,brighter-eng,emotion,bilstm,46,anger|fear|sadness|surprise,fear|sadness,True,0.92283183,
emotion-te-01752,en-Latn,brighter-eng,emotion,bilstm,28,fear|sadness|surprise,fear,True,0.93537223,
emotion-te-01753,en-Latn,brighter-eng,emotion,bilstm,14,joy,fear|joy,True,0.5714086,
emotion-te-01754,en-Latn,brighter-eng,emotion,bilstm,10,fear|surprise,anger|fear|sadness,True,0.6680701,
emotion-te-01755,en-Latn,brighter-eng,emotion,bilstm,19,fear|sadness,fear|sadness,False,0.8494072,
emotion-te-01756,en-Latn,brighter-eng,emotion,bilstm,36,joy|surprise,fear|sadness,True,0.87792414,
emotion-te-01757,en-Latn,brighter-eng,emotion,bilstm,11,anger|fear|sadness,fear,True,0.94676024,
emotion-te-01758,en-Latn,brighter-eng,emotion,bilstm,7,fear|surprise,fear|sadness,True,0.58482647,
emotion-te-01759,en-Latn,brighter-eng,emotion,bilstm,17,anger|fear,fear|sadness,True,0.6627971,
emotion-te-01760,en-Latn,brighter-eng,emotion,bilstm,6,anger,anger|fear|sadness,True,0.83715117,
emotion-te-01761,en-Latn,brighter-eng,emotion,bilstm,6,fear|surprise,anger|disgust|fear|joy|sadness|surprise,True,0.79261124,
emotion-te-01762,en-Latn,brighter-eng,emotion,bilstm,8,fear,fear|sadness,True,0.63775486,
emotion-te-01763,en-Latn,brighter-eng,emotion,bilstm,10,joy,fear|sadness,True,0.89985555,
emotion-te-01764,en-Latn,brighter-eng,emotion,bilstm,32,joy|surprise,joy|surprise,False,0.78052443,
emotion-te-01765,en-Latn,brighter-eng,emotion,bilstm,16,anger|fear|sadness|surprise,anger|fear|sadness,True,0.93267107,
emotion-te-01766,en-Latn,brighter-eng,emotion,bilstm,7,fear,fear,False,0.804926,
emotion-te-01767,en-Latn,brighter-eng,emotion,bilstm,16,fear|sadness,none,True,0.38621932,
emotion-te-01768,en-Latn,brighter-eng,emotion,bilstm,11,fear,fear|surprise,True,0.9187866,
emotion-te-01769,en-Latn,brighter-eng,emotion,bilstm,5,none,fear|sadness,True,0.51484877,
emotion-te-01770,en-Latn,brighter-eng,emotion,bilstm,20,fear|sadness,fear|sadness|surprise,True,0.9798177,
emotion-te-01771,en-Latn,brighter-eng,emotion,bilstm,18,fear|surprise,fear|sadness,True,0.8800915,
emotion-te-01772,en-Latn,brighter-eng,emotion,bilstm,20,joy,fear|sadness,True,0.764641,
emotion-te-01773,en-Latn,brighter-eng,emotion,bilstm,4,fear|sadness,fear|sadness,False,0.9805022,
emotion-te-01774,en-Latn,brighter-eng,emotion,bilstm,3,fear,fear,False,0.49354503,
emotion-te-01775,en-Latn,brighter-eng,emotion,bilstm,6,surprise,fear|surprise,True,0.9580918,
emotion-te-01776,en-Latn,brighter-eng,emotion,bilstm,15,fear|sadness,fear|sadness,False,0.9914358,
emotion-te-01777,en-Latn,brighter-eng,emotion,bilstm,14,joy|surprise,fear|surprise,True,0.8565198,
emotion-te-01778,en-Latn,brighter-eng,emotion,bilstm,11,fear,fear|sadness,True,0.9230646,
emotion-te-01779,en-Latn,brighter-eng,emotion,bilstm,16,fear,none,True,0.37169823,
emotion-te-01780,en-Latn,brighter-eng,emotion,bilstm,14,fear|surprise,sadness,True,0.49416658,
emotion-te-01781,en-Latn,brighter-eng,emotion,bilstm,31,anger|surprise,surprise,True,0.62635565,
emotion-te-01782,en-Latn,brighter-eng,emotion,bilstm,15,anger|fear,anger|fear|sadness,True,0.6011829,
emotion-te-01783,en-Latn,brighter-eng,emotion,bilstm,28,joy,disgust|fear|surprise,True,0.7720779,
emotion-te-01784,en-Latn,brighter-eng,emotion,bilstm,19,fear,surprise,True,0.5046008,
emotion-te-01785,en-Latn,brighter-eng,emotion,bilstm,4,fear|sadness,joy|surprise,True,0.54457206,
emotion-te-01786,en-Latn,brighter-eng,emotion,bilstm,6,fear|surprise,fear|surprise,False,0.821802,
emotion-te-01787,en-Latn,brighter-eng,emotion,bilstm,4,joy,none,True,0.30775616,
emotion-te-01788,en-Latn,brighter-eng,emotion,bilstm,12,fear|sadness,fear|sadness,False,0.70971316,
emotion-te-01789,en-Latn,brighter-eng,emotion,bilstm,14,joy,anger|fear|sadness,True,0.7305665,
emotion-te-01790,en-Latn,brighter-eng,emotion,bilstm,36,joy,fear|joy,True,0.48251405,
emotion-te-01791,en-Latn,brighter-eng,emotion,bilstm,16,fear|joy,joy|surprise,True,0.82124925,
emotion-te-01792,en-Latn,brighter-eng,emotion,bilstm,22,none,joy,True,0.7011082,
emotion-te-01793,en-Latn,brighter-eng,emotion,bilstm,20,joy,fear|sadness|surprise,True,0.8120748,
emotion-te-01794,en-Latn,brighter-eng,emotion,bilstm,39,fear|sadness,anger,True,0.51978344,
emotion-te-01795,en-Latn,brighter-eng,emotion,bilstm,10,joy,fear,True,0.40462396,
emotion-te-01796,en-Latn,brighter-eng,emotion,bilstm,21,anger,fear|joy|sadness,True,0.70619434,
emotion-te-01797,en-Latn,brighter-eng,emotion,bilstm,7,joy,joy|surprise,True,0.5403629,
emotion-te-01798,en-Latn,brighter-eng,emotion,bilstm,4,fear|surprise,fear|joy|surprise,True,0.7019645,
emotion-te-01799,en-Latn,brighter-eng,emotion,bilstm,25,joy,fear|surprise,True,0.9170757,
emotion-te-01800,en-Latn,brighter-eng,emotion,bilstm,19,fear|joy|surprise,fear|surprise,True,0.97726125,
emotion-te-01801,en-Latn,brighter-eng,emotion,bilstm,11,fear|sadness,fear|joy|sadness,True,0.68502414,
emotion-te-01802,en-Latn,brighter-eng,emotion,bilstm,13,joy|sadness,fear|joy|sadness,True,0.66626346,
emotion-te-01803,en-Latn,brighter-eng,emotion,bilstm,8,fear|surprise,fear|joy|surprise,True,0.61653984,
emotion-te-01804,en-Latn,brighter-eng,emotion,bilstm,22,anger|fear|surprise,fear|joy|surprise,True,0.59809846,
emotion-te-01805,en-Latn,brighter-eng,emotion,bilstm,5,fear|surprise,anger|fear|surprise,True,0.95215595,
emotion-te-01806,en-Latn,brighter-eng,emotion,bilstm,12,fear,fear|sadness,True,0.5446932,
emotion-te-01807,en-Latn,brighter-eng,emotion,bilstm,8,anger,anger|fear|sadness,True,0.7933759,
emotion-te-01808,en-Latn,brighter-eng,emotion,bilstm,34,joy|surprise,anger|fear|sadness|surprise,True,0.9049373,
emotion-te-01809,en-Latn,brighter-eng,emotion,bilstm,7,fear|sadness,fear|sadness,False,0.8765271,
emotion-te-01810,en-Latn,brighter-eng,emotion,bilstm,33,fear,fear|joy|sadness,True,0.649523,
emotion-te-01811,en-Latn,brighter-eng,emotion,bilstm,14,fear,fear|joy|sadness,True,0.5454459,
emotion-te-01812,en-Latn,brighter-eng,emotion,bilstm,38,none,fear|sadness,True,0.81550884,
emotion-te-01813,en-Latn,brighter-eng,emotion,bilstm,40,fear|sadness,fear|sadness,False,0.5695236,
emotion-te-01814,en-Latn,brighter-eng,emotion,bilstm,11,none,disgust|fear|surprise,True,0.7589975,
emotion-te-01815,en-Latn,brighter-eng,emotion,bilstm,29,surprise,fear|sadness,True,0.739369,
emotion-te-01816,en-Latn,brighter-eng,emotion,bilstm,9,joy,fear|joy|surprise,True,0.65176123,
emotion-te-01817,en-Latn,brighter-eng,emotion,bilstm,7,joy,joy,False,0.73700845,
emotion-te-01818,en-Latn,brighter-eng,emotion,bilstm,5,fear|sadness,fear|sadness|surprise,True,0.97337836,
emotion-te-01819,en-Latn,brighter-eng,emotion,bilstm,11,surprise,fear|sadness|surprise,True,0.84485847,
emotion-te-01820,en-Latn,brighter-eng,emotion,bilstm,18,fear,fear|sadness,True,0.8507624,
emotion-te-01821,en-Latn,brighter-eng,emotion,bilstm,15,fear|surprise,fear|sadness,True,0.5690895,
emotion-te-01822,en-Latn,brighter-eng,emotion,bilstm,7,joy|surprise,fear|surprise,True,0.9051595,
emotion-te-01823,en-Latn,brighter-eng,emotion,bilstm,22,fear|surprise,fear|sadness,True,0.950064,
emotion-te-01824,en-Latn,brighter-eng,emotion,bilstm,12,anger,fear|surprise,True,0.96694237,
emotion-te-01825,en-Latn,brighter-eng,emotion,bilstm,9,joy,fear,True,0.71181697,
emotion-te-01826,en-Latn,brighter-eng,emotion,bilstm,39,fear,fear|surprise,True,0.5998209,
emotion-te-01827,en-Latn,brighter-eng,emotion,bilstm,24,fear,joy|surprise,True,0.6451772,
emotion-te-01828,en-Latn,brighter-eng,emotion,bilstm,6,fear|surprise,anger|fear|sadness|surprise,True,0.8678978,
emotion-te-01829,en-Latn,brighter-eng,emotion,bilstm,20,fear|sadness,fear|sadness,False,0.9563218,
emotion-te-01830,en-Latn,brighter-eng,emotion,bilstm,15,fear|surprise,joy,True,0.46940416,
emotion-te-01831,en-Latn,brighter-eng,emotion,bilstm,10,fear|sadness,anger|fear|sadness,True,0.6867647,
emotion-te-01832,en-Latn,brighter-eng,emotion,bilstm,17,joy,surprise,True,0.5353482,
emotion-te-01833,en-Latn,brighter-eng,emotion,bilstm,15,fear|surprise,fear|sadness|surprise,True,0.8451621,
emotion-te-01834,en-Latn,brighter-eng,emotion,bilstm,11,fear|sadness,anger|sadness,True,0.7773081,
emotion-te-01835,en-Latn,brighter-eng,emotion,bilstm,19,surprise,fear|sadness|surprise,True,0.98492765,
emotion-te-01836,en-Latn,brighter-eng,emotion,bilstm,26,none,fear|sadness,True,0.8970174,
emotion-te-01837,en-Latn,brighter-eng,emotion,bilstm,17,fear|sadness,fear|sadness,False,0.76822907,
emotion-te-01838,en-Latn,brighter-eng,emotion,bilstm,7,fear|sadness|surprise,anger|fear|sadness,True,0.82796544,
emotion-te-01839,en-Latn,brighter-eng,emotion,bilstm,12,fear,fear|joy|surprise,True,0.86194,
emotion-te-01840,en-Latn,brighter-eng,emotion,bilstm,21,joy,fear|sadness,True,0.77500486,
emotion-te-01841,en-Latn,brighter-eng,emotion,bilstm,5,fear|sadness|surprise,disgust|fear|sadness|surprise,False,0.7944237,
emotion-te-01842,en-Latn,brighter-eng,emotion,bilstm,19,fear,fear|sadness,True,0.8753661,
emotion-te-01843,en-Latn,brighter-eng,emotion,bilstm,6,fear|surprise,fear,True,0.8424855,
emotion-te-01844,en-Latn,brighter-eng,emotion,bilstm,24,fear,fear|sadness,True,0.93698716,
emotion-te-01845,en-Latn,brighter-eng,emotion,bilstm,21,none,fear|joy|surprise,True,0.94733983,
emotion-te-01846,en-Latn,brighter-eng,emotion,bilstm,14,joy,joy,False,0.92520815,
emotion-te-01847,en-Latn,brighter-eng,emotion,bilstm,11,none,joy,True,0.9121313,
emotion-te-01848,en-Latn,brighter-eng,emotion,bilstm,11,surprise,surprise,False,0.6242029,
emotion-te-01849,en-Latn,brighter-eng,emotion,bilstm,8,joy|surprise,fear|surprise,True,0.82475007,
emotion-te-01850,en-Latn,brighter-eng,emotion,bilstm,17,sadness,fear|joy,True,0.5104211,
emotion-te-01851,en-Latn,brighter-eng,emotion,bilstm,12,anger|fear|sadness,fear|sadness,True,0.9660293,
emotion-te-01852,en-Latn,brighter-eng,emotion,bilstm,7,anger|fear,anger|fear|sadness|surprise,True,0.7976555,
emotion-te-01853,en-Latn,brighter-eng,emotion,bilstm,6,surprise,anger|fear|surprise,True,0.80106586,
emotion-te-01854,en-Latn,brighter-eng,emotion,bilstm,27,anger|fear,joy|surprise,True,0.79127854,
emotion-te-01855,en-Latn,brighter-eng,emotion,bilstm,18,joy,joy,False,0.9442487,
emotion-te-01856,en-Latn,brighter-eng,emotion,bilstm,43,fear|sadness,fear|sadness|surprise,True,0.8932257,
emotion-te-01857,en-Latn,brighter-eng,emotion,bilstm,36,fear,fear|sadness,True,0.7401867,
emotion-te-01858,en-Latn,brighter-eng,emotion,bilstm,17,fear|surprise,fear|joy|surprise,True,0.69223183,
emotion-te-01859,en-Latn,brighter-eng,emotion,bilstm,5,joy,joy,False,0.9829914,
emotion-te-01860,en-Latn,brighter-eng,emotion,bilstm,40,joy,fear|joy|surprise,True,0.8726401,
emotion-te-01861,en-Latn,brighter-eng,emotion,bilstm,6,fear|sadness|surprise,anger|fear|sadness,True,0.7482719,
emotion-te-01862,en-Latn,brighter-eng,emotion,bilstm,41,fear|sadness,fear|sadness,False,0.8952563,
emotion-te-01863,en-Latn,brighter-eng,emotion,bilstm,5,fear,fear|sadness,True,0.7913106,
emotion-te-01864,en-Latn,brighter-eng,emotion,bilstm,21,fear,anger|fear|sadness,True,0.8096271,
emotion-te-01865,en-Latn,brighter-eng,emotion,bilstm,11,fear|surprise,fear|sadness|surprise,True,0.9565166,
emotion-te-01866,en-Latn,brighter-eng,emotion,bilstm,4,surprise,joy,True,0.98897856,
emotion-te-01867,en-Latn,brighter-eng,emotion,bilstm,20,joy,joy,False,0.46854988,
emotion-te-01868,en-Latn,brighter-eng,emotion,bilstm,15,anger|fear,anger|fear|surprise,True,0.6266802,
emotion-te-01869,en-Latn,brighter-eng,emotion,bilstm,20,surprise,fear|sadness|surprise,True,0.764231,
emotion-te-01870,en-Latn,brighter-eng,emotion,bilstm,13,joy|surprise,joy|surprise,False,0.84834284,
emotion-te-01871,en-Latn,brighter-eng,emotion,bilstm,14,joy,fear|joy,True,0.6750139,
emotion-te-01872,en-Latn,brighter-eng,emotion,bilstm,16,none,fear|sadness,True,0.9745462,
emotion-te-01873,en-Latn,brighter-eng,emotion,bilstm,38,joy,joy,False,0.74323446,
emotion-te-01874,en-Latn,brighter-eng,emotion,bilstm,19,fear,fear|surprise,True,0.90519446,
emotion-te-01875,en-Latn,brighter-eng,emotion,bilstm,21,anger|fear,joy,True,0.4272771,
emotion-te-01876,en-Latn,brighter-eng,emotion,bilstm,12,fear|surprise,fear|sadness,True,0.5504746,
emotion-te-01877,en-Latn,brighter-eng,emotion,bilstm,37,anger,fear|surprise,True,0.9280444,
emotion-te-01878,en-Latn,brighter-eng,emotion,bilstm,10,fear|surprise,fear|surprise,False,0.9682552,
emotion-te-01879,en-Latn,brighter-eng,emotion,bilstm,4,none,fear|sadness|surprise,True,0.9054438,
emotion-te-01880,en-Latn,brighter-eng,emotion,bilstm,13,fear|joy,fear|joy|surprise,True,0.58136165,
emotion-te-01881,en-Latn,brighter-eng,emotion,bilstm,11,fear|sadness,fear|joy,True,0.52678436,
emotion-te-01882,en-Latn,brighter-eng,emotion,bilstm,6,fear|surprise,fear|surprise,False,0.87660027,
emotion-te-01883,en-Latn,brighter-eng,emotion,bilstm,26,none,joy|surprise,True,0.761642,
emotion-te-01884,en-Latn,brighter-eng,emotion,bilstm,8,anger,anger|fear|sadness,True,0.82648504,
emotion-te-01885,en-Latn,brighter-eng,emotion,bilstm,9,joy,fear|joy|surprise,True,0.83649546,
emotion-te-01886,en-Latn,brighter-eng,emotion,bilstm,4,fear|surprise,anger|fear|sadness|surprise,True,0.78019816,
emotion-te-01887,en-Latn,brighter-eng,emotion,bilstm,15,none,fear|joy,True,0.5236677,
emotion-te-01888,en-Latn,brighter-eng,emotion,bilstm,40,joy,fear|sadness,True,0.66345066,
emotion-te-01889,en-Latn,brighter-eng,emotion,bilstm,14,fear|sadness,joy,True,0.64337575,
emotion-te-01890,en-Latn,brighter-eng,emotion,bilstm,4,fear|surprise,fear|sadness|surprise,True,0.69982654,
emotion-te-01891,en-Latn,brighter-eng,emotion,bilstm,7,none,fear,True,0.42856526,
emotion-te-01892,en-Latn,brighter-eng,emotion,bilstm,8,surprise,fear|surprise,True,0.9774734,
emotion-te-01893,en-Latn,brighter-eng,emotion,bilstm,8,anger|surprise,fear|sadness|surprise,True,0.8640912,
emotion-te-01894,en-Latn,brighter-eng,emotion,bilstm,6,joy,fear|joy|surprise,True,0.7589299,
emotion-te-01895,en-Latn,brighter-eng,emotion,bilstm,10,fear|sadness,fear|sadness,False,0.70683515,
emotion-te-01896,en-Latn,brighter-eng,emotion,bilstm,17,joy,fear|sadness,True,0.613412,
emotion-te-01897,en-Latn,brighter-eng,emotion,bilstm,20,anger|fear|sadness|surprise,anger|fear|sadness,True,0.57322514,
emotion-te-01898,en-Latn,brighter-eng,emotion,bilstm,18,surprise,anger|fear|sadness|surprise,True,0.9490936,
emotion-te-01899,en-Latn,brighter-eng,emotion,bilstm,12,fear|sadness,sadness,True,0.47321188,
emotion-te-01900,en-Latn,brighter-eng,emotion,bilstm,23,fear,fear|sadness,True,0.965336,
emotion-te-01901,en-Latn,brighter-eng,emotion,bilstm,21,joy,fear|sadness,True,0.8845173,
emotion-te-01902,en-Latn,brighter-eng,emotion,bilstm,22,none,joy,True,0.8455838,
emotion-te-01903,en-Latn,brighter-eng,emotion,bilstm,12,fear|surprise,fear|sadness|surprise,True,0.8950536,
emotion-te-01904,en-Latn,brighter-eng,emotion,bilstm,16,fear,fear|sadness,True,0.77456796,
emotion-te-01905,en-Latn,brighter-eng,emotion,bilstm,4,anger|fear|sadness,fear|sadness,True,0.85124403,
emotion-te-01906,en-Latn,brighter-eng,emotion,bilstm,10,none,joy,True,0.683244,
emotion-te-01907,en-Latn,brighter-eng,emotion,bilstm,11,fear|surprise,fear|sadness|surprise,True,0.89217407,
emotion-te-01908,en-Latn,brighter-eng,emotion,bilstm,8,fear,anger|fear|joy|surprise,True,0.6274186,
emotion-te-01909,en-Latn,brighter-eng,emotion,bilstm,4,anger|joy,anger|fear|sadness|surprise,True,0.90739304,
emotion-te-01910,en-Latn,brighter-eng,emotion,bilstm,7,anger|fear|surprise,fear,True,0.759965,
emotion-te-01911,en-Latn,brighter-eng,emotion,bilstm,4,anger,anger|fear|sadness,True,0.7867551,
emotion-te-01912,en-Latn,brighter-eng,emotion,bilstm,4,joy|surprise,fear|sadness,True,0.4573931,
emotion-te-01913,en-Latn,brighter-eng,emotion,bilstm,2,surprise,joy,True,0.8203981,
emotion-te-01914,en-Latn,brighter-eng,emotion,bilstm,13,none,fear,True,0.46448982,
emotion-te-01915,en-Latn,brighter-eng,emotion,bilstm,8,fear|surprise,fear|sadness|surprise,True,0.7427649,
emotion-te-01916,en-Latn,brighter-eng,emotion,bilstm,35,fear|joy|surprise,fear|surprise,True,0.75903213,
emotion-te-01917,en-Latn,brighter-eng,emotion,bilstm,9,sadness,fear|surprise,True,0.78681046,
emotion-te-01918,en-Latn,brighter-eng,emotion,bilstm,13,joy|sadness,fear|joy|surprise,True,0.9256477,
emotion-te-01919,en-Latn,brighter-eng,emotion,bilstm,39,none,fear|sadness,True,0.7632918,
emotion-te-01920,en-Latn,brighter-eng,emotion,bilstm,47,fear,fear|surprise,True,0.9668315,
emotion-te-01921,en-Latn,brighter-eng,emotion,bilstm,12,fear|sadness|surprise,surprise,True,0.71999776,
emotion-te-01922,en-Latn,brighter-eng,emotion,bilstm,7,fear|sadness,fear|sadness|surprise,True,0.83305466,
emotion-te-01923,en-Latn,brighter-eng,emotion,bilstm,28,fear|sadness|surprise,fear,True,0.9227199,
emotion-te-01924,en-Latn,brighter-eng,emotion,bilstm,28,joy,fear|sadness,True,0.8651576,
emotion-te-01925,en-Latn,brighter-eng,emotion,bilstm,5,none,fear|surprise,True,0.994311,
emotion-te-01926,en-Latn,brighter-eng,emotion,bilstm,13,joy,anger|fear|sadness|surprise,True,0.90964055,
emotion-te-01927,en-Latn,brighter-eng,emotion,bilstm,8,surprise,fear,True,0.4550253,
emotion-te-01928,en-Latn,brighter-eng,emotion,bilstm,54,fear|sadness,fear|sadness,False,0.95493096,
emotion-te-01929,en-Latn,brighter-eng,emotion,bilstm,19,anger|fear,anger|fear,False,0.5773585,
emotion-te-01930,en-Latn,brighter-eng,emotion,bilstm,14,fear|sadness|surprise,fear|surprise,True,0.81562394,
emotion-te-01931,en-Latn,brighter-eng,emotion,bilstm,20,joy,joy,False,0.92575186,
emotion-te-01932,en-Latn,brighter-eng,emotion,bilstm,4,none,fear|sadness|surprise,True,0.8068388,
emotion-te-01933,en-Latn,brighter-eng,emotion,bilstm,19,fear|sadness,anger|fear|sadness,True,0.95296276,
emotion-te-01934,en-Latn,brighter-eng,emotion,bilstm,11,fear|joy|sadness,anger|fear|sadness|surprise,True,0.7404773,
emotion-te-01935,en-Latn,brighter-eng,emotion,bilstm,12,anger|fear|sadness,fear|sadness,True,0.82404554,
emotion-te-01936,en-Latn,brighter-eng,emotion,bilstm,4,fear|surprise,fear,True,0.5776838,
emotion-te-01937,en-Latn,brighter-eng,emotion,bilstm,4,anger,fear|surprise,True,0.9778636,
emotion-te-01938,en-Latn,brighter-eng,emotion,bilstm,4,anger|fear|surprise,anger|fear|sadness|surprise,True,0.8292089,
emotion-te-01939,en-Latn,brighter-eng,emotion,bilstm,13,joy,joy,False,0.6557109,
emotion-te-01940,en-Latn,brighter-eng,emotion,bilstm,7,sadness|surprise,anger|fear|surprise,True,0.8229677,
emotion-te-01941,en-Latn,brighter-eng,emotion,bilstm,29,joy,fear|joy,True,0.63874745,
emotion-te-01942,en-Latn,brighter-eng,emotion,bilstm,9,fear|surprise,joy|surprise,True,0.73930246,
emotion-te-01943,en-Latn,brighter-eng,emotion,bilstm,5,none,anger|fear|joy|sadness|surprise,True,0.74477077,
emotion-te-01944,en-Latn,brighter-eng,emotion,bilstm,21,fear|joy,fear|sadness,True,0.82458913,
emotion-te-01945,en-Latn,brighter-eng,emotion,bilstm,8,fear,sadness,True,0.44921738,
emotion-te-01946,en-Latn,brighter-eng,emotion,bilstm,5,fear|surprise,fear,True,0.48385212,
emotion-te-01947,en-Latn,brighter-eng,emotion,bilstm,15,fear,fear,False,0.6362398,
emotion-te-01948,en-Latn,brighter-eng,emotion,bilstm,10,fear,joy,True,0.7012534,
emotion-te-01949,en-Latn,brighter-eng,emotion,bilstm,22,fear,fear|sadness,True,0.8169849,
emotion-te-01950,en-Latn,brighter-eng,emotion,bilstm,30,fear|sadness,fear|sadness,False,0.92699116,
emotion-te-01951,en-Latn,brighter-eng,emotion,bilstm,30,fear|sadness,fear|sadness,False,0.820855,
emotion-te-01952,en-Latn,brighter-eng,emotion,bilstm,13,joy|surprise,fear|sadness,True,0.72849995,
emotion-te-01953,en-Latn,brighter-eng,emotion,bilstm,4,fear|surprise,fear|sadness|surprise,True,0.62033004,
emotion-te-01954,en-Latn,brighter-eng,emotion,bilstm,12,anger|fear|sadness|surprise,fear|surprise,True,0.7812394,
emotion-te-01955,en-Latn,brighter-eng,emotion,bilstm,8,none,fear,True,0.5935771,
emotion-te-01956,en-Latn,brighter-eng,emotion,bilstm,7,fear|surprise,fear|surprise,False,0.89296025,
emotion-te-01957,en-Latn,brighter-eng,emotion,bilstm,13,surprise,anger|sadness,True,0.73472744,
emotion-te-01958,en-Latn,brighter-eng,emotion,bilstm,7,joy,fear|surprise,True,0.7932321,
emotion-te-01959,en-Latn,brighter-eng,emotion,bilstm,19,fear|sadness|surprise,anger|fear|sadness|surprise,True,0.84080136,
emotion-te-01960,en-Latn,brighter-eng,emotion,bilstm,33,anger|fear|sadness,fear|sadness|surprise,True,0.88069725,
emotion-te-01961,en-Latn,brighter-eng,emotion,bilstm,33,joy|surprise,fear|joy|surprise,True,0.873165,
emotion-te-01962,en-Latn,brighter-eng,emotion,bilstm,16,fear|sadness,joy|sadness,True,0.640526,
emotion-te-01963,en-Latn,brighter-eng,emotion,bilstm,7,joy,joy,False,0.9810503,
emotion-te-01964,en-Latn,brighter-eng,emotion,bilstm,11,fear|sadness,fear|sadness,False,0.9620177,
emotion-te-01965,en-Latn,brighter-eng,emotion,bilstm,21,anger|fear,fear|joy|sadness,True,0.44961378,
emotion-te-01966,en-Latn,brighter-eng,emotion,bilstm,26,none,fear,True,0.6414122,
emotion-te-01967,en-Latn,brighter-eng,emotion,bilstm,4,none,fear|surprise,True,0.83315545,
emotion-te-01968,en-Latn,brighter-eng,emotion,bilstm,39,anger|fear,fear|sadness|surprise,True,0.94002056,
emotion-te-01969,en-Latn,brighter-eng,emotion,bilstm,4,fear|surprise,fear|surprise,False,0.89320016,
emotion-te-01970,en-Latn,brighter-eng,emotion,bilstm,15,fear|sadness|surprise,fear|sadness|surprise,False,0.97959226,
emotion-te-01971,en-Latn,brighter-eng,emotion,bilstm,53,fear|sadness|surprise,fear|sadness|surprise,False,0.83551025,
emotion-te-01972,en-Latn,brighter-eng,emotion,bilstm,20,fear|sadness,fear|sadness,False,0.9686848,
emotion-te-01973,en-Latn,brighter-eng,emotion,bilstm,18,sadness,fear|sadness,True,0.75420433,
emotion-te-01974,en-Latn,brighter-eng,emotion,bilstm,4,fear|surprise,anger|fear|sadness,True,0.63528407,
emotion-te-01975,en-Latn,brighter-eng,emotion,bilstm,7,fear|sadness,none,True,0.37685373,
emotion-te-01976,en-Latn,brighter-eng,emotion,bilstm,10,none,joy,True,0.8817568,
emotion-te-01977,en-Latn,brighter-eng,emotion,bilstm,9,anger|fear|surprise,anger|fear|sadness,True,0.7111844,
emotion-te-01978,en-Latn,brighter-eng,emotion,bilstm,7,fear|sadness,fear|surprise,True,0.7687081,
emotion-te-01979,en-Latn,brighter-eng,emotion,bilstm,7,joy,fear|joy|sadness|surprise,True,0.6349444,
emotion-te-01980,en-Latn,brighter-eng,emotion,bilstm,12,joy,anger|sadness,True,0.68347156,
emotion-te-01981,en-Latn,brighter-eng,emotion,bilstm,7,fear|sadness,anger|fear|sadness|surprise,True,0.8837029,
emotion-te-01982,en-Latn,brighter-eng,emotion,bilstm,6,none,joy,True,0.44845855,
emotion-te-01983,en-Latn,brighter-eng,emotion,bilstm,36,fear|sadness,fear|sadness,False,0.88508004,
emotion-te-01984,en-Latn,brighter-eng,emotion,bilstm,4,fear|surprise,fear|sadness,True,0.6297732,
emotion-te-01985,en-Latn,brighter-eng,emotion,bilstm,32,fear|joy|surprise,fear|surprise,True,0.8959301,
emotion-te-01986,en-Latn,brighter-eng,emotion,bilstm,12,anger|fear|surprise,fear,True,0.9100519,
emotion-te-01987,en-Latn,brighter-eng,emotion,bilstm,5,fear|surprise,anger|fear|sadness,True,0.72376287,
emotion-te-01988,en-Latn,brighter-eng,emotion,bilstm,7,anger|fear|sadness,fear|surprise,True,0.9019608,
emotion-te-01989,en-Latn,brighter-eng,emotion,bilstm,11,fear,fear|sadness,True,0.7246086,
emotion-te-01990,en-Latn,brighter-eng,emotion,bilstm,13,surprise,joy,True,0.60179716,
emotion-te-01991,en-Latn,brighter-eng,emotion,bilstm,22,fear|sadness,fear|sadness,False,0.96420306,
emotion-te-01992,en-Latn,brighter-eng,emotion,bilstm,7,anger|joy|surprise,anger|fear|sadness,True,0.9189601,
emotion-te-01993,en-Latn,brighter-eng,emotion,bilstm,30,joy,joy|surprise,True,0.87900466,
emotion-te-01994,en-Latn,brighter-eng,emotion,bilstm,14,joy,fear|sadness|surprise,True,0.84905344,
emotion-te-01995,en-Latn,brighter-eng,emotion,bilstm,10,fear|sadness,fear,True,0.70774597,
emotion-te-01996,en-Latn,brighter-eng,emotion,bilstm,12,fear,fear,False,0.75589865,
emotion-te-01997,en-Latn,brighter-eng,emotion,bilstm,7,none,fear|sadness,True,0.51743037,
emotion-te-01998,en-Latn,brighter-eng,emotion,bilstm,11,fear|sadness,fear|sadness,False,0.838377,
emotion-te-01999,en-Latn,brighter-eng,emotion,bilstm,36,joy|surprise,fear,True,0.83233064,
emotion-te-02000,en-Latn,brighter-eng,emotion,bilstm,4,joy,joy,False,0.88227016,
emotion-te-02001,en-Latn,brighter-eng,emotion,bilstm,4,fear|surprise,fear|sadness,True,0.9095653,
emotion-te-02002,en-Latn,brighter-eng,emotion,bilstm,6,fear,fear,False,0.49827978,
emotion-te-02003,en-Latn,brighter-eng,emotion,bilstm,20,fear|surprise,anger|fear|surprise,True,0.7662328,
emotion-te-02004,en-Latn,brighter-eng,emotion,bilstm,23,none,joy,True,0.61372316,
emotion-te-02005,en-Latn,brighter-eng,emotion,bilstm,6,fear|sadness,fear,True,0.98525083,
emotion-te-02006,en-Latn,brighter-eng,emotion,bilstm,16,fear|surprise,fear|joy|surprise,True,0.84952074,
emotion-te-02007,en-Latn,brighter-eng,emotion,bilstm,14,sadness,anger|fear|sadness|surprise,True,0.84632796,
emotion-te-02008,en-Latn,brighter-eng,emotion,bilstm,44,anger|joy,joy,True,0.7599361,
emotion-te-02009,en-Latn,brighter-eng,emotion,bilstm,38,none,fear|sadness,True,0.60935855,
emotion-te-02010,en-Latn,brighter-eng,emotion,bilstm,48,fear,fear|sadness,True,0.89770895,
emotion-te-02011,en-Latn,brighter-eng,emotion,bilstm,13,anger|fear|sadness,anger|disgust|fear|sadness,False,0.80474716,
emotion-te-02012,en-Latn,brighter-eng,emotion,bilstm,20,joy|sadness,fear|joy,True,0.52650917,
emotion-te-02013,en-Latn,brighter-eng,emotion,bilstm,7,fear|surprise,anger|fear|surprise,True,0.9225635,
emotion-te-02014,en-Latn,brighter-eng,emotion,bilstm,19,fear|sadness|surprise,fear|sadness,True,0.7144441,
emotion-te-02015,en-Latn,brighter-eng,emotion,bilstm,9,none,none,False,0.33472463,
emotion-te-02016,en-Latn,brighter-eng,emotion,bilstm,26,joy,fear|joy|sadness,True,0.5429558,
emotion-te-02017,en-Latn,brighter-eng,emotion,bilstm,7,none,none,False,0.3627781,
emotion-te-02018,en-Latn,brighter-eng,emotion,bilstm,5,fear|sadness,fear|sadness|surprise,True,0.91867554,
emotion-te-02019,en-Latn,brighter-eng,emotion,bilstm,11,fear,fear,False,0.44714537,
emotion-te-02020,en-Latn,brighter-eng,emotion,bilstm,9,fear,fear,False,0.40379074,
emotion-te-02021,en-Latn,brighter-eng,emotion,bilstm,29,joy,joy|sadness,True,0.6205213,
emotion-te-02022,en-Latn,brighter-eng,emotion,bilstm,5,none,joy|surprise,True,0.69797635,
emotion-te-02023,en-Latn,brighter-eng,emotion,bilstm,21,fear|sadness,fear|sadness,False,0.5671646,
emotion-te-02024,en-Latn,brighter-eng,emotion,bilstm,17,joy,fear|sadness,True,0.81253994,
emotion-te-02025,en-Latn,brighter-eng,emotion,bilstm,17,anger,fear|surprise,True,0.8361365,
emotion-te-02026,en-Latn,brighter-eng,emotion,bilstm,30,fear|surprise,fear|sadness,True,0.7584661,
emotion-te-02027,en-Latn,brighter-eng,emotion,bilstm,18,anger|surprise,fear|sadness|surprise,True,0.8256708,
emotion-te-02028,en-Latn,brighter-eng,emotion,bilstm,27,joy,fear|joy|surprise,True,0.7170671,
emotion-te-02029,en-Latn,brighter-eng,emotion,bilstm,15,joy,fear|surprise,True,0.91933167,
emotion-te-02030,en-Latn,brighter-eng,emotion,bilstm,4,anger|fear|sadness,anger|fear|sadness,False,0.7346771,
emotion-te-02031,en-Latn,brighter-eng,emotion,bilstm,4,fear|sadness|surprise,fear|surprise,True,0.92520773,
emotion-te-02032,en-Latn,brighter-eng,emotion,bilstm,9,joy,fear,True,0.76286244,
emotion-te-02033,en-Latn,brighter-eng,emotion,bilstm,16,joy|sadness,joy|sadness,False,0.7387842,
emotion-te-02034,en-Latn,brighter-eng,emotion,bilstm,21,fear|sadness,fear|sadness,False,0.82058644,
emotion-te-02035,en-Latn,brighter-eng,emotion,bilstm,9,joy,fear|surprise,True,0.5952961,
emotion-te-02036,en-Latn,brighter-eng,emotion,bilstm,9,fear|sadness,fear,True,0.41436315,
emotion-te-02037,en-Latn,brighter-eng,emotion,bilstm,3,joy,anger|fear|surprise,True,0.556497,
emotion-te-02038,en-Latn,brighter-eng,emotion,bilstm,10,joy,fear|joy|surprise,True,0.6787273,
emotion-te-02039,en-Latn,brighter-eng,emotion,bilstm,32,anger|fear|sadness,fear|sadness,True,0.72900677,
emotion-te-02040,en-Latn,brighter-eng,emotion,bilstm,16,joy,fear|joy|surprise,True,0.8207381,
emotion-te-02041,en-Latn,brighter-eng,emotion,bilstm,6,anger|fear|surprise,anger|fear|sadness|surprise,True,0.7764046,
emotion-te-02042,en-Latn,brighter-eng,emotion,bilstm,30,anger,joy,True,0.88226146,
emotion-te-02043,en-Latn,brighter-eng,emotion,bilstm,9,fear|sadness,fear,True,0.8219402,
emotion-te-02044,en-Latn,brighter-eng,emotion,bilstm,6,joy,fear|joy|surprise,True,0.78673935,
emotion-te-02045,en-Latn,brighter-eng,emotion,bilstm,27,none,joy|sadness,True,0.4240236,
emotion-te-02046,en-Latn,brighter-eng,emotion,bilstm,16,joy,fear,True,0.5039521,
emotion-te-02047,en-Latn,brighter-eng,emotion,bilstm,10,joy|surprise,fear|sadness,True,0.8275612,
emotion-te-02048,en-Latn,brighter-eng,emotion,bilstm,27,joy,fear|sadness,True,0.77534103,
emotion-te-02049,en-Latn,brighter-eng,emotion,bilstm,21,sadness,anger|sadness,True,0.67822224,
emotion-te-02050,en-Latn,brighter-eng,emotion,bilstm,72,fear|joy,disgust|fear|surprise,True,0.8797823,
emotion-te-02051,en-Latn,brighter-eng,emotion,bilstm,10,fear|surprise,fear|sadness|surprise,True,0.9700022,
emotion-te-02052,en-Latn,brighter-eng,emotion,bilstm,12,joy,fear|sadness,True,0.7998651,
emotion-te-02053,en-Latn,brighter-eng,emotion,bilstm,4,none,fear|joy,True,0.62162876,
emotion-te-02054,en-Latn,brighter-eng,emotion,bilstm,12,fear|surprise,fear|sadness,True,0.894271,
emotion-te-02055,en-Latn,brighter-eng,emotion,bilstm,13,fear,fear|sadness,True,0.96435857,
emotion-te-02056,en-Latn,brighter-eng,emotion,bilstm,39,none,joy,True,0.70739317,
emotion-te-02057,en-Latn,brighter-eng,emotion,bilstm,5,anger|fear|surprise,anger|disgust|fear|joy|sadness|surprise,True,0.784957,
emotion-te-02058,en-Latn,brighter-eng,emotion,bilstm,10,fear,joy,True,0.6951649,
emotion-te-02059,en-Latn,brighter-eng,emotion,bilstm,5,none,disgust|joy|surprise,True,0.70159113,
emotion-te-02060,en-Latn,brighter-eng,emotion,bilstm,4,anger,anger,False,0.4687028,
emotion-te-02061,en-Latn,brighter-eng,emotion,bilstm,10,joy,joy,False,0.4321631,
emotion-te-02062,en-Latn,brighter-eng,emotion,bilstm,34,fear,joy|surprise,True,0.86397177,
emotion-te-02063,en-Latn,brighter-eng,emotion,bilstm,14,fear|sadness,joy,True,0.4442864,
emotion-te-02064,en-Latn,brighter-eng,emotion,bilstm,7,sadness,anger|disgust|fear|sadness|surprise,True,0.6947569,
emotion-te-02065,en-Latn,brighter-eng,emotion,bilstm,9,fear|sadness,joy,True,0.75474155,
emotion-te-02066,en-Latn,brighter-eng,emotion,bilstm,8,fear|sadness,fear|sadness,False,0.46933845,
emotion-te-02067,en-Latn,brighter-eng,emotion,bilstm,7,none,joy,True,0.7792547,
emotion-te-02068,en-Latn,brighter-eng,emotion,bilstm,10,fear|surprise,fear|surprise,False,0.93720156,
emotion-te-02069,en-Latn,brighter-eng,emotion,bilstm,3,sadness,fear|sadness,True,0.5768748,
emotion-te-02070,en-Latn,brighter-eng,emotion,bilstm,26,fear|sadness|surprise,fear|sadness|surprise,False,0.97481585,
emotion-te-02071,en-Latn,brighter-eng,emotion,bilstm,13,fear,fear|sadness,True,0.7352804,
emotion-te-02072,en-Latn,brighter-eng,emotion,bilstm,7,fear,fear|sadness,True,0.54659146,
emotion-te-02073,en-Latn,brighter-eng,emotion,bilstm,4,fear|surprise,anger|fear|joy|surprise,True,0.7135375,
emotion-te-02074,en-Latn,brighter-eng,emotion,bilstm,19,fear,fear,False,0.7016081,
emotion-te-02075,en-Latn,brighter-eng,emotion,bilstm,4,fear|surprise,fear|sadness|surprise,True,0.9555727,
emotion-te-02076,en-Latn,brighter-eng,emotion,bilstm,13,fear|sadness,fear|sadness,False,0.9936807,
emotion-te-02077,en-Latn,brighter-eng,emotion,bilstm,24,fear|sadness,fear|sadness,False,0.9897278,
emotion-te-02078,en-Latn,brighter-eng,emotion,bilstm,28,fear|sadness,joy|surprise,True,0.713293,
emotion-te-02079,en-Latn,brighter-eng,emotion,bilstm,31,anger|fear,fear|surprise,True,0.8702305,
emotion-te-02080,en-Latn,brighter-eng,emotion,bilstm,11,joy,anger|fear|sadness,True,0.72058904,
emotion-te-02081,en-Latn,brighter-eng,emotion,bilstm,16,fear|sadness,none,True,0.39937186,
emotion-te-02082,en-Latn,brighter-eng,emotion,bilstm,10,joy,fear|joy|surprise,True,0.9087282,
emotion-te-02083,en-Latn,brighter-eng,emotion,bilstm,17,fear|sadness,fear|sadness,False,0.90594345,
emotion-te-02084,en-Latn,brighter-eng,emotion,bilstm,5,sadness,disgust|fear|surprise,True,0.92293674,
emotion-te-02085,en-Latn,brighter-eng,emotion,bilstm,7,fear|surprise,anger|fear|surprise,True,0.8537146,
emotion-te-02086,en-Latn,brighter-eng,emotion,bilstm,63,fear|sadness,fear|surprise,True,0.7880485,
emotion-te-02087,en-Latn,brighter-eng,emotion,bilstm,8,fear|sadness,disgust|fear|sadness|surprise,True,0.81193596,
emotion-te-02088,en-Latn,brighter-eng,emotion,bilstm,12,joy,fear|surprise,True,0.8223159,
emotion-te-02089,en-Latn,brighter-eng,emotion,bilstm,11,anger|fear|surprise,fear|sadness,True,0.7302829,
emotion-te-02090,en-Latn,brighter-eng,emotion,bilstm,22,anger|fear|surprise,fear|surprise,True,0.79716957,
emotion-te-02091,en-Latn,brighter-eng,emotion,bilstm,31,fear,fear,False,0.74784964,
emotion-te-02092,en-Latn,brighter-eng,emotion,bilstm,17,joy,joy,False,0.7691442,
emotion-te-02093,en-Latn,brighter-eng,emotion,bilstm,10,sadness,fear|sadness,True,0.8420767,
emotion-te-02094,en-Latn,brighter-eng,emotion,bilstm,8,anger,fear,True,0.52755207,
emotion-te-02095,en-Latn,brighter-eng,emotion,bilstm,4,none,fear|joy|sadness|surprise,True,0.5535273,
emotion-te-02096,en-Latn,brighter-eng,emotion,bilstm,9,fear|sadness|surprise,fear,True,0.72226125,
emotion-te-02097,en-Latn,brighter-eng,emotion,bilstm,19,anger|fear,fear|sadness,True,0.8138247,
emotion-te-02098,en-Latn,brighter-eng,emotion,bilstm,12,fear|sadness,anger|disgust|fear|sadness|surprise,True,0.84561235,
emotion-te-02099,en-Latn,brighter-eng,emotion,bilstm,10,fear,anger|fear|sadness,True,0.79345995,
emotion-te-02100,en-Latn,brighter-eng,emotion,bilstm,17,joy,joy,False,0.7685427,
emotion-te-02101,en-Latn,brighter-eng,emotion,bilstm,63,fear|sadness,fear|sadness,False,0.6260057,
emotion-te-02102,en-Latn,brighter-eng,emotion,bilstm,11,anger|fear|sadness|surprise,fear|surprise,True,0.8492035,
emotion-te-02103,en-Latn,brighter-eng,emotion,bilstm,7,joy,fear|joy|sadness|surprise,True,0.6275369,
emotion-te-02104,en-Latn,brighter-eng,emotion,bilstm,15,none,disgust|fear|surprise,True,0.87975407,
emotion-te-02105,en-Latn,brighter-eng,emotion,bilstm,15,fear|sadness,fear|sadness,False,0.85457873,
emotion-te-02106,en-Latn,brighter-eng,emotion,bilstm,17,surprise,fear|sadness,True,0.8279231,
emotion-te-02107,en-Latn,brighter-eng,emotion,bilstm,7,surprise,none,True,0.34709498,
emotion-te-02108,en-Latn,brighter-eng,emotion,bilstm,15,fear|surprise,joy,True,0.7919747,
emotion-te-02109,en-Latn,brighter-eng,emotion,bilstm,15,fear|sadness,fear|sadness|surprise,True,0.9574266,
emotion-te-02110,en-Latn,brighter-eng,emotion,bilstm,25,fear|sadness,anger|fear|sadness,True,0.7412836,
emotion-te-02111,en-Latn,brighter-eng,emotion,bilstm,19,fear,fear|sadness,True,0.8902099,
emotion-te-02112,en-Latn,brighter-eng,emotion,bilstm,6,fear|surprise,fear|sadness|surprise,True,0.9275477,
emotion-te-02113,en-Latn,brighter-eng,emotion,bilstm,31,fear|sadness,disgust|surprise,True,0.61258024,
emotion-te-02114,en-Latn,brighter-eng,emotion,bilstm,14,fear|joy,joy|surprise,True,0.53662884,
emotion-te-02115,en-Latn,brighter-eng,emotion,bilstm,13,fear,none,True,0.41688573,
emotion-te-02116,en-Latn,brighter-eng,emotion,bilstm,31,anger|fear|sadness,fear|sadness,True,0.93017477,
emotion-te-02117,en-Latn,brighter-eng,emotion,bilstm,17,fear|sadness,anger|fear|sadness,True,0.7090314,
emotion-te-02118,en-Latn,brighter-eng,emotion,bilstm,12,none,joy,True,0.8464365,
emotion-te-02119,en-Latn,brighter-eng,emotion,bilstm,33,fear|sadness,fear|sadness,False,0.9479602,
emotion-te-02120,en-Latn,brighter-eng,emotion,bilstm,7,none,joy|sadness,True,0.4924366,
emotion-te-02121,en-Latn,brighter-eng,emotion,bilstm,10,joy,joy|surprise,True,0.71435523,
emotion-te-02122,en-Latn,brighter-eng,emotion,bilstm,13,fear|sadness,fear|sadness,False,0.97982544,
emotion-te-02123,en-Latn,brighter-eng,emotion,bilstm,7,none,fear|joy,True,0.7263677,
emotion-te-02124,en-Latn,brighter-eng,emotion,bilstm,11,anger|fear|surprise,fear|sadness|surprise,True,0.78566766,
emotion-te-02125,en-Latn,brighter-eng,emotion,bilstm,12,fear|surprise,anger|fear|sadness|surprise,True,0.7589455,
emotion-te-02126,en-Latn,brighter-eng,emotion,bilstm,16,fear|sadness|surprise,fear|surprise,True,0.92365193,
emotion-te-02127,en-Latn,brighter-eng,emotion,bilstm,3,joy,anger|fear|sadness,True,0.5476206,
emotion-te-02128,en-Latn,brighter-eng,emotion,bilstm,16,fear|surprise,fear|surprise,False,0.8895042,
emotion-te-02129,en-Latn,brighter-eng,emotion,bilstm,10,fear|sadness|surprise,fear|surprise,True,0.88969195,
emotion-te-02130,en-Latn,brighter-eng,emotion,bilstm,10,joy,fear,True,0.6888442,
emotion-te-02131,en-Latn,brighter-eng,emotion,bilstm,4,none,fear,True,0.9593018,
emotion-te-02132,en-Latn,brighter-eng,emotion,bilstm,12,fear|sadness,disgust|fear|sadness|surprise,True,0.7847511,
emotion-te-02133,en-Latn,brighter-eng,emotion,bilstm,8,none,joy,True,0.5232524,
emotion-te-02134,en-Latn,brighter-eng,emotion,bilstm,25,joy|sadness,fear|sadness,True,0.76809585,
emotion-te-02135,en-Latn,brighter-eng,emotion,bilstm,11,sadness,joy,True,0.81162107,
emotion-te-02136,en-Latn,brighter-eng,emotion,bilstm,18,joy,fear|surprise,True,0.60057884,
emotion-te-02137,en-Latn,brighter-eng,emotion,bilstm,16,joy|surprise,joy|surprise,False,0.9120362,
emotion-te-02138,en-Latn,brighter-eng,emotion,bilstm,68,joy,fear|joy|surprise,True,0.57582057,
emotion-te-02139,en-Latn,brighter-eng,emotion,bilstm,14,fear|sadness,fear|sadness,False,0.97553015,
emotion-te-02140,en-Latn,brighter-eng,emotion,bilstm,11,fear|sadness,disgust|fear|surprise,True,0.8381427,
emotion-te-02141,en-Latn,brighter-eng,emotion,bilstm,16,fear|sadness,fear|joy|surprise,True,0.9826032,
emotion-te-02142,en-Latn,brighter-eng,emotion,bilstm,12,joy,fear|joy|surprise,True,0.7061254,
emotion-te-02143,en-Latn,brighter-eng,emotion,bilstm,22,joy,fear|joy|surprise,True,0.82159555,
emotion-te-02144,en-Latn,brighter-eng,emotion,bilstm,4,joy|surprise,fear|surprise,True,0.88904375,
emotion-te-02145,en-Latn,brighter-eng,emotion,bilstm,38,none,joy,True,0.5561848,
emotion-te-02146,en-Latn,brighter-eng,emotion,bilstm,13,fear|sadness,fear|sadness|surprise,True,0.6833166,
emotion-te-02147,en-Latn,brighter-eng,emotion,bilstm,33,fear,fear|joy|surprise,True,0.7600612,
emotion-te-02148,en-Latn,brighter-eng,emotion,bilstm,12,fear|surprise,fear|surprise,False,0.92877185,
emotion-te-02149,en-Latn,brighter-eng,emotion,bilstm,18,fear|joy|surprise,fear|surprise,True,0.8230309,
emotion-te-02150,en-Latn,brighter-eng,emotion,bilstm,15,fear,fear,False,0.86354184,
emotion-te-02151,en-Latn,brighter-eng,emotion,bilstm,16,sadness,fear|surprise,True,0.67423207,
emotion-te-02152,en-Latn,brighter-eng,emotion,bilstm,14,sadness,fear|sadness,True,0.9104777,
emotion-te-02153,en-Latn,brighter-eng,emotion,bilstm,5,fear|sadness,disgust|fear|sadness,False,0.8772447,
emotion-te-02154,en-Latn,brighter-eng,emotion,bilstm,12,surprise,disgust|fear|sadness|surprise,True,0.8222618,
emotion-te-02155,en-Latn,brighter-eng,emotion,bilstm,9,surprise,joy|surprise,True,0.84875095,
emotion-te-02156,en-Latn,brighter-eng,emotion,bilstm,11,joy,fear,True,0.48222795,
emotion-te-02157,en-Latn,brighter-eng,emotion,bilstm,11,anger|fear,fear|surprise,True,0.9018618,
emotion-te-02158,en-Latn,brighter-eng,emotion,bilstm,18,joy,joy,False,0.9385622,
emotion-te-02159,en-Latn,brighter-eng,emotion,bilstm,9,fear|surprise,fear|joy|surprise,True,0.61607426,
emotion-te-02160,en-Latn,brighter-eng,emotion,bilstm,8,fear|surprise,fear|sadness|surprise,True,0.9174388,
emotion-te-02161,en-Latn,brighter-eng,emotion,bilstm,17,joy,fear|joy,True,0.5882562,
emotion-te-02162,en-Latn,brighter-eng,emotion,bilstm,15,anger,joy,True,0.6107657,
emotion-te-02163,en-Latn,brighter-eng,emotion,bilstm,7,fear|surprise,fear|surprise,False,0.6416852,
emotion-te-02164,en-Latn,brighter-eng,emotion,bilstm,18,fear|surprise,fear|surprise,False,0.9397559,
emotion-te-02165,en-Latn,brighter-eng,emotion,bilstm,7,fear|sadness,fear,True,0.5440629,
emotion-te-02166,en-Latn,brighter-eng,emotion,bilstm,9,surprise,fear|surprise,True,0.8552032,
emotion-te-02167,en-Latn,brighter-eng,emotion,bilstm,7,fear|sadness|surprise,fear|joy|surprise,True,0.5517331,
emotion-te-02168,en-Latn,brighter-eng,emotion,bilstm,16,anger|fear,fear|sadness|surprise,True,0.75206524,
emotion-te-02169,en-Latn,brighter-eng,emotion,bilstm,16,fear|surprise,fear|joy|surprise,True,0.84560007,
emotion-te-02170,en-Latn,brighter-eng,emotion,bilstm,10,fear|sadness,fear|joy,True,0.5611766,
emotion-te-02171,en-Latn,brighter-eng,emotion,bilstm,11,fear|sadness,fear|sadness,False,0.8822406,
emotion-te-02172,en-Latn,brighter-eng,emotion,bilstm,14,fear|surprise,fear|sadness|surprise,True,0.97371656,
emotion-te-02173,en-Latn,brighter-eng,emotion,bilstm,4,fear|sadness|surprise,anger|disgust|fear|sadness|surprise,True,0.82864136,
emotion-te-02174,en-Latn,brighter-eng,emotion,bilstm,14,joy|surprise,joy|surprise,False,0.7418814,
emotion-te-02175,en-Latn,brighter-eng,emotion,bilstm,8,surprise,fear|sadness|surprise,True,0.81737334,
emotion-te-02176,en-Latn,brighter-eng,emotion,bilstm,21,fear|surprise,fear|sadness|surprise,True,0.8826551,
emotion-te-02177,en-Latn,brighter-eng,emotion,bilstm,4,fear|surprise,fear|surprise,False,0.98082775,
emotion-te-02178,en-Latn,brighter-eng,emotion,bilstm,16,fear|sadness|surprise,fear|joy|surprise,True,0.9500573,
emotion-te-02179,en-Latn,brighter-eng,emotion,bilstm,15,none,fear|sadness,True,0.6729314,
emotion-te-02180,en-Latn,brighter-eng,emotion,bilstm,12,joy,fear|sadness,True,0.7793152,
emotion-te-02181,en-Latn,brighter-eng,emotion,bilstm,22,joy|surprise,fear|sadness|surprise,True,0.89937836,
emotion-te-02182,en-Latn,brighter-eng,emotion,bilstm,31,joy,fear|joy|surprise,True,0.692437,
emotion-te-02183,en-Latn,brighter-eng,emotion,bilstm,29,fear,joy,True,0.75956935,
emotion-te-02184,en-Latn,brighter-eng,emotion,bilstm,18,joy,fear|surprise,True,0.83073586,
emotion-te-02185,en-Latn,brighter-eng,emotion,bilstm,6,none,fear|surprise,True,0.8284928,
emotion-te-02186,en-Latn,brighter-eng,emotion,bilstm,7,fear,anger|fear|sadness|surprise,True,0.8253538,
emotion-te-02187,en-Latn,brighter-eng,emotion,bilstm,48,joy,joy,False,0.43025807,
emotion-te-02188,en-Latn,brighter-eng,emotion,bilstm,9,fear,fear|sadness,True,0.97573435,
emotion-te-02189,en-Latn,brighter-eng,emotion,bilstm,20,fear|sadness,fear|sadness|surprise,True,0.8372508,
emotion-te-02190,en-Latn,brighter-eng,emotion,bilstm,23,fear|sadness,anger|fear|sadness,True,0.7170075,
emotion-te-02191,en-Latn,brighter-eng,emotion,bilstm,15,fear|sadness,fear|surprise,True,0.77493215,
emotion-te-02192,en-Latn,brighter-eng,emotion,bilstm,4,fear|surprise,fear|surprise,False,0.97965276,
emotion-te-02193,en-Latn,brighter-eng,emotion,bilstm,15,joy,fear|joy|sadness,True,0.5957548,
emotion-te-02194,en-Latn,brighter-eng,emotion,bilstm,4,fear|sadness,fear|sadness,False,0.93330795,
emotion-te-02195,en-Latn,brighter-eng,emotion,bilstm,61,fear,joy,True,0.86726475,
emotion-te-02196,en-Latn,brighter-eng,emotion,bilstm,12,none,fear|sadness,True,0.79115754,
emotion-te-02197,en-Latn,brighter-eng,emotion,bilstm,25,joy,joy,False,0.6791667,
emotion-te-02198,en-Latn,brighter-eng,emotion,bilstm,18,anger|fear|sadness|surprise,anger|fear|sadness|surprise,False,0.8945379,
emotion-te-02199,en-Latn,brighter-eng,emotion,bilstm,4,none,fear|sadness|surprise,True,0.9333106,
emotion-te-02200,en-Latn,brighter-eng,emotion,bilstm,19,fear|sadness,fear|sadness,False,0.9115979,
emotion-te-02201,en-Latn,brighter-eng,emotion,bilstm,6,fear|surprise,fear|sadness,True,0.86025286,
emotion-te-02202,en-Latn,brighter-eng,emotion,bilstm,12,fear|sadness|surprise,joy|surprise,True,0.6353001,
emotion-te-02203,en-Latn,brighter-eng,emotion,bilstm,19,fear|surprise,fear|surprise,False,0.9575218,
emotion-te-02204,en-Latn,brighter-eng,emotion,bilstm,6,fear|joy,joy|surprise,True,0.5886113,
emotion-te-02205,en-Latn,brighter-eng,emotion,bilstm,12,none,fear,True,0.8864935,
emotion-te-02206,en-Latn,brighter-eng,emotion,bilstm,7,fear|sadness,fear|joy|surprise,True,0.8650354,
emotion-te-02207,en-Latn,brighter-eng,emotion,bilstm,6,none,fear|sadness,True,0.8268054,
emotion-te-02208,en-Latn,brighter-eng,emotion,bilstm,15,fear,fear|sadness,True,0.84695196,
emotion-te-02209,en-Latn,brighter-eng,emotion,bilstm,4,none,anger|joy|surprise,True,0.5698822,
emotion-te-02210,en-Latn,brighter-eng,emotion,bilstm,21,joy,fear|sadness,True,0.8574778,
emotion-te-02211,en-Latn,brighter-eng,emotion,bilstm,8,sadness|surprise,anger|fear|sadness|surprise,True,0.66069615,
emotion-te-02212,en-Latn,brighter-eng,emotion,bilstm,6,joy,anger|fear|sadness|surprise,True,0.69467276,
emotion-te-02213,en-Latn,brighter-eng,emotion,bilstm,35,anger,joy|surprise,True,0.7770722,
emotion-te-02214,en-Latn,brighter-eng,emotion,bilstm,26,none,fear|surprise,True,0.90856844,
emotion-te-02215,en-Latn,brighter-eng,emotion,bilstm,18,joy|surprise,fear|surprise,True,0.89252806,
emotion-te-02216,en-Latn,brighter-eng,emotion,bilstm,8,sadness,anger|fear|sadness|surprise,True,0.816417,
emotion-te-02217,en-Latn,brighter-eng,emotion,bilstm,12,joy|surprise,sadness,True,0.6109898,
emotion-te-02218,en-Latn,brighter-eng,emotion,bilstm,29,fear,fear|joy|surprise,True,0.8366112,
emotion-te-02219,en-Latn,brighter-eng,emotion,bilstm,8,none,joy|sadness,True,0.46187216,
emotion-te-02220,en-Latn,brighter-eng,emotion,bilstm,28,fear|surprise,fear|surprise,False,0.947339,
emotion-te-02221,en-Latn,brighter-eng,emotion,bilstm,4,fear,fear|joy|surprise,True,0.87769735,
emotion-te-02222,en-Latn,brighter-eng,emotion,bilstm,5,fear|sadness|surprise,anger|fear|sadness,True,0.6612343,
emotion-te-02223,en-Latn,brighter-eng,emotion,bilstm,17,joy|surprise,fear|sadness,True,0.7769547,
emotion-te-02224,en-Latn,brighter-eng,emotion,bilstm,31,fear|sadness,fear|sadness,False,0.93156356,
emotion-te-02225,en-Latn,brighter-eng,emotion,bilstm,13,fear|surprise,fear,True,0.5880872,
emotion-te-02226,en-Latn,brighter-eng,emotion,bilstm,10,fear,none,True,0.38320792,
emotion-te-02227,en-Latn,brighter-eng,emotion,bilstm,17,fear|sadness,fear|sadness,False,0.8648232,
emotion-te-02228,en-Latn,brighter-eng,emotion,bilstm,16,none,fear|surprise,True,0.59905785,
emotion-te-02229,en-Latn,brighter-eng,emotion,bilstm,37,sadness,fear|surprise,True,0.55360204,
emotion-te-02230,en-Latn,brighter-eng,emotion,bilstm,5,fear|surprise,fear|surprise,False,0.92967737,
emotion-te-02231,en-Latn,brighter-eng,emotion,bilstm,18,joy,joy,False,0.7778514,
emotion-te-02232,en-Latn,brighter-eng,emotion,bilstm,22,fear|surprise,fear|surprise,False,0.9109206,
emotion-te-02233,en-Latn,brighter-eng,emotion,bilstm,12,joy,joy|surprise,True,0.95235264,
emotion-te-02234,en-Latn,brighter-eng,emotion,bilstm,11,fear|joy|sadness,fear,True,0.54317904,
emotion-te-02235,en-Latn,brighter-eng,emotion,bilstm,8,joy,anger|fear|surprise,True,0.9675059,
emotion-te-02236,en-Latn,brighter-eng,emotion,bilstm,2,none,fear|sadness,True,0.83332205,
emotion-te-02237,en-Latn,brighter-eng,emotion,bilstm,16,anger|fear|surprise,fear|sadness,True,0.7104208,
emotion-te-02238,en-Latn,brighter-eng,emotion,bilstm,34,fear,anger|fear|sadness,True,0.71051866,
emotion-te-02239,en-Latn,brighter-eng,emotion,bilstm,4,anger,anger,False,0.5691713,
emotion-te-02240,en-Latn,brighter-eng,emotion,bilstm,22,anger|fear|sadness,fear|sadness,True,0.7926038,
emotion-te-02241,en-Latn,brighter-eng,emotion,bilstm,5,anger,anger|fear|sadness,True,0.681827,
emotion-te-02242,en-Latn,brighter-eng,emotion,bilstm,49,fear,fear|sadness,True,0.6353012,
emotion-te-02243,en-Latn,brighter-eng,emotion,bilstm,18,none,fear|joy,True,0.58369684,
emotion-te-02244,en-Latn,brighter-eng,emotion,bilstm,36,joy,fear,True,0.46388805,
emotion-te-02245,en-Latn,brighter-eng,emotion,bilstm,13,anger|fear|sadness|surprise,anger|fear|sadness|surprise,False,0.66987884,
emotion-te-02246,en-Latn,brighter-eng,emotion,bilstm,9,fear|sadness,fear|sadness,False,0.68363917,
emotion-te-02247,en-Latn,brighter-eng,emotion,bilstm,15,fear|sadness,fear|sadness,False,0.84568244,
emotion-te-02248,en-Latn,brighter-eng,emotion,bilstm,5,fear|sadness,fear|sadness,False,0.7602063,
emotion-te-02249,en-Latn,brighter-eng,emotion,bilstm,23,fear|surprise,fear|joy|surprise,True,0.51860785,
emotion-te-02250,en-Latn,brighter-eng,emotion,bilstm,30,none,fear|joy,True,0.5794272,
emotion-te-02251,en-Latn,brighter-eng,emotion,bilstm,4,sadness,anger|disgust|fear|sadness,True,0.7752584,
emotion-te-02252,en-Latn,brighter-eng,emotion,bilstm,4,joy,fear|sadness|surprise,True,0.92095894,
emotion-te-02253,en-Latn,brighter-eng,emotion,bilstm,7,fear|sadness,anger|fear|sadness,True,0.74128836,
emotion-te-02254,en-Latn,brighter-eng,emotion,bilstm,12,anger,fear|joy|surprise,True,0.85826087,
emotion-te-02255,en-Latn,brighter-eng,emotion,bilstm,19,joy,joy,False,0.74688005,
emotion-te-02256,en-Latn,brighter-eng,emotion,bilstm,13,fear|sadness|surprise,fear|joy|surprise,True,0.78566897,
emotion-te-02257,en-Latn,brighter-eng,emotion,bilstm,5,sadness,fear|sadness,True,0.45376116,
emotion-te-02258,en-Latn,brighter-eng,emotion,bilstm,13,fear,fear|surprise,True,0.8225208,
emotion-te-02259,en-Latn,brighter-eng,emotion,bilstm,18,joy,fear|sadness|surprise,True,0.6864849,
emotion-te-02260,en-Latn,brighter-eng,emotion,bilstm,11,joy,fear|sadness,True,0.9024118,
emotion-te-02261,en-Latn,brighter-eng,emotion,bilstm,7,joy|surprise,fear|joy|sadness|surprise,True,0.5980297,
emotion-te-02262,en-Latn,brighter-eng,emotion,bilstm,40,fear|joy|surprise,joy|sadness,True,0.63120395,
emotion-te-02263,en-Latn,brighter-eng,emotion,bilstm,17,anger|surprise,disgust|joy,True,0.63240415,
emotion-te-02264,en-Latn,brighter-eng,emotion,bilstm,4,none,fear|surprise,True,0.6318354,
emotion-te-02265,en-Latn,brighter-eng,emotion,bilstm,12,fear,fear|surprise,True,0.6405711,
emotion-te-02266,en-Latn,brighter-eng,emotion,bilstm,6,anger|fear|surprise,anger|fear|sadness|surprise,True,0.96449935,
emotion-te-02267,en-Latn,brighter-eng,emotion,bilstm,16,fear|surprise,fear,True,0.84198475,
emotion-te-02268,en-Latn,brighter-eng,emotion,bilstm,17,joy|surprise,anger|fear|sadness,True,0.63335127,
emotion-te-02269,en-Latn,brighter-eng,emotion,bilstm,8,fear|surprise,fear|surprise,False,0.91940004,
emotion-te-02270,en-Latn,brighter-eng,emotion,bilstm,16,joy,fear|sadness,True,0.7691022,
emotion-te-02271,en-Latn,brighter-eng,emotion,bilstm,13,fear|sadness,fear|sadness,False,0.957056,
emotion-te-02272,en-Latn,brighter-eng,emotion,bilstm,15,fear,joy,True,0.7819834,
emotion-te-02273,en-Latn,brighter-eng,emotion,bilstm,26,joy,fear|joy|surprise,True,0.77265835,
emotion-te-02274,en-Latn,brighter-eng,emotion,bilstm,4,sadness,anger|fear|sadness|surprise,True,0.6883076,
emotion-te-02275,en-Latn,brighter-eng,emotion,bilstm,10,fear|surprise,fear|surprise,False,0.94762415,
emotion-te-02276,en-Latn,brighter-eng,emotion,bilstm,15,anger|fear|sadness|surprise,fear|surprise,True,0.9823515,
emotion-te-02277,en-Latn,brighter-eng,emotion,bilstm,14,fear|sadness,fear|sadness,False,0.7397279,
emotion-te-02278,en-Latn,brighter-eng,emotion,bilstm,9,fear|surprise,fear|surprise,False,0.9848194,
emotion-te-02279,en-Latn,brighter-eng,emotion,bilstm,34,fear,fear|sadness|surprise,True,0.9166566,
emotion-te-02280,en-Latn,brighter-eng,emotion,bilstm,75,joy,fear|joy|sadness,True,0.684371,
emotion-te-02281,en-Latn,brighter-eng,emotion,bilstm,13,anger|fear|sadness|surprise,fear|sadness,True,0.948633,
emotion-te-02282,en-Latn,brighter-eng,emotion,bilstm,23,joy,joy|surprise,True,0.66330105,
emotion-te-02283,en-Latn,brighter-eng,emotion,bilstm,11,fear,fear|sadness,True,0.47918907,
emotion-te-02284,en-Latn,brighter-eng,emotion,bilstm,4,joy,joy,False,0.45914257,
emotion-te-02285,en-Latn,brighter-eng,emotion,bilstm,24,fear|sadness,joy|surprise,True,0.61470026,
emotion-te-02286,en-Latn,brighter-eng,emotion,bilstm,30,fear|sadness,fear|sadness,False,0.87921464,
emotion-te-02287,en-Latn,brighter-eng,emotion,bilstm,3,fear|surprise,fear|joy|surprise,True,0.6432286,
emotion-te-02288,en-Latn,brighter-eng,emotion,bilstm,8,joy,joy,False,0.7052289,
emotion-te-02289,en-Latn,brighter-eng,emotion,bilstm,19,fear|sadness,fear|sadness,False,0.8527113,
emotion-te-02290,en-Latn,brighter-eng,emotion,bilstm,6,fear|sadness,fear|sadness,False,0.8445783,
emotion-te-02291,en-Latn,brighter-eng,emotion,bilstm,7,none,anger|fear|sadness,True,0.6859735,
emotion-te-02292,en-Latn,brighter-eng,emotion,bilstm,11,fear,fear|surprise,True,0.942232,
emotion-te-02293,en-Latn,brighter-eng,emotion,bilstm,16,joy,joy,False,0.44069833,
emotion-te-02294,en-Latn,brighter-eng,emotion,bilstm,6,surprise,none,True,0.35600284,
emotion-te-02295,en-Latn,brighter-eng,emotion,bilstm,21,none,fear|surprise,True,0.7023848,
emotion-te-02296,en-Latn,brighter-eng,emotion,bilstm,16,fear|joy|sadness,fear|surprise,True,0.81563187,
emotion-te-02297,en-Latn,brighter-eng,emotion,bilstm,4,anger|fear|sadness,anger|fear|sadness|surprise,True,0.6947053,
emotion-te-02298,en-Latn,brighter-eng,emotion,bilstm,19,fear|sadness,fear|sadness,False,0.9096146,
emotion-te-02299,en-Latn,brighter-eng,emotion,bilstm,7,anger,fear|sadness|surprise,True,0.6269487,
emotion-te-02300,en-Latn,brighter-eng,emotion,bilstm,10,fear,disgust|fear|joy|surprise,True,0.8890415,
emotion-te-02301,en-Latn,brighter-eng,emotion,bilstm,8,fear|sadness,fear|sadness|surprise,True,0.8311662,
emotion-te-02302,en-Latn,brighter-eng,emotion,bilstm,4,surprise,anger|disgust,True,0.64835954,
emotion-te-02303,en-Latn,brighter-eng,emotion,bilstm,4,surprise,joy,True,0.66285753,
emotion-te-02304,en-Latn,brighter-eng,emotion,bilstm,27,sadness,fear|sadness,True,0.9217577,
emotion-te-02305,en-Latn,brighter-eng,emotion,bilstm,50,anger|fear|sadness,fear|surprise,True,0.8639528,
emotion-te-02306,en-Latn,brighter-eng,emotion,bilstm,18,fear|sadness,fear|sadness|surprise,True,0.82239556,
emotion-te-02307,en-Latn,brighter-eng,emotion,bilstm,16,anger|fear,anger|fear|sadness|surprise,True,0.8182821,
emotion-te-02308,en-Latn,brighter-eng,emotion,bilstm,27,surprise,fear|surprise,True,0.9754081,
emotion-te-02309,en-Latn,brighter-eng,emotion,bilstm,6,fear|surprise,anger|disgust|joy|surprise,True,0.8031894,
emotion-te-02310,en-Latn,brighter-eng,emotion,bilstm,7,surprise,surprise,False,0.79847354,
emotion-te-02311,en-Latn,brighter-eng,emotion,bilstm,24,fear,joy,True,0.84783584,
emotion-te-02312,en-Latn,brighter-eng,emotion,bilstm,11,joy|surprise,fear|surprise,True,0.8230123,
emotion-te-02313,en-Latn,brighter-eng,emotion,bilstm,23,fear,fear|sadness,True,0.921547,
emotion-te-02314,en-Latn,brighter-eng,emotion,bilstm,10,fear|joy|sadness,fear|surprise,True,0.9105722,
emotion-te-02315,en-Latn,brighter-eng,emotion,bilstm,11,fear|sadness|surprise,joy,True,0.5010976,
emotion-te-02316,en-Latn,brighter-eng,emotion,bilstm,4,anger|fear|surprise,anger|surprise,True,0.9157356,
emotion-te-02317,en-Latn,brighter-eng,emotion,bilstm,21,joy,anger|fear|sadness,True,0.78250307,
emotion-te-02318,en-Latn,brighter-eng,emotion,bilstm,12,fear|sadness,fear|surprise,True,0.88771796,
emotion-te-02319,en-Latn,brighter-eng,emotion,bilstm,10,fear,anger|fear|sadness|surprise,True,0.77444273,
emotion-te-02320,en-Latn,brighter-eng,emotion,bilstm,19,joy,joy,False,0.7339437,
emotion-te-02321,en-Latn,brighter-eng,emotion,bilstm,18,fear,fear|surprise,True,0.84316134,
emotion-te-02322,en-Latn,brighter-eng,emotion,bilstm,13,joy,fear|sadness|surprise,True,0.875161,
emotion-te-02323,en-Latn,brighter-eng,emotion,bilstm,4,fear,fear|joy|surprise,True,0.5986003,
emotion-te-02324,en-Latn,brighter-eng,emotion,bilstm,26,joy,joy,False,0.91915816,
emotion-te-02325,en-Latn,brighter-eng,emotion,bilstm,8,fear,anger|joy|surprise,True,0.5439439,
emotion-te-02326,en-Latn,brighter-eng,emotion,bilstm,18,joy,joy|surprise,True,0.88651645,
emotion-te-02327,en-Latn,brighter-eng,emotion,bilstm,12,anger|joy,fear|surprise,True,0.8573968,
emotion-te-02328,en-Latn,brighter-eng,emotion,bilstm,15,fear|surprise,fear|surprise,False,0.9371479,
emotion-te-02329,en-Latn,brighter-eng,emotion,bilstm,36,joy,joy,False,0.8846795,
emotion-te-02330,en-Latn,brighter-eng,emotion,bilstm,12,fear,fear|surprise,True,0.91462564,
emotion-te-02331,en-Latn,brighter-eng,emotion,bilstm,11,sadness,joy|surprise,True,0.69448465,
emotion-te-02332,en-Latn,brighter-eng,emotion,bilstm,10,fear|surprise,fear|surprise,False,0.9276454,
emotion-te-02333,en-Latn,brighter-eng,emotion,bilstm,4,surprise,fear,True,0.40796039,
emotion-te-02334,en-Latn,brighter-eng,emotion,bilstm,4,fear|surprise,fear|sadness|surprise,True,0.91838807,
emotion-te-02335,en-Latn,brighter-eng,emotion,bilstm,17,anger|sadness,anger|fear|sadness|surprise,True,0.6537692,
emotion-te-02336,en-Latn,brighter-eng,emotion,bilstm,19,fear|sadness,fear|sadness,False,0.962587,
emotion-te-02337,en-Latn,brighter-eng,emotion,bilstm,5,fear,fear|sadness|surprise,True,0.95565635,
emotion-te-02338,en-Latn,brighter-eng,emotion,bilstm,52,fear|surprise,anger|fear|surprise,True,0.78709704,
emotion-te-02339,en-Latn,brighter-eng,emotion,bilstm,4,fear|sadness|surprise,fear|sadness,True,0.706457,
emotion-te-02340,en-Latn,brighter-eng,emotion,bilstm,9,sadness,fear|joy|sadness,True,0.49944583,
emotion-te-02341,en-Latn,brighter-eng,emotion,bilstm,9,joy,joy,False,0.8777852,
emotion-te-02342,en-Latn,brighter-eng,emotion,bilstm,16,fear|surprise,fear|surprise,False,0.8499485,
emotion-te-02343,en-Latn,brighter-eng,emotion,bilstm,15,surprise,fear|surprise,True,0.85683477,
emotion-te-02344,en-Latn,brighter-eng,emotion,bilstm,12,joy,joy,False,0.86733055,
emotion-te-02345,en-Latn,brighter-eng,emotion,bilstm,21,fear|sadness,fear|sadness,False,0.9110089,
emotion-te-02346,en-Latn,brighter-eng,emotion,bilstm,29,joy,joy|surprise,True,0.9535068,
emotion-te-02347,en-Latn,brighter-eng,emotion,bilstm,8,fear|surprise,fear|joy|surprise,True,0.8634377,
emotion-te-02348,en-Latn,brighter-eng,emotion,bilstm,8,anger|surprise,anger|surprise,False,0.73793674,
emotion-te-02349,en-Latn,brighter-eng,emotion,bilstm,6,fear|surprise,fear|sadness,True,0.9442544,
emotion-te-02350,en-Latn,brighter-eng,emotion,bilstm,17,fear|sadness,fear|sadness,False,0.71210307,
emotion-te-02351,en-Latn,brighter-eng,emotion,bilstm,29,none,fear|surprise,True,0.9063594,
emotion-te-02352,en-Latn,brighter-eng,emotion,bilstm,28,fear,fear|sadness,True,0.9677356,
emotion-te-02353,en-Latn,brighter-eng,emotion,bilstm,16,fear,anger|fear|sadness,True,0.7396806,
emotion-te-02354,en-Latn,brighter-eng,emotion,bilstm,6,joy,fear,True,0.6719115,
emotion-te-02355,en-Latn,brighter-eng,emotion,bilstm,16,anger|sadness|surprise,fear|surprise,True,0.8237569,
emotion-te-02356,en-Latn,brighter-eng,emotion,bilstm,7,none,anger|disgust|fear|sadness,True,0.6601661,
emotion-te-02357,en-Latn,brighter-eng,emotion,bilstm,16,fear|joy,fear,True,0.47446606,
emotion-te-02358,en-Latn,brighter-eng,emotion,bilstm,22,joy,fear|joy|surprise,True,0.90851766,
emotion-te-02359,en-Latn,brighter-eng,emotion,bilstm,24,fear|surprise,fear|surprise,False,0.93886197,
emotion-te-02360,en-Latn,brighter-eng,emotion,bilstm,9,joy|sadness|surprise,fear|sadness,True,0.74380004,
emotion-te-02361,en-Latn,brighter-eng,emotion,bilstm,6,none,joy,True,0.6675191,
emotion-te-02362,en-Latn,brighter-eng,emotion,bilstm,10,surprise,joy|surprise,True,0.6764128,
emotion-te-02363,en-Latn,brighter-eng,emotion,bilstm,4,fear|surprise,fear|surprise,False,0.9363454,
emotion-te-02364,en-Latn,brighter-eng,emotion,bilstm,12,surprise,fear|sadness,True,0.9169478,
emotion-te-02365,en-Latn,brighter-eng,emotion,bilstm,9,anger|fear|sadness,anger|fear|sadness|surprise,True,0.77763927,
emotion-te-02366,en-Latn,brighter-eng,emotion,bilstm,30,fear|sadness,fear|sadness,False,0.76879495,
emotion-te-02367,en-Latn,brighter-eng,emotion,bilstm,32,anger|surprise,joy|surprise,True,0.8722245,
emotion-te-02368,en-Latn,brighter-eng,emotion,bilstm,12,joy,fear|joy|surprise,True,0.81758624,
emotion-te-02369,en-Latn,brighter-eng,emotion,bilstm,14,fear|sadness,fear|sadness,False,0.9592393,
emotion-te-02370,en-Latn,brighter-eng,emotion,bilstm,5,surprise,joy,True,0.56317335,
emotion-te-02371,en-Latn,brighter-eng,emotion,bilstm,15,fear|surprise,fear|sadness,True,0.73238075,
emotion-te-02372,en-Latn,brighter-eng,emotion,bilstm,20,anger|fear,fear|surprise,True,0.79800135,
emotion-te-02373,en-Latn,brighter-eng,emotion,bilstm,23,fear|sadness,fear|sadness,False,0.9793944,
emotion-te-02374,en-Latn,brighter-eng,emotion,bilstm,21,anger|fear,fear|sadness,True,0.9476681,
emotion-te-02375,en-Latn,brighter-eng,emotion,bilstm,10,fear|sadness,fear|sadness,False,0.5521154,
emotion-te-02376,en-Latn,brighter-eng,emotion,bilstm,4,joy,joy|sadness,True,0.60534227,
emotion-te-02377,en-Latn,brighter-eng,emotion,bilstm,8,fear|surprise,none,True,0.39802667,
emotion-te-02378,en-Latn,brighter-eng,emotion,bilstm,19,fear|sadness,fear|sadness,False,0.96953446,
emotion-te-02379,en-Latn,brighter-eng,emotion,bilstm,12,fear|sadness|surprise,fear|surprise,True,0.96463203,
emotion-te-02380,en-Latn,brighter-eng,emotion,bilstm,17,joy,joy|surprise,True,0.90820587,
emotion-te-02381,en-Latn,brighter-eng,emotion,bilstm,11,fear|sadness,fear|surprise,True,0.9572443,
emotion-te-02382,en-Latn,brighter-eng,emotion,bilstm,16,none,fear|surprise,True,0.92079395,
emotion-te-02383,en-Latn,brighter-eng,emotion,bilstm,10,fear,sadness,True,0.60866386,
emotion-te-02384,en-Latn,brighter-eng,emotion,bilstm,16,fear|joy|surprise,fear|sadness|surprise,True,0.90185183,
emotion-te-02385,en-Latn,brighter-eng,emotion,bilstm,4,surprise,fear|joy|surprise,True,0.72997105,
emotion-te-02386,en-Latn,brighter-eng,emotion,bilstm,4,fear|surprise,fear|surprise,False,0.9882494,
emotion-te-02387,en-Latn,brighter-eng,emotion,bilstm,4,anger|fear|surprise,fear|joy|sadness|surprise,True,0.68579,
emotion-te-02388,en-Latn,brighter-eng,emotion,bilstm,7,fear|joy,fear|sadness,True,0.5482799,
emotion-te-02389,en-Latn,brighter-eng,emotion,bilstm,6,fear|surprise,fear|sadness|surprise,True,0.9320977,
emotion-te-02390,en-Latn,brighter-eng,emotion,bilstm,4,fear|sadness,fear|sadness,False,0.80354315,
emotion-te-02391,en-Latn,brighter-eng,emotion,bilstm,15,none,joy,True,0.50448734,
emotion-te-02392,en-Latn,brighter-eng,emotion,bilstm,4,none,joy|surprise,True,0.5585339,
emotion-te-02393,en-Latn,brighter-eng,emotion,bilstm,11,fear|surprise,fear|sadness|surprise,True,0.70387137,
emotion-te-02394,en-Latn,brighter-eng,emotion,bilstm,24,fear|surprise,fear|joy|surprise,True,0.9697927,
emotion-te-02395,en-Latn,brighter-eng,emotion,bilstm,4,none,fear|sadness,True,0.66833806,
emotion-te-02396,en-Latn,brighter-eng,emotion,bilstm,8,fear,fear,False,0.42985067,
emotion-te-02397,en-Latn,brighter-eng,emotion,bilstm,8,fear|sadness|surprise,fear|surprise,True,0.89563197,
emotion-te-02398,en-Latn,brighter-eng,emotion,bilstm,20,joy,fear|surprise,True,0.93968546,
emotion-te-02399,en-Latn,brighter-eng,emotion,bilstm,26,fear,anger|fear|sadness,True,0.8175302,
emotion-te-02400,en-Latn,brighter-eng,emotion,bilstm,11,sadness,fear|sadness,True,0.8335911,
emotion-te-02401,en-Latn,brighter-eng,emotion,bilstm,20,joy|surprise,joy|surprise,False,0.8524532,
emotion-te-02402,en-Latn,brighter-eng,emotion,bilstm,12,surprise,fear|sadness|surprise,True,0.91311336,
emotion-te-02403,en-Latn,brighter-eng,emotion,bilstm,19,joy|surprise,joy|surprise,False,0.6665532,
emotion-te-02404,en-Latn,brighter-eng,emotion,bilstm,4,fear|sadness,fear|sadness,False,0.8497661,
emotion-te-02405,en-Latn,brighter-eng,emotion,bilstm,16,fear|surprise,fear|sadness|surprise,True,0.8578279,
emotion-te-02406,en-Latn,brighter-eng,emotion,bilstm,38,joy,fear|sadness,True,0.56283176,
emotion-te-02407,en-Latn,brighter-eng,emotion,bilstm,3,sadness,fear|joy|sadness,True,0.5564261,
emotion-te-02408,en-Latn,brighter-eng,emotion,bilstm,6,fear|surprise,fear|sadness,True,0.43598157,
emotion-te-02409,en-Latn,brighter-eng,emotion,bilstm,4,fear,fear,False,0.8867711,
emotion-te-02410,en-Latn,brighter-eng,emotion,bilstm,7,fear|sadness|surprise,anger|fear|surprise,True,0.90048736,
emotion-te-02411,en-Latn,brighter-eng,emotion,bilstm,4,surprise,fear|joy|surprise,True,0.71423906,
emotion-te-02412,en-Latn,brighter-eng,emotion,bilstm,18,fear|joy|sadness,fear|joy|surprise,True,0.9508343,
emotion-te-02413,en-Latn,brighter-eng,emotion,bilstm,5,joy,joy|surprise,True,0.6902425,
emotion-te-02414,en-Latn,brighter-eng,emotion,bilstm,13,fear,fear|sadness,True,0.92256695,
emotion-te-02415,en-Latn,brighter-eng,emotion,bilstm,28,joy|sadness,anger|fear|sadness,True,0.82798046,
emotion-te-02416,en-Latn,brighter-eng,emotion,bilstm,69,fear|sadness,fear|sadness,False,0.89985245,
emotion-te-02417,en-Latn,brighter-eng,emotion,bilstm,38,joy,fear|joy|surprise,True,0.87034327,
emotion-te-02418,en-Latn,brighter-eng,emotion,bilstm,14,none,anger|fear|sadness,True,0.7931949,
emotion-te-02419,en-Latn,brighter-eng,emotion,bilstm,14,fear|sadness,fear,True,0.71988004,
emotion-te-02420,en-Latn,brighter-eng,emotion,bilstm,12,fear|surprise,fear|joy|surprise,True,0.88828695,
emotion-te-02421,en-Latn,brighter-eng,emotion,bilstm,8,surprise,fear|sadness|surprise,True,0.65860975,
emotion-te-02422,en-Latn,brighter-eng,emotion,bilstm,9,anger|fear,fear|sadness|surprise,True,0.8939323,
emotion-te-02423,en-Latn,brighter-eng,emotion,bilstm,15,fear|sadness,fear,True,0.7823556,
emotion-te-02424,en-Latn,brighter-eng,emotion,bilstm,10,fear|sadness,fear|sadness|surprise,True,0.9342304,
emotion-te-02425,en-Latn,brighter-eng,emotion,bilstm,7,surprise,fear|surprise,True,0.9588585,
emotion-te-02426,en-Latn,brighter-eng,emotion,bilstm,16,joy|surprise,joy,True,0.9428609,
emotion-te-02427,en-Latn,brighter-eng,emotion,bilstm,6,fear|surprise,fear|joy|surprise,True,0.7645517,
emotion-te-02428,en-Latn,brighter-eng,emotion,bilstm,12,none,joy|surprise,True,0.6601632,
emotion-te-02429,en-Latn,brighter-eng,emotion,bilstm,18,fear|sadness,fear|sadness,False,0.8312542,
emotion-te-02430,en-Latn,brighter-eng,emotion,bilstm,9,joy,fear|sadness|surprise,True,0.62606215,
emotion-te-02431,en-Latn,brighter-eng,emotion,bilstm,6,joy,disgust|fear|surprise,True,0.8274182,
emotion-te-02432,en-Latn,brighter-eng,emotion,bilstm,5,joy,fear|sadness|surprise,True,0.75734144,
emotion-te-02433,en-Latn,brighter-eng,emotion,bilstm,6,sadness,fear|sadness,True,0.8311895,
emotion-te-02434,en-Latn,brighter-eng,emotion,bilstm,28,none,fear,True,0.42940223,
emotion-te-02435,en-Latn,brighter-eng,emotion,bilstm,6,joy,fear|surprise,True,0.591232,
emotion-te-02436,en-Latn,brighter-eng,emotion,bilstm,29,joy,fear|joy|surprise,True,0.665833,
emotion-te-02437,en-Latn,brighter-eng,emotion,bilstm,26,fear|sadness,fear|sadness|surprise,True,0.84810096,
emotion-te-02438,en-Latn,brighter-eng,emotion,bilstm,7,sadness|surprise,disgust|fear|sadness|surprise,True,0.83946127,
emotion-te-02439,en-Latn,brighter-eng,emotion,bilstm,15,fear|surprise,fear|surprise,False,0.9543946,
emotion-te-02440,en-Latn,brighter-eng,emotion,bilstm,4,none,anger|fear|surprise,True,0.7224399,
emotion-te-02441,en-Latn,brighter-eng,emotion,bilstm,23,fear|sadness,fear|joy|sadness,True,0.6084169,
emotion-te-02442,en-Latn,brighter-eng,emotion,bilstm,43,joy,fear,True,0.8832918,
emotion-te-02443,en-Latn,brighter-eng,emotion,bilstm,4,joy,joy|surprise,True,0.920363,
emotion-te-02444,en-Latn,brighter-eng,emotion,bilstm,5,fear|sadness,fear|joy|sadness,True,0.5853885,
emotion-te-02445,en-Latn,brighter-eng,emotion,bilstm,10,joy,fear|joy,True,0.6088136,
emotion-te-02446,en-Latn,brighter-eng,emotion,bilstm,24,fear|sadness,fear,True,0.9783282,
emotion-te-02447,en-Latn,brighter-eng,emotion,bilstm,41,fear|surprise,fear|surprise,False,0.90720177,
emotion-te-02448,en-Latn,brighter-eng,emotion,bilstm,11,anger|surprise,fear|surprise,True,0.64301914,
emotion-te-02449,en-Latn,brighter-eng,emotion,bilstm,9,none,fear,True,0.7937346,
emotion-te-02450,en-Latn,brighter-eng,emotion,bilstm,18,fear,fear,False,0.7598358,
emotion-te-02451,en-Latn,brighter-eng,emotion,bilstm,23,joy,fear|surprise,True,0.8537622,
emotion-te-02452,en-Latn,brighter-eng,emotion,bilstm,31,fear|sadness|surprise,fear|surprise,True,0.9726222,
emotion-te-02453,en-Latn,brighter-eng,emotion,bilstm,5,fear|sadness|surprise,anger|fear|sadness,True,0.74945945,
emotion-te-02454,en-Latn,brighter-eng,emotion,bilstm,20,fear|sadness|surprise,fear|sadness,True,0.97800076,
emotion-te-02455,en-Latn,brighter-eng,emotion,bilstm,27,joy|surprise,fear|sadness,True,0.81083316,
emotion-te-02456,en-Latn,brighter-eng,emotion,bilstm,13,none,joy,True,0.60715806,
emotion-te-02457,en-Latn,brighter-eng,emotion,bilstm,28,joy,joy,False,0.89639264,
emotion-te-02458,en-Latn,brighter-eng,emotion,bilstm,8,anger|sadness|surprise,fear|surprise,True,0.6702496,
emotion-te-02459,en-Latn,brighter-eng,emotion,bilstm,25,joy,fear|sadness,True,0.736006,
emotion-te-02460,en-Latn,brighter-eng,emotion,bilstm,48,fear|sadness,joy,True,0.54961586,
emotion-te-02461,en-Latn,brighter-eng,emotion,bilstm,7,fear|surprise,surprise,True,0.5965569,
emotion-te-02462,en-Latn,brighter-eng,emotion,bilstm,23,fear,fear|sadness,True,0.8492848,
emotion-te-02463,en-Latn,brighter-eng,emotion,bilstm,6,fear|joy,fear|sadness|surprise,True,0.82481635,
emotion-te-02464,en-Latn,brighter-eng,emotion,bilstm,12,joy,fear|sadness,True,0.49834478,
emotion-te-02465,en-Latn,brighter-eng,emotion,bilstm,13,fear|sadness|surprise,fear|sadness|surprise,False,0.9466664,
emotion-te-02466,en-Latn,brighter-eng,emotion,bilstm,8,fear|surprise,fear|sadness|surprise,True,0.883268,
emotion-te-02467,en-Latn,brighter-eng,emotion,bilstm,35,fear|sadness,fear|joy|surprise,True,0.7414707,
emotion-te-02468,en-Latn,brighter-eng,emotion,bilstm,23,fear|sadness,fear|sadness,False,0.4805994,
emotion-te-02469,en-Latn,brighter-eng,emotion,bilstm,22,fear|surprise,fear|surprise,False,0.95447177,
emotion-te-02470,en-Latn,brighter-eng,emotion,bilstm,7,anger|fear|sadness,anger|disgust|fear|sadness|surprise,True,0.8694317,
emotion-te-02471,en-Latn,brighter-eng,emotion,bilstm,26,joy|surprise,fear,True,0.90632296,
emotion-te-02472,en-Latn,brighter-eng,emotion,bilstm,17,none,fear|joy|sadness,True,0.63751626,
emotion-te-02473,en-Latn,brighter-eng,emotion,bilstm,9,fear|surprise,fear|sadness,True,0.6257469,
emotion-te-02474,en-Latn,brighter-eng,emotion,bilstm,11,fear|sadness|surprise,fear|surprise,True,0.9766987,
emotion-te-02475,en-Latn,brighter-eng,emotion,bilstm,13,anger|fear|sadness,fear|sadness|surprise,True,0.8468096,
emotion-te-02476,en-Latn,brighter-eng,emotion,bilstm,7,anger|fear|sadness|surprise,disgust|fear|sadness|surprise,True,0.72264725,
emotion-te-02477,en-Latn,brighter-eng,emotion,bilstm,20,joy,fear|sadness|surprise,True,0.7679751,
emotion-te-02478,en-Latn,brighter-eng,emotion,bilstm,4,none,fear,True,0.5421154,
emotion-te-02479,en-Latn,brighter-eng,emotion,bilstm,12,joy,fear|joy|surprise,True,0.9281714,
emotion-te-02480,en-Latn,brighter-eng,emotion,bilstm,4,fear,fear|sadness|surprise,True,0.7824801,
emotion-te-02481,en-Latn,brighter-eng,emotion,bilstm,31,joy,joy,False,0.5181763,
emotion-te-02482,en-Latn,brighter-eng,emotion,bilstm,19,fear|surprise,fear|surprise,False,0.97068274,
emotion-te-02483,en-Latn,brighter-eng,emotion,bilstm,8,joy|surprise,fear|joy|surprise,True,0.8951494,
emotion-te-02484,en-Latn,brighter-eng,emotion,bilstm,16,none,fear,True,0.8744484,
emotion-te-02485,en-Latn,brighter-eng,emotion,bilstm,7,fear|sadness,none,True,0.25850695,
emotion-te-02486,en-Latn,brighter-eng,emotion,bilstm,13,sadness,fear|sadness,True,0.7443444,
emotion-te-02487,en-Latn,brighter-eng,emotion,bilstm,21,none,fear|surprise,True,0.6212195,
emotion-te-02488,en-Latn,brighter-eng,emotion,bilstm,10,none,joy,True,0.85212463,
emotion-te-02489,en-Latn,brighter-eng,emotion,bilstm,11,sadness,fear|sadness,True,0.86356765,
emotion-te-02490,en-Latn,brighter-eng,emotion,bilstm,15,anger|fear,anger|sadness,True,0.5988184,
emotion-te-02491,en-Latn,brighter-eng,emotion,bilstm,6,fear|sadness,fear|sadness|surprise,True,0.9680311,
emotion-te-02492,en-Latn,brighter-eng,emotion,bilstm,27,fear|sadness,fear|sadness,False,0.86096877,
emotion-te-02493,en-Latn,brighter-eng,emotion,bilstm,6,fear|sadness,joy,True,0.5794729,
emotion-te-02494,en-Latn,brighter-eng,emotion,bilstm,14,surprise,fear|surprise,True,0.9793352,
emotion-te-02495,en-Latn,brighter-eng,emotion,bilstm,7,anger|fear,fear,True,0.58955014,
emotion-te-02496,en-Latn,brighter-eng,emotion,bilstm,14,fear|joy|surprise,joy,True,0.7706549,
emotion-te-02497,en-Latn,brighter-eng,emotion,bilstm,20,fear|sadness,fear|sadness,False,0.9273321,
emotion-te-02498,en-Latn,brighter-eng,emotion,bilstm,21,fear,fear,False,0.8508473,
emotion-te-02499,en-Latn,brighter-eng,emotion,bilstm,13,fear|sadness,fear,True,0.797467,
emotion-te-02500,en-Latn,brighter-eng,emotion,bilstm,16,fear|sadness|surprise,fear|sadness,True,0.5203294,
emotion-te-02501,en-Latn,brighter-eng,emotion,bilstm,10,fear,joy,True,0.4722375,
emotion-te-02502,en-Latn,brighter-eng,emotion,bilstm,4,fear|sadness|surprise,fear|surprise,True,0.96712923,
emotion-te-02503,en-Latn,brighter-eng,emotion,bilstm,27,fear|sadness,anger|fear|sadness,True,0.93933433,
emotion-te-02504,en-Latn,brighter-eng,emotion,bilstm,13,sadness,fear|surprise,True,0.95401716,
emotion-te-02505,en-Latn,brighter-eng,emotion,bilstm,4,sadness|surprise,anger|fear|sadness,True,0.84575355,
emotion-te-02506,en-Latn,brighter-eng,emotion,bilstm,29,none,fear|surprise,True,0.637987,
emotion-te-02507,en-Latn,brighter-eng,emotion,bilstm,12,sadness,anger|disgust|fear|sadness,True,0.7544541,
emotion-te-02508,en-Latn,brighter-eng,emotion,bilstm,7,joy,disgust|fear|surprise,True,0.8980978,
emotion-te-02509,en-Latn,brighter-eng,emotion,bilstm,32,joy,fear|joy|surprise,True,0.8326203,
emotion-te-02510,en-Latn,brighter-eng,emotion,bilstm,38,fear|sadness,anger|fear|sadness,True,0.9773425,
emotion-te-02511,en-Latn,brighter-eng,emotion,bilstm,16,none,fear,True,0.5760093,
emotion-te-02512,en-Latn,brighter-eng,emotion,bilstm,24,fear,fear|surprise,True,0.9255486,
emotion-te-02513,en-Latn,brighter-eng,emotion,bilstm,18,fear|sadness,fear|sadness,False,0.96754485,
emotion-te-02514,en-Latn,brighter-eng,emotion,bilstm,44,fear|surprise,fear|joy|surprise,True,0.82050014,
emotion-te-02515,en-Latn,brighter-eng,emotion,bilstm,7,fear|surprise,fear|sadness,True,0.8492957,
emotion-te-02516,en-Latn,brighter-eng,emotion,bilstm,15,surprise,fear|surprise,True,0.9223138,
emotion-te-02517,en-Latn,brighter-eng,emotion,bilstm,73,joy,anger|fear|sadness,True,0.67670107,
emotion-te-02518,en-Latn,brighter-eng,emotion,bilstm,15,fear|surprise,fear|surprise,False,0.9798253,
emotion-te-02519,en-Latn,brighter-eng,emotion,bilstm,21,fear|sadness,joy,True,0.7878604,
emotion-te-02520,en-Latn,brighter-eng,emotion,bilstm,17,fear,fear,False,0.80751795,
emotion-te-02521,en-Latn,brighter-eng,emotion,bilstm,13,fear|sadness,anger|fear|sadness,True,0.8682896,
emotion-te-02522,en-Latn,brighter-eng,emotion,bilstm,10,none,joy,True,0.7836869,
emotion-te-02523,en-Latn,brighter-eng,emotion,bilstm,7,sadness,anger,True,0.6032692,
emotion-te-02524,en-Latn,brighter-eng,emotion,bilstm,4,fear|surprise,fear|sadness|surprise,True,0.8553095,
emotion-te-02525,en-Latn,brighter-eng,emotion,bilstm,19,joy,joy|surprise,True,0.9189403,
emotion-te-02526,en-Latn,brighter-eng,emotion,bilstm,16,joy,joy|sadness,True,0.6002416,
emotion-te-02527,en-Latn,brighter-eng,emotion,bilstm,4,joy|sadness,anger|fear|joy|sadness|surprise,True,0.7683921,
emotion-te-02528,en-Latn,brighter-eng,emotion,bilstm,15,none,fear,True,0.43838993,
emotion-te-02529,en-Latn,brighter-eng,emotion,bilstm,15,surprise,fear|sadness|surprise,True,0.7066898,
emotion-te-02530,en-Latn,brighter-eng,emotion,bilstm,7,joy,fear|joy|sadness|surprise,True,0.8337233,
emotion-te-02531,en-Latn,brighter-eng,emotion,bilstm,7,anger|fear|surprise,anger|fear|sadness|surprise,True,0.7025048,
emotion-te-02532,en-Latn,brighter-eng,emotion,bilstm,2,fear|surprise,joy,True,0.7406795,
emotion-te-02533,en-Latn,brighter-eng,emotion,bilstm,38,sadness,fear|sadness,True,0.933285,
emotion-te-02534,en-Latn,brighter-eng,emotion,bilstm,8,joy,joy,False,0.88974404,
emotion-te-02535,en-Latn,brighter-eng,emotion,bilstm,9,joy,fear|surprise,True,0.86635226,
emotion-te-02536,en-Latn,brighter-eng,emotion,bilstm,17,fear,fear,False,0.48641354,
emotion-te-02537,en-Latn,brighter-eng,emotion,bilstm,25,none,fear|surprise,True,0.873401,
emotion-te-02538,en-Latn,brighter-eng,emotion,bilstm,10,fear|surprise,fear|surprise,False,0.9151512,
emotion-te-02539,en-Latn,brighter-eng,emotion,bilstm,18,fear|sadness|surprise,anger|fear|sadness|surprise,True,0.85170156,
emotion-te-02540,en-Latn,brighter-eng,emotion,bilstm,10,fear,fear|joy,True,0.77756274,
emotion-te-02541,en-Latn,brighter-eng,emotion,bilstm,5,fear,fear,False,0.96067715,
emotion-te-02542,en-Latn,brighter-eng,emotion,bilstm,9,none,joy,True,0.90684575,
emotion-te-02543,en-Latn,brighter-eng,emotion,bilstm,16,fear|sadness|surprise,fear|sadness|surprise,False,0.9577357,
emotion-te-02544,en-Latn,brighter-eng,emotion,bilstm,8,fear,joy|surprise,True,0.5610692,
emotion-te-02545,en-Latn,brighter-eng,emotion,bilstm,32,none,fear|sadness,True,0.53652817,
emotion-te-02546,en-Latn,brighter-eng,emotion,bilstm,6,anger,fear|sadness,True,0.6482395,
emotion-te-02547,en-Latn,brighter-eng,emotion,bilstm,17,anger|fear|surprise,fear,True,0.7119904,
emotion-te-02548,en-Latn,brighter-eng,emotion,bilstm,28,fear|surprise,fear|surprise,False,0.8884579,
emotion-te-02549,en-Latn,brighter-eng,emotion,bilstm,14,fear|surprise,fear|sadness|surprise,True,0.7769545,
emotion-te-02550,en-Latn,brighter-eng,emotion,bilstm,8,fear,fear,False,0.6812262,
emotion-te-02551,en-Latn,brighter-eng,emotion,bilstm,4,surprise,fear|surprise,True,0.9403352,
emotion-te-02552,en-Latn,brighter-eng,emotion,bilstm,9,fear|sadness,fear|sadness,False,0.78153014,
emotion-te-02553,en-Latn,brighter-eng,emotion,bilstm,22,joy,fear|sadness,True,0.77856535,
emotion-te-02554,en-Latn,brighter-eng,emotion,bilstm,18,fear|surprise,fear|joy|surprise,True,0.7452424,
emotion-te-02555,en-Latn,brighter-eng,emotion,bilstm,29,fear,fear|joy|surprise,True,0.779183,
emotion-te-02556,en-Latn,brighter-eng,emotion,bilstm,7,fear|surprise,fear|sadness|surprise,True,0.8758157,
emotion-te-02557,en-Latn,brighter-eng,emotion,bilstm,23,fear|sadness|surprise,fear|surprise,True,0.97170526,
emotion-te-02558,en-Latn,brighter-eng,emotion,bilstm,9,joy|surprise,joy|surprise,False,0.7840283,
emotion-te-02559,en-Latn,brighter-eng,emotion,bilstm,4,fear,fear,False,0.46890977,
emotion-te-02560,en-Latn,brighter-eng,emotion,bilstm,51,fear|joy,fear|joy|surprise,True,0.65595376,
emotion-te-02561,en-Latn,brighter-eng,emotion,bilstm,4,sadness|surprise,fear|sadness|surprise,True,0.64420617,
emotion-te-02562,en-Latn,brighter-eng,emotion,bilstm,19,fear,fear|sadness|surprise,True,0.83182085,
emotion-te-02563,en-Latn,brighter-eng,emotion,bilstm,7,anger,anger|joy|sadness,True,0.4676821,
emotion-te-02564,en-Latn,brighter-eng,emotion,bilstm,11,joy|surprise,anger|joy|sadness,True,0.53883624,
emotion-te-02565,en-Latn,brighter-eng,emotion,bilstm,14,joy,fear|sadness|surprise,True,0.76156163,
emotion-te-02566,en-Latn,brighter-eng,emotion,bilstm,8,none,fear|sadness|surprise,True,0.95711964,
emotion-te-02567,en-Latn,brighter-eng,emotion,bilstm,5,sadness,anger|fear|sadness,True,0.8523456,
emotion-te-02568,en-Latn,brighter-eng,emotion,bilstm,13,fear,anger|sadness,True,0.53471947,
emotion-te-02569,en-Latn,brighter-eng,emotion,bilstm,15,anger|fear|sadness,fear|sadness,True,0.9413638,
emotion-te-02570,en-Latn,brighter-eng,emotion,bilstm,16,anger,fear|sadness,True,0.51176876,
emotion-te-02571,en-Latn,brighter-eng,emotion,bilstm,11,joy|surprise,joy|surprise,False,0.9319818,
emotion-te-02572,en-Latn,brighter-eng,emotion,bilstm,33,fear|sadness|surprise,anger|fear|sadness|surprise,True,0.96075195,
emotion-te-02573,en-Latn,brighter-eng,emotion,bilstm,14,fear|sadness,fear|sadness,False,0.7197507,
emotion-te-02574,en-Latn,brighter-eng,emotion,bilstm,19,anger|fear,fear|sadness,True,0.794219,
emotion-te-02575,en-Latn,brighter-eng,emotion,bilstm,11,anger|sadness,anger|fear|sadness,True,0.7800457,
emotion-te-02576,en-Latn,brighter-eng,emotion,bilstm,22,fear|sadness,fear|sadness,False,0.90096194,
emotion-te-02577,en-Latn,brighter-eng,emotion,bilstm,13,fear|sadness,fear|sadness,False,0.9730042,
emotion-te-02578,en-Latn,brighter-eng,emotion,bilstm,8,fear|sadness,fear|sadness,False,0.5431359,
emotion-te-02579,en-Latn,brighter-eng,emotion,bilstm,3,surprise,anger|fear|sadness|surprise,True,0.7437574,
emotion-te-02580,en-Latn,brighter-eng,emotion,bilstm,28,sadness,joy|surprise,True,0.8535741,
emotion-te-02581,en-Latn,brighter-eng,emotion,bilstm,3,fear|surprise,fear|surprise,False,0.96275425,
emotion-te-02582,en-Latn,brighter-eng,emotion,bilstm,14,fear|surprise,fear|sadness,True,0.7607797,
emotion-te-02583,en-Latn,brighter-eng,emotion,bilstm,38,none,fear|sadness,True,0.6354674,
emotion-te-02584,en-Latn,brighter-eng,emotion,bilstm,4,fear|sadness|surprise,fear|sadness,True,0.90862465,
emotion-te-02585,en-Latn,brighter-eng,emotion,bilstm,4,none,fear|sadness,True,0.8766962,
emotion-te-02586,en-Latn,brighter-eng,emotion,bilstm,4,fear|joy|sadness,joy,True,0.68253744,
emotion-te-02587,en-Latn,brighter-eng,emotion,bilstm,28,fear|sadness,fear|sadness,False,0.42455554,
emotion-te-02588,en-Latn,brighter-eng,emotion,bilstm,35,joy,fear|joy|surprise,True,0.640616,
emotion-te-02589,en-Latn,brighter-eng,emotion,bilstm,4,fear|sadness|surprise,fear|sadness|surprise,False,0.847666,
emotion-te-02590,en-Latn,brighter-eng,emotion,bilstm,29,fear,fear|sadness,True,0.8688079,
emotion-te-02591,en-Latn,brighter-eng,emotion,bilstm,8,surprise,fear|sadness|surprise,True,0.86096436,
emotion-te-02592,en-Latn,brighter-eng,emotion,bilstm,38,fear|sadness,fear|sadness,False,0.90135854,
emotion-te-02593,en-Latn,brighter-eng,emotion,bilstm,30,joy,fear|joy|surprise,True,0.9018884,
emotion-te-02594,en-Latn,brighter-eng,emotion,bilstm,23,fear|surprise,joy,True,0.62015945,
emotion-te-02595,en-Latn,brighter-eng,emotion,bilstm,8,fear|surprise,fear|surprise,False,0.7284947,
emotion-te-02596,en-Latn,brighter-eng,emotion,bilstm,14,fear|joy,fear|sadness,True,0.53999686,
emotion-te-02597,en-Latn,brighter-eng,emotion,bilstm,9,fear|surprise,disgust|surprise,True,0.674233,
emotion-te-02598,en-Latn,brighter-eng,emotion,bilstm,39,fear|sadness|surprise,fear|surprise,True,0.93774706,
emotion-te-02599,en-Latn,brighter-eng,emotion,bilstm,10,fear,fear|sadness,True,0.9653005,
emotion-te-02600,en-Latn,brighter-eng,emotion,bilstm,23,fear,joy|sadness,True,0.59148914,
emotion-te-02601,en-Latn,brighter-eng,emotion,bilstm,28,fear,joy|surprise,True,0.63562083,
emotion-te-02602,en-Latn,brighter-eng,emotion,bilstm,11,surprise,anger|surprise,True,0.6951385,
emotion-te-02603,en-Latn,brighter-eng,emotion,bilstm,17,joy|surprise,anger|fear|sadness|surprise,True,0.66852814,
emotion-te-02604,en-Latn,brighter-eng,emotion,bilstm,17,sadness,fear|sadness,True,0.7385254,
emotion-te-02605,en-Latn,brighter-eng,emotion,bilstm,64,anger|fear|sadness,anger|fear|sadness,False,0.80451363,
emotion-te-02606,en-Latn,brighter-eng,emotion,bilstm,17,fear|sadness,fear|surprise,True,0.97511816,
emotion-te-02607,en-Latn,brighter-eng,emotion,bilstm,12,fear|sadness,fear,True,0.90646935,
emotion-te-02608,en-Latn,brighter-eng,emotion,bilstm,20,fear|sadness,fear|sadness,False,0.49593958,
emotion-te-02609,en-Latn,brighter-eng,emotion,bilstm,13,joy,anger|fear,True,0.5383497,
emotion-te-02610,en-Latn,brighter-eng,emotion,bilstm,28,fear|joy,fear|sadness,True,0.84893495,
emotion-te-02611,en-Latn,brighter-eng,emotion,bilstm,6,fear,fear|sadness,True,0.502873,
emotion-te-02612,en-Latn,brighter-eng,emotion,bilstm,17,fear|joy,fear|joy|surprise,True,0.81442225,
emotion-te-02613,en-Latn,brighter-eng,emotion,bilstm,19,anger,fear|joy,True,0.4677522,
emotion-te-02614,en-Latn,brighter-eng,emotion,bilstm,23,none,fear,True,0.74450016,
emotion-te-02615,en-Latn,brighter-eng,emotion,bilstm,18,fear,fear|surprise,True,0.7570675,
emotion-te-02616,en-Latn,brighter-eng,emotion,bilstm,16,fear,fear|sadness,True,0.49345228,
emotion-te-02617,en-Latn,brighter-eng,emotion,bilstm,10,fear,joy,True,0.5929314,
emotion-te-02618,en-Latn,brighter-eng,emotion,bilstm,31,none,fear|sadness,True,0.92373353,
emotion-te-02619,en-Latn,brighter-eng,emotion,bilstm,28,sadness,fear|sadness,True,0.4966383,
emotion-te-02620,en-Latn,brighter-eng,emotion,bilstm,17,sadness,fear,True,0.6863036,
emotion-te-02621,en-Latn,brighter-eng,emotion,bilstm,16,joy,joy,False,0.7829882,
emotion-te-02622,en-Latn,brighter-eng,emotion,bilstm,10,fear|sadness|surprise,fear|sadness,True,0.8845694,
emotion-te-02623,en-Latn,brighter-eng,emotion,bilstm,13,fear,fear|sadness,True,0.8471904,
emotion-te-02624,en-Latn,brighter-eng,emotion,bilstm,10,none,none,False,0.31645548,
emotion-te-02625,en-Latn,brighter-eng,emotion,bilstm,33,fear|sadness,fear|sadness,False,0.9420771,
emotion-te-02626,en-Latn,brighter-eng,emotion,bilstm,10,fear|surprise,joy,True,0.60877305,
emotion-te-02627,en-Latn,brighter-eng,emotion,bilstm,24,joy|surprise,fear|sadness,True,0.619431,
emotion-te-02628,en-Latn,brighter-eng,emotion,bilstm,6,sadness,fear|sadness,True,0.49855793,
emotion-te-02629,en-Latn,brighter-eng,emotion,bilstm,15,joy,joy,False,0.733391,
emotion-te-02630,en-Latn,brighter-eng,emotion,bilstm,10,fear|sadness,fear|sadness,False,0.87892133,
emotion-te-02631,en-Latn,brighter-eng,emotion,bilstm,45,fear,fear,False,0.75902987,
emotion-te-02632,en-Latn,brighter-eng,emotion,bilstm,5,fear,joy,True,0.6842871,
emotion-te-02633,en-Latn,brighter-eng,emotion,bilstm,12,sadness,fear|sadness,True,0.56996036,
emotion-te-02634,en-Latn,brighter-eng,emotion,bilstm,23,fear|sadness,fear|sadness,False,0.9157593,
emotion-te-02635,en-Latn,brighter-eng,emotion,bilstm,17,joy,joy,False,0.7692919,
emotion-te-02636,en-Latn,brighter-eng,emotion,bilstm,21,fear,fear|sadness,True,0.83870524,
emotion-te-02637,en-Latn,brighter-eng,emotion,bilstm,16,anger|fear|surprise,fear|sadness,True,0.93080777,
emotion-te-02638,en-Latn,brighter-eng,emotion,bilstm,31,fear|sadness,anger|fear|sadness,True,0.91109335,
emotion-te-02639,en-Latn,brighter-eng,emotion,bilstm,14,fear,fear|sadness,True,0.8754343,
emotion-te-02640,en-Latn,brighter-eng,emotion,bilstm,15,anger,sadness,True,0.5802615,
emotion-te-02641,en-Latn,brighter-eng,emotion,bilstm,19,joy|sadness,fear|joy|sadness,True,0.7234998,
emotion-te-02642,en-Latn,brighter-eng,emotion,bilstm,56,sadness,fear|sadness,True,0.66667193,
emotion-te-02643,en-Latn,brighter-eng,emotion,bilstm,28,fear|sadness,fear|surprise,True,0.92617106,
emotion-te-02644,en-Latn,brighter-eng,emotion,bilstm,10,joy,fear|sadness,True,0.6434977,
emotion-te-02645,en-Latn,brighter-eng,emotion,bilstm,30,fear,joy,True,0.8244264,
emotion-te-02646,en-Latn,brighter-eng,emotion,bilstm,18,fear,fear|sadness,True,0.67262024,
emotion-te-02647,en-Latn,brighter-eng,emotion,bilstm,19,none,none,False,0.36004692,
emotion-te-02648,en-Latn,brighter-eng,emotion,bilstm,3,none,fear|sadness,True,0.50587696,
emotion-te-02649,en-Latn,brighter-eng,emotion,bilstm,21,joy,joy,False,0.9068152,
emotion-te-02650,en-Latn,brighter-eng,emotion,bilstm,15,fear,fear|sadness,True,0.8810843,
emotion-te-02651,en-Latn,brighter-eng,emotion,bilstm,12,anger|fear,fear|sadness,True,0.8380582,
emotion-te-02652,en-Latn,brighter-eng,emotion,bilstm,27,joy,joy|sadness,True,0.6566036,
emotion-te-02653,en-Latn,brighter-eng,emotion,bilstm,10,sadness,joy,True,0.47082156,
emotion-te-02654,en-Latn,brighter-eng,emotion,bilstm,19,fear,anger|fear|sadness|surprise,True,0.93500304,
emotion-te-02655,en-Latn,brighter-eng,emotion,bilstm,22,joy,fear|surprise,True,0.8223895,
emotion-te-02656,en-Latn,brighter-eng,emotion,bilstm,20,fear,fear,False,0.73389304,
emotion-te-02657,en-Latn,brighter-eng,emotion,bilstm,11,fear|sadness,joy|surprise,True,0.74578744,
emotion-te-02658,en-Latn,brighter-eng,emotion,bilstm,26,anger|fear|sadness,fear|sadness,True,0.87402517,
emotion-te-02659,en-Latn,brighter-eng,emotion,bilstm,11,none,fear|sadness|surprise,True,0.84966075,
emotion-te-02660,en-Latn,brighter-eng,emotion,bilstm,64,sadness,anger|fear|sadness|surprise,True,0.8783915,
emotion-te-02661,en-Latn,brighter-eng,emotion,bilstm,20,surprise,fear,True,0.79383224,
emotion-te-02662,en-Latn,brighter-eng,emotion,bilstm,14,sadness,fear|sadness|surprise,True,0.9779348,
emotion-te-02663,en-Latn,brighter-eng,emotion,bilstm,16,none,fear|sadness,True,0.5484772,
emotion-te-02664,en-Latn,brighter-eng,emotion,bilstm,4,none,fear|sadness,True,0.6411602,
emotion-te-02665,en-Latn,brighter-eng,emotion,bilstm,7,fear,joy,True,0.5831594,
emotion-te-02666,en-Latn,brighter-eng,emotion,bilstm,87,fear|sadness,fear|sadness,False,0.88381463,
emotion-te-02667,en-Latn,brighter-eng,emotion,bilstm,20,fear|sadness,fear|joy,True,0.45052892,
emotion-te-02668,en-Latn,brighter-eng,emotion,bilstm,17,joy,none,True,0.42957473,
emotion-te-02669,en-Latn,brighter-eng,emotion,bilstm,21,sadness,sadness,False,0.6346728,
emotion-te-02670,en-Latn,brighter-eng,emotion,bilstm,8,anger|fear,fear|joy|sadness,True,0.5185436,
emotion-te-02671,en-Latn,brighter-eng,emotion,bilstm,24,fear|sadness,joy,True,0.53520674,
emotion-te-02672,en-Latn,brighter-eng,emotion,bilstm,22,fear|joy,fear,True,0.8551058,
emotion-te-02673,en-Latn,brighter-eng,emotion,bilstm,21,none,fear|joy,True,0.6373605,
emotion-te-02674,en-Latn,brighter-eng,emotion,bilstm,14,fear|joy,fear|sadness,True,0.96516323,
emotion-te-02675,en-Latn,brighter-eng,emotion,bilstm,38,joy,fear,True,0.9187984,
emotion-te-02676,en-Latn,brighter-eng,emotion,bilstm,19,fear|sadness,fear|sadness,False,0.7914548,
emotion-te-02677,en-Latn,brighter-eng,emotion,bilstm,25,fear,fear,False,0.5195534,
emotion-te-02678,en-Latn,brighter-eng,emotion,bilstm,7,fear|sadness,fear,True,0.58827066,
emotion-te-02679,en-Latn,brighter-eng,emotion,bilstm,8,surprise,fear|surprise,True,0.905401,
emotion-te-02680,en-Latn,brighter-eng,emotion,bilstm,18,fear|surprise,fear|joy|surprise,True,0.9529791,
emotion-te-02681,en-Latn,brighter-eng,emotion,bilstm,19,fear|sadness,fear|sadness,False,0.86387926,
emotion-te-02682,en-Latn,brighter-eng,emotion,bilstm,11,joy,joy,False,0.689787,
emotion-te-02683,en-Latn,brighter-eng,emotion,bilstm,20,joy,joy,False,0.9554036,
emotion-te-02684,en-Latn,brighter-eng,emotion,bilstm,12,joy,fear|sadness,True,0.73943734,
emotion-te-02685,en-Latn,brighter-eng,emotion,bilstm,8,fear|sadness,fear|sadness,False,0.87535274,
emotion-te-02686,en-Latn,brighter-eng,emotion,bilstm,25,surprise,fear|sadness|surprise,True,0.63130295,
emotion-te-02687,en-Latn,brighter-eng,emotion,bilstm,21,fear|sadness,fear|sadness,False,0.92227596,
emotion-te-02688,en-Latn,brighter-eng,emotion,bilstm,36,fear|sadness,joy|surprise,True,0.665252,
emotion-te-02689,en-Latn,brighter-eng,emotion,bilstm,31,anger|fear,anger|fear|sadness,True,0.57540226,
emotion-te-02690,en-Latn,brighter-eng,emotion,bilstm,9,joy,fear,True,0.55109644,
emotion-te-02691,en-Latn,brighter-eng,emotion,bilstm,28,fear|sadness,fear|sadness,False,0.7832396,
emotion-te-02692,en-Latn,brighter-eng,emotion,bilstm,24,fear|sadness|surprise,fear|sadness,True,0.90626115,
emotion-te-02693,en-Latn,brighter-eng,emotion,bilstm,13,none,joy,True,0.489852,
emotion-te-02694,en-Latn,brighter-eng,emotion,bilstm,15,none,fear|joy,True,0.5081371,
emotion-te-02695,en-Latn,brighter-eng,emotion,bilstm,44,fear,fear|sadness,True,0.6123475,
emotion-te-02696,en-Latn,brighter-eng,emotion,bilstm,19,fear|joy,none,True,0.34203097,
emotion-te-02697,en-Latn,brighter-eng,emotion,bilstm,8,anger|fear|sadness,fear|sadness,True,0.81488526,
emotion-te-02698,en-Latn,brighter-eng,emotion,bilstm,15,fear|sadness,fear|sadness,False,0.95265114,
emotion-te-02699,en-Latn,brighter-eng,emotion,bilstm,13,fear|sadness|surprise,joy,True,0.4367953,
emotion-te-02700,en-Latn,brighter-eng,emotion,bilstm,22,joy,fear,True,0.9042307,
emotion-te-02701,en-Latn,brighter-eng,emotion,bilstm,11,joy,fear|sadness,True,0.5493514,
emotion-te-02702,en-Latn,brighter-eng,emotion,bilstm,24,fear|sadness,fear|sadness,False,0.7707893,
emotion-te-02703,en-Latn,brighter-eng,emotion,bilstm,16,sadness,fear|sadness,True,0.651612,
emotion-te-02704,en-Latn,brighter-eng,emotion,bilstm,14,fear|sadness,disgust|fear|sadness|surprise,True,0.7906504,
emotion-te-02705,en-Latn,brighter-eng,emotion,bilstm,19,joy,fear|sadness,True,0.8779166,
emotion-te-02706,en-Latn,brighter-eng,emotion,bilstm,19,joy,joy,False,0.8867375,
emotion-te-02707,en-Latn,brighter-eng,emotion,bilstm,13,joy|surprise,joy|surprise,False,0.747262,
emotion-te-02708,en-Latn,brighter-eng,emotion,bilstm,20,fear,fear|joy,True,0.60485196,
emotion-te-02709,en-Latn,brighter-eng,emotion,bilstm,21,fear,fear|joy,True,0.74360836,
emotion-te-02710,en-Latn,brighter-eng,emotion,bilstm,43,joy,fear|joy|sadness,True,0.6647924,
emotion-te-02711,en-Latn,brighter-eng,emotion,bilstm,5,fear,fear|sadness,True,0.8224272,
emotion-te-02712,en-Latn,brighter-eng,emotion,bilstm,8,joy,fear|joy,True,0.7769898,
emotion-te-02713,en-Latn,brighter-eng,emotion,bilstm,43,fear|sadness,fear|joy,True,0.72206926,
emotion-te-02714,en-Latn,brighter-eng,emotion,bilstm,2,none,fear,True,0.5458898,
emotion-te-02715,en-Latn,brighter-eng,emotion,bilstm,22,fear,fear|joy|surprise,True,0.8963875,
emotion-te-02716,en-Latn,brighter-eng,emotion,bilstm,8,sadness,fear|joy|sadness,True,0.64750093,
emotion-te-02717,en-Latn,brighter-eng,emotion,bilstm,10,fear|sadness,anger|fear|sadness,True,0.92361075,
emotion-te-02718,en-Latn,brighter-eng,emotion,bilstm,31,fear,fear|sadness,True,0.96165335,
emotion-te-02719,en-Latn,brighter-eng,emotion,bilstm,18,fear,fear|joy|surprise,True,0.7372582,
emotion-te-02720,en-Latn,brighter-eng,emotion,bilstm,7,fear,fear|joy|sadness,True,0.5684943,
emotion-te-02721,en-Latn,brighter-eng,emotion,bilstm,8,fear,fear|sadness,True,0.4894702,
emotion-te-02722,en-Latn,brighter-eng,emotion,bilstm,13,fear|sadness,fear|sadness,False,0.9174993,
emotion-te-02723,en-Latn,brighter-eng,emotion,bilstm,4,joy,fear|surprise,True,0.80798614,
emotion-te-02724,en-Latn,brighter-eng,emotion,bilstm,25,fear|sadness,fear|sadness,False,0.8586647,
emotion-te-02725,en-Latn,brighter-eng,emotion,bilstm,18,fear,fear|surprise,True,0.9670864,
emotion-te-02726,en-Latn,brighter-eng,emotion,bilstm,16,fear|sadness,joy,True,0.563789,
emotion-te-02727,en-Latn,brighter-eng,emotion,bilstm,7,fear|sadness,fear|joy|sadness,True,0.73127985,
emotion-te-02728,en-Latn,brighter-eng,emotion,bilstm,11,fear|joy|surprise,fear|joy|surprise,False,0.6005775,
emotion-te-02729,en-Latn,brighter-eng,emotion,bilstm,16,fear,fear|joy|surprise,True,0.9288463,
emotion-te-02730,en-Latn,brighter-eng,emotion,bilstm,30,none,fear|joy|surprise,True,0.8770343,
emotion-te-02731,en-Latn,brighter-eng,emotion,bilstm,25,fear,fear|surprise,True,0.7086521,
emotion-te-02732,en-Latn,brighter-eng,emotion,bilstm,19,fear,fear|sadness,True,0.89796746,
emotion-te-02733,en-Latn,brighter-eng,emotion,bilstm,10,fear|sadness,fear,True,0.6977411,
emotion-te-02734,en-Latn,brighter-eng,emotion,bilstm,18,fear,fear,False,0.8688425,
emotion-te-02735,en-Latn,brighter-eng,emotion,bilstm,23,fear|surprise,fear|sadness,True,0.69680697,
emotion-te-02736,en-Latn,brighter-eng,emotion,bilstm,9,fear,fear,False,0.93916374,
emotion-te-02737,en-Latn,brighter-eng,emotion,bilstm,10,sadness,fear|sadness,True,0.6900122,
emotion-te-02738,en-Latn,brighter-eng,emotion,bilstm,13,fear|sadness,fear|surprise,True,0.6616675,
emotion-te-02739,en-Latn,brighter-eng,emotion,bilstm,12,fear,joy|sadness,True,0.6255371,
emotion-te-02740,en-Latn,brighter-eng,emotion,bilstm,8,sadness,fear,True,0.5321972,
emotion-te-02741,en-Latn,brighter-eng,emotion,bilstm,25,none,joy,True,0.73173213,
emotion-te-02742,en-Latn,brighter-eng,emotion,bilstm,24,fear|sadness,fear|sadness,False,0.8872441,
emotion-te-02743,en-Latn,brighter-eng,emotion,bilstm,9,fear|sadness,fear,True,0.6619179,
emotion-te-02744,en-Latn,brighter-eng,emotion,bilstm,15,fear|sadness,fear|sadness,False,0.94522905,
emotion-te-02745,en-Latn,brighter-eng,emotion,bilstm,22,sadness,fear|sadness|surprise,True,0.69646996,
emotion-te-02746,en-Latn,brighter-eng,emotion,bilstm,9,joy,joy,False,0.82475877,
emotion-te-02747,en-Latn,brighter-eng,emotion,bilstm,54,joy,fear|joy|sadness,True,0.6671128,
emotion-te-02748,en-Latn,brighter-eng,emotion,bilstm,37,joy,anger|fear|sadness,True,0.76220715,
emotion-te-02749,en-Latn,brighter-eng,emotion,bilstm,21,fear|sadness,fear,True,0.9180416,
emotion-te-02750,en-Latn,brighter-eng,emotion,bilstm,34,fear|sadness,joy|surprise,True,0.6597415,
emotion-te-02751,en-Latn,brighter-eng,emotion,bilstm,16,joy,fear,True,0.48171848,
emotion-te-02752,en-Latn,brighter-eng,emotion,bilstm,8,joy,none,True,0.3862258,
emotion-te-02753,en-Latn,brighter-eng,emotion,bilstm,12,fear|sadness,fear|sadness,False,0.68678975,
emotion-te-02754,en-Latn,brighter-eng,emotion,bilstm,14,fear,fear|sadness,True,0.81266266,
emotion-te-02755,en-Latn,brighter-eng,emotion,bilstm,26,none,fear|sadness|surprise,True,0.9797214,
emotion-te-02756,en-Latn,brighter-eng,emotion,bilstm,17,fear,fear|sadness,True,0.7650029,
emotion-te-02757,en-Latn,brighter-eng,emotion,bilstm,7,fear|sadness,fear|sadness,False,0.79644734,
emotion-te-02758,en-Latn,brighter-eng,emotion,bilstm,17,fear,fear|surprise,True,0.9656175,
emotion-te-02759,en-Latn,brighter-eng,emotion,bilstm,22,sadness,joy|surprise,True,0.78112084,
emotion-te-02760,hi-Deva,brighter-hin,emotion,bilstm,18,fear|sadness|surprise,fear|sadness,True,0.42088345,
emotion-te-02761,hi-Deva,brighter-hin,emotion,bilstm,15,sadness,sadness,False,0.42056358,
emotion-te-02762,hi-Deva,brighter-hin,emotion,bilstm,17,fear,fear,False,0.95961434,
emotion-te-02763,hi-Deva,brighter-hin,emotion,bilstm,25,surprise,anger|surprise,True,0.5788565,
emotion-te-02764,hi-Deva,brighter-hin,emotion,bilstm,13,anger,anger,False,0.6716777,
emotion-te-02765,hi-Deva,brighter-hin,emotion,bilstm,12,anger,sadness,True,0.53521705,
emotion-te-02766,hi-Deva,brighter-hin,emotion,bilstm,11,none,none,False,0.32263204,
emotion-te-02767,hi-Deva,brighter-hin,emotion,bilstm,18,none,none,False,0.20641868,
emotion-te-02768,hi-Deva,brighter-hin,emotion,bilstm,17,anger|disgust,anger|disgust|sadness,True,0.8968192,
emotion-te-02769,hi-Deva,brighter-hin,emotion,bilstm,15,none,fear,True,0.4268361,
emotion-te-02770,hi-Deva,brighter-hin,emotion,bilstm,12,sadness,none,True,0.5223918,
emotion-te-02771,hi-Deva,brighter-hin,emotion,bilstm,13,none,none,False,0.08310442,
emotion-te-02772,hi-Deva,brighter-hin,emotion,bilstm,13,surprise,none,True,0.2938294,
emotion-te-02773,hi-Deva,brighter-hin,emotion,bilstm,14,none,none,False,0.23315129,
emotion-te-02774,hi-Deva,brighter-hin,emotion,bilstm,19,surprise,anger|surprise,True,0.75421,
emotion-te-02775,hi-Deva,brighter-hin,emotion,bilstm,14,disgust,anger|disgust,True,0.77787864,
emotion-te-02776,hi-Deva,brighter-hin,emotion,bilstm,19,fear,anger|surprise,True,0.61953986,
emotion-te-02777,hi-Deva,brighter-hin,emotion,bilstm,13,fear,fear|surprise,True,0.68046355,
emotion-te-02778,hi-Deva,brighter-hin,emotion,bilstm,15,joy,joy,False,0.98099536,
emotion-te-02779,hi-Deva,brighter-hin,emotion,bilstm,18,none,fear,True,0.98057234,
emotion-te-02780,hi-Deva,brighter-hin,emotion,bilstm,16,anger,anger|sadness,True,0.49467635,
emotion-te-02781,hi-Deva,brighter-hin,emotion,bilstm,12,sadness,anger|sadness,True,0.6194307,
emotion-te-02782,hi-Deva,brighter-hin,emotion,bilstm,11,none,none,False,0.07493908,
emotion-te-02783,hi-Deva,brighter-hin,emotion,bilstm,7,none,anger,True,0.59494275,
emotion-te-02784,hi-Deva,brighter-hin,emotion,bilstm,21,surprise,joy,True,0.8988672,
emotion-te-02785,hi-Deva,brighter-hin,emotion,bilstm,16,surprise,joy|surprise,True,0.892357,
emotion-te-02786,hi-Deva,brighter-hin,emotion,bilstm,22,fear,fear,False,0.97779185,
emotion-te-02787,hi-Deva,brighter-hin,emotion,bilstm,18,disgust,anger|disgust,True,0.92375255,
emotion-te-02788,hi-Deva,brighter-hin,emotion,bilstm,20,fear,fear,False,0.98747593,
emotion-te-02789,hi-Deva,brighter-hin,emotion,bilstm,14,joy,anger|sadness,True,0.5920019,
emotion-te-02790,hi-Deva,brighter-hin,emotion,bilstm,26,disgust,anger|disgust|sadness,True,0.6419954,
emotion-te-02791,hi-Deva,brighter-hin,emotion,bilstm,11,fear,fear,False,0.9804639,
emotion-te-02792,hi-Deva,brighter-hin,emotion,bilstm,24,anger,anger,False,0.7535176,
emotion-te-02793,hi-Deva,brighter-hin,emotion,bilstm,19,anger,anger|surprise,True,0.84140724,
emotion-te-02794,hi-Deva,brighter-hin,emotion,bilstm,27,sadness,anger|surprise,True,0.57477397,
emotion-te-02795,hi-Deva,brighter-hin,emotion,bilstm,13,sadness,none,True,0.22491707,
emotion-te-02796,hi-Deva,brighter-hin,emotion,bilstm,9,fear,fear,False,0.96982074,
emotion-te-02797,hi-Deva,brighter-hin,emotion,bilstm,19,surprise,fear|surprise,True,0.97820204,
emotion-te-02798,hi-Deva,brighter-hin,emotion,bilstm,15,fear,surprise,True,0.7913959,
emotion-te-02799,hi-Deva,brighter-hin,emotion,bilstm,17,surprise,surprise,False,0.9704522,
emotion-te-02800,hi-Deva,brighter-hin,emotion,bilstm,18,disgust|sadness,anger|disgust|surprise,True,0.8627187,
emotion-te-02801,hi-Deva,brighter-hin,emotion,bilstm,22,sadness,sadness,False,0.61600375,
emotion-te-02802,hi-Deva,brighter-hin,emotion,bilstm,9,anger,anger,False,0.8313759,
emotion-te-02803,hi-Deva,brighter-hin,emotion,bilstm,29,disgust,anger|disgust,True,0.89006525,
emotion-te-02804,hi-Deva,brighter-hin,emotion,bilstm,11,joy,joy,False,0.88591146,
emotion-te-02805,hi-Deva,brighter-hin,emotion,bilstm,10,none,sadness,True,0.45624885,
emotion-te-02806,hi-Deva,brighter-hin,emotion,bilstm,15,fear,fear,False,0.96719843,
emotion-te-02807,hi-Deva,brighter-hin,emotion,bilstm,10,joy,joy,False,0.6961017,
emotion-te-02808,hi-Deva,brighter-hin,emotion,bilstm,14,sadness,anger|surprise,True,0.611392,
emotion-te-02809,hi-Deva,brighter-hin,emotion,bilstm,14,sadness,sadness,False,0.46113062,
emotion-te-02810,hi-Deva,brighter-hin,emotion,bilstm,14,fear,surprise,True,0.7207212,
emotion-te-02811,hi-Deva,brighter-hin,emotion,bilstm,21,fear,fear,False,0.98723584,
emotion-te-02812,hi-Deva,brighter-hin,emotion,bilstm,19,joy,joy,False,0.972901,
emotion-te-02813,hi-Deva,brighter-hin,emotion,bilstm,16,fear,fear,False,0.98808366,
emotion-te-02814,hi-Deva,brighter-hin,emotion,bilstm,29,surprise,surprise,False,0.95107514,
emotion-te-02815,hi-Deva,brighter-hin,emotion,bilstm,10,fear,none,True,0.18117861,
emotion-te-02816,hi-Deva,brighter-hin,emotion,bilstm,16,anger,sadness,True,0.46795145,
emotion-te-02817,hi-Deva,brighter-hin,emotion,bilstm,16,joy|surprise,joy,True,0.9816125,
emotion-te-02818,hi-Deva,brighter-hin,emotion,bilstm,10,none,sadness,True,0.4008183,
emotion-te-02819,hi-Deva,brighter-hin,emotion,bilstm,24,surprise,sadness,True,0.4897334,
emotion-te-02820,hi-Deva,brighter-hin,emotion,bilstm,15,fear,fear,False,0.5144623,
emotion-te-02821,hi-Deva,brighter-hin,emotion,bilstm,17,sadness,anger|sadness,True,0.7148659,
emotion-te-02822,hi-Deva,brighter-hin,emotion,bilstm,18,fear,fear,False,0.7878381,
emotion-te-02823,hi-Deva,brighter-hin,emotion,bilstm,14,joy,joy,False,0.6936003,
emotion-te-02824,hi-Deva,brighter-hin,emotion,bilstm,20,joy,joy,False,0.7910425,
emotion-te-02825,hi-Deva,brighter-hin,emotion,bilstm,16,fear,fear,False,0.9798805,
emotion-te-02826,hi-Deva,brighter-hin,emotion,bilstm,14,fear,fear,False,0.97433144,
emotion-te-02827,hi-Deva,brighter-hin,emotion,bilstm,14,joy,joy,False,0.8375899,
emotion-te-02828,hi-Deva,brighter-hin,emotion,bilstm,17,none,fear,True,0.43129498,
emotion-te-02829,hi-Deva,brighter-hin,emotion,bilstm,18,joy,joy|surprise,True,0.61033505,
emotion-te-02830,hi-Deva,brighter-hin,emotion,bilstm,19,joy,joy,False,0.8781933,
emotion-te-02831,hi-Deva,brighter-hin,emotion,bilstm,14,none,none,False,0.21941675,
emotion-te-02832,hi-Deva,brighter-hin,emotion,bilstm,18,fear,fear,False,0.9933554,
emotion-te-02833,hi-Deva,brighter-hin,emotion,bilstm,11,none,none,False,0.3139352,
emotion-te-02834,hi-Deva,brighter-hin,emotion,bilstm,17,joy,joy,False,0.95979553,
emotion-te-02835,hi-Deva,brighter-hin,emotion,bilstm,15,fear,fear|sadness,True,0.5606363,
emotion-te-02836,hi-Deva,brighter-hin,emotion,bilstm,11,joy,joy,False,0.7719966,
emotion-te-02837,hi-Deva,brighter-hin,emotion,bilstm,30,anger|disgust,anger,True,0.5054455,
emotion-te-02838,hi-Deva,brighter-hin,emotion,bilstm,16,fear,sadness|surprise,True,0.52753156,
emotion-te-02839,hi-Deva,brighter-hin,emotion,bilstm,25,anger,anger|disgust,True,0.7546158,
emotion-te-02840,hi-Deva,brighter-hin,emotion,bilstm,21,anger,anger,False,0.82627434,
emotion-te-02841,hi-Deva,brighter-hin,emotion,bilstm,18,joy,none,True,0.36667883,
emotion-te-02842,hi-Deva,brighter-hin,emotion,bilstm,10,joy,joy,False,0.9982317,
emotion-te-02843,hi-Deva,brighter-hin,emotion,bilstm,12,anger,anger,False,0.52891845,
emotion-te-02844,hi-Deva,brighter-hin,emotion,bilstm,24,disgust,disgust|sadness,True,0.84723264,
emotion-te-02845,hi-Deva,brighter-hin,emotion,bilstm,15,surprise,joy|surprise,True,0.9510339,
emotion-te-02846,hi-Deva,brighter-hin,emotion,bilstm,17,anger,anger|sadness,True,0.6044828,
emotion-te-02847,hi-Deva,brighter-hin,emotion,bilstm,15,joy,joy,False,0.90294296,
emotion-te-02848,hi-Deva,brighter-hin,emotion,bilstm,30,surprise,surprise,False,0.79932684,
emotion-te-02849,hi-Deva,brighter-hin,emotion,bilstm,31,surprise,anger,True,0.757774,
emotion-te-02850,hi-Deva,brighter-hin,emotion,bilstm,18,joy,joy,False,0.47474024,
emotion-te-02851,hi-Deva,brighter-hin,emotion,bilstm,11,anger,sadness,True,0.4174624,
emotion-te-02852,hi-Deva,brighter-hin,emotion,bilstm,16,none,none,False,0.06622761,
emotion-te-02853,hi-Deva,brighter-hin,emotion,bilstm,12,fear,fear,False,0.9304171,
emotion-te-02854,hi-Deva,brighter-hin,emotion,bilstm,13,sadness,none,True,0.49370578,
emotion-te-02855,hi-Deva,brighter-hin,emotion,bilstm,14,joy,sadness,True,0.44511685,
emotion-te-02856,hi-Deva,brighter-hin,emotion,bilstm,18,joy,joy|surprise,True,0.61225826,
emotion-te-02857,hi-Deva,brighter-hin,emotion,bilstm,17,none,joy,True,0.46756965,
emotion-te-02858,hi-Deva,brighter-hin,emotion,bilstm,12,none,none,False,0.06776016,
emotion-te-02859,hi-Deva,brighter-hin,emotion,bilstm,16,fear,disgust|sadness,True,0.85103035,
emotion-te-02860,hi-Deva,brighter-hin,emotion,bilstm,21,none,anger|disgust,True,0.6732003,
emotion-te-02861,hi-Deva,brighter-hin,emotion,bilstm,10,joy,joy,False,0.9835585,
emotion-te-02862,hi-Deva,brighter-hin,emotion,bilstm,16,surprise,surprise,False,0.8661186,
emotion-te-02863,hi-Deva,brighter-hin,emotion,bilstm,14,fear,fear,False,0.9828688,
emotion-te-02864,hi-Deva,brighter-hin,emotion,bilstm,16,sadness,sadness,False,0.73060364,
emotion-te-02865,hi-Deva,brighter-hin,emotion,bilstm,17,none,none,False,0.16086367,
emotion-te-02866,hi-Deva,brighter-hin,emotion,bilstm,17,sadness,sadness,False,0.7063197,
emotion-te-02867,hi-Deva,brighter-hin,emotion,bilstm,19,fear,fear,False,0.8536343,
emotion-te-02868,hi-Deva,brighter-hin,emotion,bilstm,13,fear,fear,False,0.93811965,
emotion-te-02869,hi-Deva,brighter-hin,emotion,bilstm,15,fear,fear,False,0.9787513,
emotion-te-02870,hi-Deva,brighter-hin,emotion,bilstm,20,anger,anger,False,0.75283605,
emotion-te-02871,hi-Deva,brighter-hin,emotion,bilstm,14,joy,none,True,0.16356897,
emotion-te-02872,hi-Deva,brighter-hin,emotion,bilstm,9,joy,none,True,0.25601578,
emotion-te-02873,hi-Deva,brighter-hin,emotion,bilstm,18,none,none,False,0.3654286,
emotion-te-02874,hi-Deva,brighter-hin,emotion,bilstm,14,fear,fear,False,0.95147836,
emotion-te-02875,hi-Deva,brighter-hin,emotion,bilstm,25,joy,joy,False,0.7338072,
emotion-te-02876,hi-Deva,brighter-hin,emotion,bilstm,12,sadness,anger,True,0.7373736,
emotion-te-02877,hi-Deva,brighter-hin,emotion,bilstm,15,fear,fear|sadness,True,0.6349518,
emotion-te-02878,hi-Deva,brighter-hin,emotion,bilstm,12,fear,fear,False,0.75830555,
emotion-te-02879,hi-Deva,brighter-hin,emotion,bilstm,13,surprise,none,True,0.36912423,
emotion-te-02880,hi-Deva,brighter-hin,emotion,bilstm,9,sadness,joy,True,0.41046607,
emotion-te-02881,hi-Deva,brighter-hin,emotion,bilstm,10,joy|surprise,joy|surprise,False,0.80354345,
emotion-te-02882,hi-Deva,brighter-hin,emotion,bilstm,15,anger|disgust,anger|disgust|sadness,True,0.89500016,
emotion-te-02883,hi-Deva,brighter-hin,emotion,bilstm,19,none,none,False,0.24860409,
emotion-te-02884,hi-Deva,brighter-hin,emotion,bilstm,24,anger|sadness,anger|disgust|sadness,True,0.66371137,
emotion-te-02885,hi-Deva,brighter-hin,emotion,bilstm,14,sadness,sadness,False,0.77787095,
emotion-te-02886,hi-Deva,brighter-hin,emotion,bilstm,24,fear,fear,False,0.8698041,
emotion-te-02887,hi-Deva,brighter-hin,emotion,bilstm,12,fear,sadness,True,0.47291106,
emotion-te-02888,hi-Deva,brighter-hin,emotion,bilstm,15,none,none,False,0.06619578,
emotion-te-02889,hi-Deva,brighter-hin,emotion,bilstm,21,surprise,none,True,0.465592,
emotion-te-02890,hi-Deva,brighter-hin,emotion,bilstm,14,joy,joy,False,0.9679937,
emotion-te-02891,hi-Deva,brighter-hin,emotion,bilstm,13,sadness,none,True,0.2476046,
emotion-te-02892,hi-Deva,brighter-hin,emotion,bilstm,14,none,joy,True,0.48664403,
emotion-te-02893,hi-Deva,brighter-hin,emotion,bilstm,19,surprise,none,True,0.42239612,
emotion-te-02894,hi-Deva,brighter-hin,emotion,bilstm,21,anger,none,True,0.40505248,
emotion-te-02895,hi-Deva,brighter-hin,emotion,bilstm,10,disgust,disgust,False,0.8466491,
emotion-te-02896,hi-Deva,brighter-hin,emotion,bilstm,12,joy,joy,False,0.9914836,
emotion-te-02897,hi-Deva,brighter-hin,emotion,bilstm,13,sadness,sadness,False,0.60720813,
emotion-te-02898,hi-Deva,brighter-hin,emotion,bilstm,20,anger,fear,True,0.71155363,
emotion-te-02899,hi-Deva,brighter-hin,emotion,bilstm,14,surprise,joy,True,0.5828977,
emotion-te-02900,hi-Deva,brighter-hin,emotion,bilstm,17,fear,fear|sadness,True,0.5648172,
emotion-te-02901,hi-Deva,brighter-hin,emotion,bilstm,17,fear,fear,False,0.64440876,
emotion-te-02902,hi-Deva,brighter-hin,emotion,bilstm,11,joy,joy|surprise,True,0.73080575,
emotion-te-02903,hi-Deva,brighter-hin,emotion,bilstm,13,sadness,joy|sadness,True,0.5566336,
emotion-te-02904,hi-Deva,brighter-hin,emotion,bilstm,26,anger,anger|surprise,True,0.7095001,
emotion-te-02905,hi-Deva,brighter-hin,emotion,bilstm,20,disgust,surprise,True,0.71530557,
emotion-te-02906,hi-Deva,brighter-hin,emotion,bilstm,8,sadness,sadness,False,0.58379716,
emotion-te-02907,hi-Deva,brighter-hin,emotion,bilstm,21,surprise,surprise,False,0.64929587,
emotion-te-02908,hi-Deva,brighter-hin,emotion,bilstm,23,none,joy|sadness,True,0.5204373,
emotion-te-02909,hi-Deva,brighter-hin,emotion,bilstm,28,none,anger|sadness,True,0.6550553,
emotion-te-02910,hi-Deva,brighter-hin,emotion,bilstm,18,sadness,joy|sadness,True,0.54398197,
emotion-te-02911,hi-Deva,brighter-hin,emotion,bilstm,22,joy|surprise,joy|surprise,False,0.8198061,
emotion-te-02912,hi-Deva,brighter-hin,emotion,bilstm,11,fear,fear,False,0.97021556,
emotion-te-02913,hi-Deva,brighter-hin,emotion,bilstm,18,disgust,disgust,False,0.8415949,
emotion-te-02914,hi-Deva,brighter-hin,emotion,bilstm,25,surprise,none,True,0.37396973,
emotion-te-02915,hi-Deva,brighter-hin,emotion,bilstm,18,surprise,surprise,False,0.98077834,
emotion-te-02916,hi-Deva,brighter-hin,emotion,bilstm,18,joy,joy,False,0.9743551,
emotion-te-02917,hi-Deva,brighter-hin,emotion,bilstm,16,joy,joy,False,0.58497036,
emotion-te-02918,hi-Deva,brighter-hin,emotion,bilstm,11,disgust,disgust,False,0.9544019,
emotion-te-02919,hi-Deva,brighter-hin,emotion,bilstm,21,anger,anger|disgust,True,0.8336108,
emotion-te-02920,hi-Deva,brighter-hin,emotion,bilstm,15,sadness,joy|sadness,True,0.77604693,
emotion-te-02921,hi-Deva,brighter-hin,emotion,bilstm,18,surprise,joy|surprise,True,0.94591504,
emotion-te-02922,hi-Deva,brighter-hin,emotion,bilstm,8,disgust|surprise,anger|surprise,True,0.5841283,
emotion-te-02923,hi-Deva,brighter-hin,emotion,bilstm,14,sadness,joy|sadness,True,0.60769826,
emotion-te-02924,hi-Deva,brighter-hin,emotion,bilstm,19,anger,anger,False,0.9169197,
emotion-te-02925,hi-Deva,brighter-hin,emotion,bilstm,16,anger,anger,False,0.46245682,
emotion-te-02926,hi-Deva,brighter-hin,emotion,bilstm,25,disgust,anger|disgust,True,0.9719497,
emotion-te-02927,hi-Deva,brighter-hin,emotion,bilstm,22,joy,joy,False,0.59049374,
emotion-te-02928,hi-Deva,brighter-hin,emotion,bilstm,31,anger,anger,False,0.60208803,
emotion-te-02929,hi-Deva,brighter-hin,emotion,bilstm,23,sadness,surprise,True,0.6911343,
emotion-te-02930,hi-Deva,brighter-hin,emotion,bilstm,13,none,sadness,True,0.52255476,
emotion-te-02931,hi-Deva,brighter-hin,emotion,bilstm,8,surprise,surprise,False,0.9133103,
emotion-te-02932,hi-Deva,brighter-hin,emotion,bilstm,10,anger,anger|surprise,True,0.77054626,
emotion-te-02933,hi-Deva,brighter-hin,emotion,bilstm,22,fear,fear|sadness,True,0.5096228,
emotion-te-02934,hi-Deva,brighter-hin,emotion,bilstm,14,fear,fear,False,0.98502314,
emotion-te-02935,hi-Deva,brighter-hin,emotion,bilstm,22,sadness,anger,True,0.6323441,
emotion-te-02936,hi-Deva,brighter-hin,emotion,bilstm,16,fear,fear,False,0.9920752,
emotion-te-02937,hi-Deva,brighter-hin,emotion,bilstm,12,fear,fear,False,0.5675612,
emotion-te-02938,hi-Deva,brighter-hin,emotion,bilstm,14,joy,surprise,True,0.56672615,
emotion-te-02939,hi-Deva,brighter-hin,emotion,bilstm,15,anger|disgust,fear,True,0.7240291,
emotion-te-02940,hi-Deva,brighter-hin,emotion,bilstm,12,none,sadness,True,0.40941617,
emotion-te-02941,hi-Deva,brighter-hin,emotion,bilstm,11,anger,anger|sadness,True,0.556499,
emotion-te-02942,hi-Deva,brighter-hin,emotion,bilstm,16,joy,joy,False,0.8767014,
emotion-te-02943,hi-Deva,brighter-hin,emotion,bilstm,22,anger,anger,False,0.7949658,
emotion-te-02944,hi-Deva,brighter-hin,emotion,bilstm,7,surprise,none,True,0.39264414,
emotion-te-02945,hi-Deva,brighter-hin,emotion,bilstm,16,none,none,False,0.3227781,
emotion-te-02946,hi-Deva,brighter-hin,emotion,bilstm,18,anger|disgust,anger|disgust|sadness,True,0.8814111,
emotion-te-02947,hi-Deva,brighter-hin,emotion,bilstm,11,disgust,none,True,0.4263472,
emotion-te-02948,hi-Deva,brighter-hin,emotion,bilstm,11,anger,joy|surprise,True,0.8940079,
emotion-te-02949,hi-Deva,brighter-hin,emotion,bilstm,11,none,joy,True,0.5176045,
emotion-te-02950,hi-Deva,brighter-hin,emotion,bilstm,18,disgust,fear|sadness,True,0.5841843,
emotion-te-02951,hi-Deva,brighter-hin,emotion,bilstm,30,joy,joy,False,0.76364714,
emotion-te-02952,hi-Deva,brighter-hin,emotion,bilstm,18,none,none,False,0.3507441,
emotion-te-02953,hi-Deva,brighter-hin,emotion,bilstm,15,fear,fear,False,0.9802287,
emotion-te-02954,hi-Deva,brighter-hin,emotion,bilstm,15,sadness,sadness,False,0.5214458,
emotion-te-02955,hi-Deva,brighter-hin,emotion,bilstm,19,fear,fear,False,0.9520035,
emotion-te-02956,hi-Deva,brighter-hin,emotion,bilstm,14,none,none,False,0.082285576,
emotion-te-02957,hi-Deva,brighter-hin,emotion,bilstm,8,surprise,joy,True,0.9777025,
emotion-te-02958,hi-Deva,brighter-hin,emotion,bilstm,16,surprise,joy|surprise,True,0.94525343,
emotion-te-02959,hi-Deva,brighter-hin,emotion,bilstm,14,anger,sadness,True,0.49267414,
emotion-te-02960,hi-Deva,brighter-hin,emotion,bilstm,26,anger,none,True,0.38375536,
emotion-te-02961,hi-Deva,brighter-hin,emotion,bilstm,23,sadness,joy,True,0.8277228,
emotion-te-02962,hi-Deva,brighter-hin,emotion,bilstm,18,fear,fear,False,0.97485006,
emotion-te-02963,hi-Deva,brighter-hin,emotion,bilstm,14,anger|disgust,anger|disgust,False,0.9534132,
emotion-te-02964,hi-Deva,brighter-hin,emotion,bilstm,18,fear,fear,False,0.9742339,
emotion-te-02965,hi-Deva,brighter-hin,emotion,bilstm,17,joy,anger|disgust,True,0.8340271,
emotion-te-02966,hi-Deva,brighter-hin,emotion,bilstm,20,none,none,False,0.36525995,
emotion-te-02967,hi-Deva,brighter-hin,emotion,bilstm,16,none,anger,True,0.4574328,
emotion-te-02968,hi-Deva,brighter-hin,emotion,bilstm,32,sadness,anger|disgust|sadness,True,0.681706,
emotion-te-02969,hi-Deva,brighter-hin,emotion,bilstm,14,none,none,False,0.097444914,
emotion-te-02970,hi-Deva,brighter-hin,emotion,bilstm,17,fear,joy|sadness,True,0.49794272,
emotion-te-02971,hi-Deva,brighter-hin,emotion,bilstm,13,sadness,sadness,False,0.5475634,
emotion-te-02972,hi-Deva,brighter-hin,emotion,bilstm,12,none,none,False,0.19784953,
emotion-te-02973,hi-Deva,brighter-hin,emotion,bilstm,15,fear,anger,True,0.4787216,
emotion-te-02974,hi-Deva,brighter-hin,emotion,bilstm,18,surprise,none,True,0.4701899,
emotion-te-02975,hi-Deva,brighter-hin,emotion,bilstm,27,joy,joy|surprise,True,0.72190785,
emotion-te-02976,hi-Deva,brighter-hin,emotion,bilstm,27,anger|disgust,anger,True,0.94716984,
emotion-te-02977,hi-Deva,brighter-hin,emotion,bilstm,17,anger,anger|surprise,True,0.56075937,
emotion-te-02978,hi-Deva,brighter-hin,emotion,bilstm,18,surprise,anger,True,0.66981494,
emotion-te-02979,hi-Deva,brighter-hin,emotion,bilstm,16,joy,joy|surprise,True,0.7982505,
emotion-te-02980,hi-Deva,brighter-hin,emotion,bilstm,11,joy|surprise,joy,True,0.81995606,
emotion-te-02981,hi-Deva,brighter-hin,emotion,bilstm,14,disgust,disgust,False,0.9520123,
emotion-te-02982,hi-Deva,brighter-hin,emotion,bilstm,14,sadness,none,True,0.3302441,
emotion-te-02983,hi-Deva,brighter-hin,emotion,bilstm,22,sadness,disgust|sadness,True,0.6014553,
emotion-te-02984,hi-Deva,brighter-hin,emotion,bilstm,13,sadness,none,True,0.24262758,
emotion-te-02985,hi-Deva,brighter-hin,emotion,bilstm,19,sadness,fear|sadness,True,0.6980115,
emotion-te-02986,hi-Deva,brighter-hin,emotion,bilstm,18,joy,joy,False,0.9501405,
emotion-te-02987,hi-Deva,brighter-hin,emotion,bilstm,15,anger,anger|disgust|sadness,True,0.758776,
emotion-te-02988,hi-Deva,brighter-hin,emotion,bilstm,19,joy,joy,False,0.95331496,
emotion-te-02989,hi-Deva,brighter-hin,emotion,bilstm,20,joy,joy|surprise,True,0.8701534,
emotion-te-02990,hi-Deva,brighter-hin,emotion,bilstm,23,surprise,anger|surprise,True,0.61628866,
emotion-te-02991,hi-Deva,brighter-hin,emotion,bilstm,20,anger,anger,False,0.7481538,
emotion-te-02992,hi-Deva,brighter-hin,emotion,bilstm,16,disgust,anger|disgust,True,0.98248833,
emotion-te-02993,hi-Deva,brighter-hin,emotion,bilstm,17,surprise,joy|surprise,True,0.82669044,
emotion-te-02994,hi-Deva,brighter-hin,emotion,bilstm,18,sadness,joy,True,0.9575347,
emotion-te-02995,hi-Deva,brighter-hin,emotion,bilstm,10,anger|disgust,none,True,0.22628511,
emotion-te-02996,hi-Deva,brighter-hin,emotion,bilstm,12,sadness,none,True,0.36717147,
emotion-te-02997,hi-Deva,brighter-hin,emotion,bilstm,10,joy,disgust|sadness,True,0.7247741,
emotion-te-02998,hi-Deva,brighter-hin,emotion,bilstm,14,none,sadness,True,0.40112045,
emotion-te-02999,hi-Deva,brighter-hin,emotion,bilstm,32,anger,anger,False,0.82984155,
emotion-te-03000,hi-Deva,brighter-hin,emotion,bilstm,30,anger,anger,False,0.8249553,
emotion-te-03001,hi-Deva,brighter-hin,emotion,bilstm,18,surprise,joy|surprise,True,0.9047991,
emotion-te-03002,hi-Deva,brighter-hin,emotion,bilstm,17,fear,fear,False,0.9656004,
emotion-te-03003,hi-Deva,brighter-hin,emotion,bilstm,16,sadness,sadness,False,0.59661025,
emotion-te-03004,hi-Deva,brighter-hin,emotion,bilstm,16,none,none,False,0.4799123,
emotion-te-03005,hi-Deva,brighter-hin,emotion,bilstm,15,none,none,False,0.041080024,
emotion-te-03006,hi-Deva,brighter-hin,emotion,bilstm,14,none,none,False,0.25592563,
emotion-te-03007,hi-Deva,brighter-hin,emotion,bilstm,11,disgust,disgust,False,0.9733305,
emotion-te-03008,hi-Deva,brighter-hin,emotion,bilstm,14,fear,fear,False,0.97687805,
emotion-te-03009,hi-Deva,brighter-hin,emotion,bilstm,20,none,none,False,0.2773676,
emotion-te-03010,hi-Deva,brighter-hin,emotion,bilstm,19,joy,surprise,True,0.5107127,
emotion-te-03011,hi-Deva,brighter-hin,emotion,bilstm,15,none,none,False,0.18070039,
emotion-te-03012,hi-Deva,brighter-hin,emotion,bilstm,22,fear,anger,True,0.61758083,
emotion-te-03013,hi-Deva,brighter-hin,emotion,bilstm,16,surprise,surprise,False,0.9512656,
emotion-te-03014,hi-Deva,brighter-hin,emotion,bilstm,16,anger,anger,False,0.832108,
emotion-te-03015,hi-Deva,brighter-hin,emotion,bilstm,11,none,none,False,0.096949846,
emotion-te-03016,hi-Deva,brighter-hin,emotion,bilstm,14,sadness,sadness,False,0.41506433,
emotion-te-03017,hi-Deva,brighter-hin,emotion,bilstm,13,none,fear|sadness,True,0.7790857,
emotion-te-03018,hi-Deva,brighter-hin,emotion,bilstm,19,joy,fear|surprise,True,0.7953979,
emotion-te-03019,hi-Deva,brighter-hin,emotion,bilstm,31,joy,sadness,True,0.52840716,
emotion-te-03020,hi-Deva,brighter-hin,emotion,bilstm,20,joy,fear,True,0.91608435,
emotion-te-03021,hi-Deva,brighter-hin,emotion,bilstm,18,sadness,sadness,False,0.416411,
emotion-te-03022,hi-Deva,brighter-hin,emotion,bilstm,19,sadness,joy,True,0.6503047,
emotion-te-03023,hi-Deva,brighter-hin,emotion,bilstm,18,sadness,fear|surprise,True,0.51871616,
emotion-te-03024,hi-Deva,brighter-hin,emotion,bilstm,17,sadness,sadness,False,0.49020478,
emotion-te-03025,hi-Deva,brighter-hin,emotion,bilstm,13,none,none,False,0.118665345,
emotion-te-03026,hi-Deva,brighter-hin,emotion,bilstm,12,surprise,anger|surprise,True,0.74307513,
emotion-te-03027,hi-Deva,brighter-hin,emotion,bilstm,20,anger,anger,False,0.4722878,
emotion-te-03028,hi-Deva,brighter-hin,emotion,bilstm,14,none,none,False,0.28722358,
emotion-te-03029,hi-Deva,brighter-hin,emotion,bilstm,12,none,none,False,0.18310454,
emotion-te-03030,hi-Deva,brighter-hin,emotion,bilstm,16,fear,fear,False,0.9389257,
emotion-te-03031,hi-Deva,brighter-hin,emotion,bilstm,10,fear,fear,False,0.7581135,
emotion-te-03032,hi-Deva,brighter-hin,emotion,bilstm,11,sadness,sadness,False,0.49208343,
emotion-te-03033,hi-Deva,brighter-hin,emotion,bilstm,16,none,none,False,0.24997574,
emotion-te-03034,hi-Deva,brighter-hin,emotion,bilstm,7,disgust,anger|disgust|sadness,True,0.82158756,
emotion-te-03035,hi-Deva,brighter-hin,emotion,bilstm,14,fear,fear|sadness,True,0.7990505,
emotion-te-03036,hi-Deva,brighter-hin,emotion,bilstm,33,anger,anger|surprise,True,0.78247416,
emotion-te-03037,hi-Deva,brighter-hin,emotion,bilstm,16,disgust,none,True,0.10015241,
emotion-te-03038,hi-Deva,brighter-hin,emotion,bilstm,19,none,anger|sadness,True,0.6220087,
emotion-te-03039,hi-Deva,brighter-hin,emotion,bilstm,12,disgust,disgust,False,0.8292599,
emotion-te-03040,hi-Deva,brighter-hin,emotion,bilstm,13,sadness,sadness,False,0.9378607,
emotion-te-03041,hi-Deva,brighter-hin,emotion,bilstm,15,surprise,surprise,False,0.7988283,
emotion-te-03042,hi-Deva,brighter-hin,emotion,bilstm,13,disgust,disgust,False,0.9343156,
emotion-te-03043,hi-Deva,brighter-hin,emotion,bilstm,19,sadness,disgust|sadness,True,0.7715188,
emotion-te-03044,hi-Deva,brighter-hin,emotion,bilstm,14,disgust,disgust,False,0.9313404,
emotion-te-03045,hi-Deva,brighter-hin,emotion,bilstm,17,joy|surprise,surprise,True,0.80941844,
emotion-te-03046,hi-Deva,brighter-hin,emotion,bilstm,25,anger,anger,False,0.7630027,
emotion-te-03047,hi-Deva,brighter-hin,emotion,bilstm,13,sadness,none,True,0.2172671,
emotion-te-03048,hi-Deva,brighter-hin,emotion,bilstm,13,fear,fear,False,0.98938704,
emotion-te-03049,hi-Deva,brighter-hin,emotion,bilstm,16,joy,joy,False,0.9159289,
emotion-te-03050,hi-Deva,brighter-hin,emotion,bilstm,20,joy,joy|sadness,True,0.60303175,
emotion-te-03051,hi-Deva,brighter-hin,emotion,bilstm,21,joy,sadness,True,0.7617272,
emotion-te-03052,hi-Deva,brighter-hin,emotion,bilstm,6,disgust,disgust|surprise,True,0.65797603,
emotion-te-03053,hi-Deva,brighter-hin,emotion,bilstm,17,disgust,disgust,False,0.9075924,
emotion-te-03054,hi-Deva,brighter-hin,emotion,bilstm,15,sadness,joy,True,0.43050772,
emotion-te-03055,hi-Deva,brighter-hin,emotion,bilstm,22,surprise,surprise,False,0.83708,
emotion-te-03056,hi-Deva,brighter-hin,emotion,bilstm,8,none,none,False,0.12768184,
emotion-te-03057,hi-Deva,brighter-hin,emotion,bilstm,28,anger|sadness,anger|sadness,False,0.59945434,
emotion-te-03058,hi-Deva,brighter-hin,emotion,bilstm,16,sadness,anger|surprise,True,0.5804371,
emotion-te-03059,hi-Deva,brighter-hin,emotion,bilstm,10,surprise,fear|surprise,True,0.7120959,
emotion-te-03060,hi-Deva,brighter-hin,emotion,bilstm,16,anger,anger|disgust,True,0.8960396,
emotion-te-03061,hi-Deva,brighter-hin,emotion,bilstm,12,none,none,False,0.19652796,
emotion-te-03062,hi-Deva,brighter-hin,emotion,bilstm,15,none,none,False,0.11888746,
emotion-te-03063,hi-Deva,brighter-hin,emotion,bilstm,12,fear,fear,False,0.96067894,
emotion-te-03064,hi-Deva,brighter-hin,emotion,bilstm,29,fear,fear,False,0.98377556,
emotion-te-03065,hi-Deva,brighter-hin,emotion,bilstm,14,anger,anger,False,0.8019536,
emotion-te-03066,hi-Deva,brighter-hin,emotion,bilstm,14,joy,joy,False,0.91701376,
emotion-te-03067,hi-Deva,brighter-hin,emotion,bilstm,27,anger,anger,False,0.56494683,
emotion-te-03068,hi-Deva,brighter-hin,emotion,bilstm,13,surprise,surprise,False,0.5276085,
emotion-te-03069,hi-Deva,brighter-hin,emotion,bilstm,16,fear,none,True,0.32463616,
emotion-te-03070,hi-Deva,brighter-hin,emotion,bilstm,10,none,none,False,0.34948415,
emotion-te-03071,hi-Deva,brighter-hin,emotion,bilstm,9,disgust,disgust,False,0.93520546,
emotion-te-03072,hi-Deva,brighter-hin,emotion,bilstm,16,joy,joy,False,0.9813688,
emotion-te-03073,hi-Deva,brighter-hin,emotion,bilstm,16,surprise,surprise,False,0.6627322,
emotion-te-03074,hi-Deva,brighter-hin,emotion,bilstm,12,anger,anger,False,0.5663232,
emotion-te-03075,hi-Deva,brighter-hin,emotion,bilstm,18,anger,anger,False,0.9007621,
emotion-te-03076,hi-Deva,brighter-hin,emotion,bilstm,19,none,none,False,0.13215928,
emotion-te-03077,hi-Deva,brighter-hin,emotion,bilstm,14,disgust,disgust|sadness,True,0.9723638,
emotion-te-03078,hi-Deva,brighter-hin,emotion,bilstm,14,sadness,none,True,0.47100964,
emotion-te-03079,hi-Deva,brighter-hin,emotion,bilstm,29,anger,anger|sadness,True,0.76095194,
emotion-te-03080,hi-Deva,brighter-hin,emotion,bilstm,12,surprise,surprise,False,0.8816151,
emotion-te-03081,hi-Deva,brighter-hin,emotion,bilstm,16,surprise,joy|surprise,True,0.8356035,
emotion-te-03082,hi-Deva,brighter-hin,emotion,bilstm,15,joy,joy|surprise,True,0.84897,
emotion-te-03083,hi-Deva,brighter-hin,emotion,bilstm,9,sadness,sadness,False,0.7504764,
emotion-te-03084,hi-Deva,brighter-hin,emotion,bilstm,18,disgust,anger|disgust|sadness,True,0.93188345,
emotion-te-03085,hi-Deva,brighter-hin,emotion,bilstm,12,surprise,surprise,False,0.76142174,
emotion-te-03086,hi-Deva,brighter-hin,emotion,bilstm,17,sadness,disgust|surprise,True,0.6085404,
emotion-te-03087,hi-Deva,brighter-hin,emotion,bilstm,18,joy,anger,True,0.67338914,
emotion-te-03088,hi-Deva,brighter-hin,emotion,bilstm,18,none,fear|sadness,True,0.53342074,
emotion-te-03089,hi-Deva,brighter-hin,emotion,bilstm,10,none,none,False,0.11029897,
emotion-te-03090,hi-Deva,brighter-hin,emotion,bilstm,17,anger,anger,False,0.7759852,
emotion-te-03091,hi-Deva,brighter-hin,emotion,bilstm,8,disgust,anger|disgust,True,0.8456282,
emotion-te-03092,hi-Deva,brighter-hin,emotion,bilstm,16,sadness,joy,True,0.48525393,
emotion-te-03093,hi-Deva,brighter-hin,emotion,bilstm,26,anger,joy|sadness,True,0.5842548,
emotion-te-03094,hi-Deva,brighter-hin,emotion,bilstm,14,surprise,anger|surprise,True,0.85235286,
emotion-te-03095,hi-Deva,brighter-hin,emotion,bilstm,13,disgust,disgust,False,0.72447366,
emotion-te-03096,hi-Deva,brighter-hin,emotion,bilstm,26,surprise,joy|surprise,True,0.6282612,
emotion-te-03097,hi-Deva,brighter-hin,emotion,bilstm,10,anger,anger|surprise,True,0.7875181,
emotion-te-03098,hi-Deva,brighter-hin,emotion,bilstm,22,joy,anger,True,0.5581277,
emotion-te-03099,hi-Deva,brighter-hin,emotion,bilstm,15,sadness,sadness,False,0.5443805,
emotion-te-03100,hi-Deva,brighter-hin,emotion,bilstm,16,anger,anger|surprise,True,0.6714279,
emotion-te-03101,hi-Deva,brighter-hin,emotion,bilstm,13,none,none,False,0.095444635,
emotion-te-03102,hi-Deva,brighter-hin,emotion,bilstm,12,sadness,none,True,0.23670721,
emotion-te-03103,hi-Deva,brighter-hin,emotion,bilstm,18,joy,joy|surprise,True,0.81166,
emotion-te-03104,hi-Deva,brighter-hin,emotion,bilstm,23,fear,fear,False,0.5232648,
emotion-te-03105,hi-Deva,brighter-hin,emotion,bilstm,13,fear,fear,False,0.9779498,
emotion-te-03106,hi-Deva,brighter-hin,emotion,bilstm,20,sadness,anger|sadness,True,0.56654805,
emotion-te-03107,hi-Deva,brighter-hin,emotion,bilstm,13,joy,anger,True,0.62384576,
emotion-te-03108,hi-Deva,brighter-hin,emotion,bilstm,12,sadness,sadness,False,0.4647491,
emotion-te-03109,hi-Deva,brighter-hin,emotion,bilstm,26,anger,anger|disgust,True,0.8016132,
emotion-te-03110,hi-Deva,brighter-hin,emotion,bilstm,29,anger,anger,False,0.7891379,
emotion-te-03111,hi-Deva,brighter-hin,emotion,bilstm,16,none,none,False,0.3822262,
emotion-te-03112,hi-Deva,brighter-hin,emotion,bilstm,11,surprise,joy|surprise,True,0.7296516,
emotion-te-03113,hi-Deva,brighter-hin,emotion,bilstm,27,anger,anger,False,0.8815082,
emotion-te-03114,hi-Deva,brighter-hin,emotion,bilstm,15,none,none,False,0.23381086,
emotion-te-03115,hi-Deva,brighter-hin,emotion,bilstm,11,anger,sadness,True,0.8260947,
emotion-te-03116,hi-Deva,brighter-hin,emotion,bilstm,15,sadness,disgust,True,0.68361825,
emotion-te-03117,hi-Deva,brighter-hin,emotion,bilstm,10,disgust,sadness,True,0.52553636,
emotion-te-03118,hi-Deva,brighter-hin,emotion,bilstm,12,none,none,False,0.46256918,
emotion-te-03119,hi-Deva,brighter-hin,emotion,bilstm,13,joy,joy,False,0.5186111,
emotion-te-03120,hi-Deva,brighter-hin,emotion,bilstm,14,joy,joy,False,0.6466509,
emotion-te-03121,hi-Deva,brighter-hin,emotion,bilstm,26,surprise,surprise,False,0.5919164,
emotion-te-03122,hi-Deva,brighter-hin,emotion,bilstm,19,sadness,sadness,False,0.72495264,
emotion-te-03123,hi-Deva,brighter-hin,emotion,bilstm,14,none,none,False,0.04281537,
emotion-te-03124,hi-Deva,brighter-hin,emotion,bilstm,14,sadness,joy|sadness,True,0.69132143,
emotion-te-03125,hi-Deva,brighter-hin,emotion,bilstm,17,sadness,sadness,False,0.8016434,
emotion-te-03126,hi-Deva,brighter-hin,emotion,bilstm,19,fear,fear,False,0.9132225,
emotion-te-03127,hi-Deva,brighter-hin,emotion,bilstm,12,joy|surprise,joy|surprise,False,0.90900964,
emotion-te-03128,hi-Deva,brighter-hin,emotion,bilstm,18,none,joy,True,0.41762793,
emotion-te-03129,hi-Deva,brighter-hin,emotion,bilstm,16,surprise,none,True,0.3397054,
emotion-te-03130,hi-Deva,brighter-hin,emotion,bilstm,29,anger,anger|fear|sadness|surprise,True,0.5484723,
emotion-te-03131,hi-Deva,brighter-hin,emotion,bilstm,17,anger,fear,True,0.89279443,
emotion-te-03132,hi-Deva,brighter-hin,emotion,bilstm,12,fear,none,True,0.45897776,
emotion-te-03133,hi-Deva,brighter-hin,emotion,bilstm,23,anger,anger,False,0.9517725,
emotion-te-03134,hi-Deva,brighter-hin,emotion,bilstm,10,none,none,False,0.20122376,
emotion-te-03135,hi-Deva,brighter-hin,emotion,bilstm,21,anger,anger,False,0.92792016,
emotion-te-03136,hi-Deva,brighter-hin,emotion,bilstm,10,joy|surprise,joy|surprise,False,0.8694261,
emotion-te-03137,hi-Deva,brighter-hin,emotion,bilstm,12,joy,joy,False,0.87955546,
emotion-te-03138,hi-Deva,brighter-hin,emotion,bilstm,14,fear,fear,False,0.65264744,
emotion-te-03139,hi-Deva,brighter-hin,emotion,bilstm,14,none,none,False,0.2681791,
emotion-te-03140,hi-Deva,brighter-hin,emotion,bilstm,10,none,none,False,0.16560194,
emotion-te-03141,hi-Deva,brighter-hin,emotion,bilstm,15,fear,fear,False,0.42686012,
emotion-te-03142,hi-Deva,brighter-hin,emotion,bilstm,20,joy,surprise,True,0.80753684,
emotion-te-03143,hi-Deva,brighter-hin,emotion,bilstm,13,sadness,sadness,False,0.7284081,
emotion-te-03144,hi-Deva,brighter-hin,emotion,bilstm,17,anger,anger|surprise,True,0.6330646,
emotion-te-03145,hi-Deva,brighter-hin,emotion,bilstm,11,anger,anger,False,0.8486134,
emotion-te-03146,hi-Deva,brighter-hin,emotion,bilstm,14,fear,fear,False,0.99251795,
emotion-te-03147,hi-Deva,brighter-hin,emotion,bilstm,15,anger,anger,False,0.7823103,
emotion-te-03148,hi-Deva,brighter-hin,emotion,bilstm,11,surprise,joy|surprise,True,0.8841093,
emotion-te-03149,hi-Deva,brighter-hin,emotion,bilstm,30,anger,anger|surprise,True,0.73718697,
emotion-te-03150,hi-Deva,brighter-hin,emotion,bilstm,11,sadness,sadness,False,0.47920528,
emotion-te-03151,hi-Deva,brighter-hin,emotion,bilstm,12,joy,anger|sadness,True,0.5515716,
emotion-te-03152,hi-Deva,brighter-hin,emotion,bilstm,15,surprise,joy|surprise,True,0.6180255,
emotion-te-03153,hi-Deva,brighter-hin,emotion,bilstm,17,anger,anger,False,0.84998375,
emotion-te-03154,hi-Deva,brighter-hin,emotion,bilstm,32,joy|surprise,none,True,0.44324747,
emotion-te-03155,hi-Deva,brighter-hin,emotion,bilstm,16,none,sadness,True,0.45852542,
emotion-te-03156,hi-Deva,brighter-hin,emotion,bilstm,18,surprise,surprise,False,0.53444743,
emotion-te-03157,hi-Deva,brighter-hin,emotion,bilstm,11,none,none,False,0.16743846,
emotion-te-03158,hi-Deva,brighter-hin,emotion,bilstm,18,disgust,anger|disgust,True,0.9641521,
emotion-te-03159,hi-Deva,brighter-hin,emotion,bilstm,12,none,none,False,0.2772857,
emotion-te-03160,hi-Deva,brighter-hin,emotion,bilstm,14,joy,joy,False,0.8916135,
emotion-te-03161,hi-Deva,brighter-hin,emotion,bilstm,24,disgust,anger,True,0.51422364,
emotion-te-03162,hi-Deva,brighter-hin,emotion,bilstm,15,joy,joy,False,0.96920455,
emotion-te-03163,hi-Deva,brighter-hin,emotion,bilstm,13,anger,none,True,0.25085178,
emotion-te-03164,hi-Deva,brighter-hin,emotion,bilstm,18,disgust,anger|disgust,True,0.8941666,
emotion-te-03165,hi-Deva,brighter-hin,emotion,bilstm,14,joy,none,True,0.24480659,
emotion-te-03166,hi-Deva,brighter-hin,emotion,bilstm,17,anger,sadness,True,0.5283889,
emotion-te-03167,hi-Deva,brighter-hin,emotion,bilstm,20,disgust,anger|disgust|sadness,True,0.95580804,
emotion-te-03168,hi-Deva,brighter-hin,emotion,bilstm,20,sadness,sadness,False,0.45246565,
emotion-te-03169,hi-Deva,brighter-hin,emotion,bilstm,18,sadness,surprise,True,0.7300814,
emotion-te-03170,hi-Deva,brighter-hin,emotion,bilstm,22,fear,fear,False,0.915613,
emotion-te-03171,hi-Deva,brighter-hin,emotion,bilstm,19,disgust,disgust|surprise,True,0.61913717,
emotion-te-03172,hi-Deva,brighter-hin,emotion,bilstm,11,joy|surprise,anger,True,0.48122233,
emotion-te-03173,hi-Deva,brighter-hin,emotion,bilstm,13,none,none,False,0.3338731,
emotion-te-03174,hi-Deva,brighter-hin,emotion,bilstm,16,disgust,disgust,False,0.87869465,
emotion-te-03175,hi-Deva,brighter-hin,emotion,bilstm,16,anger,anger|sadness,True,0.8628542,
emotion-te-03176,hi-Deva,brighter-hin,emotion,bilstm,15,joy,joy|surprise,True,0.5084566,
emotion-te-03177,hi-Deva,brighter-hin,emotion,bilstm,6,surprise,none,True,0.18880735,
emotion-te-03178,hi-Deva,brighter-hin,emotion,bilstm,15,fear,fear,False,0.98510736,
emotion-te-03179,hi-Deva,brighter-hin,emotion,bilstm,16,surprise,surprise,False,0.8606602,
emotion-te-03180,hi-Deva,brighter-hin,emotion,bilstm,13,joy,sadness,True,0.7324425,
emotion-te-03181,hi-Deva,brighter-hin,emotion,bilstm,22,anger,anger|fear,True,0.7746907,
emotion-te-03182,hi-Deva,brighter-hin,emotion,bilstm,21,anger,anger|sadness,True,0.8100172,
emotion-te-03183,hi-Deva,brighter-hin,emotion,bilstm,26,disgust,anger,True,0.74919873,
emotion-te-03184,hi-Deva,brighter-hin,emotion,bilstm,9,fear,fear,False,0.94810927,
emotion-te-03185,hi-Deva,brighter-hin,emotion,bilstm,21,disgust,fear,True,0.72891307,
emotion-te-03186,hi-Deva,brighter-hin,emotion,bilstm,14,fear,fear,False,0.9748794,
emotion-te-03187,hi-Deva,brighter-hin,emotion,bilstm,17,joy,surprise,True,0.74019194,
emotion-te-03188,hi-Deva,brighter-hin,emotion,bilstm,19,joy,joy,False,0.9818652,
emotion-te-03189,hi-Deva,brighter-hin,emotion,bilstm,12,joy,joy,False,0.9950181,
emotion-te-03190,hi-Deva,brighter-hin,emotion,bilstm,12,fear,fear,False,0.98156804,
emotion-te-03191,hi-Deva,brighter-hin,emotion,bilstm,13,joy,joy,False,0.9917854,
emotion-te-03192,hi-Deva,brighter-hin,emotion,bilstm,18,surprise,joy|surprise,True,0.8911482,
emotion-te-03193,hi-Deva,brighter-hin,emotion,bilstm,26,anger,anger,False,0.90113026,
emotion-te-03194,hi-Deva,brighter-hin,emotion,bilstm,11,sadness,joy,True,0.7230331,
emotion-te-03195,hi-Deva,brighter-hin,emotion,bilstm,16,fear,fear,False,0.80695146,
emotion-te-03196,hi-Deva,brighter-hin,emotion,bilstm,20,none,none,False,0.47827852,
emotion-te-03197,hi-Deva,brighter-hin,emotion,bilstm,25,disgust,anger|sadness,True,0.65676844,
emotion-te-03198,hi-Deva,brighter-hin,emotion,bilstm,18,fear,fear,False,0.98662335,
emotion-te-03199,hi-Deva,brighter-hin,emotion,bilstm,19,surprise,surprise,False,0.9218352,
emotion-te-03200,hi-Deva,brighter-hin,emotion,bilstm,13,none,none,False,0.37963328,
emotion-te-03201,hi-Deva,brighter-hin,emotion,bilstm,16,none,none,False,0.090538874,
emotion-te-03202,hi-Deva,brighter-hin,emotion,bilstm,26,fear,fear,False,0.8469736,
emotion-te-03203,hi-Deva,brighter-hin,emotion,bilstm,9,sadness,none,True,0.34688494,
emotion-te-03204,hi-Deva,brighter-hin,emotion,bilstm,9,fear,fear,False,0.96827066,
emotion-te-03205,hi-Deva,brighter-hin,emotion,bilstm,11,sadness,sadness,False,0.57311004,
emotion-te-03206,hi-Deva,brighter-hin,emotion,bilstm,8,sadness,joy|sadness,True,0.49902153,
emotion-te-03207,hi-Deva,brighter-hin,emotion,bilstm,11,none,none,False,0.1070941,
emotion-te-03208,hi-Deva,brighter-hin,emotion,bilstm,19,none,none,False,0.34428898,
emotion-te-03209,hi-Deva,brighter-hin,emotion,bilstm,12,sadness,sadness,False,0.8123561,
emotion-te-03210,hi-Deva,brighter-hin,emotion,bilstm,15,fear,joy,True,0.5511249,
emotion-te-03211,hi-Deva,brighter-hin,emotion,bilstm,17,sadness,sadness,False,0.7853774,
emotion-te-03212,hi-Deva,brighter-hin,emotion,bilstm,33,anger,anger,False,0.72044766,
emotion-te-03213,hi-Deva,brighter-hin,emotion,bilstm,20,none,sadness,True,0.467654,
emotion-te-03214,hi-Deva,brighter-hin,emotion,bilstm,18,sadness,sadness,False,0.7946152,
emotion-te-03215,hi-Deva,brighter-hin,emotion,bilstm,18,fear,fear|surprise,True,0.73641926,
emotion-te-03216,hi-Deva,brighter-hin,emotion,bilstm,11,none,none,False,0.24302205,
emotion-te-03217,hi-Deva,brighter-hin,emotion,bilstm,11,none,none,False,0.47833076,
emotion-te-03218,hi-Deva,brighter-hin,emotion,bilstm,16,none,none,False,0.35805205,
emotion-te-03219,hi-Deva,brighter-hin,emotion,bilstm,18,joy,joy,False,0.77576,
emotion-te-03220,hi-Deva,brighter-hin,emotion,bilstm,21,sadness,joy,True,0.97715616,
emotion-te-03221,hi-Deva,brighter-hin,emotion,bilstm,8,none,none,False,0.20370153,
emotion-te-03222,hi-Deva,brighter-hin,emotion,bilstm,17,joy,sadness,True,0.60389084,
emotion-te-03223,hi-Deva,brighter-hin,emotion,bilstm,20,surprise,surprise,False,0.8892014,
emotion-te-03224,hi-Deva,brighter-hin,emotion,bilstm,8,none,none,False,0.09084006,
emotion-te-03225,hi-Deva,brighter-hin,emotion,bilstm,11,surprise,joy|surprise,True,0.8247575,
emotion-te-03226,hi-Deva,brighter-hin,emotion,bilstm,16,disgust,disgust,False,0.8822358,
emotion-te-03227,hi-Deva,brighter-hin,emotion,bilstm,10,fear,fear,False,0.97491723,
emotion-te-03228,hi-Deva,brighter-hin,emotion,bilstm,25,anger,anger,False,0.81188786,
emotion-te-03229,hi-Deva,brighter-hin,emotion,bilstm,12,none,none,False,0.24881516,
emotion-te-03230,hi-Deva,brighter-hin,emotion,bilstm,8,disgust,none,True,0.14342521,
emotion-te-03231,hi-Deva,brighter-hin,emotion,bilstm,30,anger,anger|surprise,True,0.6517276,
emotion-te-03232,hi-Deva,brighter-hin,emotion,bilstm,18,sadness,sadness,False,0.57514846,
emotion-te-03233,hi-Deva,brighter-hin,emotion,bilstm,18,none,none,False,0.2961961,
emotion-te-03234,hi-Deva,brighter-hin,emotion,bilstm,24,anger|disgust,anger,True,0.69247115,
emotion-te-03235,hi-Deva,brighter-hin,emotion,bilstm,13,surprise,joy|surprise,True,0.65094066,
emotion-te-03236,hi-Deva,brighter-hin,emotion,bilstm,30,sadness,sadness,False,0.64367783,
emotion-te-03237,hi-Deva,brighter-hin,emotion,bilstm,12,disgust,none,True,0.28399822,
emotion-te-03238,hi-Deva,brighter-hin,emotion,bilstm,15,joy,joy,False,0.8739182,
emotion-te-03239,hi-Deva,brighter-hin,emotion,bilstm,26,sadness,anger,True,0.750755,
emotion-te-03240,hi-Deva,brighter-hin,emotion,bilstm,22,surprise,fear|surprise,True,0.91563565,
emotion-te-03241,hi-Deva,brighter-hin,emotion,bilstm,23,disgust,surprise,True,0.8355813,
emotion-te-03242,hi-Deva,brighter-hin,emotion,bilstm,12,none,none,False,0.38088825,
emotion-te-03243,hi-Deva,brighter-hin,emotion,bilstm,14,fear,fear|sadness,True,0.5022292,
emotion-te-03244,hi-Deva,brighter-hin,emotion,bilstm,17,none,sadness,True,0.42643481,
emotion-te-03245,hi-Deva,brighter-hin,emotion,bilstm,11,fear,fear,False,0.8783414,
emotion-te-03246,hi-Deva,brighter-hin,emotion,bilstm,15,anger,anger|sadness,True,0.7717236,
emotion-te-03247,hi-Deva,brighter-hin,emotion,bilstm,14,surprise,none,True,0.31979987,
emotion-te-03248,hi-Deva,brighter-hin,emotion,bilstm,9,anger,anger,False,0.56408316,
emotion-te-03249,hi-Deva,brighter-hin,emotion,bilstm,10,joy,none,True,0.23186052,
emotion-te-03250,hi-Deva,brighter-hin,emotion,bilstm,31,anger,anger|joy,True,0.4731681,
emotion-te-03251,hi-Deva,brighter-hin,emotion,bilstm,14,sadness,disgust|sadness,True,0.7577417,
emotion-te-03252,hi-Deva,brighter-hin,emotion,bilstm,15,disgust,sadness,True,0.65781766,
emotion-te-03253,hi-Deva,brighter-hin,emotion,bilstm,19,anger,anger,False,0.76299167,
emotion-te-03254,hi-Deva,brighter-hin,emotion,bilstm,24,surprise,surprise,False,0.8261086,
emotion-te-03255,hi-Deva,brighter-hin,emotion,bilstm,17,none,fear|sadness,True,0.7710703,
emotion-te-03256,hi-Deva,brighter-hin,emotion,bilstm,16,sadness,joy,True,0.7308157,
emotion-te-03257,hi-Deva,brighter-hin,emotion,bilstm,17,surprise,none,True,0.2999094,
emotion-te-03258,hi-Deva,brighter-hin,emotion,bilstm,25,anger,surprise,True,0.8852067,
emotion-te-03259,hi-Deva,brighter-hin,emotion,bilstm,13,disgust,anger|disgust,True,0.9180666,
emotion-te-03260,hi-Deva,brighter-hin,emotion,bilstm,15,disgust,fear,True,0.42853427,
emotion-te-03261,hi-Deva,brighter-hin,emotion,bilstm,16,disgust,anger,True,0.57473034,
emotion-te-03262,hi-Deva,brighter-hin,emotion,bilstm,21,anger,sadness,True,0.575563,
emotion-te-03263,hi-Deva,brighter-hin,emotion,bilstm,14,anger,anger,False,0.5432292,
emotion-te-03264,hi-Deva,brighter-hin,emotion,bilstm,25,disgust,sadness,True,0.47585618,
emotion-te-03265,hi-Deva,brighter-hin,emotion,bilstm,18,none,joy,True,0.5964016,
emotion-te-03266,hi-Deva,brighter-hin,emotion,bilstm,18,joy,joy,False,0.5702721,
emotion-te-03267,hi-Deva,brighter-hin,emotion,bilstm,18,sadness,joy,True,0.6529054,
emotion-te-03268,hi-Deva,brighter-hin,emotion,bilstm,28,anger,anger,False,0.8320227,
emotion-te-03269,hi-Deva,brighter-hin,emotion,bilstm,17,none,none,False,0.27965042,
emotion-te-03270,hi-Deva,brighter-hin,emotion,bilstm,13,joy,joy,False,0.9294209,
emotion-te-03271,hi-Deva,brighter-hin,emotion,bilstm,11,none,none,False,0.35584876,
emotion-te-03272,hi-Deva,brighter-hin,emotion,bilstm,33,disgust,sadness,True,0.4006677,
emotion-te-03273,hi-Deva,brighter-hin,emotion,bilstm,25,surprise,fear|surprise,True,0.9344702,
emotion-te-03274,hi-Deva,brighter-hin,emotion,bilstm,17,fear|sadness,fear,True,0.9233368,
emotion-te-03275,hi-Deva,brighter-hin,emotion,bilstm,22,fear|surprise,fear,True,0.4768048,
emotion-te-03276,hi-Deva,brighter-hin,emotion,bilstm,22,joy,joy,False,0.78741014,
emotion-te-03277,hi-Deva,brighter-hin,emotion,bilstm,40,anger,none,True,0.39294294,
emotion-te-03278,hi-Deva,brighter-hin,emotion,bilstm,11,fear,sadness,True,0.7521742,
emotion-te-03279,hi-Deva,brighter-hin,emotion,bilstm,17,joy|surprise,joy|surprise,False,0.8612541,
emotion-te-03280,hi-Deva,brighter-hin,emotion,bilstm,16,sadness,joy|sadness,True,0.7676794,
emotion-te-03281,hi-Deva,brighter-hin,emotion,bilstm,15,joy|surprise,joy|surprise,False,0.8708536,
emotion-te-03282,hi-Deva,brighter-hin,emotion,bilstm,16,joy,joy,False,0.7201075,
emotion-te-03283,hi-Deva,brighter-hin,emotion,bilstm,16,none,none,False,0.36214626,
emotion-te-03284,hi-Deva,brighter-hin,emotion,bilstm,16,fear,fear|surprise,True,0.9064258,
emotion-te-03285,hi-Deva,brighter-hin,emotion,bilstm,11,fear,none,True,0.31414458,
emotion-te-03286,hi-Deva,brighter-hin,emotion,bilstm,13,joy,joy,False,0.99695563,
emotion-te-03287,hi-Deva,brighter-hin,emotion,bilstm,18,anger,anger,False,0.88148725,
emotion-te-03288,hi-Deva,brighter-hin,emotion,bilstm,19,anger,anger|disgust,True,0.9682515,
emotion-te-03289,hi-Deva,brighter-hin,emotion,bilstm,19,sadness,sadness,False,0.46063796,
emotion-te-03290,hi-Deva,brighter-hin,emotion,bilstm,18,joy,joy|surprise,True,0.83407795,
emotion-te-03291,hi-Deva,brighter-hin,emotion,bilstm,29,sadness,sadness,False,0.65844566,
emotion-te-03292,hi-Deva,brighter-hin,emotion,bilstm,22,joy,sadness,True,0.40513402,
emotion-te-03293,hi-Deva,brighter-hin,emotion,bilstm,17,sadness,sadness,False,0.85876167,
emotion-te-03294,hi-Deva,brighter-hin,emotion,bilstm,12,fear,fear,False,0.9110758,
emotion-te-03295,hi-Deva,brighter-hin,emotion,bilstm,15,none,fear,True,0.601988,
emotion-te-03296,hi-Deva,brighter-hin,emotion,bilstm,16,sadness,sadness,False,0.4695913,
emotion-te-03297,hi-Deva,brighter-hin,emotion,bilstm,17,joy,joy|surprise,True,0.78220934,
emotion-te-03298,hi-Deva,brighter-hin,emotion,bilstm,11,joy,none,True,0.33060744,
emotion-te-03299,hi-Deva,brighter-hin,emotion,bilstm,8,disgust,none,True,0.49063772,
emotion-te-03300,hi-Deva,brighter-hin,emotion,bilstm,8,none,none,False,0.023451833,
emotion-te-03301,hi-Deva,brighter-hin,emotion,bilstm,18,surprise,surprise,False,0.70440316,
emotion-te-03302,hi-Deva,brighter-hin,emotion,bilstm,16,joy,joy,False,0.9912077,
emotion-te-03303,hi-Deva,brighter-hin,emotion,bilstm,17,sadness,fear,True,0.49795905,
emotion-te-03304,hi-Deva,brighter-hin,emotion,bilstm,11,sadness,anger|disgust|sadness,True,0.8880826,
emotion-te-03305,hi-Deva,brighter-hin,emotion,bilstm,19,anger,sadness,True,0.83103865,
emotion-te-03306,hi-Deva,brighter-hin,emotion,bilstm,22,surprise,none,True,0.3808852,
emotion-te-03307,hi-Deva,brighter-hin,emotion,bilstm,7,surprise,surprise,False,0.81292564,
emotion-te-03308,hi-Deva,brighter-hin,emotion,bilstm,12,disgust,disgust,False,0.9669384,
emotion-te-03309,hi-Deva,brighter-hin,emotion,bilstm,23,joy,joy,False,0.9821946,
emotion-te-03310,hi-Deva,brighter-hin,emotion,bilstm,26,surprise,fear,True,0.4874385,
emotion-te-03311,hi-Deva,brighter-hin,emotion,bilstm,22,fear,fear,False,0.5608406,
emotion-te-03312,hi-Deva,brighter-hin,emotion,bilstm,14,anger|disgust,anger,True,0.7777638,
emotion-te-03313,hi-Deva,brighter-hin,emotion,bilstm,8,none,none,False,0.13037047,
emotion-te-03314,hi-Deva,brighter-hin,emotion,bilstm,14,disgust,disgust,False,0.87077767,
emotion-te-03315,hi-Deva,brighter-hin,emotion,bilstm,19,surprise,surprise,False,0.96548456,
emotion-te-03316,hi-Deva,brighter-hin,emotion,bilstm,15,disgust,disgust,False,0.8193499,
emotion-te-03317,hi-Deva,brighter-hin,emotion,bilstm,22,sadness,anger,True,0.62937146,
emotion-te-03318,hi-Deva,brighter-hin,emotion,bilstm,30,sadness,anger|sadness,True,0.64491254,
emotion-te-03319,hi-Deva,brighter-hin,emotion,bilstm,16,sadness,none,True,0.2450465,
emotion-te-03320,hi-Deva,brighter-hin,emotion,bilstm,13,joy,joy|surprise,True,0.7228336,
emotion-te-03321,hi-Deva,brighter-hin,emotion,bilstm,12,sadness,sadness,False,0.81046385,
emotion-te-03322,hi-Deva,brighter-hin,emotion,bilstm,12,surprise,surprise,False,0.93649364,
emotion-te-03323,hi-Deva,brighter-hin,emotion,bilstm,12,none,sadness,True,0.44721422,
emotion-te-03324,hi-Deva,brighter-hin,emotion,bilstm,13,joy,none,True,0.29794458,
emotion-te-03325,hi-Deva,brighter-hin,emotion,bilstm,12,joy,joy,False,0.9041666,
emotion-te-03326,hi-Deva,brighter-hin,emotion,bilstm,13,joy,joy|surprise,True,0.56746984,
emotion-te-03327,hi-Deva,brighter-hin,emotion,bilstm,15,sadness,joy,True,0.7485217,
emotion-te-03328,hi-Deva,brighter-hin,emotion,bilstm,22,anger,sadness,True,0.48779917,
emotion-te-03329,hi-Deva,brighter-hin,emotion,bilstm,31,anger,none,True,0.4223222,
emotion-te-03330,hi-Deva,brighter-hin,emotion,bilstm,21,anger,anger|disgust,True,0.95878625,
emotion-te-03331,hi-Deva,brighter-hin,emotion,bilstm,14,none,none,False,0.15536378,
emotion-te-03332,hi-Deva,brighter-hin,emotion,bilstm,30,anger,anger,False,0.7563374,
emotion-te-03333,hi-Deva,brighter-hin,emotion,bilstm,12,sadness,sadness,False,0.5238698,
emotion-te-03334,hi-Deva,brighter-hin,emotion,bilstm,16,joy,joy,False,0.9653805,
emotion-te-03335,hi-Deva,brighter-hin,emotion,bilstm,16,anger,anger|sadness,True,0.8918845,
emotion-te-03336,hi-Deva,brighter-hin,emotion,bilstm,12,fear|sadness,fear|sadness,False,0.49366522,
emotion-te-03337,hi-Deva,brighter-hin,emotion,bilstm,11,disgust,anger|disgust,True,0.96300006,
emotion-te-03338,hi-Deva,brighter-hin,emotion,bilstm,29,anger,joy|surprise,True,0.6113235,
emotion-te-03339,hi-Deva,brighter-hin,emotion,bilstm,16,sadness,none,True,0.36748394,
emotion-te-03340,hi-Deva,brighter-hin,emotion,bilstm,16,joy,joy,False,0.9909129,
emotion-te-03341,hi-Deva,brighter-hin,emotion,bilstm,15,anger,anger,False,0.748176,
emotion-te-03342,hi-Deva,brighter-hin,emotion,bilstm,15,disgust,disgust|sadness,True,0.8886286,
emotion-te-03343,hi-Deva,brighter-hin,emotion,bilstm,15,joy,none,True,0.15194185,
emotion-te-03344,hi-Deva,brighter-hin,emotion,bilstm,24,anger,anger,False,0.68560016,
emotion-te-03345,hi-Deva,brighter-hin,emotion,bilstm,10,none,none,False,0.19256803,
emotion-te-03346,hi-Deva,brighter-hin,emotion,bilstm,19,disgust,anger|disgust|sadness,True,0.89128864,
emotion-te-03347,hi-Deva,brighter-hin,emotion,bilstm,13,fear,fear|surprise,True,0.6781299,
emotion-te-03348,hi-Deva,brighter-hin,emotion,bilstm,27,joy,joy,False,0.73331136,
emotion-te-03349,hi-Deva,brighter-hin,emotion,bilstm,17,sadness,sadness,False,0.7061509,
emotion-te-03350,hi-Deva,brighter-hin,emotion,bilstm,19,anger,anger|disgust,True,0.93374646,
emotion-te-03351,hi-Deva,brighter-hin,emotion,bilstm,19,sadness,fear,True,0.64073724,
emotion-te-03352,hi-Deva,brighter-hin,emotion,bilstm,18,surprise,joy|surprise,True,0.87888974,
emotion-te-03353,hi-Deva,brighter-hin,emotion,bilstm,15,joy,none,True,0.46552944,
emotion-te-03354,hi-Deva,brighter-hin,emotion,bilstm,23,disgust,anger|disgust|sadness,True,0.96838033,
emotion-te-03355,hi-Deva,brighter-hin,emotion,bilstm,25,joy,anger,True,0.5574932,
emotion-te-03356,hi-Deva,brighter-hin,emotion,bilstm,16,anger,anger,False,0.8349662,
emotion-te-03357,hi-Deva,brighter-hin,emotion,bilstm,18,sadness,sadness,False,0.7128666,
emotion-te-03358,hi-Deva,brighter-hin,emotion,bilstm,7,fear,anger|surprise,True,0.70942014,
emotion-te-03359,hi-Deva,brighter-hin,emotion,bilstm,22,fear,fear,False,0.97150147,
emotion-te-03360,hi-Deva,brighter-hin,emotion,bilstm,14,fear,fear,False,0.94935834,
emotion-te-03361,hi-Deva,brighter-hin,emotion,bilstm,14,joy,none,True,0.3423966,
emotion-te-03362,hi-Deva,brighter-hin,emotion,bilstm,17,surprise,surprise,False,0.87364763,
emotion-te-03363,hi-Deva,brighter-hin,emotion,bilstm,11,sadness,sadness,False,0.87074023,
emotion-te-03364,hi-Deva,brighter-hin,emotion,bilstm,16,fear,fear,False,0.9466959,
emotion-te-03365,hi-Deva,brighter-hin,emotion,bilstm,8,none,none,False,0.15985353,
emotion-te-03366,hi-Deva,brighter-hin,emotion,bilstm,16,sadness,sadness,False,0.69246835,
emotion-te-03367,hi-Deva,brighter-hin,emotion,bilstm,14,sadness,sadness,False,0.6001783,
emotion-te-03368,hi-Deva,brighter-hin,emotion,bilstm,11,none,none,False,0.112233914,
emotion-te-03369,hi-Deva,brighter-hin,emotion,bilstm,29,joy|surprise,joy|surprise,False,0.842264,
emotion-te-03370,hi-Deva,brighter-hin,emotion,bilstm,16,fear,fear,False,0.9855031,
emotion-te-03371,hi-Deva,brighter-hin,emotion,bilstm,28,anger,anger,False,0.7714874,
emotion-te-03372,hi-Deva,brighter-hin,emotion,bilstm,26,anger|fear,sadness,True,0.40560138,
emotion-te-03373,hi-Deva,brighter-hin,emotion,bilstm,17,joy,joy,False,0.6628155,
emotion-te-03374,hi-Deva,brighter-hin,emotion,bilstm,21,anger,anger,False,0.739585,
emotion-te-03375,hi-Deva,brighter-hin,emotion,bilstm,18,disgust,sadness,True,0.8220926,
emotion-te-03376,hi-Deva,brighter-hin,emotion,bilstm,11,none,none,False,0.36075807,
emotion-te-03377,hi-Deva,brighter-hin,emotion,bilstm,10,surprise,joy|surprise,True,0.84132385,
emotion-te-03378,hi-Deva,brighter-hin,emotion,bilstm,19,joy,fear,True,0.40436393,
emotion-te-03379,hi-Deva,brighter-hin,emotion,bilstm,20,disgust,disgust,False,0.90712017,
emotion-te-03380,hi-Deva,brighter-hin,emotion,bilstm,21,disgust,joy|surprise,True,0.5672667,
emotion-te-03381,hi-Deva,brighter-hin,emotion,bilstm,13,joy,joy,False,0.971503,
emotion-te-03382,hi-Deva,brighter-hin,emotion,bilstm,19,anger,anger,False,0.83106303,
emotion-te-03383,hi-Deva,brighter-hin,emotion,bilstm,21,sadness,anger|disgust|sadness,True,0.7555549,
emotion-te-03384,hi-Deva,brighter-hin,emotion,bilstm,12,none,none,False,0.27046582,
emotion-te-03385,hi-Deva,brighter-hin,emotion,bilstm,21,joy,joy,False,0.89507014,
emotion-te-03386,hi-Deva,brighter-hin,emotion,bilstm,12,joy,joy|surprise,True,0.6193749,
emotion-te-03387,hi-Deva,brighter-hin,emotion,bilstm,15,disgust|sadness,none,True,0.3387139,
emotion-te-03388,hi-Deva,brighter-hin,emotion,bilstm,14,surprise,surprise,False,0.79930353,
emotion-te-03389,hi-Deva,brighter-hin,emotion,bilstm,16,sadness,none,True,0.2810135,
emotion-te-03390,hi-Deva,brighter-hin,emotion,bilstm,14,sadness,none,True,0.2238141,
emotion-te-03391,hi-Deva,brighter-hin,emotion,bilstm,16,fear,fear,False,0.9789484,
emotion-te-03392,hi-Deva,brighter-hin,emotion,bilstm,36,anger,anger,False,0.7851098,
emotion-te-03393,hi-Deva,brighter-hin,emotion,bilstm,22,joy,joy|sadness,True,0.88036335,
emotion-te-03394,hi-Deva,brighter-hin,emotion,bilstm,11,joy,joy,False,0.9966941,
emotion-te-03395,hi-Deva,brighter-hin,emotion,bilstm,27,anger,anger,False,0.74203706,
emotion-te-03396,hi-Deva,brighter-hin,emotion,bilstm,31,fear,surprise,True,0.5547503,
emotion-te-03397,hi-Deva,brighter-hin,emotion,bilstm,12,fear,fear,False,0.9866273,
emotion-te-03398,hi-Deva,brighter-hin,emotion,bilstm,38,anger,anger,False,0.6081216,
emotion-te-03399,hi-Deva,brighter-hin,emotion,bilstm,23,sadness,anger|sadness,True,0.60112154,
emotion-te-03400,hi-Deva,brighter-hin,emotion,bilstm,16,joy,joy,False,0.9948802,
emotion-te-03401,hi-Deva,brighter-hin,emotion,bilstm,13,joy,joy,False,0.5693565,
emotion-te-03402,hi-Deva,brighter-hin,emotion,bilstm,13,joy|surprise,joy,True,0.98005646,
emotion-te-03403,hi-Deva,brighter-hin,emotion,bilstm,12,fear,fear|surprise,True,0.60706204,
emotion-te-03404,hi-Deva,brighter-hin,emotion,bilstm,11,sadness,sadness,False,0.7452845,
emotion-te-03405,hi-Deva,brighter-hin,emotion,bilstm,18,anger,anger,False,0.7321882,
emotion-te-03406,hi-Deva,brighter-hin,emotion,bilstm,27,fear,none,True,0.2671076,
emotion-te-03407,hi-Deva,brighter-hin,emotion,bilstm,9,fear,fear,False,0.8324306,
emotion-te-03408,hi-Deva,brighter-hin,emotion,bilstm,19,fear,anger,True,0.492832,
emotion-te-03409,hi-Deva,brighter-hin,emotion,bilstm,26,sadness,anger|disgust|sadness,True,0.8077527,
emotion-te-03410,hi-Deva,brighter-hin,emotion,bilstm,13,joy,anger|surprise,True,0.5606816,
emotion-te-03411,hi-Deva,brighter-hin,emotion,bilstm,18,fear,fear,False,0.57612085,
emotion-te-03412,hi-Deva,brighter-hin,emotion,bilstm,17,joy,joy,False,0.9921449,
emotion-te-03413,hi-Deva,brighter-hin,emotion,bilstm,19,none,none,False,0.44275892,
emotion-te-03414,hi-Deva,brighter-hin,emotion,bilstm,29,anger|sadness,anger|sadness,False,0.5900312,
emotion-te-03415,hi-Deva,brighter-hin,emotion,bilstm,18,anger|disgust,anger,True,0.8229507,
emotion-te-03416,hi-Deva,brighter-hin,emotion,bilstm,14,surprise,joy|surprise,True,0.8206055,
emotion-te-03417,hi-Deva,brighter-hin,emotion,bilstm,12,fear,fear,False,0.97033376,
emotion-te-03418,hi-Deva,brighter-hin,emotion,bilstm,24,anger,fear,True,0.93878937,
emotion-te-03419,hi-Deva,brighter-hin,emotion,bilstm,20,joy,joy|surprise,True,0.93116754,
emotion-te-03420,hi-Deva,brighter-hin,emotion,bilstm,19,sadness,sadness,False,0.76141506,
emotion-te-03421,hi-Deva,brighter-hin,emotion,bilstm,13,fear,fear,False,0.5849747,
emotion-te-03422,hi-Deva,brighter-hin,emotion,bilstm,15,fear|sadness,none,True,0.38750914,
emotion-te-03423,hi-Deva,brighter-hin,emotion,bilstm,16,fear,fear,False,0.87466496,
emotion-te-03424,hi-Deva,brighter-hin,emotion,bilstm,29,surprise,surprise,False,0.6707292,
emotion-te-03425,hi-Deva,brighter-hin,emotion,bilstm,26,joy|surprise,sadness|surprise,True,0.8348003,
emotion-te-03426,hi-Deva,brighter-hin,emotion,bilstm,9,none,none,False,0.22503676,
emotion-te-03427,hi-Deva,brighter-hin,emotion,bilstm,16,sadness|surprise,surprise,True,0.949086,
emotion-te-03428,hi-Deva,brighter-hin,emotion,bilstm,17,sadness,sadness|surprise,True,0.54487216,
emotion-te-03429,hi-Deva,brighter-hin,emotion,bilstm,19,anger,anger|disgust,True,0.89595354,
emotion-te-03430,hi-Deva,brighter-hin,emotion,bilstm,18,surprise,surprise,False,0.97867537,
emotion-te-03431,hi-Deva,brighter-hin,emotion,bilstm,14,none,none,False,0.3909441,
emotion-te-03432,hi-Deva,brighter-hin,emotion,bilstm,14,surprise,joy|surprise,True,0.9727412,
emotion-te-03433,hi-Deva,brighter-hin,emotion,bilstm,24,anger,fear|surprise,True,0.65931714,
emotion-te-03434,hi-Deva,brighter-hin,emotion,bilstm,16,surprise,joy|surprise,True,0.8693142,
emotion-te-03435,hi-Deva,brighter-hin,emotion,bilstm,17,joy,joy,False,0.99397236,
emotion-te-03436,hi-Deva,brighter-hin,emotion,bilstm,19,joy,joy|surprise,True,0.8754978,
emotion-te-03437,hi-Deva,brighter-hin,emotion,bilstm,25,disgust,disgust,False,0.9293453,
emotion-te-03438,hi-Deva,brighter-hin,emotion,bilstm,16,joy,joy,False,0.87522864,
emotion-te-03439,hi-Deva,brighter-hin,emotion,bilstm,20,surprise,joy|surprise,True,0.7188375,
emotion-te-03440,hi-Deva,brighter-hin,emotion,bilstm,12,sadness,none,True,0.31671903,
emotion-te-03441,hi-Deva,brighter-hin,emotion,bilstm,10,anger|disgust,none,True,0.32694873,
emotion-te-03442,hi-Deva,brighter-hin,emotion,bilstm,27,none,none,False,0.3182567,
emotion-te-03443,hi-Deva,brighter-hin,emotion,bilstm,9,fear,joy|surprise,True,0.92974055,
emotion-te-03444,hi-Deva,brighter-hin,emotion,bilstm,14,joy,joy,False,0.9933164,
emotion-te-03445,hi-Deva,brighter-hin,emotion,bilstm,11,sadness,surprise,True,0.62626004,
emotion-te-03446,hi-Deva,brighter-hin,emotion,bilstm,15,disgust,disgust,False,0.9722774,
emotion-te-03447,hi-Deva,brighter-hin,emotion,bilstm,18,none,fear|surprise,True,0.81948483,
emotion-te-03448,hi-Deva,brighter-hin,emotion,bilstm,21,joy,anger|sadness,True,0.6739487,
emotion-te-03449,hi-Deva,brighter-hin,emotion,bilstm,15,joy,joy|surprise,True,0.8069127,
emotion-te-03450,hi-Deva,brighter-hin,emotion,bilstm,12,none,anger,True,0.47307524,
emotion-te-03451,hi-Deva,brighter-hin,emotion,bilstm,12,fear,fear|sadness,True,0.75317556,
emotion-te-03452,hi-Deva,brighter-hin,emotion,bilstm,27,joy,sadness,True,0.4122355,
emotion-te-03453,hi-Deva,brighter-hin,emotion,bilstm,17,sadness,sadness,False,0.4475004,
emotion-te-03454,hi-Deva,brighter-hin,emotion,bilstm,17,anger,fear|sadness,True,0.54547083,
emotion-te-03455,hi-Deva,brighter-hin,emotion,bilstm,11,none,none,False,0.04986639,
emotion-te-03456,hi-Deva,brighter-hin,emotion,bilstm,10,joy,anger,True,0.6999533,
emotion-te-03457,hi-Deva,brighter-hin,emotion,bilstm,9,joy,joy,False,0.9958968,
emotion-te-03458,hi-Deva,brighter-hin,emotion,bilstm,21,sadness,anger|sadness,True,0.5754875,
emotion-te-03459,hi-Deva,brighter-hin,emotion,bilstm,22,joy,surprise,True,0.7705659,
emotion-te-03460,hi-Deva,brighter-hin,emotion,bilstm,18,fear,fear,False,0.98438233,
emotion-te-03461,hi-Deva,brighter-hin,emotion,bilstm,12,disgust,disgust|surprise,True,0.7057486,
emotion-te-03462,hi-Deva,brighter-hin,emotion,bilstm,23,joy,joy,False,0.87703204,
emotion-te-03463,hi-Deva,brighter-hin,emotion,bilstm,14,fear,sadness,True,0.40570122,
emotion-te-03464,hi-Deva,brighter-hin,emotion,bilstm,13,surprise,joy|surprise,True,0.9079224,
emotion-te-03465,hi-Deva,brighter-hin,emotion,bilstm,21,surprise,joy|surprise,True,0.74555755,
emotion-te-03466,hi-Deva,brighter-hin,emotion,bilstm,18,anger|disgust,disgust,True,0.9304976,
emotion-te-03467,hi-Deva,brighter-hin,emotion,bilstm,14,surprise,fear|surprise,True,0.9847645,
emotion-te-03468,hi-Deva,brighter-hin,emotion,bilstm,23,anger,anger,False,0.90263534,
emotion-te-03469,hi-Deva,brighter-hin,emotion,bilstm,23,fear,fear,False,0.9855092,
emotion-te-03470,hi-Deva,brighter-hin,emotion,bilstm,19,anger,none,True,0.2832772,
emotion-te-03471,hi-Deva,brighter-hin,emotion,bilstm,14,sadness,fear|surprise,True,0.71556056,
emotion-te-03472,hi-Deva,brighter-hin,emotion,bilstm,9,none,none,False,0.070084006,
emotion-te-03473,hi-Deva,brighter-hin,emotion,bilstm,22,joy,anger|sadness,True,0.4780045,
emotion-te-03474,hi-Deva,brighter-hin,emotion,bilstm,16,surprise,joy|surprise,True,0.79370606,
emotion-te-03475,hi-Deva,brighter-hin,emotion,bilstm,22,fear,fear,False,0.49621823,
emotion-te-03476,hi-Deva,brighter-hin,emotion,bilstm,18,fear|sadness,fear,True,0.66255987,
emotion-te-03477,hi-Deva,brighter-hin,emotion,bilstm,16,surprise,surprise,False,0.9380832,
emotion-te-03478,hi-Deva,brighter-hin,emotion,bilstm,9,joy,sadness,True,0.51767844,
emotion-te-03479,hi-Deva,brighter-hin,emotion,bilstm,24,anger,anger,False,0.78627884,
emotion-te-03480,hi-Deva,brighter-hin,emotion,bilstm,15,none,none,False,0.15749939,
emotion-te-03481,hi-Deva,brighter-hin,emotion,bilstm,14,disgust,none,True,0.37341413,
emotion-te-03482,hi-Deva,brighter-hin,emotion,bilstm,16,surprise,joy|surprise,True,0.97707134,
emotion-te-03483,hi-Deva,brighter-hin,emotion,bilstm,13,sadness,sadness,False,0.5018466,
emotion-te-03484,hi-Deva,brighter-hin,emotion,bilstm,22,surprise,fear,True,0.7342351,
emotion-te-03485,hi-Deva,brighter-hin,emotion,bilstm,18,disgust,disgust|sadness,True,0.97325754,
emotion-te-03486,hi-Deva,brighter-hin,emotion,bilstm,21,sadness,sadness,False,0.51164275,
emotion-te-03487,hi-Deva,brighter-hin,emotion,bilstm,20,sadness,sadness,False,0.41502804,
emotion-te-03488,hi-Deva,brighter-hin,emotion,bilstm,15,disgust,anger|disgust|sadness,True,0.95194036,
emotion-te-03489,hi-Deva,brighter-hin,emotion,bilstm,14,sadness,joy,True,0.8916709,
emotion-te-03490,hi-Deva,brighter-hin,emotion,bilstm,12,sadness,none,True,0.3704989,
emotion-te-03491,hi-Deva,brighter-hin,emotion,bilstm,16,joy,fear|surprise,True,0.6111683,
emotion-te-03492,hi-Deva,brighter-hin,emotion,bilstm,13,sadness,joy|sadness,True,0.46487933,
emotion-te-03493,hi-Deva,brighter-hin,emotion,bilstm,22,sadness,joy|sadness,True,0.70970803,
emotion-te-03494,hi-Deva,brighter-hin,emotion,bilstm,32,joy|surprise,surprise,True,0.769159,
emotion-te-03495,hi-Deva,brighter-hin,emotion,bilstm,12,fear,anger,True,0.80185044,
emotion-te-03496,hi-Deva,brighter-hin,emotion,bilstm,15,joy|surprise,joy|surprise,False,0.89154637,
emotion-te-03497,hi-Deva,brighter-hin,emotion,bilstm,15,sadness,anger|sadness,True,0.7550819,
emotion-te-03498,hi-Deva,brighter-hin,emotion,bilstm,22,fear,fear,False,0.63405716,
emotion-te-03499,hi-Deva,brighter-hin,emotion,bilstm,15,sadness,sadness,False,0.5246887,
emotion-te-03500,hi-Deva,brighter-hin,emotion,bilstm,30,sadness,anger|sadness,True,0.60894305,
emotion-te-03501,hi-Deva,brighter-hin,emotion,bilstm,25,anger,fear|surprise,True,0.5039111,
emotion-te-03502,hi-Deva,brighter-hin,emotion,bilstm,22,sadness,anger|sadness,True,0.5727177,
emotion-te-03503,hi-Deva,brighter-hin,emotion,bilstm,10,joy,none,True,0.29772797,
emotion-te-03504,hi-Deva,brighter-hin,emotion,bilstm,16,surprise,anger,True,0.76665825,
emotion-te-03505,hi-Deva,brighter-hin,emotion,bilstm,16,fear,fear,False,0.98229235,
emotion-te-03506,hi-Deva,brighter-hin,emotion,bilstm,15,sadness,none,True,0.46328014,
emotion-te-03507,hi-Deva,brighter-hin,emotion,bilstm,15,disgust,sadness,True,0.5987201,
emotion-te-03508,hi-Deva,brighter-hin,emotion,bilstm,13,joy,none,True,0.23608492,
emotion-te-03509,hi-Deva,brighter-hin,emotion,bilstm,16,anger,anger,False,0.8043449,
emotion-te-03510,hi-Deva,brighter-hin,emotion,bilstm,18,surprise,joy|surprise,True,0.9604576,
emotion-te-03511,hi-Deva,brighter-hin,emotion,bilstm,10,surprise,surprise,False,0.94502753,
emotion-te-03512,hi-Deva,brighter-hin,emotion,bilstm,11,joy,none,True,0.43683904,
emotion-te-03513,hi-Deva,brighter-hin,emotion,bilstm,11,joy|surprise,surprise,True,0.96696454,
emotion-te-03514,hi-Deva,brighter-hin,emotion,bilstm,27,anger,anger,False,0.78674215,
emotion-te-03515,hi-Deva,brighter-hin,emotion,bilstm,15,anger|sadness,anger|disgust|sadness,True,0.7567301,
emotion-te-03516,hi-Deva,brighter-hin,emotion,bilstm,17,joy|surprise,joy|surprise,False,0.9050262,
emotion-te-03517,hi-Deva,brighter-hin,emotion,bilstm,23,sadness,sadness,False,0.5130675,
emotion-te-03518,hi-Deva,brighter-hin,emotion,bilstm,14,none,none,False,0.11224284,
emotion-te-03519,hi-Deva,brighter-hin,emotion,bilstm,15,none,sadness,True,0.5253062,
emotion-te-03520,hi-Deva,brighter-hin,emotion,bilstm,18,none,fear,True,0.45594028,
emotion-te-03521,hi-Deva,brighter-hin,emotion,bilstm,21,joy,joy,False,0.88919276,
emotion-te-03522,hi-Deva,brighter-hin,emotion,bilstm,12,sadness,none,True,0.2701815,
emotion-te-03523,hi-Deva,brighter-hin,emotion,bilstm,13,none,none,False,0.1159736,
emotion-te-03524,hi-Deva,brighter-hin,emotion,bilstm,37,anger,anger,False,0.8077132,
emotion-te-03525,hi-Deva,brighter-hin,emotion,bilstm,22,surprise,surprise,False,0.9713359,
emotion-te-03526,hi-Deva,brighter-hin,emotion,bilstm,16,sadness,sadness,False,0.6527976,
emotion-te-03527,hi-Deva,brighter-hin,emotion,bilstm,19,joy,joy,False,0.43697017,
emotion-te-03528,hi-Deva,brighter-hin,emotion,bilstm,15,joy,joy,False,0.99399406,
emotion-te-03529,hi-Deva,brighter-hin,emotion,bilstm,11,sadness,sadness,False,0.5954273,
emotion-te-03530,hi-Deva,brighter-hin,emotion,bilstm,8,disgust,disgust,False,0.7807666,
emotion-te-03531,hi-Deva,brighter-hin,emotion,bilstm,9,none,none,False,0.3417658,
emotion-te-03532,hi-Deva,brighter-hin,emotion,bilstm,15,none,joy,True,0.63614285,
emotion-te-03533,hi-Deva,brighter-hin,emotion,bilstm,20,joy|surprise,joy|surprise,False,0.8395079,
emotion-te-03534,hi-Deva,brighter-hin,emotion,bilstm,20,joy,sadness|surprise,True,0.52010435,
emotion-te-03535,hi-Deva,brighter-hin,emotion,bilstm,18,anger,sadness,True,0.61689544,
emotion-te-03536,hi-Deva,brighter-hin,emotion,bilstm,12,surprise,anger|surprise,True,0.90386456,
emotion-te-03537,hi-Deva,brighter-hin,emotion,bilstm,15,joy,joy|surprise,True,0.64229167,
emotion-te-03538,hi-Deva,brighter-hin,emotion,bilstm,21,surprise,surprise,False,0.9652164,
emotion-te-03539,hi-Deva,brighter-hin,emotion,bilstm,13,sadness,none,True,0.21939442,
emotion-te-03540,hi-Deva,brighter-hin,emotion,bilstm,24,anger,anger,False,0.734586,
emotion-te-03541,hi-Deva,brighter-hin,emotion,bilstm,20,disgust,disgust,False,0.9615485,
emotion-te-03542,hi-Deva,brighter-hin,emotion,bilstm,26,anger,sadness,True,0.5512698,
emotion-te-03543,hi-Deva,brighter-hin,emotion,bilstm,28,anger,anger|sadness,True,0.5931683,
emotion-te-03544,hi-Deva,brighter-hin,emotion,bilstm,14,sadness,sadness,False,0.67953026,
emotion-te-03545,hi-Deva,brighter-hin,emotion,bilstm,13,none,none,False,0.2391184,
emotion-te-03546,hi-Deva,brighter-hin,emotion,bilstm,16,joy|surprise,joy|surprise,False,0.8501704,
emotion-te-03547,hi-Deva,brighter-hin,emotion,bilstm,11,joy,joy,False,0.6163797,
emotion-te-03548,hi-Deva,brighter-hin,emotion,bilstm,9,none,fear,True,0.561553,
emotion-te-03549,hi-Deva,brighter-hin,emotion,bilstm,14,surprise,anger,True,0.6082509,
emotion-te-03550,hi-Deva,brighter-hin,emotion,bilstm,25,sadness,sadness,False,0.55001795,
emotion-te-03551,hi-Deva,brighter-hin,emotion,bilstm,9,none,anger,True,0.49927074,
emotion-te-03552,hi-Deva,brighter-hin,emotion,bilstm,10,joy,anger|sadness,True,0.54645354,
emotion-te-03553,hi-Deva,brighter-hin,emotion,bilstm,21,joy,joy,False,0.996799,
emotion-te-03554,hi-Deva,brighter-hin,emotion,bilstm,14,joy,none,True,0.24417345,
emotion-te-03555,hi-Deva,brighter-hin,emotion,bilstm,26,anger,anger|fear,True,0.5082437,
emotion-te-03556,hi-Deva,brighter-hin,emotion,bilstm,19,surprise,joy|surprise,True,0.86254126,
emotion-te-03557,hi-Deva,brighter-hin,emotion,bilstm,15,none,none,False,0.33511326,
emotion-te-03558,hi-Deva,brighter-hin,emotion,bilstm,13,disgust,disgust|sadness,True,0.8908976,
emotion-te-03559,hi-Deva,brighter-hin,emotion,bilstm,22,joy,none,True,0.47810486,
emotion-te-03560,hi-Deva,brighter-hin,emotion,bilstm,10,none,none,False,0.18705235,
emotion-te-03561,hi-Deva,brighter-hin,emotion,bilstm,19,sadness,sadness,False,0.65023446,
emotion-te-03562,hi-Deva,brighter-hin,emotion,bilstm,25,disgust,anger|disgust,True,0.9585062,
emotion-te-03563,hi-Deva,brighter-hin,emotion,bilstm,19,none,surprise,True,0.5273173,
emotion-te-03564,hi-Deva,brighter-hin,emotion,bilstm,17,fear|surprise,fear|surprise,False,0.84083396,
emotion-te-03565,hi-Deva,brighter-hin,emotion,bilstm,13,anger,none,True,0.55057645,
emotion-te-03566,hi-Deva,brighter-hin,emotion,bilstm,22,disgust,disgust|sadness,True,0.88144034,
emotion-te-03567,hi-Deva,brighter-hin,emotion,bilstm,28,joy,joy|surprise,True,0.9365002,
emotion-te-03568,hi-Deva,brighter-hin,emotion,bilstm,19,joy,joy,False,0.99035925,
emotion-te-03569,hi-Deva,brighter-hin,emotion,bilstm,19,anger,fear,True,0.40068167,
emotion-te-03570,hi-Deva,brighter-hin,emotion,bilstm,25,surprise,joy|surprise,True,0.81885,
emotion-te-03571,hi-Deva,brighter-hin,emotion,bilstm,21,none,fear,True,0.49894735,
emotion-te-03572,hi-Deva,brighter-hin,emotion,bilstm,10,joy,joy,False,0.616514,
emotion-te-03573,hi-Deva,brighter-hin,emotion,bilstm,15,disgust,anger|disgust,True,0.97234386,
emotion-te-03574,hi-Deva,brighter-hin,emotion,bilstm,17,anger,anger,False,0.6014011,
emotion-te-03575,hi-Deva,brighter-hin,emotion,bilstm,21,joy,joy|surprise,True,0.9444012,
emotion-te-03576,hi-Deva,brighter-hin,emotion,bilstm,15,fear,fear,False,0.84387606,
emotion-te-03577,hi-Deva,brighter-hin,emotion,bilstm,14,fear,fear,False,0.58134055,
emotion-te-03578,hi-Deva,brighter-hin,emotion,bilstm,13,fear,none,True,0.40834194,
emotion-te-03579,hi-Deva,brighter-hin,emotion,bilstm,16,joy,none,True,0.22027075,
emotion-te-03580,hi-Deva,brighter-hin,emotion,bilstm,21,fear,fear,False,0.8290839,
emotion-te-03581,hi-Deva,brighter-hin,emotion,bilstm,19,anger,anger,False,0.5966832,
emotion-te-03582,hi-Deva,brighter-hin,emotion,bilstm,14,anger,none,True,0.42494392,
emotion-te-03583,hi-Deva,brighter-hin,emotion,bilstm,22,anger,anger,False,0.51003003,
emotion-te-03584,hi-Deva,brighter-hin,emotion,bilstm,13,none,sadness,True,0.77332366,
emotion-te-03585,hi-Deva,brighter-hin,emotion,bilstm,14,surprise,joy,True,0.7437881,
emotion-te-03586,hi-Deva,brighter-hin,emotion,bilstm,13,joy,sadness,True,0.64177245,
emotion-te-03587,hi-Deva,brighter-hin,emotion,bilstm,10,fear,fear,False,0.9827626,
emotion-te-03588,hi-Deva,brighter-hin,emotion,bilstm,25,surprise,fear|surprise,True,0.6205332,
emotion-te-03589,hi-Deva,brighter-hin,emotion,bilstm,16,sadness,sadness,False,0.6440541,
emotion-te-03590,hi-Deva,brighter-hin,emotion,bilstm,18,surprise,joy|surprise,True,0.835845,
emotion-te-03591,hi-Deva,brighter-hin,emotion,bilstm,14,fear,none,True,0.3994507,
emotion-te-03592,hi-Deva,brighter-hin,emotion,bilstm,21,disgust,none,True,0.5137878,
emotion-te-03593,hi-Deva,brighter-hin,emotion,bilstm,11,joy,none,True,0.1664969,
emotion-te-03594,hi-Deva,brighter-hin,emotion,bilstm,20,joy,joy,False,0.81962764,
emotion-te-03595,hi-Deva,brighter-hin,emotion,bilstm,17,none,none,False,0.31845468,
emotion-te-03596,hi-Deva,brighter-hin,emotion,bilstm,12,none,none,False,0.1697612,
emotion-te-03597,hi-Deva,brighter-hin,emotion,bilstm,17,disgust,anger|disgust,True,0.958822,
emotion-te-03598,hi-Deva,brighter-hin,emotion,bilstm,12,joy,joy,False,0.6677169,
emotion-te-03599,hi-Deva,brighter-hin,emotion,bilstm,18,surprise,surprise,False,0.7159928,
emotion-te-03600,hi-Deva,brighter-hin,emotion,bilstm,25,sadness,anger|sadness,True,0.50241894,
emotion-te-03601,hi-Deva,brighter-hin,emotion,bilstm,15,disgust,joy,True,0.6418853,
emotion-te-03602,hi-Deva,brighter-hin,emotion,bilstm,21,anger|disgust,anger|disgust,False,0.67449415,
emotion-te-03603,hi-Deva,brighter-hin,emotion,bilstm,22,surprise,joy|surprise,True,0.7168758,
emotion-te-03604,hi-Deva,brighter-hin,emotion,bilstm,17,none,surprise,True,0.82035047,
emotion-te-03605,hi-Deva,brighter-hin,emotion,bilstm,26,anger,anger,False,0.64599097,
emotion-te-03606,hi-Deva,brighter-hin,emotion,bilstm,24,sadness,anger|sadness,True,0.61479765,
emotion-te-03607,hi-Deva,brighter-hin,emotion,bilstm,12,surprise,sadness,True,0.5289555,
emotion-te-03608,hi-Deva,brighter-hin,emotion,bilstm,12,disgust,disgust,False,0.77423114,
emotion-te-03609,hi-Deva,brighter-hin,emotion,bilstm,18,joy,joy,False,0.9930061,
emotion-te-03610,hi-Deva,brighter-hin,emotion,bilstm,22,sadness,fear,True,0.685215,
emotion-te-03611,hi-Deva,brighter-hin,emotion,bilstm,27,disgust,anger,True,0.5022264,
emotion-te-03612,hi-Deva,brighter-hin,emotion,bilstm,17,disgust,anger|disgust,True,0.7948471,
emotion-te-03613,hi-Deva,brighter-hin,emotion,bilstm,15,none,none,False,0.23518986,
emotion-te-03614,hi-Deva,brighter-hin,emotion,bilstm,13,none,none,False,0.061715778,
emotion-te-03615,hi-Deva,brighter-hin,emotion,bilstm,13,none,joy,True,0.4887458,
emotion-te-03616,hi-Deva,brighter-hin,emotion,bilstm,17,fear,fear,False,0.91321284,
emotion-te-03617,hi-Deva,brighter-hin,emotion,bilstm,18,fear,fear,False,0.98523915,
emotion-te-03618,hi-Deva,brighter-hin,emotion,bilstm,11,fear,fear|surprise,True,0.84410733,
emotion-te-03619,hi-Deva,brighter-hin,emotion,bilstm,7,none,none,False,0.11880972,
emotion-te-03620,hi-Deva,brighter-hin,emotion,bilstm,12,anger,anger|surprise,True,0.680858,
emotion-te-03621,hi-Deva,brighter-hin,emotion,bilstm,19,disgust,sadness,True,0.48933527,
emotion-te-03622,hi-Deva,brighter-hin,emotion,bilstm,12,none,none,False,0.1272194,
emotion-te-03623,hi-Deva,brighter-hin,emotion,bilstm,13,none,none,False,0.26303896,
emotion-te-03624,hi-Deva,brighter-hin,emotion,bilstm,12,none,none,False,0.49607062,
emotion-te-03625,hi-Deva,brighter-hin,emotion,bilstm,22,fear,fear,False,0.4777204,
emotion-te-03626,hi-Deva,brighter-hin,emotion,bilstm,15,disgust,none,True,0.3156155,
emotion-te-03627,hi-Deva,brighter-hin,emotion,bilstm,18,fear,fear,False,0.98395187,
emotion-te-03628,hi-Deva,brighter-hin,emotion,bilstm,16,sadness,anger|disgust,True,0.8393363,
emotion-te-03629,hi-Deva,brighter-hin,emotion,bilstm,10,joy,joy|surprise,True,0.7531038,
emotion-te-03630,hi-Deva,brighter-hin,emotion,bilstm,23,sadness,sadness,False,0.8460854,
emotion-te-03631,hi-Deva,brighter-hin,emotion,bilstm,18,joy,joy,False,0.55682254,
emotion-te-03632,hi-Deva,brighter-hin,emotion,bilstm,13,sadness,anger|sadness,True,0.7130666,
emotion-te-03633,hi-Deva,brighter-hin,emotion,bilstm,23,joy,joy,False,0.8634325,
emotion-te-03634,hi-Deva,brighter-hin,emotion,bilstm,15,none,none,False,0.33861902,
emotion-te-03635,hi-Deva,brighter-hin,emotion,bilstm,13,disgust,disgust,False,0.7960232,
emotion-te-03636,hi-Deva,brighter-hin,emotion,bilstm,15,anger,anger|disgust,True,0.93719864,
emotion-te-03637,hi-Deva,brighter-hin,emotion,bilstm,19,fear,none,True,0.34379384,
emotion-te-03638,hi-Deva,brighter-hin,emotion,bilstm,14,sadness,joy,True,0.45827767,
emotion-te-03639,hi-Deva,brighter-hin,emotion,bilstm,14,none,none,False,0.25958723,
emotion-te-03640,hi-Deva,brighter-hin,emotion,bilstm,16,anger,surprise,True,0.7981378,
emotion-te-03641,hi-Deva,brighter-hin,emotion,bilstm,21,surprise,fear|sadness,True,0.64145947,
emotion-te-03642,hi-Deva,brighter-hin,emotion,bilstm,27,anger,anger,False,0.85039556,
emotion-te-03643,hi-Deva,brighter-hin,emotion,bilstm,13,surprise,anger|surprise,True,0.5145258,
emotion-te-03644,hi-Deva,brighter-hin,emotion,bilstm,17,sadness,joy,True,0.436307,
emotion-te-03645,hi-Deva,brighter-hin,emotion,bilstm,12,none,surprise,True,0.54759675,
emotion-te-03646,hi-Deva,brighter-hin,emotion,bilstm,10,disgust,disgust|sadness,True,0.9320905,
emotion-te-03647,hi-Deva,brighter-hin,emotion,bilstm,19,sadness,sadness,False,0.6927151,
emotion-te-03648,hi-Deva,brighter-hin,emotion,bilstm,19,anger,anger|sadness,True,0.5155352,
emotion-te-03649,hi-Deva,brighter-hin,emotion,bilstm,19,none,none,False,0.3634991,
emotion-te-03650,hi-Deva,brighter-hin,emotion,bilstm,14,fear,fear,False,0.9640353,
emotion-te-03651,hi-Deva,brighter-hin,emotion,bilstm,14,fear,fear,False,0.91287506,
emotion-te-03652,hi-Deva,brighter-hin,emotion,bilstm,19,joy,joy|surprise,True,0.70758045,
emotion-te-03653,hi-Deva,brighter-hin,emotion,bilstm,15,disgust,surprise,True,0.76977795,
emotion-te-03654,hi-Deva,brighter-hin,emotion,bilstm,10,none,sadness,True,0.5922538,
emotion-te-03655,hi-Deva,brighter-hin,emotion,bilstm,16,joy,joy,False,0.8134716,
emotion-te-03656,hi-Deva,brighter-hin,emotion,bilstm,22,fear,joy|surprise,True,0.59633243,
emotion-te-03657,hi-Deva,brighter-hin,emotion,bilstm,28,anger,anger,False,0.89524925,
emotion-te-03658,hi-Deva,brighter-hin,emotion,bilstm,21,disgust|surprise,disgust,True,0.8792259,
emotion-te-03659,hi-Deva,brighter-hin,emotion,bilstm,34,anger,anger,False,0.9485812,
emotion-te-03660,hi-Deva,brighter-hin,emotion,bilstm,21,disgust,anger|disgust,True,0.78017104,
emotion-te-03661,hi-Deva,brighter-hin,emotion,bilstm,27,sadness,anger|sadness,True,0.58919334,
emotion-te-03662,hi-Deva,brighter-hin,emotion,bilstm,13,surprise,surprise,False,0.8325804,
emotion-te-03663,hi-Deva,brighter-hin,emotion,bilstm,30,joy,none,True,0.2795862,
emotion-te-03664,hi-Deva,brighter-hin,emotion,bilstm,14,anger|sadness,sadness,True,0.68602586,
emotion-te-03665,hi-Deva,brighter-hin,emotion,bilstm,19,joy,joy,False,0.56118613,
emotion-te-03666,hi-Deva,brighter-hin,emotion,bilstm,15,none,none,False,0.09678,
emotion-te-03667,hi-Deva,brighter-hin,emotion,bilstm,19,fear,fear,False,0.9879259,
emotion-te-03668,hi-Deva,brighter-hin,emotion,bilstm,11,sadness,sadness,False,0.5657382,
emotion-te-03669,hi-Deva,brighter-hin,emotion,bilstm,11,surprise,anger|surprise,True,0.6846768,
emotion-te-03670,hi-Deva,brighter-hin,emotion,bilstm,23,fear,fear,False,0.99111897,
emotion-te-03671,hi-Deva,brighter-hin,emotion,bilstm,10,none,none,False,0.03802277,
emotion-te-03672,hi-Deva,brighter-hin,emotion,bilstm,26,fear,fear,False,0.9371803,
emotion-te-03673,hi-Deva,brighter-hin,emotion,bilstm,13,none,none,False,0.24053307,
emotion-te-03674,hi-Deva,brighter-hin,emotion,bilstm,20,anger,anger,False,0.8111936,
emotion-te-03675,hi-Deva,brighter-hin,emotion,bilstm,14,anger,anger|disgust,True,0.8415138,
emotion-te-03676,hi-Deva,brighter-hin,emotion,bilstm,11,fear,fear,False,0.9838293,
emotion-te-03677,hi-Deva,brighter-hin,emotion,bilstm,16,anger,anger|sadness,True,0.8202548,
emotion-te-03678,hi-Deva,brighter-hin,emotion,bilstm,13,joy,joy|surprise,True,0.8374153,
emotion-te-03679,hi-Deva,brighter-hin,emotion,bilstm,19,fear,sadness,True,0.6015641,
emotion-te-03680,hi-Deva,brighter-hin,emotion,bilstm,28,joy,anger|sadness,True,0.59854424,
emotion-te-03681,hi-Deva,brighter-hin,emotion,bilstm,12,joy,joy|surprise,True,0.68375593,
emotion-te-03682,hi-Deva,brighter-hin,emotion,bilstm,13,sadness,disgust|sadness,True,0.702565,
emotion-te-03683,hi-Deva,brighter-hin,emotion,bilstm,13,sadness,sadness,False,0.6992968,
emotion-te-03684,hi-Deva,brighter-hin,emotion,bilstm,10,disgust,anger|disgust,True,0.9896639,
emotion-te-03685,hi-Deva,brighter-hin,emotion,bilstm,12,none,none,False,0.18695149,
emotion-te-03686,hi-Deva,brighter-hin,emotion,bilstm,12,fear,fear,False,0.98840266,
emotion-te-03687,hi-Deva,brighter-hin,emotion,bilstm,25,anger,none,True,0.3640404,
emotion-te-03688,hi-Deva,brighter-hin,emotion,bilstm,27,joy,surprise,True,0.5004638,
emotion-te-03689,hi-Deva,brighter-hin,emotion,bilstm,12,joy,joy,False,0.9319552,
emotion-te-03690,hi-Deva,brighter-hin,emotion,bilstm,13,anger,none,True,0.2117368,
emotion-te-03691,hi-Deva,brighter-hin,emotion,bilstm,13,joy,joy,False,0.98278296,
emotion-te-03692,hi-Deva,brighter-hin,emotion,bilstm,24,anger|sadness,anger,True,0.73175806,
emotion-te-03693,hi-Deva,brighter-hin,emotion,bilstm,18,anger,joy|surprise,True,0.66449076,
emotion-te-03694,hi-Deva,brighter-hin,emotion,bilstm,14,joy,joy,False,0.9701838,
emotion-te-03695,hi-Deva,brighter-hin,emotion,bilstm,23,surprise,surprise,False,0.9634309,
emotion-te-03696,hi-Deva,brighter-hin,emotion,bilstm,14,fear,fear,False,0.983071,
emotion-te-03697,hi-Deva,brighter-hin,emotion,bilstm,14,disgust,disgust|sadness,True,0.79291743,
emotion-te-03698,hi-Deva,brighter-hin,emotion,bilstm,20,sadness,fear,True,0.5693203,
emotion-te-03699,hi-Deva,brighter-hin,emotion,bilstm,15,joy,joy,False,0.983462,
emotion-te-03700,hi-Deva,brighter-hin,emotion,bilstm,20,joy,joy,False,0.81941336,
emotion-te-03701,hi-Deva,brighter-hin,emotion,bilstm,13,surprise,fear|surprise,True,0.9229344,
emotion-te-03702,hi-Deva,brighter-hin,emotion,bilstm,14,joy,joy|surprise,True,0.791876,
emotion-te-03703,hi-Deva,brighter-hin,emotion,bilstm,23,joy,joy|surprise,True,0.89610356,
emotion-te-03704,hi-Deva,brighter-hin,emotion,bilstm,18,joy,joy|surprise,True,0.6539635,
emotion-te-03705,hi-Deva,brighter-hin,emotion,bilstm,18,disgust,disgust,False,0.9179022,
emotion-te-03706,hi-Deva,brighter-hin,emotion,bilstm,12,sadness,none,True,0.3902919,
emotion-te-03707,hi-Deva,brighter-hin,emotion,bilstm,15,fear,fear,False,0.9732207,
emotion-te-03708,hi-Deva,brighter-hin,emotion,bilstm,20,surprise,joy|surprise,True,0.80225784,
emotion-te-03709,hi-Deva,brighter-hin,emotion,bilstm,20,surprise,surprise,False,0.86421907,
emotion-te-03710,hi-Deva,brighter-hin,emotion,bilstm,20,anger|disgust,disgust,True,0.92184126,
emotion-te-03711,hi-Deva,brighter-hin,emotion,bilstm,10,disgust,disgust,False,0.980571,
emotion-te-03712,hi-Deva,brighter-hin,emotion,bilstm,33,anger,anger,False,0.65776217,
emotion-te-03713,hi-Deva,brighter-hin,emotion,bilstm,12,joy,none,True,0.374558,
emotion-te-03714,hi-Deva,brighter-hin,emotion,bilstm,25,fear,fear,False,0.9747499,
emotion-te-03715,hi-Deva,brighter-hin,emotion,bilstm,10,none,none,False,0.06662914,
emotion-te-03716,hi-Deva,brighter-hin,emotion,bilstm,21,surprise,anger|fear|sadness,True,0.48285905,
emotion-te-03717,hi-Deva,brighter-hin,emotion,bilstm,30,anger|disgust,anger,True,0.8482188,
emotion-te-03718,hi-Deva,brighter-hin,emotion,bilstm,10,fear,none,True,0.323835,
emotion-te-03719,hi-Deva,brighter-hin,emotion,bilstm,13,sadness,surprise,True,0.5662756,
emotion-te-03720,hi-Deva,brighter-hin,emotion,bilstm,9,none,none,False,0.025292037,
emotion-te-03721,hi-Deva,brighter-hin,emotion,bilstm,17,joy,joy|surprise,True,0.8500013,
emotion-te-03722,hi-Deva,brighter-hin,emotion,bilstm,14,fear,sadness,True,0.47312635,
emotion-te-03723,hi-Deva,brighter-hin,emotion,bilstm,25,anger,none,True,0.29108864,
emotion-te-03724,hi-Deva,brighter-hin,emotion,bilstm,14,surprise,joy|surprise,True,0.95056576,
emotion-te-03725,hi-Deva,brighter-hin,emotion,bilstm,14,sadness,sadness,False,0.8239839,
emotion-te-03726,hi-Deva,brighter-hin,emotion,bilstm,18,surprise,anger,True,0.6187305,
emotion-te-03727,hi-Deva,brighter-hin,emotion,bilstm,8,none,none,False,0.34907335,
emotion-te-03728,hi-Deva,brighter-hin,emotion,bilstm,14,sadness|surprise,none,True,0.33729926,
emotion-te-03729,hi-Deva,brighter-hin,emotion,bilstm,10,fear,fear,False,0.4299343,
emotion-te-03730,hi-Deva,brighter-hin,emotion,bilstm,9,disgust,disgust,False,0.7561901,
emotion-te-03731,hi-Deva,brighter-hin,emotion,bilstm,16,joy,joy|surprise,True,0.86239433,
emotion-te-03732,hi-Deva,brighter-hin,emotion,bilstm,14,surprise,fear|surprise,True,0.95325905,
emotion-te-03733,hi-Deva,brighter-hin,emotion,bilstm,12,surprise,anger,True,0.652167,
emotion-te-03734,hi-Deva,brighter-hin,emotion,bilstm,20,sadness,anger|sadness,True,0.65745306,
emotion-te-03735,hi-Deva,brighter-hin,emotion,bilstm,16,sadness,sadness,False,0.4819056,
emotion-te-03736,hi-Deva,brighter-hin,emotion,bilstm,23,fear,fear|sadness,True,0.72979116,
emotion-te-03737,hi-Deva,brighter-hin,emotion,bilstm,13,joy,none,True,0.18183838,
emotion-te-03738,hi-Deva,brighter-hin,emotion,bilstm,23,joy,anger|sadness,True,0.5598844,
emotion-te-03739,hi-Deva,brighter-hin,emotion,bilstm,15,joy|surprise,anger,True,0.66900885,
emotion-te-03740,hi-Deva,brighter-hin,emotion,bilstm,13,fear,anger|fear|sadness,True,0.5692256,
emotion-te-03741,hi-Deva,brighter-hin,emotion,bilstm,14,sadness,sadness,False,0.7230801,
emotion-te-03742,hi-Deva,brighter-hin,emotion,bilstm,9,joy,joy,False,0.98674077,
emotion-te-03743,hi-Deva,brighter-hin,emotion,bilstm,24,surprise,fear|surprise,True,0.705223,
emotion-te-03744,hi-Deva,brighter-hin,emotion,bilstm,16,joy,joy,False,0.8835209,
emotion-te-03745,hi-Deva,brighter-hin,emotion,bilstm,29,anger,anger,False,0.8507784,
emotion-te-03746,hi-Deva,brighter-hin,emotion,bilstm,16,disgust,fear|sadness,True,0.5635983,
emotion-te-03747,hi-Deva,brighter-hin,emotion,bilstm,22,sadness,sadness,False,0.7084775,
emotion-te-03748,hi-Deva,brighter-hin,emotion,bilstm,16,fear,fear,False,0.98876745,
emotion-te-03749,hi-Deva,brighter-hin,emotion,bilstm,17,joy,joy|surprise,True,0.57728124,
emotion-te-03750,hi-Deva,brighter-hin,emotion,bilstm,12,none,none,False,0.036863893,
emotion-te-03751,hi-Deva,brighter-hin,emotion,bilstm,21,surprise,joy|surprise,True,0.7280914,
emotion-te-03752,hi-Deva,brighter-hin,emotion,bilstm,18,joy|surprise,surprise,True,0.8219604,
emotion-te-03753,hi-Deva,brighter-hin,emotion,bilstm,15,surprise,anger|surprise,True,0.63189846,
emotion-te-03754,hi-Deva,brighter-hin,emotion,bilstm,21,sadness,anger|disgust|sadness,True,0.8107663,
emotion-te-03755,hi-Deva,brighter-hin,emotion,bilstm,24,anger,anger|surprise,True,0.5717904,
emotion-te-03756,hi-Deva,brighter-hin,emotion,bilstm,15,anger,anger,False,0.94771785,
emotion-te-03757,hi-Deva,brighter-hin,emotion,bilstm,19,joy,joy,False,0.62030816,
emotion-te-03758,hi-Deva,brighter-hin,emotion,bilstm,18,surprise,fear|sadness,True,0.54238915,
emotion-te-03759,hi-Deva,brighter-hin,emotion,bilstm,12,surprise,joy|surprise,True,0.96311694,
emotion-te-03760,hi-Deva,brighter-hin,emotion,bilstm,16,none,none,False,0.37408516,
emotion-te-03761,hi-Deva,brighter-hin,emotion,bilstm,26,surprise,sadness,True,0.45885706,
emotion-te-03762,hi-Deva,brighter-hin,emotion,bilstm,17,surprise,anger|surprise,True,0.6388546,
emotion-te-03763,hi-Deva,brighter-hin,emotion,bilstm,17,none,joy|surprise,True,0.84210473,
emotion-te-03764,hi-Deva,brighter-hin,emotion,bilstm,18,fear,fear,False,0.73714626,
emotion-te-03765,hi-Deva,brighter-hin,emotion,bilstm,16,sadness,sadness,False,0.61672515,
emotion-te-03766,hi-Deva,brighter-hin,emotion,bilstm,15,disgust|sadness,disgust,True,0.98161834,
emotion-te-03767,hi-Deva,brighter-hin,emotion,bilstm,14,fear,none,True,0.36250952,
emotion-te-03768,hi-Deva,brighter-hin,emotion,bilstm,12,disgust,disgust|sadness,True,0.8317896,
emotion-te-03769,hi-Deva,brighter-hin,emotion,bilstm,33,anger,anger,False,0.7280763,
risk-te-00001,en-Latn,dreaddit,risk,bilstm,55,non_stress,non_stress,False,0.6867713,0.3132287561893463
risk-te-00002,en-Latn,dreaddit,risk,bilstm,71,non_stress,non_stress,False,0.84690285,0.15309718251228333
risk-te-00003,en-Latn,dreaddit,risk,bilstm,147,stress,non_stress,True,0.85777974,0.14222030341625214
risk-te-00004,en-Latn,dreaddit,risk,bilstm,100,stress,non_stress,True,0.56482375,0.4351762533187866
risk-te-00005,en-Latn,dreaddit,risk,bilstm,77,non_stress,non_stress,False,0.5065426,0.4934573471546173
risk-te-00006,en-Latn,dreaddit,risk,bilstm,58,non_stress,non_stress,False,0.91568464,0.08431538939476013
risk-te-00007,en-Latn,dreaddit,risk,bilstm,105,non_stress,non_stress,False,0.7756182,0.22438178956508636
risk-te-00008,en-Latn,dreaddit,risk,bilstm,130,stress,stress,False,0.639222,0.6392220258712769
risk-te-00009,en-Latn,dreaddit,risk,bilstm,78,stress,stress,False,0.89437425,0.8943742513656616
risk-te-00010,en-Latn,dreaddit,risk,bilstm,105,non_stress,non_stress,False,0.9216961,0.07830386608839035
risk-te-00011,en-Latn,dreaddit,risk,bilstm,35,stress,stress,False,0.5326882,0.5326882004737854
risk-te-00012,en-Latn,dreaddit,risk,bilstm,147,stress,stress,False,0.5727138,0.5727137923240662
risk-te-00013,en-Latn,dreaddit,risk,bilstm,65,stress,stress,False,0.62561136,0.6256113648414612
risk-te-00014,en-Latn,dreaddit,risk,bilstm,90,stress,stress,False,0.8905608,0.8905608057975769
risk-te-00015,en-Latn,dreaddit,risk,bilstm,63,stress,non_stress,True,0.63587517,0.3641248643398285
risk-te-00016,en-Latn,dreaddit,risk,bilstm,81,non_stress,non_stress,False,0.7370421,0.2629578411579132
risk-te-00017,en-Latn,dreaddit,risk,bilstm,85,stress,stress,False,0.7789045,0.7789044976234436
risk-te-00018,en-Latn,dreaddit,risk,bilstm,77,stress,stress,False,0.5742962,0.5742961764335632
risk-te-00019,en-Latn,dreaddit,risk,bilstm,115,non_stress,non_stress,False,0.64630055,0.3536994457244873
risk-te-00020,en-Latn,dreaddit,risk,bilstm,56,non_stress,non_stress,False,0.67643243,0.32356756925582886
risk-te-00021,en-Latn,dreaddit,risk,bilstm,101,non_stress,non_stress,False,0.79533964,0.2046603262424469
risk-te-00022,en-Latn,dreaddit,risk,bilstm,117,non_stress,non_stress,False,0.6671129,0.33288711309432983
risk-te-00023,en-Latn,dreaddit,risk,bilstm,86,non_stress,non_stress,False,0.617043,0.38295698165893555
risk-te-00024,en-Latn,dreaddit,risk,bilstm,56,stress,stress,False,0.7739929,0.7739928960800171
risk-te-00025,en-Latn,dreaddit,risk,bilstm,70,stress,non_stress,True,0.560136,0.43986400961875916
risk-te-00026,en-Latn,dreaddit,risk,bilstm,68,non_stress,non_stress,False,0.87150747,0.12849247455596924
risk-te-00027,en-Latn,dreaddit,risk,bilstm,88,non_stress,non_stress,False,0.6399694,0.3600305914878845
risk-te-00028,en-Latn,dreaddit,risk,bilstm,85,non_stress,non_stress,False,0.53971905,0.4602809250354767
risk-te-00029,en-Latn,dreaddit,risk,bilstm,67,non_stress,non_stress,False,0.74634,0.25366008281707764
risk-te-00030,en-Latn,dreaddit,risk,bilstm,74,non_stress,non_stress,False,0.778874,0.22112609446048737
risk-te-00031,en-Latn,dreaddit,risk,bilstm,104,stress,stress,False,0.7904075,0.7904074788093567
risk-te-00032,en-Latn,dreaddit,risk,bilstm,101,non_stress,non_stress,False,0.8643494,0.1356506049633026
risk-te-00033,en-Latn,dreaddit,risk,bilstm,86,stress,stress,False,0.8546248,0.8546248078346252
risk-te-00034,en-Latn,dreaddit,risk,bilstm,64,stress,non_stress,True,0.5834818,0.4165182113647461
risk-te-00035,en-Latn,dreaddit,risk,bilstm,69,non_stress,non_stress,False,0.53011835,0.46988165378570557
risk-te-00036,en-Latn,dreaddit,risk,bilstm,65,non_stress,non_stress,False,0.67625874,0.3237413167953491
risk-te-00037,en-Latn,dreaddit,risk,bilstm,90,non_stress,non_stress,False,0.6298083,0.370191752910614
risk-te-00038,en-Latn,dreaddit,risk,bilstm,33,stress,stress,False,0.88925207,0.8892520666122437
risk-te-00039,en-Latn,dreaddit,risk,bilstm,86,stress,stress,False,0.6392587,0.6392586827278137
risk-te-00040,en-Latn,dreaddit,risk,bilstm,70,non_stress,non_stress,False,0.90457976,0.0954202264547348
risk-te-00041,en-Latn,dreaddit,risk,bilstm,82,non_stress,non_stress,False,0.53765607,0.46234390139579773
risk-te-00042,en-Latn,dreaddit,risk,bilstm,74,stress,stress,False,0.8916265,0.8916264772415161
risk-te-00043,en-Latn,dreaddit,risk,bilstm,50,stress,stress,False,0.89238054,0.8923805356025696
risk-te-00044,en-Latn,dreaddit,risk,bilstm,86,stress,stress,False,0.91564727,0.9156472682952881
risk-te-00045,en-Latn,dreaddit,risk,bilstm,155,stress,stress,False,0.9001488,0.9001488089561462
risk-te-00046,en-Latn,dreaddit,risk,bilstm,147,non_stress,non_stress,False,0.7489025,0.25109753012657166
risk-te-00047,en-Latn,dreaddit,risk,bilstm,123,stress,stress,False,0.53685915,0.5368591547012329
risk-te-00048,en-Latn,dreaddit,risk,bilstm,86,non_stress,stress,True,0.7590595,0.759059488773346
risk-te-00049,en-Latn,dreaddit,risk,bilstm,58,non_stress,stress,True,0.52824044,0.528240442276001
risk-te-00050,en-Latn,dreaddit,risk,bilstm,52,stress,non_stress,True,0.5302437,0.4697563052177429
risk-te-00051,en-Latn,dreaddit,risk,bilstm,74,non_stress,stress,True,0.88588095,0.8858809471130371
risk-te-00052,en-Latn,dreaddit,risk,bilstm,60,stress,stress,False,0.82470644,0.8247064352035522
risk-te-00053,en-Latn,dreaddit,risk,bilstm,65,non_stress,non_stress,False,0.7960581,0.20394186675548553
risk-te-00054,en-Latn,dreaddit,risk,bilstm,59,stress,non_stress,True,0.7229973,0.2770026624202728
risk-te-00055,en-Latn,dreaddit,risk,bilstm,127,stress,stress,False,0.70269316,0.7026931643486023
risk-te-00056,en-Latn,dreaddit,risk,bilstm,73,stress,stress,False,0.82142013,0.8214201331138611
risk-te-00057,en-Latn,dreaddit,risk,bilstm,114,non_stress,stress,True,0.6126843,0.6126843094825745
risk-te-00058,en-Latn,dreaddit,risk,bilstm,60,non_stress,non_stress,False,0.91196096,0.0880391001701355
risk-te-00059,en-Latn,dreaddit,risk,bilstm,66,stress,stress,False,0.6770145,0.6770145297050476
risk-te-00060,en-Latn,dreaddit,risk,bilstm,171,non_stress,non_stress,False,0.85575104,0.14424900710582733
risk-te-00061,en-Latn,dreaddit,risk,bilstm,65,non_stress,stress,True,0.73584193,0.7358419299125671
risk-te-00062,en-Latn,dreaddit,risk,bilstm,65,non_stress,stress,True,0.6821936,0.6821935772895813
risk-te-00063,en-Latn,dreaddit,risk,bilstm,31,stress,stress,False,0.8199798,0.8199797868728638
risk-te-00064,en-Latn,dreaddit,risk,bilstm,61,non_stress,non_stress,False,0.8171012,0.1828988641500473
risk-te-00065,en-Latn,dreaddit,risk,bilstm,78,stress,stress,False,0.69089276,0.69089275598526
risk-te-00066,en-Latn,dreaddit,risk,bilstm,125,non_stress,non_stress,False,0.6104979,0.3895021080970764
risk-te-00067,en-Latn,dreaddit,risk,bilstm,92,stress,non_stress,True,0.7052901,0.2947099506855011
risk-te-00068,en-Latn,dreaddit,risk,bilstm,55,non_stress,non_stress,False,0.9427207,0.05727927014231682
risk-te-00069,en-Latn,dreaddit,risk,bilstm,70,non_stress,non_stress,False,0.9152238,0.08477623760700226
risk-te-00070,en-Latn,dreaddit,risk,bilstm,104,stress,stress,False,0.6391955,0.6391955018043518
risk-te-00071,en-Latn,dreaddit,risk,bilstm,86,stress,stress,False,0.5989506,0.5989506244659424
risk-te-00072,en-Latn,dreaddit,risk,bilstm,80,stress,stress,False,0.707243,0.707243025302887
risk-te-00073,en-Latn,dreaddit,risk,bilstm,46,stress,stress,False,0.72284514,0.7228451371192932
risk-te-00074,en-Latn,dreaddit,risk,bilstm,126,stress,stress,False,0.9229272,0.92292720079422
risk-te-00075,en-Latn,dreaddit,risk,bilstm,67,non_stress,non_stress,False,0.5669544,0.4330455958843231
risk-te-00076,en-Latn,dreaddit,risk,bilstm,125,non_stress,non_stress,False,0.70917124,0.29082879424095154
risk-te-00077,en-Latn,dreaddit,risk,bilstm,108,non_stress,non_stress,False,0.90565443,0.09434553235769272
risk-te-00078,en-Latn,dreaddit,risk,bilstm,112,non_stress,stress,True,0.6209196,0.6209195852279663
risk-te-00079,en-Latn,dreaddit,risk,bilstm,81,stress,stress,False,0.8312155,0.831215500831604
risk-te-00080,en-Latn,dreaddit,risk,bilstm,70,non_stress,stress,True,0.68530715,0.6853071451187134
risk-te-00081,en-Latn,dreaddit,risk,bilstm,70,stress,stress,False,0.7553582,0.7553582191467285
risk-te-00082,en-Latn,dreaddit,risk,bilstm,51,non_stress,stress,True,0.63878834,0.6387883424758911
risk-te-00083,en-Latn,dreaddit,risk,bilstm,130,stress,stress,False,0.90294534,0.902945339679718
risk-te-00084,en-Latn,dreaddit,risk,bilstm,83,non_stress,non_stress,False,0.52810925,0.47189077734947205
risk-te-00085,en-Latn,dreaddit,risk,bilstm,209,stress,non_stress,True,0.552456,0.44754400849342346
risk-te-00086,en-Latn,dreaddit,risk,bilstm,91,non_stress,non_stress,False,0.73981965,0.26018038392066956
risk-te-00087,en-Latn,dreaddit,risk,bilstm,115,non_stress,non_stress,False,0.752573,0.24742692708969116
risk-te-00088,en-Latn,dreaddit,risk,bilstm,112,stress,stress,False,0.84721255,0.847212553024292
risk-te-00089,en-Latn,dreaddit,risk,bilstm,95,stress,stress,False,0.81669104,0.8166910409927368
risk-te-00090,en-Latn,dreaddit,risk,bilstm,67,non_stress,non_stress,False,0.61778915,0.3822108507156372
risk-te-00091,en-Latn,dreaddit,risk,bilstm,69,stress,non_stress,True,0.55394566,0.4460543394088745
risk-te-00092,en-Latn,dreaddit,risk,bilstm,80,non_stress,non_stress,False,0.67632276,0.32367727160453796
risk-te-00093,en-Latn,dreaddit,risk,bilstm,122,stress,stress,False,0.5412389,0.5412389039993286
risk-te-00094,en-Latn,dreaddit,risk,bilstm,121,stress,stress,False,0.85600066,0.8560006618499756
risk-te-00095,en-Latn,dreaddit,risk,bilstm,85,stress,stress,False,0.70969665,0.7096966505050659
risk-te-00096,en-Latn,dreaddit,risk,bilstm,89,non_stress,non_stress,False,0.5542766,0.44572341442108154
risk-te-00097,en-Latn,dreaddit,risk,bilstm,102,non_stress,non_stress,False,0.7594347,0.24056528508663177
risk-te-00098,en-Latn,dreaddit,risk,bilstm,94,stress,non_stress,True,0.5691978,0.43080219626426697
risk-te-00099,en-Latn,dreaddit,risk,bilstm,62,stress,stress,False,0.8755821,0.8755820989608765
risk-te-00100,en-Latn,dreaddit,risk,bilstm,48,non_stress,non_stress,False,0.8685194,0.13148054480552673
risk-te-00101,en-Latn,dreaddit,risk,bilstm,56,stress,non_stress,True,0.5309458,0.4690541923046112
risk-te-00102,en-Latn,dreaddit,risk,bilstm,93,non_stress,stress,True,0.7923162,0.792316198348999
risk-te-00103,en-Latn,dreaddit,risk,bilstm,74,stress,stress,False,0.6110753,0.6110752820968628
risk-te-00104,en-Latn,dreaddit,risk,bilstm,51,non_stress,non_stress,False,0.52729,0.4727100431919098
risk-te-00105,en-Latn,dreaddit,risk,bilstm,92,non_stress,non_stress,False,0.5853283,0.4146716892719269
risk-te-00106,en-Latn,dreaddit,risk,bilstm,77,stress,stress,False,0.55480886,0.5548088550567627
risk-te-00107,en-Latn,dreaddit,risk,bilstm,103,stress,stress,False,0.5610434,0.561043381690979
risk-te-00108,en-Latn,dreaddit,risk,bilstm,61,stress,non_stress,True,0.76517826,0.23482178151607513
risk-te-00109,en-Latn,dreaddit,risk,bilstm,124,stress,non_stress,True,0.5687442,0.4312557876110077
risk-te-00110,en-Latn,dreaddit,risk,bilstm,147,non_stress,non_stress,False,0.89976114,0.10023890435695648
risk-te-00111,en-Latn,dreaddit,risk,bilstm,56,stress,stress,False,0.82797736,0.8279773592948914
risk-te-00112,en-Latn,dreaddit,risk,bilstm,69,non_stress,non_stress,False,0.5409241,0.4590759873390198
risk-te-00113,en-Latn,dreaddit,risk,bilstm,163,non_stress,non_stress,False,0.52746505,0.4725349545478821
risk-te-00114,en-Latn,dreaddit,risk,bilstm,93,stress,non_stress,True,0.61637187,0.38362807035446167
risk-te-00115,en-Latn,dreaddit,risk,bilstm,71,stress,stress,False,0.9144346,0.9144346117973328
risk-te-00116,en-Latn,dreaddit,risk,bilstm,67,non_stress,stress,True,0.53008115,0.5300811529159546
risk-te-00117,en-Latn,dreaddit,risk,bilstm,61,non_stress,non_stress,False,0.81347936,0.18652068078517914
risk-te-00118,en-Latn,dreaddit,risk,bilstm,63,non_stress,non_stress,False,0.86022913,0.13977082073688507
risk-te-00119,en-Latn,dreaddit,risk,bilstm,98,stress,stress,False,0.6267227,0.6267226934432983
risk-te-00120,en-Latn,dreaddit,risk,bilstm,107,stress,stress,False,0.8185247,0.8185247182846069
risk-te-00121,en-Latn,dreaddit,risk,bilstm,51,non_stress,non_stress,False,0.9177806,0.08221946656703949
risk-te-00122,en-Latn,dreaddit,risk,bilstm,69,stress,stress,False,0.68860066,0.6886006593704224
risk-te-00123,en-Latn,dreaddit,risk,bilstm,44,stress,stress,False,0.8041994,0.8041993975639343
risk-te-00124,en-Latn,dreaddit,risk,bilstm,74,non_stress,non_stress,False,0.59554964,0.40445035696029663
risk-te-00125,en-Latn,dreaddit,risk,bilstm,204,non_stress,non_stress,False,0.6591237,0.3408762514591217
risk-te-00126,en-Latn,dreaddit,risk,bilstm,118,non_stress,non_stress,False,0.63642526,0.3635747730731964
risk-te-00127,en-Latn,dreaddit,risk,bilstm,139,stress,stress,False,0.84147155,0.8414715528488159
risk-te-00128,en-Latn,dreaddit,risk,bilstm,109,non_stress,stress,True,0.8736143,0.8736143112182617
risk-te-00129,en-Latn,dreaddit,risk,bilstm,76,stress,stress,False,0.5473698,0.5473697781562805
risk-te-00130,en-Latn,dreaddit,risk,bilstm,80,non_stress,stress,True,0.66296494,0.662964940071106
risk-te-00131,en-Latn,dreaddit,risk,bilstm,31,stress,stress,False,0.74751973,0.7475197315216064
risk-te-00132,en-Latn,dreaddit,risk,bilstm,67,stress,non_stress,True,0.59813017,0.40186986327171326
risk-te-00133,en-Latn,dreaddit,risk,bilstm,69,stress,stress,False,0.81071,0.8107100129127502
risk-te-00134,en-Latn,dreaddit,risk,bilstm,84,stress,stress,False,0.55867726,0.5586772561073303
risk-te-00135,en-Latn,dreaddit,risk,bilstm,119,stress,stress,False,0.88066185,0.8806618452072144
risk-te-00136,en-Latn,dreaddit,risk,bilstm,68,stress,stress,False,0.9091055,0.9091054797172546
risk-te-00137,en-Latn,dreaddit,risk,bilstm,70,stress,stress,False,0.7461837,0.7461836934089661
risk-te-00138,en-Latn,dreaddit,risk,bilstm,77,stress,stress,False,0.7984007,0.7984007000923157
risk-te-00139,en-Latn,dreaddit,risk,bilstm,57,non_stress,non_stress,False,0.7743633,0.22563669085502625
risk-te-00140,en-Latn,dreaddit,risk,bilstm,102,stress,non_stress,True,0.6899312,0.3100687563419342
risk-te-00141,en-Latn,dreaddit,risk,bilstm,60,non_stress,non_stress,False,0.587954,0.41204601526260376
risk-te-00142,en-Latn,dreaddit,risk,bilstm,97,stress,stress,False,0.7909514,0.7909513711929321
risk-te-00143,en-Latn,dreaddit,risk,bilstm,82,stress,stress,False,0.7557634,0.7557634115219116
risk-te-00144,en-Latn,dreaddit,risk,bilstm,93,stress,stress,False,0.8257666,0.8257666230201721
risk-te-00145,en-Latn,dreaddit,risk,bilstm,53,non_stress,non_stress,False,0.7652464,0.2347535640001297
risk-te-00146,en-Latn,dreaddit,risk,bilstm,63,non_stress,non_stress,False,0.91108984,0.08891015499830246
risk-te-00147,en-Latn,dreaddit,risk,bilstm,123,non_stress,stress,True,0.5506673,0.5506672859191895
risk-te-00148,en-Latn,dreaddit,risk,bilstm,83,stress,stress,False,0.8099709,0.8099709153175354
risk-te-00149,en-Latn,dreaddit,risk,bilstm,183,non_stress,non_stress,False,0.51720923,0.4827907383441925
risk-te-00150,en-Latn,dreaddit,risk,bilstm,122,stress,stress,False,0.70899594,0.7089959383010864
risk-te-00151,en-Latn,dreaddit,risk,bilstm,96,non_stress,non_stress,False,0.6745157,0.32548433542251587
risk-te-00152,en-Latn,dreaddit,risk,bilstm,53,stress,stress,False,0.6791985,0.6791985034942627
risk-te-00153,en-Latn,dreaddit,risk,bilstm,74,stress,stress,False,0.7950556,0.795055627822876
risk-te-00154,en-Latn,dreaddit,risk,bilstm,53,non_stress,non_stress,False,0.8904148,0.10958526283502579
risk-te-00155,en-Latn,dreaddit,risk,bilstm,82,stress,stress,False,0.9305846,0.9305846095085144
risk-te-00156,en-Latn,dreaddit,risk,bilstm,64,stress,stress,False,0.8028293,0.8028293251991272
risk-te-00157,en-Latn,dreaddit,risk,bilstm,162,stress,stress,False,0.7836948,0.7836948037147522
risk-te-00158,en-Latn,dreaddit,risk,bilstm,60,non_stress,non_stress,False,0.90558815,0.09441179037094116
risk-te-00159,en-Latn,dreaddit,risk,bilstm,79,non_stress,non_stress,False,0.808006,0.19199402630329132
risk-te-00160,en-Latn,dreaddit,risk,bilstm,68,stress,stress,False,0.6147172,0.6147171854972839
risk-te-00161,en-Latn,dreaddit,risk,bilstm,91,stress,stress,False,0.6117578,0.6117578148841858
risk-te-00162,en-Latn,dreaddit,risk,bilstm,57,stress,stress,False,0.64844114,0.6484411358833313
risk-te-00163,en-Latn,dreaddit,risk,bilstm,67,non_stress,non_stress,False,0.7705034,0.22949661314487457
risk-te-00164,en-Latn,dreaddit,risk,bilstm,87,stress,stress,False,0.81522703,0.8152270317077637
risk-te-00165,en-Latn,dreaddit,risk,bilstm,123,stress,non_stress,True,0.52282995,0.47717002034187317
risk-te-00166,en-Latn,dreaddit,risk,bilstm,73,non_stress,stress,True,0.5814314,0.5814313888549805
risk-te-00167,en-Latn,dreaddit,risk,bilstm,113,non_stress,non_stress,False,0.7440674,0.25593268871307373
risk-te-00168,en-Latn,dreaddit,risk,bilstm,93,non_stress,non_stress,False,0.6986145,0.3013855516910553
risk-te-00169,en-Latn,dreaddit,risk,bilstm,86,stress,non_stress,True,0.71455836,0.2854416072368622
risk-te-00170,en-Latn,dreaddit,risk,bilstm,77,non_stress,non_stress,False,0.67128295,0.32871705293655396
risk-te-00171,en-Latn,dreaddit,risk,bilstm,86,non_stress,stress,True,0.8329262,0.8329262137413025
risk-te-00172,en-Latn,dreaddit,risk,bilstm,84,non_stress,stress,True,0.6700499,0.6700499057769775
risk-te-00173,en-Latn,dreaddit,risk,bilstm,119,non_stress,non_stress,False,0.58168507,0.41831496357917786
risk-te-00174,en-Latn,dreaddit,risk,bilstm,72,stress,non_stress,True,0.7069,0.293099969625473
risk-te-00175,en-Latn,dreaddit,risk,bilstm,131,stress,non_stress,True,0.7094741,0.2905259132385254
risk-te-00176,en-Latn,dreaddit,risk,bilstm,105,stress,non_stress,True,0.9455435,0.054456401616334915
risk-te-00177,en-Latn,dreaddit,risk,bilstm,76,non_stress,non_stress,False,0.82331777,0.1766822338104248
risk-te-00178,en-Latn,dreaddit,risk,bilstm,88,stress,stress,False,0.8197185,0.8197184801101685
risk-te-00179,en-Latn,dreaddit,risk,bilstm,127,non_stress,non_stress,False,0.80424094,0.19575904309749603
risk-te-00180,en-Latn,dreaddit,risk,bilstm,176,stress,stress,False,0.6957117,0.6957116723060608
risk-te-00181,en-Latn,dreaddit,risk,bilstm,134,stress,non_stress,True,0.8109011,0.18909890949726105
risk-te-00182,en-Latn,dreaddit,risk,bilstm,117,stress,non_stress,True,0.7342459,0.2657541036605835
risk-te-00183,en-Latn,dreaddit,risk,bilstm,136,stress,stress,False,0.8922362,0.8922361731529236
risk-te-00184,en-Latn,dreaddit,risk,bilstm,74,stress,non_stress,True,0.5920284,0.40797159075737
risk-te-00185,en-Latn,dreaddit,risk,bilstm,127,non_stress,non_stress,False,0.69260687,0.3073931038379669
risk-te-00186,en-Latn,dreaddit,risk,bilstm,81,non_stress,stress,True,0.657103,0.6571030020713806
risk-te-00187,en-Latn,dreaddit,risk,bilstm,119,stress,stress,False,0.6942759,0.6942759156227112
risk-te-00188,en-Latn,dreaddit,risk,bilstm,80,non_stress,non_stress,False,0.8256548,0.17434526979923248
risk-te-00189,en-Latn,dreaddit,risk,bilstm,47,stress,stress,False,0.73683393,0.736833930015564
risk-te-00190,en-Latn,dreaddit,risk,bilstm,66,non_stress,non_stress,False,0.7250893,0.27491068840026855
risk-te-00191,en-Latn,dreaddit,risk,bilstm,111,stress,stress,False,0.6757886,0.6757885813713074
risk-te-00192,en-Latn,dreaddit,risk,bilstm,150,stress,stress,False,0.5831029,0.5831028819084167
risk-te-00193,en-Latn,dreaddit,risk,bilstm,106,stress,stress,False,0.86337584,0.8633758425712585
risk-te-00194,en-Latn,dreaddit,risk,bilstm,174,stress,non_stress,True,0.74968517,0.2503148317337036
risk-te-00195,en-Latn,dreaddit,risk,bilstm,133,non_stress,stress,True,0.5038777,0.5038776993751526
risk-te-00196,en-Latn,dreaddit,risk,bilstm,82,stress,non_stress,True,0.6470705,0.3529294729232788
risk-te-00197,en-Latn,dreaddit,risk,bilstm,89,stress,stress,False,0.7101473,0.7101473212242126
risk-te-00198,en-Latn,dreaddit,risk,bilstm,70,non_stress,stress,True,0.88708264,0.8870826363563538
risk-te-00199,en-Latn,dreaddit,risk,bilstm,77,non_stress,stress,True,0.71075374,0.7107537388801575
risk-te-00200,en-Latn,dreaddit,risk,bilstm,90,non_stress,stress,True,0.7577452,0.7577452063560486
risk-te-00201,en-Latn,dreaddit,risk,bilstm,44,stress,non_stress,True,0.7533243,0.24667571485042572
risk-te-00202,en-Latn,dreaddit,risk,bilstm,75,stress,stress,False,0.72846663,0.7284666299819946
risk-te-00203,en-Latn,dreaddit,risk,bilstm,83,stress,stress,False,0.77908546,0.7790854573249817
risk-te-00204,en-Latn,dreaddit,risk,bilstm,71,non_stress,non_stress,False,0.92912555,0.0708744153380394
risk-te-00205,en-Latn,dreaddit,risk,bilstm,39,non_stress,non_stress,False,0.5344511,0.4655488431453705
risk-te-00206,en-Latn,dreaddit,risk,bilstm,31,non_stress,stress,True,0.7793397,0.7793396711349487
risk-te-00207,en-Latn,dreaddit,risk,bilstm,72,stress,non_stress,True,0.53566194,0.4643380641937256
risk-te-00208,en-Latn,dreaddit,risk,bilstm,75,stress,non_stress,True,0.75700134,0.24299867451190948
risk-te-00209,en-Latn,dreaddit,risk,bilstm,94,non_stress,non_stress,False,0.88577145,0.11422860622406006
risk-te-00210,en-Latn,dreaddit,risk,bilstm,54,stress,stress,False,0.70315003,0.7031500339508057
risk-te-00211,en-Latn,dreaddit,risk,bilstm,87,stress,stress,False,0.64954376,0.6495437622070312
risk-te-00212,en-Latn,dreaddit,risk,bilstm,61,stress,stress,False,0.7754187,0.7754186987876892
risk-te-00213,en-Latn,dreaddit,risk,bilstm,86,non_stress,stress,True,0.51376814,0.5137681365013123
risk-te-00214,en-Latn,dreaddit,risk,bilstm,89,stress,stress,False,0.5842242,0.5842242240905762
risk-te-00215,en-Latn,dreaddit,risk,bilstm,95,stress,stress,False,0.8729441,0.8729441165924072
risk-te-00216,en-Latn,dreaddit,risk,bilstm,78,stress,stress,False,0.92929476,0.929294764995575
risk-te-00217,en-Latn,dreaddit,risk,bilstm,59,non_stress,stress,True,0.73984015,0.7398401498794556
risk-te-00218,en-Latn,dreaddit,risk,bilstm,110,non_stress,stress,True,0.78092855,0.7809285521507263
risk-te-00219,en-Latn,dreaddit,risk,bilstm,67,stress,stress,False,0.63156265,0.6315626502037048
risk-te-00220,en-Latn,dreaddit,risk,bilstm,58,non_stress,non_stress,False,0.6152542,0.3847457766532898
risk-te-00221,en-Latn,dreaddit,risk,bilstm,75,stress,stress,False,0.75093585,0.7509358525276184
risk-te-00222,en-Latn,dreaddit,risk,bilstm,93,stress,stress,False,0.85746384,0.8574638366699219
risk-te-00223,en-Latn,dreaddit,risk,bilstm,66,stress,stress,False,0.7108459,0.7108458876609802
risk-te-00224,en-Latn,dreaddit,risk,bilstm,69,stress,stress,False,0.52832794,0.5283279418945312
risk-te-00225,en-Latn,dreaddit,risk,bilstm,61,non_stress,non_stress,False,0.8655784,0.13442151248455048
risk-te-00226,en-Latn,dreaddit,risk,bilstm,48,stress,non_stress,True,0.6161134,0.38388657569885254
risk-te-00227,en-Latn,dreaddit,risk,bilstm,68,non_stress,non_stress,False,0.7887539,0.21124601364135742
risk-te-00228,en-Latn,dreaddit,risk,bilstm,93,non_stress,non_stress,False,0.7481398,0.25186023116111755
risk-te-00229,en-Latn,dreaddit,risk,bilstm,75,stress,stress,False,0.90265447,0.9026544690132141
risk-te-00230,en-Latn,dreaddit,risk,bilstm,80,stress,stress,False,0.80657035,0.8065703511238098
risk-te-00231,en-Latn,dreaddit,risk,bilstm,67,non_stress,non_stress,False,0.81170726,0.1882927417755127
risk-te-00232,en-Latn,dreaddit,risk,bilstm,91,stress,stress,False,0.9473088,0.9473087787628174
risk-te-00233,en-Latn,dreaddit,risk,bilstm,55,non_stress,non_stress,False,0.73009336,0.26990658044815063
risk-te-00234,en-Latn,dreaddit,risk,bilstm,53,non_stress,non_stress,False,0.91671455,0.08328548073768616
risk-te-00235,en-Latn,dreaddit,risk,bilstm,104,stress,stress,False,0.90639466,0.9063946604728699
risk-te-00236,en-Latn,dreaddit,risk,bilstm,63,stress,stress,False,0.77875495,0.7787549495697021
risk-te-00237,en-Latn,dreaddit,risk,bilstm,53,stress,non_stress,True,0.83833,0.1616700142621994
risk-te-00238,en-Latn,dreaddit,risk,bilstm,49,non_stress,stress,True,0.6388603,0.638860285282135
risk-te-00239,en-Latn,dreaddit,risk,bilstm,126,stress,stress,False,0.88378286,0.8837828636169434
risk-te-00240,en-Latn,dreaddit,risk,bilstm,56,stress,non_stress,True,0.75529116,0.2447088211774826
risk-te-00241,en-Latn,dreaddit,risk,bilstm,81,non_stress,non_stress,False,0.8310417,0.16895833611488342
risk-te-00242,en-Latn,dreaddit,risk,bilstm,88,non_stress,stress,True,0.9233632,0.923363208770752
risk-te-00243,en-Latn,dreaddit,risk,bilstm,134,non_stress,non_stress,False,0.70688,0.29311999678611755
risk-te-00244,en-Latn,dreaddit,risk,bilstm,68,non_stress,non_stress,False,0.90782785,0.09217213839292526
risk-te-00245,en-Latn,dreaddit,risk,bilstm,87,non_stress,non_stress,False,0.8986275,0.10137243568897247
risk-te-00246,en-Latn,dreaddit,risk,bilstm,70,stress,stress,False,0.79486924,0.7948692440986633
risk-te-00247,en-Latn,dreaddit,risk,bilstm,108,non_stress,stress,True,0.6893307,0.6893306970596313
risk-te-00248,en-Latn,dreaddit,risk,bilstm,52,non_stress,stress,True,0.622274,0.6222739815711975
risk-te-00249,en-Latn,dreaddit,risk,bilstm,51,non_stress,non_stress,False,0.7817508,0.21824920177459717
risk-te-00250,en-Latn,dreaddit,risk,bilstm,68,stress,stress,False,0.64637196,0.6463719606399536
risk-te-00251,en-Latn,dreaddit,risk,bilstm,26,non_stress,non_stress,False,0.80702287,0.19297711551189423
risk-te-00252,en-Latn,dreaddit,risk,bilstm,12,non_stress,stress,True,0.59150827,0.5915082693099976
risk-te-00253,en-Latn,dreaddit,risk,bilstm,86,stress,stress,False,0.6472777,0.6472777128219604
risk-te-00254,en-Latn,dreaddit,risk,bilstm,68,stress,stress,False,0.80771357,0.8077135682106018
risk-te-00255,en-Latn,dreaddit,risk,bilstm,139,non_stress,non_stress,False,0.5749991,0.4250008761882782
risk-te-00256,en-Latn,dreaddit,risk,bilstm,80,non_stress,non_stress,False,0.8123732,0.18762676417827606
risk-te-00257,en-Latn,dreaddit,risk,bilstm,84,non_stress,stress,True,0.681559,0.6815590262413025
risk-te-00258,en-Latn,dreaddit,risk,bilstm,102,stress,non_stress,True,0.56017005,0.43982991576194763
risk-te-00259,en-Latn,dreaddit,risk,bilstm,62,stress,stress,False,0.53821963,0.5382196307182312
risk-te-00260,en-Latn,dreaddit,risk,bilstm,56,non_stress,non_stress,False,0.6507864,0.3492136299610138
risk-te-00261,en-Latn,dreaddit,risk,bilstm,21,non_stress,non_stress,False,0.7932587,0.20674121379852295
risk-te-00262,en-Latn,dreaddit,risk,bilstm,76,non_stress,non_stress,False,0.84867245,0.15132750570774078
risk-te-00263,en-Latn,dreaddit,risk,bilstm,96,stress,non_stress,True,0.7588476,0.2411523461341858
risk-te-00264,en-Latn,dreaddit,risk,bilstm,110,stress,stress,False,0.8729611,0.8729611039161682
risk-te-00265,en-Latn,dreaddit,risk,bilstm,54,non_stress,non_stress,False,0.79520804,0.20479200780391693
risk-te-00266,en-Latn,dreaddit,risk,bilstm,57,stress,stress,False,0.85716665,0.8571666479110718
risk-te-00267,en-Latn,dreaddit,risk,bilstm,53,non_stress,non_stress,False,0.771177,0.2288229912519455
risk-te-00268,en-Latn,dreaddit,risk,bilstm,268,stress,non_stress,True,0.7287993,0.27120068669319153
risk-te-00269,en-Latn,dreaddit,risk,bilstm,88,stress,stress,False,0.91073054,0.9107305407524109
risk-te-00270,en-Latn,dreaddit,risk,bilstm,63,non_stress,stress,True,0.71556205,0.7155620455741882
risk-te-00271,en-Latn,dreaddit,risk,bilstm,106,stress,stress,False,0.9382101,0.938210129737854
risk-te-00272,en-Latn,dreaddit,risk,bilstm,24,stress,stress,False,0.5858843,0.5858842730522156
risk-te-00273,en-Latn,dreaddit,risk,bilstm,63,stress,stress,False,0.78918403,0.789184033870697
risk-te-00274,en-Latn,dreaddit,risk,bilstm,97,stress,non_stress,True,0.54010075,0.45989927649497986
risk-te-00275,en-Latn,dreaddit,risk,bilstm,35,non_stress,stress,True,0.6201276,0.6201276183128357
risk-te-00276,en-Latn,dreaddit,risk,bilstm,84,non_stress,non_stress,False,0.8571456,0.14285436272621155
risk-te-00277,en-Latn,dreaddit,risk,bilstm,64,non_stress,stress,True,0.781226,0.7812259793281555
risk-te-00278,en-Latn,dreaddit,risk,bilstm,88,non_stress,non_stress,False,0.58673257,0.41326743364334106
risk-te-00279,en-Latn,dreaddit,risk,bilstm,29,non_stress,non_stress,False,0.90804845,0.09195152670145035
risk-te-00280,en-Latn,dreaddit,risk,bilstm,69,non_stress,non_stress,False,0.9485736,0.05142645910382271
risk-te-00281,en-Latn,dreaddit,risk,bilstm,97,stress,non_stress,True,0.6134541,0.38654595613479614
risk-te-00282,en-Latn,dreaddit,risk,bilstm,77,stress,stress,False,0.7517495,0.7517495155334473
risk-te-00283,en-Latn,dreaddit,risk,bilstm,42,stress,non_stress,True,0.6047174,0.3952825963497162
risk-te-00284,en-Latn,dreaddit,risk,bilstm,76,non_stress,non_stress,False,0.8290406,0.1709594577550888
risk-te-00285,en-Latn,dreaddit,risk,bilstm,40,stress,stress,False,0.571282,0.5712820291519165
risk-te-00286,en-Latn,dreaddit,risk,bilstm,18,stress,stress,False,0.55911016,0.559110164642334
risk-te-00287,en-Latn,dreaddit,risk,bilstm,127,non_stress,non_stress,False,0.8858673,0.11413265019655228
risk-te-00288,en-Latn,dreaddit,risk,bilstm,111,non_stress,non_stress,False,0.6114442,0.3885557949542999
risk-te-00289,en-Latn,dreaddit,risk,bilstm,127,non_stress,non_stress,False,0.64886767,0.351132333278656
risk-te-00290,en-Latn,dreaddit,risk,bilstm,43,non_stress,non_stress,False,0.8754919,0.12450813502073288
risk-te-00291,en-Latn,dreaddit,risk,bilstm,88,non_stress,stress,True,0.7127611,0.7127611041069031
risk-te-00292,en-Latn,dreaddit,risk,bilstm,164,stress,non_stress,True,0.77356553,0.22643445432186127
risk-te-00293,en-Latn,dreaddit,risk,bilstm,98,non_stress,stress,True,0.64355946,0.643559455871582
risk-te-00294,en-Latn,dreaddit,risk,bilstm,94,non_stress,stress,True,0.5059659,0.5059658885002136
risk-te-00295,en-Latn,dreaddit,risk,bilstm,106,stress,non_stress,True,0.53195864,0.46804139018058777
risk-te-00296,en-Latn,dreaddit,risk,bilstm,52,stress,stress,False,0.6759421,0.6759421229362488
risk-te-00297,en-Latn,dreaddit,risk,bilstm,113,non_stress,non_stress,False,0.854149,0.14585106074810028
risk-te-00298,en-Latn,dreaddit,risk,bilstm,85,stress,stress,False,0.7872616,0.7872616052627563
risk-te-00299,en-Latn,dreaddit,risk,bilstm,43,non_stress,non_stress,False,0.88498574,0.11501428484916687
risk-te-00300,en-Latn,dreaddit,risk,bilstm,109,stress,stress,False,0.853294,0.8532940149307251
risk-te-00301,en-Latn,dreaddit,risk,bilstm,84,non_stress,non_stress,False,0.62886447,0.37113553285598755
risk-te-00302,en-Latn,dreaddit,risk,bilstm,58,non_stress,non_stress,False,0.75396395,0.24603606760501862
risk-te-00303,en-Latn,dreaddit,risk,bilstm,97,non_stress,non_stress,False,0.93248665,0.06751329451799393
risk-te-00304,en-Latn,dreaddit,risk,bilstm,68,non_stress,non_stress,False,0.6982073,0.3017926514148712
risk-te-00305,en-Latn,dreaddit,risk,bilstm,109,non_stress,non_stress,False,0.84659994,0.15340012311935425
risk-te-00306,en-Latn,dreaddit,risk,bilstm,68,non_stress,non_stress,False,0.6167039,0.38329601287841797
risk-te-00307,en-Latn,dreaddit,risk,bilstm,64,stress,stress,False,0.7034176,0.7034175992012024
risk-te-00308,en-Latn,dreaddit,risk,bilstm,83,stress,stress,False,0.7541522,0.7541521787643433
risk-te-00309,en-Latn,dreaddit,risk,bilstm,92,stress,stress,False,0.77619535,0.7761953473091125
risk-te-00310,en-Latn,dreaddit,risk,bilstm,98,stress,non_stress,True,0.57169193,0.4283081293106079
risk-te-00311,en-Latn,dreaddit,risk,bilstm,85,stress,stress,False,0.79474664,0.7947466373443604
risk-te-00312,en-Latn,dreaddit,risk,bilstm,68,non_stress,non_stress,False,0.60205585,0.3979441225528717
risk-te-00313,en-Latn,dreaddit,risk,bilstm,100,stress,stress,False,0.7281664,0.728166401386261
risk-te-00314,en-Latn,dreaddit,risk,bilstm,81,stress,stress,False,0.8701898,0.8701897859573364
risk-te-00315,en-Latn,dreaddit,risk,bilstm,78,non_stress,stress,True,0.66058826,0.660588264465332
risk-te-00316,en-Latn,dreaddit,risk,bilstm,43,stress,stress,False,0.8106171,0.8106170892715454
risk-te-00317,en-Latn,dreaddit,risk,bilstm,108,stress,stress,False,0.875739,0.8757389783859253
risk-te-00318,en-Latn,dreaddit,risk,bilstm,60,non_stress,stress,True,0.7418134,0.7418134212493896
risk-te-00319,en-Latn,dreaddit,risk,bilstm,72,non_stress,non_stress,False,0.66712,0.33288002014160156
risk-te-00320,en-Latn,dreaddit,risk,bilstm,75,stress,non_stress,True,0.7240164,0.2759835422039032
risk-te-00321,en-Latn,dreaddit,risk,bilstm,118,stress,stress,False,0.53668326,0.5366832613945007
risk-te-00322,en-Latn,dreaddit,risk,bilstm,143,stress,stress,False,0.80611604,0.8061160445213318
risk-te-00323,en-Latn,dreaddit,risk,bilstm,85,stress,non_stress,True,0.65155774,0.3484421968460083
risk-te-00324,en-Latn,dreaddit,risk,bilstm,164,stress,non_stress,True,0.8356598,0.16434022784233093
risk-te-00325,en-Latn,dreaddit,risk,bilstm,94,stress,non_stress,True,0.6669471,0.3330529034137726
risk-te-00326,en-Latn,dreaddit,risk,bilstm,59,stress,stress,False,0.5628077,0.5628076791763306
risk-te-00327,en-Latn,dreaddit,risk,bilstm,100,stress,stress,False,0.85798246,0.8579824566841125
risk-te-00328,en-Latn,dreaddit,risk,bilstm,106,stress,stress,False,0.55697966,0.5569796562194824
risk-te-00329,en-Latn,dreaddit,risk,bilstm,47,non_stress,non_stress,False,0.79630923,0.2036907821893692
risk-te-00330,en-Latn,dreaddit,risk,bilstm,34,non_stress,non_stress,False,0.8796399,0.12036007642745972
risk-te-00331,en-Latn,dreaddit,risk,bilstm,106,non_stress,non_stress,False,0.80706984,0.192930206656456
risk-te-00332,en-Latn,dreaddit,risk,bilstm,71,stress,stress,False,0.79662246,0.7966224551200867
risk-te-00333,en-Latn,dreaddit,risk,bilstm,95,stress,non_stress,True,0.74000615,0.25999385118484497
risk-te-00334,en-Latn,dreaddit,risk,bilstm,65,non_stress,non_stress,False,0.6708077,0.32919228076934814
risk-te-00335,en-Latn,dreaddit,risk,bilstm,47,stress,stress,False,0.8201589,0.8201588988304138
risk-te-00336,en-Latn,dreaddit,risk,bilstm,93,stress,non_stress,True,0.77325976,0.22674024105072021
risk-te-00337,en-Latn,dreaddit,risk,bilstm,95,non_stress,non_stress,False,0.85250574,0.14749428629875183
risk-te-00338,en-Latn,dreaddit,risk,bilstm,91,stress,stress,False,0.85072076,0.8507207632064819
risk-te-00339,en-Latn,dreaddit,risk,bilstm,96,non_stress,non_stress,False,0.81286293,0.18713703751564026
risk-te-00340,en-Latn,dreaddit,risk,bilstm,42,stress,stress,False,0.82893854,0.8289385437965393
risk-te-00341,en-Latn,dreaddit,risk,bilstm,134,stress,stress,False,0.50929344,0.5092934370040894
risk-te-00342,en-Latn,dreaddit,risk,bilstm,65,non_stress,non_stress,False,0.58553326,0.4144667387008667
risk-te-00343,en-Latn,dreaddit,risk,bilstm,48,non_stress,non_stress,False,0.8721464,0.12785352766513824
risk-te-00344,en-Latn,dreaddit,risk,bilstm,58,non_stress,non_stress,False,0.8111651,0.18883486092090607
risk-te-00345,en-Latn,dreaddit,risk,bilstm,85,stress,non_stress,True,0.58163196,0.41836807131767273
risk-te-00346,en-Latn,dreaddit,risk,bilstm,103,non_stress,non_stress,False,0.7777696,0.22223040461540222
risk-te-00347,en-Latn,dreaddit,risk,bilstm,66,non_stress,non_stress,False,0.7694813,0.23051872849464417
risk-te-00348,en-Latn,dreaddit,risk,bilstm,121,non_stress,non_stress,False,0.7444301,0.2555698752403259
risk-te-00349,en-Latn,dreaddit,risk,bilstm,96,stress,stress,False,0.6102127,0.6102126836776733
risk-te-00350,en-Latn,dreaddit,risk,bilstm,48,non_stress,stress,True,0.7165895,0.7165895104408264
risk-te-00351,en-Latn,dreaddit,risk,bilstm,78,non_stress,non_stress,False,0.806493,0.19350704550743103
risk-te-00352,en-Latn,dreaddit,risk,bilstm,76,non_stress,non_stress,False,0.9165085,0.08349151164293289
risk-te-00353,en-Latn,dreaddit,risk,bilstm,58,non_stress,non_stress,False,0.95419407,0.04580598697066307
risk-te-00354,en-Latn,dreaddit,risk,bilstm,66,stress,stress,False,0.8816118,0.8816118240356445
risk-te-00355,en-Latn,dreaddit,risk,bilstm,57,non_stress,non_stress,False,0.8740869,0.1259130835533142
risk-te-00356,en-Latn,dreaddit,risk,bilstm,86,non_stress,stress,True,0.63523465,0.6352346539497375
risk-te-00357,en-Latn,dreaddit,risk,bilstm,62,non_stress,stress,True,0.67312974,0.6731297373771667
risk-te-00358,en-Latn,dreaddit,risk,bilstm,75,non_stress,non_stress,False,0.7993068,0.20069323480129242
risk-te-00359,en-Latn,dreaddit,risk,bilstm,86,stress,stress,False,0.8472062,0.847206175327301
risk-te-00360,en-Latn,dreaddit,risk,bilstm,91,stress,stress,False,0.6709875,0.6709874868392944
risk-te-00361,en-Latn,dreaddit,risk,bilstm,166,stress,stress,False,0.63035357,0.630353569984436
risk-te-00362,en-Latn,dreaddit,risk,bilstm,90,non_stress,stress,True,0.6600557,0.6600556969642639
risk-te-00363,en-Latn,dreaddit,risk,bilstm,73,non_stress,non_stress,False,0.81002396,0.18997600674629211
risk-te-00364,en-Latn,dreaddit,risk,bilstm,77,stress,stress,False,0.8062818,0.8062818050384521
risk-te-00365,en-Latn,dreaddit,risk,bilstm,58,stress,stress,False,0.53839093,0.5383909344673157
risk-te-00366,en-Latn,dreaddit,risk,bilstm,50,stress,stress,False,0.55828977,0.5582897663116455
risk-te-00367,en-Latn,dreaddit,risk,bilstm,44,stress,stress,False,0.8866561,0.8866561055183411
risk-te-00368,en-Latn,dreaddit,risk,bilstm,65,stress,stress,False,0.8656425,0.8656424880027771
risk-te-00369,en-Latn,dreaddit,risk,bilstm,46,non_stress,non_stress,False,0.5881533,0.41184672713279724
risk-te-00370,en-Latn,dreaddit,risk,bilstm,115,non_stress,stress,True,0.642363,0.6423630118370056
risk-te-00371,en-Latn,dreaddit,risk,bilstm,115,stress,stress,False,0.9114231,0.9114230871200562
risk-te-00372,en-Latn,dreaddit,risk,bilstm,93,stress,non_stress,True,0.5444603,0.45553964376449585
risk-te-00373,en-Latn,dreaddit,risk,bilstm,168,stress,stress,False,0.75473976,0.7547397613525391
risk-te-00374,en-Latn,dreaddit,risk,bilstm,125,stress,non_stress,True,0.7588582,0.24114179611206055
risk-te-00375,en-Latn,dreaddit,risk,bilstm,80,stress,non_stress,True,0.68774843,0.31225156784057617
risk-te-00376,en-Latn,dreaddit,risk,bilstm,83,stress,stress,False,0.8159799,0.8159798979759216
risk-te-00377,en-Latn,dreaddit,risk,bilstm,65,non_stress,non_stress,False,0.8379928,0.16200721263885498
risk-te-00378,en-Latn,dreaddit,risk,bilstm,120,non_stress,non_stress,False,0.8717663,0.12823373079299927
risk-te-00379,en-Latn,dreaddit,risk,bilstm,96,stress,stress,False,0.8411426,0.8411425948143005
risk-te-00380,en-Latn,dreaddit,risk,bilstm,79,stress,non_stress,True,0.5707511,0.42924898862838745
risk-te-00381,en-Latn,dreaddit,risk,bilstm,105,non_stress,non_stress,False,0.8901177,0.10988225787878036
risk-te-00382,en-Latn,dreaddit,risk,bilstm,103,non_stress,non_stress,False,0.8624278,0.13757222890853882
risk-te-00383,en-Latn,dreaddit,risk,bilstm,90,stress,stress,False,0.8403909,0.8403909206390381
risk-te-00384,en-Latn,dreaddit,risk,bilstm,50,stress,stress,False,0.7849094,0.7849094271659851
risk-te-00385,en-Latn,dreaddit,risk,bilstm,74,non_stress,non_stress,False,0.9379073,0.06209269165992737
risk-te-00386,en-Latn,dreaddit,risk,bilstm,85,stress,stress,False,0.7836855,0.7836855053901672
risk-te-00387,en-Latn,dreaddit,risk,bilstm,74,non_stress,non_stress,False,0.6778731,0.32212695479393005
risk-te-00388,en-Latn,dreaddit,risk,bilstm,73,non_stress,non_stress,False,0.87394726,0.12605279684066772
risk-te-00389,en-Latn,dreaddit,risk,bilstm,105,non_stress,non_stress,False,0.7318009,0.2681991159915924
risk-te-00390,en-Latn,dreaddit,risk,bilstm,50,stress,non_stress,True,0.68796074,0.312039315700531
risk-te-00391,en-Latn,dreaddit,risk,bilstm,113,stress,stress,False,0.77770793,0.7777079343795776
risk-te-00392,en-Latn,dreaddit,risk,bilstm,43,non_stress,non_stress,False,0.57945687,0.4205431640148163
risk-te-00393,en-Latn,dreaddit,risk,bilstm,79,non_stress,non_stress,False,0.86368865,0.1363113671541214
risk-te-00394,en-Latn,dreaddit,risk,bilstm,42,non_stress,non_stress,False,0.66157657,0.33842340111732483
risk-te-00395,en-Latn,dreaddit,risk,bilstm,35,stress,stress,False,0.8571286,0.8571286201477051
risk-te-00396,en-Latn,dreaddit,risk,bilstm,145,stress,stress,False,0.7314021,0.7314020991325378
risk-te-00397,en-Latn,dreaddit,risk,bilstm,79,non_stress,non_stress,False,0.9452911,0.05470886081457138
risk-te-00398,en-Latn,dreaddit,risk,bilstm,81,stress,stress,False,0.72384906,0.7238490581512451
risk-te-00399,en-Latn,dreaddit,risk,bilstm,51,stress,stress,False,0.7989879,0.7989879250526428
risk-te-00400,en-Latn,dreaddit,risk,bilstm,88,stress,stress,False,0.8086859,0.8086858987808228
risk-te-00401,en-Latn,dreaddit,risk,bilstm,69,non_stress,non_stress,False,0.9698249,0.03017515502870083
risk-te-00402,en-Latn,dreaddit,risk,bilstm,96,non_stress,stress,True,0.7914317,0.791431725025177
risk-te-00403,en-Latn,dreaddit,risk,bilstm,69,stress,stress,False,0.78917277,0.7891727685928345
risk-te-00404,en-Latn,dreaddit,risk,bilstm,67,non_stress,non_stress,False,0.8842022,0.11579786986112595
risk-te-00405,en-Latn,dreaddit,risk,bilstm,53,non_stress,stress,True,0.75368077,0.7536807656288147
risk-te-00406,en-Latn,dreaddit,risk,bilstm,57,non_stress,non_stress,False,0.882661,0.11733902990818024
risk-te-00407,en-Latn,dreaddit,risk,bilstm,95,non_stress,non_stress,False,0.66921186,0.33078816533088684
risk-te-00408,en-Latn,dreaddit,risk,bilstm,91,non_stress,non_stress,False,0.6668053,0.33319467306137085
risk-te-00409,en-Latn,dreaddit,risk,bilstm,90,non_stress,non_stress,False,0.81611437,0.18388566374778748
risk-te-00410,en-Latn,dreaddit,risk,bilstm,69,non_stress,non_stress,False,0.90769446,0.09230557084083557
risk-te-00411,en-Latn,dreaddit,risk,bilstm,127,stress,stress,False,0.8607097,0.8607097268104553
risk-te-00412,en-Latn,dreaddit,risk,bilstm,137,stress,stress,False,0.7005469,0.70054692029953
risk-te-00413,en-Latn,dreaddit,risk,bilstm,155,non_stress,stress,True,0.7050315,0.7050315141677856
risk-te-00414,en-Latn,dreaddit,risk,bilstm,87,non_stress,non_stress,False,0.902381,0.09761897474527359
risk-te-00415,en-Latn,dreaddit,risk,bilstm,70,stress,stress,False,0.8674303,0.8674303293228149
risk-te-00416,en-Latn,dreaddit,risk,bilstm,89,stress,stress,False,0.767769,0.7677689790725708
risk-te-00417,en-Latn,dreaddit,risk,bilstm,71,non_stress,non_stress,False,0.63910353,0.3608964681625366
risk-te-00418,en-Latn,dreaddit,risk,bilstm,119,stress,non_stress,True,0.61395466,0.38604533672332764
risk-te-00419,en-Latn,dreaddit,risk,bilstm,108,stress,stress,False,0.50809485,0.508094847202301
risk-te-00420,en-Latn,dreaddit,risk,bilstm,60,non_stress,non_stress,False,0.7958308,0.20416921377182007
risk-te-00421,en-Latn,dreaddit,risk,bilstm,75,stress,non_stress,True,0.7600878,0.239912211894989
risk-te-00422,en-Latn,dreaddit,risk,bilstm,81,stress,non_stress,True,0.5814967,0.4185033142566681
risk-te-00423,en-Latn,dreaddit,risk,bilstm,67,stress,non_stress,True,0.8575566,0.1424434632062912
risk-te-00424,en-Latn,dreaddit,risk,bilstm,80,stress,non_stress,True,0.79495,0.20504996180534363
risk-te-00425,en-Latn,dreaddit,risk,bilstm,114,non_stress,stress,True,0.63857234,0.6385723352432251
risk-te-00426,en-Latn,dreaddit,risk,bilstm,86,non_stress,stress,True,0.50404,0.504040002822876
risk-te-00427,en-Latn,dreaddit,risk,bilstm,30,non_stress,stress,True,0.68037385,0.6803738474845886
risk-te-00428,en-Latn,dreaddit,risk,bilstm,75,stress,stress,False,0.85132504,0.8513250350952148
risk-te-00429,en-Latn,dreaddit,risk,bilstm,105,non_stress,stress,True,0.51705784,0.5170578360557556
risk-te-00430,en-Latn,dreaddit,risk,bilstm,167,non_stress,non_stress,False,0.6011724,0.3988276422023773
risk-te-00431,en-Latn,dreaddit,risk,bilstm,49,non_stress,non_stress,False,0.8691155,0.13088449835777283
risk-te-00432,en-Latn,dreaddit,risk,bilstm,103,non_stress,non_stress,False,0.8175765,0.18242354691028595
risk-te-00433,en-Latn,dreaddit,risk,bilstm,50,stress,stress,False,0.902998,0.9029979705810547
risk-te-00434,en-Latn,dreaddit,risk,bilstm,74,non_stress,non_stress,False,0.829268,0.1707320511341095
risk-te-00435,en-Latn,dreaddit,risk,bilstm,95,stress,stress,False,0.7401996,0.740199625492096
risk-te-00436,en-Latn,dreaddit,risk,bilstm,84,stress,non_stress,True,0.6701423,0.329857736825943
risk-te-00437,en-Latn,dreaddit,risk,bilstm,99,stress,stress,False,0.60094684,0.600946843624115
risk-te-00438,en-Latn,dreaddit,risk,bilstm,45,stress,stress,False,0.6165485,0.616548478603363
risk-te-00439,en-Latn,dreaddit,risk,bilstm,81,stress,stress,False,0.666059,0.6660590171813965
risk-te-00440,en-Latn,dreaddit,risk,bilstm,43,non_stress,stress,True,0.6132454,0.61324542760849
risk-te-00441,en-Latn,dreaddit,risk,bilstm,54,non_stress,non_stress,False,0.529345,0.47065505385398865
risk-te-00442,en-Latn,dreaddit,risk,bilstm,72,stress,stress,False,0.76833475,0.7683347463607788
risk-te-00443,en-Latn,dreaddit,risk,bilstm,57,non_stress,non_stress,False,0.9005491,0.09945082664489746
risk-te-00444,en-Latn,dreaddit,risk,bilstm,59,stress,stress,False,0.8842303,0.8842303156852722
risk-te-00445,en-Latn,dreaddit,risk,bilstm,57,stress,stress,False,0.7933968,0.7933967709541321
risk-te-00446,en-Latn,dreaddit,risk,bilstm,94,non_stress,non_stress,False,0.72225094,0.27774912118911743
risk-te-00447,en-Latn,dreaddit,risk,bilstm,55,non_stress,non_stress,False,0.96330345,0.03669657185673714
risk-te-00448,en-Latn,dreaddit,risk,bilstm,135,non_stress,stress,True,0.544107,0.5441070199012756
risk-te-00449,en-Latn,dreaddit,risk,bilstm,96,non_stress,non_stress,False,0.66399527,0.33600470423698425
risk-te-00450,en-Latn,dreaddit,risk,bilstm,86,stress,stress,False,0.89435184,0.8943518400192261
risk-te-00451,en-Latn,dreaddit,risk,bilstm,62,stress,non_stress,True,0.7053468,0.2946532070636749
risk-te-00452,en-Latn,dreaddit,risk,bilstm,88,stress,stress,False,0.52826095,0.5282609462738037
risk-te-00453,en-Latn,dreaddit,risk,bilstm,65,non_stress,non_stress,False,0.8120734,0.1879265457391739
risk-te-00454,en-Latn,dreaddit,risk,bilstm,111,non_stress,non_stress,False,0.7720546,0.22794537246227264
risk-te-00455,en-Latn,dreaddit,risk,bilstm,84,stress,stress,False,0.81548166,0.8154816627502441
risk-te-00456,en-Latn,dreaddit,risk,bilstm,60,stress,stress,False,0.80014133,0.8001413345336914
risk-te-00457,en-Latn,dreaddit,risk,bilstm,97,non_stress,non_stress,False,0.7729951,0.22700493037700653
risk-te-00458,en-Latn,dreaddit,risk,bilstm,70,non_stress,non_stress,False,0.8498851,0.15011492371559143
risk-te-00459,en-Latn,dreaddit,risk,bilstm,111,non_stress,non_stress,False,0.60769635,0.39230361580848694
risk-te-00460,en-Latn,dreaddit,risk,bilstm,125,non_stress,non_stress,False,0.8794982,0.12050184607505798
risk-te-00461,en-Latn,dreaddit,risk,bilstm,53,non_stress,non_stress,False,0.92662835,0.07337166368961334
risk-te-00462,en-Latn,dreaddit,risk,bilstm,135,stress,stress,False,0.7719456,0.771945595741272
risk-te-00463,en-Latn,dreaddit,risk,bilstm,78,non_stress,non_stress,False,0.9254601,0.0745399221777916
risk-te-00464,en-Latn,dreaddit,risk,bilstm,82,stress,stress,False,0.79695326,0.7969532608985901
risk-te-00465,en-Latn,dreaddit,risk,bilstm,96,non_stress,non_stress,False,0.50852966,0.4914702773094177
risk-te-00466,en-Latn,dreaddit,risk,bilstm,73,stress,stress,False,0.72327644,0.7232764363288879
risk-te-00467,en-Latn,dreaddit,risk,bilstm,75,stress,stress,False,0.67514783,0.6751478314399719
risk-te-00468,en-Latn,dreaddit,risk,bilstm,71,stress,stress,False,0.8077711,0.8077710866928101
risk-te-00469,en-Latn,dreaddit,risk,bilstm,106,stress,stress,False,0.6788321,0.6788321137428284
risk-te-00470,en-Latn,dreaddit,risk,bilstm,150,stress,stress,False,0.8883263,0.8883262872695923
risk-te-00471,en-Latn,dreaddit,risk,bilstm,66,non_stress,stress,True,0.5408192,0.5408192276954651
risk-te-00472,en-Latn,dreaddit,risk,bilstm,116,non_stress,non_stress,False,0.64434934,0.3556506633758545
risk-te-00473,en-Latn,dreaddit,risk,bilstm,110,non_stress,non_stress,False,0.91056734,0.08943265676498413
risk-te-00474,en-Latn,dreaddit,risk,bilstm,55,non_stress,non_stress,False,0.7690969,0.23090308904647827
risk-te-00475,en-Latn,dreaddit,risk,bilstm,41,non_stress,stress,True,0.7692503,0.7692502737045288
risk-te-00476,en-Latn,dreaddit,risk,bilstm,113,stress,non_stress,True,0.7339705,0.266029417514801
risk-te-00477,en-Latn,dreaddit,risk,bilstm,80,non_stress,stress,True,0.6204059,0.620405912399292
risk-te-00478,en-Latn,dreaddit,risk,bilstm,102,stress,non_stress,True,0.7832858,0.21671418845653534
risk-te-00479,en-Latn,dreaddit,risk,bilstm,127,stress,stress,False,0.9296836,0.9296836256980896
risk-te-00480,en-Latn,dreaddit,risk,bilstm,90,stress,stress,False,0.853648,0.8536480069160461
risk-te-00481,en-Latn,dreaddit,risk,bilstm,144,non_stress,stress,True,0.5687866,0.56878662109375
risk-te-00482,en-Latn,dreaddit,risk,bilstm,69,non_stress,non_stress,False,0.77576053,0.2242395132780075
risk-te-00483,en-Latn,dreaddit,risk,bilstm,83,stress,stress,False,0.6798419,0.6798418760299683
risk-te-00484,en-Latn,dreaddit,risk,bilstm,65,stress,stress,False,0.7017547,0.7017546892166138
risk-te-00485,en-Latn,dreaddit,risk,bilstm,31,non_stress,non_stress,False,0.7540851,0.24591487646102905
risk-te-00486,en-Latn,dreaddit,risk,bilstm,151,stress,stress,False,0.86499614,0.8649961352348328
risk-te-00487,en-Latn,dreaddit,risk,bilstm,101,stress,non_stress,True,0.57767004,0.4223299026489258
risk-te-00488,en-Latn,dreaddit,risk,bilstm,88,non_stress,non_stress,False,0.83310604,0.16689398884773254
risk-te-00489,en-Latn,dreaddit,risk,bilstm,80,stress,stress,False,0.684225,0.6842250227928162
risk-te-00490,en-Latn,dreaddit,risk,bilstm,107,non_stress,stress,True,0.74261993,0.7426199316978455
risk-te-00491,en-Latn,dreaddit,risk,bilstm,112,non_stress,non_stress,False,0.7917203,0.20827969908714294
risk-te-00492,en-Latn,dreaddit,risk,bilstm,138,stress,stress,False,0.81354886,0.8135488629341125
risk-te-00493,en-Latn,dreaddit,risk,bilstm,75,non_stress,non_stress,False,0.65783745,0.34216251969337463
risk-te-00494,en-Latn,dreaddit,risk,bilstm,54,stress,non_stress,True,0.59586763,0.4041323661804199
risk-te-00495,en-Latn,dreaddit,risk,bilstm,94,non_stress,non_stress,False,0.7367565,0.2632434368133545
risk-te-00496,en-Latn,dreaddit,risk,bilstm,45,stress,stress,False,0.56456095,0.5645609498023987
risk-te-00497,en-Latn,dreaddit,risk,bilstm,74,stress,stress,False,0.87563354,0.8756335377693176
risk-te-00498,en-Latn,dreaddit,risk,bilstm,87,stress,non_stress,True,0.5582876,0.44171231985092163
risk-te-00499,en-Latn,dreaddit,risk,bilstm,82,stress,stress,False,0.5646321,0.5646321177482605
risk-te-00500,en-Latn,dreaddit,risk,bilstm,94,stress,stress,False,0.78275204,0.7827520370483398
risk-te-00501,en-Latn,dreaddit,risk,bilstm,69,non_stress,non_stress,False,0.9384464,0.06155362352728844
risk-te-00502,en-Latn,dreaddit,risk,bilstm,156,non_stress,stress,True,0.832574,0.8325740098953247
risk-te-00503,en-Latn,dreaddit,risk,bilstm,96,non_stress,non_stress,False,0.9173654,0.08263465762138367
risk-te-00504,en-Latn,dreaddit,risk,bilstm,195,stress,stress,False,0.82104486,0.8210448622703552
risk-te-00505,en-Latn,dreaddit,risk,bilstm,102,non_stress,non_stress,False,0.7054798,0.29452013969421387
risk-te-00506,en-Latn,dreaddit,risk,bilstm,84,non_stress,non_stress,False,0.6855279,0.3144720494747162
risk-te-00507,en-Latn,dreaddit,risk,bilstm,149,stress,non_stress,True,0.5304115,0.4695884883403778
risk-te-00508,en-Latn,dreaddit,risk,bilstm,40,stress,non_stress,True,0.8480848,0.15191514790058136
risk-te-00509,en-Latn,dreaddit,risk,bilstm,74,non_stress,non_stress,False,0.5487578,0.45124220848083496
risk-te-00510,en-Latn,dreaddit,risk,bilstm,52,stress,stress,False,0.50330484,0.5033048391342163
risk-te-00511,en-Latn,dreaddit,risk,bilstm,169,stress,non_stress,True,0.5188317,0.48116838932037354
risk-te-00512,en-Latn,dreaddit,risk,bilstm,96,stress,non_stress,True,0.52424884,0.4757511615753174
risk-te-00513,en-Latn,dreaddit,risk,bilstm,79,stress,stress,False,0.8314913,0.8314912915229797
risk-te-00514,en-Latn,dreaddit,risk,bilstm,91,non_stress,non_stress,False,0.85048664,0.14951340854167938
risk-te-00515,en-Latn,dreaddit,risk,bilstm,67,stress,stress,False,0.62793666,0.6279366612434387
risk-te-00516,en-Latn,dreaddit,risk,bilstm,111,non_stress,stress,True,0.6138529,0.6138529181480408
risk-te-00517,en-Latn,dreaddit,risk,bilstm,108,stress,non_stress,True,0.6564553,0.34354478120803833
risk-te-00518,en-Latn,dreaddit,risk,bilstm,71,stress,stress,False,0.86153376,0.8615337610244751
risk-te-00519,en-Latn,dreaddit,risk,bilstm,121,stress,stress,False,0.84820676,0.8482067584991455
risk-te-00520,en-Latn,dreaddit,risk,bilstm,83,stress,non_stress,True,0.6413321,0.35866788029670715
risk-te-00521,en-Latn,dreaddit,risk,bilstm,128,stress,stress,False,0.934331,0.9343309998512268
risk-te-00522,en-Latn,dreaddit,risk,bilstm,91,stress,stress,False,0.8147832,0.8147832155227661
risk-te-00523,en-Latn,dreaddit,risk,bilstm,93,stress,stress,False,0.81104475,0.8110447525978088
risk-te-00524,en-Latn,dreaddit,risk,bilstm,63,non_stress,non_stress,False,0.91007787,0.08992215991020203
risk-te-00525,en-Latn,dreaddit,risk,bilstm,89,stress,stress,False,0.83046496,0.8304649591445923
risk-te-00526,en-Latn,dreaddit,risk,bilstm,101,non_stress,non_stress,False,0.7630015,0.23699848353862762
risk-te-00527,en-Latn,dreaddit,risk,bilstm,54,non_stress,stress,True,0.6772848,0.6772847771644592
risk-te-00528,en-Latn,dreaddit,risk,bilstm,91,stress,non_stress,True,0.7264809,0.2735190689563751
risk-te-00529,en-Latn,dreaddit,risk,bilstm,46,non_stress,stress,True,0.7191677,0.7191677093505859
risk-te-00530,en-Latn,dreaddit,risk,bilstm,90,stress,stress,False,0.89929456,0.8992945551872253
risk-te-00531,en-Latn,dreaddit,risk,bilstm,104,non_stress,non_stress,False,0.91719204,0.0828079879283905
risk-te-00532,en-Latn,dreaddit,risk,bilstm,156,stress,non_stress,True,0.52441704,0.47558295726776123
risk-te-00533,en-Latn,dreaddit,risk,bilstm,91,stress,stress,False,0.58884364,0.5888436436653137
risk-te-00534,en-Latn,dreaddit,risk,bilstm,71,stress,stress,False,0.5420259,0.5420259237289429
risk-te-00535,en-Latn,dreaddit,risk,bilstm,53,stress,stress,False,0.60565794,0.6056579351425171
risk-te-00536,en-Latn,dreaddit,risk,bilstm,78,non_stress,stress,True,0.58194053,0.5819405317306519
risk-te-00537,en-Latn,dreaddit,risk,bilstm,81,non_stress,non_stress,False,0.8644,0.13559995591640472
risk-te-00538,en-Latn,dreaddit,risk,bilstm,126,stress,stress,False,0.7666716,0.7666715979576111
risk-te-00539,en-Latn,dreaddit,risk,bilstm,89,stress,non_stress,True,0.632171,0.36782899498939514
risk-te-00540,en-Latn,dreaddit,risk,bilstm,72,stress,stress,False,0.825511,0.8255109786987305
risk-te-00541,en-Latn,dreaddit,risk,bilstm,57,non_stress,stress,True,0.810884,0.8108839988708496
risk-te-00542,en-Latn,dreaddit,risk,bilstm,133,stress,stress,False,0.53390354,0.5339035391807556
risk-te-00543,en-Latn,dreaddit,risk,bilstm,66,non_stress,stress,True,0.79489744,0.7948974370956421
risk-te-00544,en-Latn,dreaddit,risk,bilstm,90,non_stress,non_stress,False,0.7836213,0.21637870371341705
risk-te-00545,en-Latn,dreaddit,risk,bilstm,60,stress,stress,False,0.6888626,0.6888626217842102
risk-te-00546,en-Latn,dreaddit,risk,bilstm,132,non_stress,stress,True,0.5949742,0.5949742197990417
risk-te-00547,en-Latn,dreaddit,risk,bilstm,78,non_stress,non_stress,False,0.7847767,0.21522338688373566
risk-te-00548,en-Latn,dreaddit,risk,bilstm,63,non_stress,stress,True,0.5075429,0.5075429081916809
risk-te-00549,en-Latn,dreaddit,risk,bilstm,175,non_stress,stress,True,0.6417747,0.6417747139930725
risk-te-00550,en-Latn,dreaddit,risk,bilstm,54,non_stress,stress,True,0.812748,0.8127480149269104
risk-te-00551,en-Latn,dreaddit,risk,bilstm,119,non_stress,non_stress,False,0.88879114,0.11120881885290146
risk-te-00552,en-Latn,dreaddit,risk,bilstm,74,non_stress,non_stress,False,0.59718025,0.4028196930885315
risk-te-00553,en-Latn,dreaddit,risk,bilstm,46,stress,non_stress,True,0.843467,0.15653306245803833
risk-te-00554,en-Latn,dreaddit,risk,bilstm,77,non_stress,non_stress,False,0.64735293,0.3526470959186554
risk-te-00555,en-Latn,dreaddit,risk,bilstm,91,stress,stress,False,0.54762906,0.5476290583610535
risk-te-00556,en-Latn,dreaddit,risk,bilstm,108,stress,stress,False,0.89992225,0.899922251701355
risk-te-00557,en-Latn,dreaddit,risk,bilstm,94,stress,stress,False,0.8777925,0.877792477607727
risk-te-00558,en-Latn,dreaddit,risk,bilstm,100,stress,stress,False,0.80485696,0.8048569560050964
risk-te-00559,en-Latn,dreaddit,risk,bilstm,76,stress,non_stress,True,0.835364,0.1646360158920288
risk-te-00560,en-Latn,dreaddit,risk,bilstm,73,stress,stress,False,0.6614499,0.6614499092102051
risk-te-00561,en-Latn,dreaddit,risk,bilstm,65,stress,stress,False,0.83832836,0.8383283615112305
risk-te-00562,en-Latn,dreaddit,risk,bilstm,104,non_stress,stress,True,0.61297536,0.6129753589630127
risk-te-00563,en-Latn,dreaddit,risk,bilstm,65,non_stress,non_stress,False,0.84954065,0.15045936405658722
risk-te-00564,en-Latn,dreaddit,risk,bilstm,59,stress,non_stress,True,0.7043017,0.295698344707489
risk-te-00565,en-Latn,dreaddit,risk,bilstm,45,non_stress,non_stress,False,0.557688,0.4423120319843292
risk-te-00566,en-Latn,dreaddit,risk,bilstm,89,stress,stress,False,0.5169014,0.5169013738632202
risk-te-00567,en-Latn,dreaddit,risk,bilstm,91,stress,non_stress,True,0.8358364,0.16416355967521667
risk-te-00568,en-Latn,dreaddit,risk,bilstm,92,stress,stress,False,0.6304462,0.630446195602417
risk-te-00569,en-Latn,dreaddit,risk,bilstm,95,stress,stress,False,0.94890815,0.9489081501960754
risk-te-00570,en-Latn,dreaddit,risk,bilstm,141,stress,stress,False,0.5851566,0.5851566195487976
risk-te-00571,en-Latn,dreaddit,risk,bilstm,80,stress,stress,False,0.5412661,0.5412660837173462
risk-te-00572,en-Latn,dreaddit,risk,bilstm,98,non_stress,non_stress,False,0.7975529,0.2024470716714859
risk-te-00573,en-Latn,dreaddit,risk,bilstm,76,non_stress,non_stress,False,0.9291767,0.0708232894539833
risk-te-00574,en-Latn,dreaddit,risk,bilstm,77,stress,stress,False,0.7903589,0.7903589010238647
risk-te-00575,en-Latn,dreaddit,risk,bilstm,61,non_stress,non_stress,False,0.53363836,0.4663616120815277
risk-te-00576,en-Latn,dreaddit,risk,bilstm,83,non_stress,non_stress,False,0.87994057,0.12005942314863205
risk-te-00577,en-Latn,dreaddit,risk,bilstm,107,non_stress,non_stress,False,0.75619227,0.24380770325660706
risk-te-00578,en-Latn,dreaddit,risk,bilstm,58,non_stress,stress,True,0.7636648,0.7636647820472717
risk-te-00579,en-Latn,dreaddit,risk,bilstm,58,non_stress,stress,True,0.6645657,0.6645656824111938
risk-te-00580,en-Latn,dreaddit,risk,bilstm,158,stress,stress,False,0.59200853,0.5920085310935974
risk-te-00581,en-Latn,dreaddit,risk,bilstm,95,stress,non_stress,True,0.52164143,0.47835856676101685
risk-te-00582,en-Latn,dreaddit,risk,bilstm,82,non_stress,non_stress,False,0.853263,0.14673691987991333
risk-te-00583,en-Latn,dreaddit,risk,bilstm,80,non_stress,non_stress,False,0.773484,0.2265160232782364
risk-te-00584,en-Latn,dreaddit,risk,bilstm,91,non_stress,stress,True,0.5485556,0.5485556125640869
risk-te-00585,en-Latn,dreaddit,risk,bilstm,113,non_stress,non_stress,False,0.61084276,0.389157235622406
risk-te-00586,en-Latn,dreaddit,risk,bilstm,81,non_stress,non_stress,False,0.650923,0.3490770161151886
risk-te-00587,en-Latn,dreaddit,risk,bilstm,74,non_stress,non_stress,False,0.5016764,0.49832358956336975
risk-te-00588,en-Latn,dreaddit,risk,bilstm,22,non_stress,non_stress,False,0.80359995,0.19640009105205536
risk-te-00589,en-Latn,dreaddit,risk,bilstm,121,non_stress,stress,True,0.6835371,0.6835371255874634
risk-te-00590,en-Latn,dreaddit,risk,bilstm,78,non_stress,stress,True,0.6337686,0.633768618106842
risk-te-00591,en-Latn,dreaddit,risk,bilstm,92,stress,stress,False,0.82172763,0.8217276334762573
risk-te-00592,en-Latn,dreaddit,risk,bilstm,107,stress,stress,False,0.60247314,0.6024731397628784
risk-te-00593,en-Latn,dreaddit,risk,bilstm,100,non_stress,non_stress,False,0.7111915,0.28880855441093445
risk-te-00594,en-Latn,dreaddit,risk,bilstm,80,stress,stress,False,0.8309239,0.8309239149093628
risk-te-00595,en-Latn,dreaddit,risk,bilstm,77,stress,stress,False,0.55404156,0.5540415644645691
risk-te-00596,en-Latn,dreaddit,risk,bilstm,50,stress,stress,False,0.776238,0.7762380242347717
risk-te-00597,en-Latn,dreaddit,risk,bilstm,75,stress,stress,False,0.64328456,0.6432845592498779
risk-te-00598,en-Latn,dreaddit,risk,bilstm,88,non_stress,non_stress,False,0.55373305,0.4462669789791107
risk-te-00599,en-Latn,dreaddit,risk,bilstm,101,non_stress,stress,True,0.6578353,0.6578353047370911
risk-te-00600,en-Latn,dreaddit,risk,bilstm,131,stress,stress,False,0.84289014,0.8428901433944702
risk-te-00601,en-Latn,dreaddit,risk,bilstm,92,non_stress,non_stress,False,0.6568171,0.3431829512119293
risk-te-00602,en-Latn,dreaddit,risk,bilstm,61,non_stress,stress,True,0.6652529,0.6652529239654541
risk-te-00603,en-Latn,dreaddit,risk,bilstm,123,non_stress,non_stress,False,0.5290985,0.4709014892578125
risk-te-00604,en-Latn,dreaddit,risk,bilstm,43,non_stress,stress,True,0.5635082,0.5635082125663757
risk-te-00605,en-Latn,dreaddit,risk,bilstm,75,non_stress,stress,True,0.6983144,0.6983144283294678
risk-te-00606,en-Latn,dreaddit,risk,bilstm,70,stress,stress,False,0.7526555,0.7526555061340332
risk-te-00607,en-Latn,dreaddit,risk,bilstm,99,stress,stress,False,0.87979597,0.8797959685325623
risk-te-00608,en-Latn,dreaddit,risk,bilstm,78,stress,non_stress,True,0.5998509,0.40014907717704773
risk-te-00609,en-Latn,dreaddit,risk,bilstm,119,stress,stress,False,0.9017098,0.901709794998169
risk-te-00610,en-Latn,dreaddit,risk,bilstm,72,stress,non_stress,True,0.70789915,0.29210084676742554
risk-te-00611,en-Latn,dreaddit,risk,bilstm,54,stress,stress,False,0.81659925,0.8165992498397827
risk-te-00612,en-Latn,dreaddit,risk,bilstm,176,stress,stress,False,0.6022647,0.6022647023200989
risk-te-00613,en-Latn,dreaddit,risk,bilstm,77,stress,stress,False,0.80711746,0.8071174621582031
risk-te-00614,en-Latn,dreaddit,risk,bilstm,44,stress,non_stress,True,0.7538071,0.24619287252426147
risk-te-00615,en-Latn,dreaddit,risk,bilstm,59,non_stress,non_stress,False,0.8325232,0.1674768030643463
risk-te-00616,en-Latn,dreaddit,risk,bilstm,95,stress,non_stress,True,0.7084398,0.2915601432323456
risk-te-00617,en-Latn,dreaddit,risk,bilstm,68,non_stress,non_stress,False,0.7707325,0.22926746308803558
risk-te-00618,en-Latn,dreaddit,risk,bilstm,64,stress,stress,False,0.5986365,0.5986365079879761
risk-te-00619,en-Latn,dreaddit,risk,bilstm,107,stress,non_stress,True,0.5220407,0.4779592752456665
risk-te-00620,en-Latn,dreaddit,risk,bilstm,59,stress,stress,False,0.86509347,0.865093469619751
risk-te-00621,en-Latn,dreaddit,risk,bilstm,68,stress,stress,False,0.7552439,0.7552438974380493
risk-te-00622,en-Latn,dreaddit,risk,bilstm,77,non_stress,stress,True,0.73519504,0.7351950407028198
risk-te-00623,en-Latn,dreaddit,risk,bilstm,56,non_stress,non_stress,False,0.53803325,0.46196669340133667
risk-te-00624,en-Latn,dreaddit,risk,bilstm,37,stress,stress,False,0.62952554,0.6295255422592163
risk-te-00625,en-Latn,dreaddit,risk,bilstm,36,non_stress,non_stress,False,0.8577465,0.14225353300571442
risk-te-00626,en-Latn,dreaddit,risk,bilstm,33,non_stress,non_stress,False,0.894656,0.1053440272808075
risk-te-00627,en-Latn,dreaddit,risk,bilstm,68,stress,stress,False,0.54738903,0.547389030456543
risk-te-00628,en-Latn,dreaddit,risk,bilstm,63,non_stress,non_stress,False,0.7319008,0.26809918880462646
risk-te-00629,en-Latn,dreaddit,risk,bilstm,172,non_stress,non_stress,False,0.7842012,0.21579885482788086
risk-te-00630,en-Latn,dreaddit,risk,bilstm,140,non_stress,non_stress,False,0.64054185,0.35945817828178406
risk-te-00631,en-Latn,dreaddit,risk,bilstm,98,non_stress,non_stress,False,0.6439891,0.35601094365119934
risk-te-00632,en-Latn,dreaddit,risk,bilstm,63,non_stress,stress,True,0.7184153,0.7184153199195862
risk-te-00633,en-Latn,dreaddit,risk,bilstm,59,non_stress,non_stress,False,0.72402596,0.2759740948677063
risk-te-00634,en-Latn,dreaddit,risk,bilstm,121,non_stress,stress,True,0.8471312,0.8471311926841736
risk-te-00635,en-Latn,dreaddit,risk,bilstm,103,non_stress,non_stress,False,0.8066855,0.19331444799900055
risk-te-00636,en-Latn,dreaddit,risk,bilstm,108,non_stress,non_stress,False,0.7032697,0.29673030972480774
risk-te-00637,en-Latn,dreaddit,risk,bilstm,68,non_stress,non_stress,False,0.52995694,0.4700430929660797
risk-te-00638,en-Latn,dreaddit,risk,bilstm,55,non_stress,non_stress,False,0.6862781,0.31372183561325073
risk-te-00639,en-Latn,dreaddit,risk,bilstm,65,non_stress,stress,True,0.65980107,0.6598010659217834
risk-te-00640,en-Latn,dreaddit,risk,bilstm,65,stress,stress,False,0.7617401,0.7617400884628296
risk-te-00641,en-Latn,dreaddit,risk,bilstm,110,stress,stress,False,0.8884346,0.8884345889091492
risk-te-00642,en-Latn,dreaddit,risk,bilstm,83,stress,stress,False,0.8665301,0.8665301203727722
risk-te-00643,en-Latn,dreaddit,risk,bilstm,96,non_stress,non_stress,False,0.91485924,0.08514070510864258
risk-te-00644,en-Latn,dreaddit,risk,bilstm,65,stress,stress,False,0.79322743,0.7932274341583252
risk-te-00645,en-Latn,dreaddit,risk,bilstm,147,non_stress,non_stress,False,0.63154453,0.3684554398059845
risk-te-00646,en-Latn,dreaddit,risk,bilstm,76,stress,stress,False,0.8132372,0.813237190246582
risk-te-00647,en-Latn,dreaddit,risk,bilstm,73,stress,stress,False,0.81017697,0.8101769685745239
risk-te-00648,en-Latn,dreaddit,risk,bilstm,88,stress,stress,False,0.70293355,0.7029335498809814
risk-te-00649,en-Latn,dreaddit,risk,bilstm,75,stress,stress,False,0.83378166,0.8337816596031189
risk-te-00650,en-Latn,dreaddit,risk,bilstm,130,non_stress,non_stress,False,0.730785,0.2692149579524994
risk-te-00651,en-Latn,dreaddit,risk,bilstm,48,non_stress,non_stress,False,0.67412555,0.3258744776248932
risk-te-00652,en-Latn,dreaddit,risk,bilstm,68,non_stress,stress,True,0.5405559,0.5405558943748474
risk-te-00653,en-Latn,dreaddit,risk,bilstm,88,stress,stress,False,0.508494,0.5084940195083618
risk-te-00654,en-Latn,dreaddit,risk,bilstm,74,non_stress,non_stress,False,0.91232455,0.08767545223236084
risk-te-00655,en-Latn,dreaddit,risk,bilstm,84,non_stress,stress,True,0.84518176,0.8451817631721497
risk-te-00656,en-Latn,dreaddit,risk,bilstm,87,non_stress,non_stress,False,0.8646889,0.13531115651130676
risk-te-00657,en-Latn,dreaddit,risk,bilstm,65,non_stress,non_stress,False,0.79029524,0.20970474183559418
risk-te-00658,en-Latn,dreaddit,risk,bilstm,56,stress,stress,False,0.5416812,0.541681170463562
risk-te-00659,en-Latn,dreaddit,risk,bilstm,92,non_stress,non_stress,False,0.91730297,0.08269704133272171
risk-te-00660,en-Latn,dreaddit,risk,bilstm,99,non_stress,stress,True,0.5889755,0.5889754891395569
risk-te-00661,en-Latn,dreaddit,risk,bilstm,72,stress,non_stress,True,0.50874776,0.49125224351882935
risk-te-00662,en-Latn,dreaddit,risk,bilstm,101,stress,non_stress,True,0.6628203,0.33717969059944153
risk-te-00663,en-Latn,dreaddit,risk,bilstm,70,non_stress,non_stress,False,0.759476,0.24052393436431885
risk-te-00664,en-Latn,dreaddit,risk,bilstm,107,stress,non_stress,True,0.5164145,0.4835854768753052
risk-te-00665,en-Latn,dreaddit,risk,bilstm,79,non_stress,non_stress,False,0.91241026,0.08758971840143204
risk-te-00666,en-Latn,dreaddit,risk,bilstm,89,stress,stress,False,0.90551436,0.9055143594741821
risk-te-00667,en-Latn,dreaddit,risk,bilstm,73,stress,stress,False,0.8285905,0.8285905122756958
risk-te-00668,en-Latn,dreaddit,risk,bilstm,49,stress,stress,False,0.89233136,0.8923313617706299
risk-te-00669,en-Latn,dreaddit,risk,bilstm,57,non_stress,non_stress,False,0.7858877,0.21411222219467163
risk-te-00670,en-Latn,dreaddit,risk,bilstm,37,stress,non_stress,True,0.64720833,0.3527916371822357
risk-te-00671,en-Latn,dreaddit,risk,bilstm,140,stress,stress,False,0.85755104,0.8575510382652283
risk-te-00672,en-Latn,dreaddit,risk,bilstm,141,non_stress,stress,True,0.7334441,0.733444094657898
risk-te-00673,en-Latn,dreaddit,risk,bilstm,62,non_stress,non_stress,False,0.8464097,0.15359032154083252
risk-te-00674,en-Latn,dreaddit,risk,bilstm,133,stress,stress,False,0.69076025,0.6907602548599243
risk-te-00675,en-Latn,dreaddit,risk,bilstm,94,non_stress,non_stress,False,0.688187,0.31181296706199646
risk-te-00676,en-Latn,dreaddit,risk,bilstm,98,stress,non_stress,True,0.55444044,0.4455595910549164
risk-te-00677,en-Latn,dreaddit,risk,bilstm,112,stress,non_stress,True,0.72917646,0.27082356810569763
risk-te-00678,en-Latn,dreaddit,risk,bilstm,89,stress,stress,False,0.72196555,0.7219655513763428
risk-te-00679,en-Latn,dreaddit,risk,bilstm,141,non_stress,non_stress,False,0.6960193,0.3039807081222534
risk-te-00680,en-Latn,dreaddit,risk,bilstm,66,non_stress,non_stress,False,0.76582545,0.23417451977729797
risk-te-00681,en-Latn,dreaddit,risk,bilstm,80,stress,non_stress,True,0.76869416,0.2313058078289032
risk-te-00682,en-Latn,dreaddit,risk,bilstm,110,stress,stress,False,0.77907956,0.7790795564651489
risk-te-00683,en-Latn,dreaddit,risk,bilstm,67,stress,stress,False,0.59862727,0.5986272692680359
risk-te-00684,en-Latn,dreaddit,risk,bilstm,60,stress,stress,False,0.6040658,0.6040657758712769
risk-te-00685,en-Latn,dreaddit,risk,bilstm,93,non_stress,stress,True,0.60898536,0.6089853644371033
risk-te-00686,en-Latn,dreaddit,risk,bilstm,66,non_stress,stress,True,0.59162617,0.5916261672973633
risk-te-00687,en-Latn,dreaddit,risk,bilstm,103,stress,stress,False,0.72569036,0.7256903648376465
risk-te-00688,en-Latn,dreaddit,risk,bilstm,75,non_stress,non_stress,False,0.7414362,0.2585638165473938
risk-te-00689,en-Latn,dreaddit,risk,bilstm,105,stress,non_stress,True,0.576132,0.42386800050735474
risk-te-00690,en-Latn,dreaddit,risk,bilstm,112,stress,stress,False,0.8941481,0.8941481113433838
risk-te-00691,en-Latn,dreaddit,risk,bilstm,65,stress,stress,False,0.8750509,0.8750509023666382
risk-te-00692,en-Latn,dreaddit,risk,bilstm,99,stress,stress,False,0.5158446,0.5158445835113525
risk-te-00693,en-Latn,dreaddit,risk,bilstm,58,non_stress,non_stress,False,0.8426378,0.1573622077703476
risk-te-00694,en-Latn,dreaddit,risk,bilstm,54,non_stress,non_stress,False,0.8199847,0.18001535534858704
risk-te-00695,en-Latn,dreaddit,risk,bilstm,84,non_stress,non_stress,False,0.61960876,0.38039126992225647
risk-te-00696,en-Latn,dreaddit,risk,bilstm,78,stress,stress,False,0.84297216,0.8429721593856812
risk-te-00697,en-Latn,dreaddit,risk,bilstm,87,stress,stress,False,0.5703158,0.5703157782554626
risk-te-00698,en-Latn,dreaddit,risk,bilstm,87,non_stress,non_stress,False,0.8918683,0.1081317588686943
risk-te-00699,en-Latn,dreaddit,risk,bilstm,154,stress,stress,False,0.8537245,0.853724479675293
risk-te-00700,en-Latn,dreaddit,risk,bilstm,54,stress,non_stress,True,0.6430867,0.3569132685661316
risk-te-00701,en-Latn,dreaddit,risk,bilstm,104,stress,non_stress,True,0.7003841,0.2996159493923187
risk-te-00702,en-Latn,dreaddit,risk,bilstm,95,non_stress,stress,True,0.5711367,0.5711367130279541
risk-te-00703,en-Latn,dreaddit,risk,bilstm,56,non_stress,stress,True,0.5822364,0.5822364091873169
risk-te-00704,en-Latn,dreaddit,risk,bilstm,81,non_stress,non_stress,False,0.70074373,0.29925626516342163
risk-te-00705,en-Latn,dreaddit,risk,bilstm,60,non_stress,non_stress,False,0.7106105,0.2893894910812378
risk-te-00706,en-Latn,dreaddit,risk,bilstm,86,non_stress,non_stress,False,0.56866443,0.43133559823036194
risk-te-00707,en-Latn,dreaddit,risk,bilstm,114,stress,non_stress,True,0.59433085,0.40566909313201904
risk-te-00708,en-Latn,dreaddit,risk,bilstm,96,non_stress,non_stress,False,0.7816951,0.21830491721630096
risk-te-00709,en-Latn,dreaddit,risk,bilstm,115,non_stress,non_stress,False,0.58036894,0.41963106393814087
risk-te-00710,en-Latn,dreaddit,risk,bilstm,231,stress,stress,False,0.6510241,0.6510241031646729
risk-te-00711,en-Latn,dreaddit,risk,bilstm,53,stress,stress,False,0.79755306,0.7975530624389648
risk-te-00712,en-Latn,dreaddit,risk,bilstm,71,stress,non_stress,True,0.6209556,0.37904438376426697
risk-te-00713,en-Latn,dreaddit,risk,bilstm,71,stress,stress,False,0.91724336,0.9172433614730835
risk-te-00714,en-Latn,dreaddit,risk,bilstm,60,non_stress,non_stress,False,0.88728875,0.11271125823259354
risk-te-00715,en-Latn,dreaddit,risk,bilstm,62,stress,stress,False,0.7693253,0.769325315952301
