text_id,language,source,task,model,n_words,true,pred,error,confidence,risk_probability
sentiment-te-00001,en-Latn,tweets-english,sentiment,baseline,18,negative,neutral,True,0.3464764890504662,
sentiment-te-00002,en-Latn,tweets-english,sentiment,baseline,16,neutral,negative,True,0.4648621163676452,
sentiment-te-00003,en-Latn,tweets-english,sentiment,baseline,13,positive,neutral,True,0.416006261673202,
sentiment-te-00004,en-Latn,tweets-english,sentiment,baseline,20,negative,negative,False,0.361510734664667,
sentiment-te-00005,en-Latn,tweets-english,sentiment,baseline,8,neutral,positive,True,0.4156705606511806,
sentiment-te-00006,en-Latn,tweets-english,sentiment,baseline,24,positive,negative,True,0.5561437441141082,
sentiment-te-00007,en-Latn,tweets-english,sentiment,baseline,20,negative,negative,False,0.4019844290907382,
sentiment-te-00008,en-Latn,tweets-english,sentiment,baseline,11,neutral,negative,True,0.41340077111904067,
sentiment-te-00009,en-Latn,tweets-english,sentiment,baseline,19,positive,negative,True,0.39025432656048825,
sentiment-te-00010,en-Latn,tweets-english,sentiment,baseline,17,negative,positive,True,0.3836046145356157,
sentiment-te-00011,en-Latn,tweets-english,sentiment,baseline,12,neutral,neutral,False,0.4146816097082866,
sentiment-te-00012,en-Latn,tweets-english,sentiment,baseline,25,positive,positive,False,0.4092507919266483,
sentiment-te-00013,en-Latn,tweets-english,sentiment,baseline,13,negative,negative,False,0.4796401816312423,
sentiment-te-00014,en-Latn,tweets-english,sentiment,baseline,18,neutral,neutral,False,0.4713875876976438,
sentiment-te-00015,en-Latn,tweets-english,sentiment,baseline,8,positive,positive,False,0.4421719983537356,
sentiment-te-00016,en-Latn,tweets-english,sentiment,baseline,10,negative,negative,False,0.41729494434745856,
sentiment-te-00017,en-Latn,tweets-english,sentiment,baseline,11,neutral,negative,True,0.34927416633692226,
sentiment-te-00018,en-Latn,tweets-english,sentiment,baseline,15,positive,neutral,True,0.6058317532376575,
sentiment-te-00019,en-Latn,tweets-english,sentiment,baseline,12,negative,negative,False,0.4402622150360211,
sentiment-te-00020,en-Latn,tweets-english,sentiment,baseline,14,neutral,neutral,False,0.42879074197468914,
sentiment-te-00021,en-Latn,tweets-english,sentiment,baseline,16,positive,positive,False,0.33556193505289933,
sentiment-te-00022,en-Latn,tweets-english,sentiment,baseline,20,negative,negative,False,0.33432131888563876,
sentiment-te-00023,en-Latn,tweets-english,sentiment,baseline,21,neutral,negative,True,0.3900331390219728,
sentiment-te-00024,en-Latn,tweets-english,sentiment,baseline,12,positive,positive,False,0.3742704375645737,
sentiment-te-00025,en-Latn,tweets-english,sentiment,baseline,16,negative,negative,False,0.5253212070661006,
sentiment-te-00026,en-Latn,tweets-english,sentiment,baseline,8,neutral,neutral,False,0.41195575577488697,
sentiment-te-00027,en-Latn,tweets-english,sentiment,baseline,11,positive,negative,True,0.49940226345973204,
sentiment-te-00028,en-Latn,tweets-english,sentiment,baseline,12,negative,neutral,True,0.4354091809217803,
sentiment-te-00029,en-Latn,tweets-english,sentiment,baseline,13,neutral,neutral,False,0.4046904398281249,
sentiment-te-00030,en-Latn,tweets-english,sentiment,baseline,13,positive,positive,False,0.5639387540243364,
sentiment-te-00031,en-Latn,tweets-english,sentiment,baseline,14,negative,negative,False,0.38384108123945065,
sentiment-te-00032,en-Latn,tweets-english,sentiment,baseline,6,neutral,negative,True,0.3903220541181527,
sentiment-te-00033,en-Latn,tweets-english,sentiment,baseline,26,positive,negative,True,0.37583535017306346,
sentiment-te-00034,en-Latn,tweets-english,sentiment,baseline,21,negative,negative,False,0.46096106021587274,
sentiment-te-00035,en-Latn,tweets-english,sentiment,baseline,9,neutral,neutral,False,0.4317930587025116,
sentiment-te-00036,en-Latn,tweets-english,sentiment,baseline,8,positive,neutral,True,0.4248854405112439,
sentiment-te-00037,en-Latn,tweets-english,sentiment,baseline,5,negative,negative,False,0.46269283554611085,
sentiment-te-00038,en-Latn,tweets-english,sentiment,baseline,9,neutral,neutral,False,0.5295724798618263,
sentiment-te-00039,en-Latn,tweets-english,sentiment,baseline,25,positive,negative,True,0.4738254508482809,
sentiment-te-00040,en-Latn,tweets-english,sentiment,baseline,16,negative,negative,False,0.5544448496781058,
sentiment-te-00041,en-Latn,tweets-english,sentiment,baseline,21,neutral,neutral,False,0.3815018810264698,
sentiment-te-00042,en-Latn,tweets-english,sentiment,baseline,11,positive,positive,False,0.5511702311099831,
sentiment-te-00043,en-Latn,tweets-english,sentiment,baseline,13,negative,negative,False,0.593816809740956,
sentiment-te-00044,en-Latn,tweets-english,sentiment,baseline,12,neutral,positive,True,0.4194751273356859,
sentiment-te-00045,en-Latn,tweets-english,sentiment,baseline,19,positive,positive,False,0.6183459946552952,
sentiment-te-00046,en-Latn,tweets-english,sentiment,baseline,23,negative,negative,False,0.48602723345389137,
sentiment-te-00047,en-Latn,tweets-english,sentiment,baseline,9,neutral,negative,True,0.4730992091500447,
sentiment-te-00048,en-Latn,tweets-english,sentiment,baseline,3,positive,negative,True,0.36153202714984684,
sentiment-te-00049,en-Latn,tweets-english,sentiment,baseline,16,negative,negative,False,0.4220326224389148,
sentiment-te-00050,en-Latn,tweets-english,sentiment,baseline,18,neutral,neutral,False,0.4020675388917809,
sentiment-te-00051,en-Latn,tweets-english,sentiment,baseline,20,positive,neutral,True,0.3803891875807294,
sentiment-te-00052,en-Latn,tweets-english,sentiment,baseline,11,negative,negative,False,0.3866917894311624,
sentiment-te-00053,en-Latn,tweets-english,sentiment,baseline,16,neutral,negative,True,0.4660097187965046,
sentiment-te-00054,en-Latn,tweets-english,sentiment,baseline,11,positive,neutral,True,0.41710483884099503,
sentiment-te-00055,en-Latn,tweets-english,sentiment,baseline,20,negative,negative,False,0.4267016500416496,
sentiment-te-00056,en-Latn,tweets-english,sentiment,baseline,7,neutral,positive,True,0.3634115308210503,
sentiment-te-00057,en-Latn,tweets-english,sentiment,baseline,7,positive,positive,False,0.5009704392280204,
sentiment-te-00058,en-Latn,tweets-english,sentiment,baseline,20,negative,negative,False,0.513311965114133,
sentiment-te-00059,en-Latn,tweets-english,sentiment,baseline,11,neutral,neutral,False,0.48937467894740955,
sentiment-te-00060,en-Latn,tweets-english,sentiment,baseline,22,positive,neutral,True,0.3857947000988074,
sentiment-te-00061,en-Latn,tweets-english,sentiment,baseline,24,negative,negative,False,0.46650853620434035,
sentiment-te-00062,en-Latn,tweets-english,sentiment,baseline,14,neutral,neutral,False,0.49705883798554423,
sentiment-te-00063,en-Latn,tweets-english,sentiment,baseline,13,positive,neutral,True,0.4581752739712398,
sentiment-te-00064,en-Latn,tweets-english,sentiment,baseline,20,negative,neutral,True,0.43663003211567325,
sentiment-te-00065,en-Latn,tweets-english,sentiment,baseline,13,neutral,positive,True,0.4944850160939692,
sentiment-te-00066,en-Latn,tweets-english,sentiment,baseline,8,positive,negative,True,0.5821186856443071,
sentiment-te-00067,en-Latn,tweets-english,sentiment,baseline,22,negative,negative,False,0.5342663122587537,
sentiment-te-00068,en-Latn,tweets-english,sentiment,baseline,15,neutral,negative,True,0.45957960859242997,
sentiment-te-00069,en-Latn,tweets-english,sentiment,baseline,11,positive,neutral,True,0.41697921699091606,
sentiment-te-00070,en-Latn,tweets-english,sentiment,baseline,16,negative,negative,False,0.38552517057945723,
sentiment-te-00071,en-Latn,tweets-english,sentiment,baseline,9,neutral,neutral,False,0.41442112427442007,
sentiment-te-00072,en-Latn,tweets-english,sentiment,baseline,5,positive,positive,False,0.6903428826003911,
sentiment-te-00073,en-Latn,tweets-english,sentiment,baseline,17,negative,negative,False,0.5306487289397985,
sentiment-te-00074,en-Latn,tweets-english,sentiment,baseline,20,neutral,neutral,False,0.4198029869799511,
sentiment-te-00075,en-Latn,tweets-english,sentiment,baseline,23,positive,negative,True,0.3909179510950088,
sentiment-te-00076,en-Latn,tweets-english,sentiment,baseline,24,negative,negative,False,0.48861700777106054,
sentiment-te-00077,en-Latn,tweets-english,sentiment,baseline,9,neutral,negative,True,0.6271100522473806,
sentiment-te-00078,en-Latn,tweets-english,sentiment,baseline,17,positive,positive,False,0.4405872505767254,
sentiment-te-00079,en-Latn,tweets-english,sentiment,baseline,15,negative,negative,False,0.5014771748714731,
sentiment-te-00080,en-Latn,tweets-english,sentiment,baseline,9,neutral,neutral,False,0.4955844098504146,
sentiment-te-00081,en-Latn,tweets-english,sentiment,baseline,12,positive,positive,False,0.40465067443643016,
sentiment-te-00082,en-Latn,tweets-english,sentiment,baseline,13,negative,neutral,True,0.3518145609747518,
sentiment-te-00083,en-Latn,tweets-english,sentiment,baseline,20,neutral,neutral,False,0.4574958600011595,
sentiment-te-00084,en-Latn,tweets-english,sentiment,baseline,20,positive,positive,False,0.5785450434899578,
sentiment-te-00085,en-Latn,tweets-english,sentiment,baseline,19,negative,negative,False,0.5584441280358499,
sentiment-te-00086,en-Latn,tweets-english,sentiment,baseline,7,neutral,negative,True,0.44256840283792304,
sentiment-te-00087,en-Latn,tweets-english,sentiment,baseline,12,positive,positive,False,0.4786851183589854,
sentiment-te-00088,en-Latn,tweets-english,sentiment,baseline,17,negative,neutral,True,0.4851436507142306,
sentiment-te-00089,en-Latn,tweets-english,sentiment,baseline,16,neutral,negative,True,0.3539755798246186,
sentiment-te-00090,en-Latn,tweets-english,sentiment,baseline,13,positive,neutral,True,0.39343100839840206,
sentiment-te-00091,en-Latn,tweets-english,sentiment,baseline,21,negative,neutral,True,0.4391041316378412,
sentiment-te-00092,en-Latn,tweets-english,sentiment,baseline,21,neutral,negative,True,0.4843031021612165,
sentiment-te-00093,en-Latn,tweets-english,sentiment,baseline,9,positive,positive,False,0.4770137367790814,
sentiment-te-00094,en-Latn,tweets-english,sentiment,baseline,18,negative,positive,True,0.4735657833672071,
sentiment-te-00095,en-Latn,tweets-english,sentiment,baseline,18,neutral,positive,True,0.4017654382633493,
sentiment-te-00096,en-Latn,tweets-english,sentiment,baseline,6,positive,negative,True,0.45276388041669946,
sentiment-te-00097,en-Latn,tweets-english,sentiment,baseline,19,negative,negative,False,0.5345267349657209,
sentiment-te-00098,en-Latn,tweets-english,sentiment,baseline,23,neutral,negative,True,0.6532006530098231,
sentiment-te-00099,en-Latn,tweets-english,sentiment,baseline,22,positive,positive,False,0.46246462468536254,
sentiment-te-00100,en-Latn,tweets-english,sentiment,baseline,21,negative,negative,False,0.5226155774607344,
sentiment-te-00101,en-Latn,tweets-english,sentiment,baseline,21,neutral,negative,True,0.5104518505263144,
sentiment-te-00102,en-Latn,tweets-english,sentiment,baseline,5,positive,negative,True,0.43868523971764406,
sentiment-te-00103,en-Latn,tweets-english,sentiment,baseline,12,negative,negative,False,0.4411154419653248,
sentiment-te-00104,en-Latn,tweets-english,sentiment,baseline,18,neutral,neutral,False,0.5519587704189558,
sentiment-te-00105,en-Latn,tweets-english,sentiment,baseline,12,positive,neutral,True,0.3727725411178,
sentiment-te-00106,en-Latn,tweets-english,sentiment,baseline,27,negative,negative,False,0.41698092914310814,
sentiment-te-00107,en-Latn,tweets-english,sentiment,baseline,12,neutral,negative,True,0.4078863585319433,
sentiment-te-00108,en-Latn,tweets-english,sentiment,baseline,12,positive,positive,False,0.4186263324518794,
sentiment-te-00109,en-Latn,tweets-english,sentiment,baseline,26,negative,negative,False,0.36793973261315804,
sentiment-te-00110,en-Latn,tweets-english,sentiment,baseline,19,neutral,neutral,False,0.4404829219139921,
sentiment-te-00111,en-Latn,tweets-english,sentiment,baseline,25,positive,negative,True,0.44831975780931566,
sentiment-te-00112,en-Latn,tweets-english,sentiment,baseline,22,negative,negative,False,0.46327389873795644,
sentiment-te-00113,en-Latn,tweets-english,sentiment,baseline,18,neutral,positive,True,0.37844487408484473,
sentiment-te-00114,en-Latn,tweets-english,sentiment,baseline,22,positive,positive,False,0.4179610326265099,
sentiment-te-00115,en-Latn,tweets-english,sentiment,baseline,22,negative,positive,True,0.4735221370642399,
sentiment-te-00116,en-Latn,tweets-english,sentiment,baseline,18,neutral,neutral,False,0.3565979199358776,
sentiment-te-00117,en-Latn,tweets-english,sentiment,baseline,12,positive,positive,False,0.5159196081607023,
sentiment-te-00118,en-Latn,tweets-english,sentiment,baseline,32,negative,neutral,True,0.42547333563002254,
sentiment-te-00119,en-Latn,tweets-english,sentiment,baseline,8,neutral,neutral,False,0.473913359275638,
sentiment-te-00120,en-Latn,tweets-english,sentiment,baseline,24,positive,positive,False,0.4070990950458787,
sentiment-te-00121,en-Latn,tweets-english,sentiment,baseline,20,negative,neutral,True,0.4865058689856058,
sentiment-te-00122,en-Latn,tweets-english,sentiment,baseline,17,neutral,neutral,False,0.42736687100566956,
sentiment-te-00123,en-Latn,tweets-english,sentiment,baseline,16,positive,neutral,True,0.3822705598565462,
sentiment-te-00124,en-Latn,tweets-english,sentiment,baseline,20,negative,negative,False,0.46043139010402107,
sentiment-te-00125,en-Latn,tweets-english,sentiment,baseline,11,neutral,positive,True,0.39646229398409405,
sentiment-te-00126,en-Latn,tweets-english,sentiment,baseline,14,positive,positive,False,0.6757911413170652,
sentiment-te-00127,en-Latn,tweets-english,sentiment,baseline,17,negative,positive,True,0.3942999409626958,
sentiment-te-00128,en-Latn,tweets-english,sentiment,baseline,7,neutral,positive,True,0.37190668321208914,
sentiment-te-00129,en-Latn,tweets-english,sentiment,baseline,9,positive,positive,False,0.3670697055621352,
sentiment-te-00130,en-Latn,tweets-english,sentiment,baseline,7,negative,negative,False,0.4512735725758701,
sentiment-te-00131,en-Latn,tweets-english,sentiment,baseline,20,neutral,neutral,False,0.5771801684478153,
sentiment-te-00132,en-Latn,tweets-english,sentiment,baseline,17,positive,negative,True,0.40819909258313036,
sentiment-te-00133,en-Latn,tweets-english,sentiment,baseline,10,negative,positive,True,0.3538648882579338,
sentiment-te-00134,en-Latn,tweets-english,sentiment,baseline,13,neutral,negative,True,0.41676701313210646,
sentiment-te-00135,en-Latn,tweets-english,sentiment,baseline,22,positive,negative,True,0.41778502153068764,
sentiment-te-00136,en-Latn,tweets-english,sentiment,baseline,23,negative,negative,False,0.44313910250730537,
sentiment-te-00137,en-Latn,tweets-english,sentiment,baseline,11,neutral,neutral,False,0.46535374601065815,
sentiment-te-00138,en-Latn,tweets-english,sentiment,baseline,18,positive,neutral,True,0.4018726873722622,
sentiment-te-00139,en-Latn,tweets-english,sentiment,baseline,10,negative,positive,True,0.3533548054072937,
sentiment-te-00140,en-Latn,tweets-english,sentiment,baseline,13,neutral,negative,True,0.44975676709248114,
sentiment-te-00141,en-Latn,tweets-english,sentiment,baseline,10,positive,positive,False,0.5767625298061251,
sentiment-te-00142,en-Latn,tweets-english,sentiment,baseline,22,negative,negative,False,0.5452379190280986,
sentiment-te-00143,en-Latn,tweets-english,sentiment,baseline,12,neutral,negative,True,0.5024024406690718,
sentiment-te-00144,en-Latn,tweets-english,sentiment,baseline,11,positive,positive,False,0.38808241185440556,
sentiment-te-00145,en-Latn,tweets-english,sentiment,baseline,12,negative,negative,False,0.539531082409583,
sentiment-te-00146,en-Latn,tweets-english,sentiment,baseline,20,neutral,negative,True,0.4073262908514469,
sentiment-te-00147,en-Latn,tweets-english,sentiment,baseline,10,positive,positive,False,0.35155307407691516,
sentiment-te-00148,en-Latn,tweets-english,sentiment,baseline,8,negative,negative,False,0.34282132100039825,
sentiment-te-00149,en-Latn,tweets-english,sentiment,baseline,10,neutral,negative,True,0.37940200911436683,
sentiment-te-00150,en-Latn,tweets-english,sentiment,baseline,19,positive,negative,True,0.35868241315051747,
sentiment-te-00151,en-Latn,tweets-english,sentiment,baseline,13,negative,negative,False,0.452195043232651,
sentiment-te-00152,en-Latn,tweets-english,sentiment,baseline,18,neutral,negative,True,0.5658773247338694,
sentiment-te-00153,en-Latn,tweets-english,sentiment,baseline,25,positive,neutral,True,0.38576915064293665,
sentiment-te-00154,en-Latn,tweets-english,sentiment,baseline,12,negative,neutral,True,0.40158367480309387,
sentiment-te-00155,en-Latn,tweets-english,sentiment,baseline,8,neutral,positive,True,0.5845646683825266,
sentiment-te-00156,en-Latn,tweets-english,sentiment,baseline,15,positive,positive,False,0.3911275263673151,
sentiment-te-00157,en-Latn,tweets-english,sentiment,baseline,25,negative,neutral,True,0.3785985813821776,
sentiment-te-00158,en-Latn,tweets-english,sentiment,baseline,19,neutral,neutral,False,0.44921663025473746,
sentiment-te-00159,en-Latn,tweets-english,sentiment,baseline,8,positive,positive,False,0.5312576998980478,
sentiment-te-00160,en-Latn,tweets-english,sentiment,baseline,16,negative,positive,True,0.35835111177882545,
sentiment-te-00161,en-Latn,tweets-english,sentiment,baseline,17,neutral,negative,True,0.37633170233328556,
sentiment-te-00162,en-Latn,tweets-english,sentiment,baseline,17,positive,neutral,True,0.6451947628826263,
sentiment-te-00163,en-Latn,tweets-english,sentiment,baseline,25,negative,positive,True,0.45272374797039727,
sentiment-te-00164,en-Latn,tweets-english,sentiment,baseline,8,neutral,neutral,False,0.4881555192047228,
sentiment-te-00165,en-Latn,tweets-english,sentiment,baseline,12,positive,positive,False,0.8280976487203988,
sentiment-te-00166,en-Latn,tweets-english,sentiment,baseline,17,negative,positive,True,0.4958646677332418,
sentiment-te-00167,en-Latn,tweets-english,sentiment,baseline,14,neutral,negative,True,0.39676653027109926,
sentiment-te-00168,en-Latn,tweets-english,sentiment,baseline,14,positive,negative,True,0.4319495751018517,
sentiment-te-00169,en-Latn,tweets-english,sentiment,baseline,20,negative,negative,False,0.5359581391101167,
sentiment-te-00170,en-Latn,tweets-english,sentiment,baseline,8,neutral,negative,True,0.49766046791546104,
sentiment-te-00171,en-Latn,tweets-english,sentiment,baseline,23,positive,positive,False,0.6437626443233412,
sentiment-te-00172,en-Latn,tweets-english,sentiment,baseline,6,negative,negative,False,0.43867390086334335,
sentiment-te-00173,en-Latn,tweets-english,sentiment,baseline,21,neutral,positive,True,0.5339509251605971,
sentiment-te-00174,en-Latn,tweets-english,sentiment,baseline,15,positive,negative,True,0.3610938642035627,
sentiment-te-00175,en-Latn,tweets-english,sentiment,baseline,23,negative,neutral,True,0.44066788968176746,
sentiment-te-00176,en-Latn,tweets-english,sentiment,baseline,11,neutral,positive,True,0.35635494153478114,
sentiment-te-00177,en-Latn,tweets-english,sentiment,baseline,10,positive,neutral,True,0.3958055062381881,
sentiment-te-00178,en-Latn,tweets-english,sentiment,baseline,16,negative,negative,False,0.41679901881742437,
sentiment-te-00179,en-Latn,tweets-english,sentiment,baseline,12,neutral,positive,True,0.4417787935312061,
sentiment-te-00180,en-Latn,tweets-english,sentiment,baseline,10,positive,positive,False,0.3794706142714234,
sentiment-te-00181,en-Latn,tweets-english,sentiment,baseline,20,negative,neutral,True,0.3470658323163103,
sentiment-te-00182,en-Latn,tweets-english,sentiment,baseline,22,neutral,negative,True,0.37668156644757544,
sentiment-te-00183,en-Latn,tweets-english,sentiment,baseline,11,positive,neutral,True,0.38775184112181577,
sentiment-te-00184,en-Latn,tweets-english,sentiment,baseline,28,negative,negative,False,0.5590051634262232,
sentiment-te-00185,en-Latn,tweets-english,sentiment,baseline,14,neutral,neutral,False,0.43106169169879544,
sentiment-te-00186,en-Latn,tweets-english,sentiment,baseline,9,positive,negative,True,0.47176464244167443,
sentiment-te-00187,en-Latn,tweets-english,sentiment,baseline,18,negative,negative,False,0.46163560616911464,
sentiment-te-00188,en-Latn,tweets-english,sentiment,baseline,4,neutral,positive,True,0.5499701416947215,
sentiment-te-00189,en-Latn,tweets-english,sentiment,baseline,19,positive,positive,False,0.5713798158871435,
sentiment-te-00190,en-Latn,tweets-english,sentiment,baseline,13,negative,positive,True,0.39201132830406366,
sentiment-te-00191,en-Latn,tweets-english,sentiment,baseline,13,neutral,negative,True,0.3804749304949285,
sentiment-te-00192,en-Latn,tweets-english,sentiment,baseline,13,positive,positive,False,0.35525759786924455,
sentiment-te-00193,en-Latn,tweets-english,sentiment,baseline,17,negative,positive,True,0.3970035385738722,
sentiment-te-00194,en-Latn,tweets-english,sentiment,baseline,19,neutral,negative,True,0.5027361193395765,
sentiment-te-00195,en-Latn,tweets-english,sentiment,baseline,17,positive,positive,False,0.3706438041808091,
sentiment-te-00196,en-Latn,tweets-english,sentiment,baseline,23,negative,neutral,True,0.47642847999263177,
sentiment-te-00197,en-Latn,tweets-english,sentiment,baseline,13,neutral,neutral,False,0.5238724165491201,
sentiment-te-00198,en-Latn,tweets-english,sentiment,baseline,12,positive,positive,False,0.6325093843617945,
sentiment-te-00199,en-Latn,tweets-english,sentiment,baseline,28,negative,negative,False,0.3915645265880092,
sentiment-te-00200,en-Latn,tweets-english,sentiment,baseline,7,neutral,neutral,False,0.4170502554627797,
sentiment-te-00201,en-Latn,tweets-english,sentiment,baseline,18,positive,positive,False,0.5695783764318377,
sentiment-te-00202,en-Latn,tweets-english,sentiment,baseline,18,negative,negative,False,0.40407440829559654,
sentiment-te-00203,en-Latn,tweets-english,sentiment,baseline,27,neutral,neutral,False,0.43215027220238617,
sentiment-te-00204,en-Latn,tweets-english,sentiment,baseline,9,positive,negative,True,0.5465537863768832,
sentiment-te-00205,en-Latn,tweets-english,sentiment,baseline,23,negative,negative,False,0.582638799900157,
sentiment-te-00206,en-Latn,tweets-english,sentiment,baseline,11,neutral,negative,True,0.4420591477919542,
sentiment-te-00207,en-Latn,tweets-english,sentiment,baseline,7,positive,negative,True,0.48415083086779875,
sentiment-te-00208,en-Latn,tweets-english,sentiment,baseline,22,negative,neutral,True,0.3824232816560601,
sentiment-te-00209,en-Latn,tweets-english,sentiment,baseline,10,neutral,positive,True,0.42588725163363006,
sentiment-te-00210,en-Latn,tweets-english,sentiment,baseline,11,positive,neutral,True,0.42776456913197,
sentiment-te-00211,en-Latn,tweets-english,sentiment,baseline,24,negative,neutral,True,0.451814015333878,
sentiment-te-00212,en-Latn,tweets-english,sentiment,baseline,25,neutral,positive,True,0.4030201422858435,
sentiment-te-00213,en-Latn,tweets-english,sentiment,baseline,24,positive,positive,False,0.49978583650288044,
sentiment-te-00214,en-Latn,tweets-english,sentiment,baseline,12,negative,negative,False,0.39611422382765094,
sentiment-te-00215,en-Latn,tweets-english,sentiment,baseline,13,neutral,negative,True,0.4546767454300847,
sentiment-te-00216,en-Latn,tweets-english,sentiment,baseline,7,positive,positive,False,0.4186441411867243,
sentiment-te-00217,en-Latn,tweets-english,sentiment,baseline,10,negative,negative,False,0.5092344507306596,
sentiment-te-00218,en-Latn,tweets-english,sentiment,baseline,7,neutral,positive,True,0.3761932451440457,
sentiment-te-00219,en-Latn,tweets-english,sentiment,baseline,5,positive,negative,True,0.43941271613905697,
sentiment-te-00220,en-Latn,tweets-english,sentiment,baseline,10,negative,negative,False,0.4525313907483994,
sentiment-te-00221,en-Latn,tweets-english,sentiment,baseline,12,neutral,neutral,False,0.558316284721113,
sentiment-te-00222,en-Latn,tweets-english,sentiment,baseline,13,positive,positive,False,0.43407101110619944,
sentiment-te-00223,en-Latn,tweets-english,sentiment,baseline,18,negative,negative,False,0.4123503493749972,
sentiment-te-00224,en-Latn,tweets-english,sentiment,baseline,21,neutral,positive,True,0.5895265262496949,
sentiment-te-00225,en-Latn,tweets-english,sentiment,baseline,7,positive,neutral,True,0.3521223310207725,
sentiment-te-00226,en-Latn,tweets-english,sentiment,baseline,22,negative,negative,False,0.475994895792676,
sentiment-te-00227,en-Latn,tweets-english,sentiment,baseline,21,neutral,negative,True,0.46016097718744636,
sentiment-te-00228,en-Latn,tweets-english,sentiment,baseline,24,positive,positive,False,0.4462336301318724,
sentiment-te-00229,en-Latn,tweets-english,sentiment,baseline,20,negative,negative,False,0.39705847218768914,
sentiment-te-00230,en-Latn,tweets-english,sentiment,baseline,10,neutral,neutral,False,0.3976780480466327,
sentiment-te-00231,en-Latn,tweets-english,sentiment,baseline,19,positive,negative,True,0.5217533166647197,
sentiment-te-00232,en-Latn,tweets-english,sentiment,baseline,16,negative,negative,False,0.531174659957033,
sentiment-te-00233,en-Latn,tweets-english,sentiment,baseline,10,neutral,negative,True,0.46048540978231034,
sentiment-te-00234,en-Latn,tweets-english,sentiment,baseline,18,positive,negative,True,0.4220202364873719,
sentiment-te-00235,en-Latn,tweets-english,sentiment,baseline,16,negative,negative,False,0.44895163386967174,
sentiment-te-00236,en-Latn,tweets-english,sentiment,baseline,21,neutral,positive,True,0.42386915918945106,
sentiment-te-00237,en-Latn,tweets-english,sentiment,baseline,15,positive,negative,True,0.3910234713018948,
sentiment-te-00238,en-Latn,tweets-english,sentiment,baseline,19,negative,negative,False,0.43336564949114115,
sentiment-te-00239,en-Latn,tweets-english,sentiment,baseline,20,neutral,negative,True,0.44931407354131886,
sentiment-te-00240,en-Latn,tweets-english,sentiment,baseline,14,positive,neutral,True,0.374018268311042,
sentiment-te-00241,en-Latn,tweets-english,sentiment,baseline,23,negative,negative,False,0.5254557168368309,
sentiment-te-00242,en-Latn,tweets-english,sentiment,baseline,22,neutral,negative,True,0.39624894796039484,
sentiment-te-00243,en-Latn,tweets-english,sentiment,baseline,16,positive,neutral,True,0.4718927065003153,
sentiment-te-00244,en-Latn,tweets-english,sentiment,baseline,19,negative,negative,False,0.4496368171677864,
sentiment-te-00245,en-Latn,tweets-english,sentiment,baseline,5,neutral,positive,True,0.38005991060958993,
sentiment-te-00246,en-Latn,tweets-english,sentiment,baseline,17,positive,positive,False,0.3959478521042182,
sentiment-te-00247,en-Latn,tweets-english,sentiment,baseline,22,negative,positive,True,0.457818994301447,
sentiment-te-00248,en-Latn,tweets-english,sentiment,baseline,6,neutral,positive,True,0.6152977572530964,
sentiment-te-00249,en-Latn,tweets-english,sentiment,baseline,10,positive,negative,True,0.5537812789206681,
sentiment-te-00250,en-Latn,tweets-english,sentiment,baseline,18,negative,negative,False,0.3837680207226282,
sentiment-te-00251,en-Latn,tweets-english,sentiment,baseline,18,neutral,negative,True,0.49956963952871647,
sentiment-te-00252,en-Latn,tweets-english,sentiment,baseline,12,positive,neutral,True,0.45400850799580894,
sentiment-te-00253,en-Latn,tweets-english,sentiment,baseline,12,negative,negative,False,0.3878296790139597,
sentiment-te-00254,en-Latn,tweets-english,sentiment,baseline,10,neutral,negative,True,0.37951244467151474,
sentiment-te-00255,en-Latn,tweets-english,sentiment,baseline,21,positive,negative,True,0.35572451057654225,
sentiment-te-00256,en-Latn,tweets-english,sentiment,baseline,22,negative,neutral,True,0.3808615481504869,
sentiment-te-00257,en-Latn,tweets-english,sentiment,baseline,17,neutral,negative,True,0.47545050808827083,
sentiment-te-00258,en-Latn,tweets-english,sentiment,baseline,16,positive,neutral,True,0.4487962776484827,
sentiment-te-00259,en-Latn,tweets-english,sentiment,baseline,11,negative,neutral,True,0.38034481936253767,
sentiment-te-00260,en-Latn,tweets-english,sentiment,baseline,27,neutral,negative,True,0.35981351707179865,
sentiment-te-00261,en-Latn,tweets-english,sentiment,baseline,10,positive,neutral,True,0.3996949931157889,
sentiment-te-00262,en-Latn,tweets-english,sentiment,baseline,13,negative,negative,False,0.40757183056765095,
sentiment-te-00263,en-Latn,tweets-english,sentiment,baseline,12,neutral,neutral,False,0.47805634866017993,
sentiment-te-00264,en-Latn,tweets-english,sentiment,baseline,15,positive,positive,False,0.514419964956814,
sentiment-te-00265,en-Latn,tweets-english,sentiment,baseline,22,negative,negative,False,0.5792339655984495,
sentiment-te-00266,en-Latn,tweets-english,sentiment,baseline,10,neutral,negative,True,0.44957283430911416,
sentiment-te-00267,en-Latn,tweets-english,sentiment,baseline,10,positive,neutral,True,0.5521490872292555,
sentiment-te-00268,en-Latn,tweets-english,sentiment,baseline,18,negative,negative,False,0.5505260904997651,
sentiment-te-00269,en-Latn,tweets-english,sentiment,baseline,8,neutral,neutral,False,0.45969937568603375,
sentiment-te-00270,en-Latn,tweets-english,sentiment,baseline,22,positive,positive,False,0.5855634436914178,
sentiment-te-00271,en-Latn,tweets-english,sentiment,baseline,14,negative,neutral,True,0.43770050384812065,
sentiment-te-00272,en-Latn,tweets-english,sentiment,baseline,20,neutral,neutral,False,0.3910424514146766,
sentiment-te-00273,en-Latn,tweets-english,sentiment,baseline,10,positive,positive,False,0.47454768218524096,
sentiment-te-00274,en-Latn,tweets-english,sentiment,baseline,18,negative,neutral,True,0.4317995741831759,
sentiment-te-00275,en-Latn,tweets-english,sentiment,baseline,8,neutral,negative,True,0.39410464609650936,
sentiment-te-00276,en-Latn,tweets-english,sentiment,baseline,13,positive,negative,True,0.4514559749467555,
sentiment-te-00277,en-Latn,tweets-english,sentiment,baseline,17,negative,negative,False,0.5173896097877712,
sentiment-te-00278,en-Latn,tweets-english,sentiment,baseline,11,neutral,negative,True,0.3714752206632942,
sentiment-te-00279,en-Latn,tweets-english,sentiment,baseline,9,positive,positive,False,0.4290956161348674,
sentiment-te-00280,en-Latn,tweets-english,sentiment,baseline,10,negative,negative,False,0.45490155544681615,
sentiment-te-00281,en-Latn,tweets-english,sentiment,baseline,13,neutral,negative,True,0.46616766027239437,
sentiment-te-00282,en-Latn,tweets-english,sentiment,baseline,9,positive,neutral,True,0.3841074051512856,
sentiment-te-00283,en-Latn,tweets-english,sentiment,baseline,22,negative,negative,False,0.4823485854343464,
sentiment-te-00284,en-Latn,tweets-english,sentiment,baseline,8,neutral,positive,True,0.41276910263266114,
sentiment-te-00285,en-Latn,tweets-english,sentiment,baseline,8,positive,negative,True,0.48580793512309667,
sentiment-te-00286,en-Latn,tweets-english,sentiment,baseline,12,negative,neutral,True,0.3858319894897972,
sentiment-te-00287,en-Latn,tweets-english,sentiment,baseline,19,neutral,negative,True,0.38533885089181913,
sentiment-te-00288,en-Latn,tweets-english,sentiment,baseline,11,positive,negative,True,0.47167395683388746,
sentiment-te-00289,en-Latn,tweets-english,sentiment,baseline,19,negative,negative,False,0.4804890277274506,
sentiment-te-00290,en-Latn,tweets-english,sentiment,baseline,19,neutral,negative,True,0.422484946320188,
sentiment-te-00291,en-Latn,tweets-english,sentiment,baseline,24,positive,positive,False,0.4881491690906241,
sentiment-te-00292,en-Latn,tweets-english,sentiment,baseline,24,negative,positive,True,0.4706317044317566,
sentiment-te-00293,en-Latn,tweets-english,sentiment,baseline,14,neutral,neutral,False,0.3863699596943666,
sentiment-te-00294,en-Latn,tweets-english,sentiment,baseline,7,positive,neutral,True,0.3821389026434019,
sentiment-te-00295,en-Latn,tweets-english,sentiment,baseline,20,negative,negative,False,0.5657807991518815,
sentiment-te-00296,en-Latn,tweets-english,sentiment,baseline,8,neutral,neutral,False,0.40360238816639715,
sentiment-te-00297,en-Latn,tweets-english,sentiment,baseline,15,positive,positive,False,0.3738965398691589,
sentiment-te-00298,en-Latn,tweets-english,sentiment,baseline,21,negative,neutral,True,0.43954151862233026,
sentiment-te-00299,en-Latn,tweets-english,sentiment,baseline,9,neutral,negative,True,0.3842994546976948,
sentiment-te-00300,en-Latn,tweets-english,sentiment,baseline,11,positive,positive,False,0.6110456090111862,
sentiment-te-00301,en-Latn,tweets-english,sentiment,baseline,21,negative,neutral,True,0.3900000195704076,
sentiment-te-00302,en-Latn,tweets-english,sentiment,baseline,13,neutral,positive,True,0.3378546353612776,
sentiment-te-00303,en-Latn,tweets-english,sentiment,baseline,11,positive,neutral,True,0.42299575452638966,
sentiment-te-00304,en-Latn,tweets-english,sentiment,baseline,17,negative,neutral,True,0.3944604815365268,
sentiment-te-00305,en-Latn,tweets-english,sentiment,baseline,23,neutral,negative,True,0.46446995989949835,
sentiment-te-00306,en-Latn,tweets-english,sentiment,baseline,21,positive,positive,False,0.39482809292600385,
sentiment-te-00307,en-Latn,tweets-english,sentiment,baseline,13,negative,neutral,True,0.36577818660541506,
sentiment-te-00308,en-Latn,tweets-english,sentiment,baseline,17,neutral,negative,True,0.4864814734803555,
sentiment-te-00309,en-Latn,tweets-english,sentiment,baseline,11,positive,positive,False,0.39846229527384636,
sentiment-te-00310,en-Latn,tweets-english,sentiment,baseline,9,negative,positive,True,0.34030520203136894,
sentiment-te-00311,en-Latn,tweets-english,sentiment,baseline,9,neutral,neutral,False,0.4642714916380417,
sentiment-te-00312,en-Latn,tweets-english,sentiment,baseline,7,positive,negative,True,0.524887730642014,
sentiment-te-00313,en-Latn,tweets-english,sentiment,baseline,22,negative,negative,False,0.38944755635142136,
sentiment-te-00314,en-Latn,tweets-english,sentiment,baseline,12,neutral,neutral,False,0.45030378427453976,
sentiment-te-00315,en-Latn,tweets-english,sentiment,baseline,25,positive,negative,True,0.5239721401503001,
sentiment-te-00316,en-Latn,tweets-english,sentiment,baseline,21,negative,negative,False,0.419815225655384,
sentiment-te-00317,en-Latn,tweets-english,sentiment,baseline,16,neutral,neutral,False,0.3750194919329091,
sentiment-te-00318,en-Latn,tweets-english,sentiment,baseline,11,positive,positive,False,0.5323415439095871,
sentiment-te-00319,en-Latn,tweets-english,sentiment,baseline,11,negative,negative,False,0.39923732030347703,
sentiment-te-00320,en-Latn,tweets-english,sentiment,baseline,17,neutral,positive,True,0.34374247715026524,
sentiment-te-00321,en-Latn,tweets-english,sentiment,baseline,14,positive,positive,False,0.44945989968808786,
sentiment-te-00322,en-Latn,tweets-english,sentiment,baseline,21,negative,negative,False,0.40655158242236905,
sentiment-te-00323,en-Latn,tweets-english,sentiment,baseline,22,neutral,neutral,False,0.46611472022303585,
sentiment-te-00324,en-Latn,tweets-english,sentiment,baseline,15,positive,neutral,True,0.40420593935754906,
sentiment-te-00325,en-Latn,tweets-english,sentiment,baseline,20,negative,positive,True,0.4817917865994416,
sentiment-te-00326,en-Latn,tweets-english,sentiment,baseline,14,neutral,neutral,False,0.45887986530898234,
sentiment-te-00327,en-Latn,tweets-english,sentiment,baseline,20,positive,negative,True,0.34730031877108436,
sentiment-te-00328,en-Latn,tweets-english,sentiment,baseline,15,negative,negative,False,0.4660372729813935,
sentiment-te-00329,en-Latn,tweets-english,sentiment,baseline,26,neutral,negative,True,0.3624232400670712,
sentiment-te-00330,en-Latn,tweets-english,sentiment,baseline,10,positive,negative,True,0.4066043928324893,
sentiment-te-00331,en-Latn,tweets-english,sentiment,baseline,20,negative,positive,True,0.3957609994860571,
sentiment-te-00332,en-Latn,tweets-english,sentiment,baseline,5,neutral,negative,True,0.43321319487436166,
sentiment-te-00333,en-Latn,tweets-english,sentiment,baseline,6,positive,positive,False,0.4823972698962309,
sentiment-te-00334,en-Latn,tweets-english,sentiment,baseline,11,negative,negative,False,0.455567034212522,
sentiment-te-00335,en-Latn,tweets-english,sentiment,baseline,11,neutral,negative,True,0.603969588063246,
sentiment-te-00336,en-Latn,tweets-english,sentiment,baseline,7,positive,positive,False,0.5055250544200172,
sentiment-te-00337,en-Latn,tweets-english,sentiment,baseline,16,negative,negative,False,0.4483639254812947,
sentiment-te-00338,en-Latn,tweets-english,sentiment,baseline,24,neutral,neutral,False,0.39611932742720407,
sentiment-te-00339,en-Latn,tweets-english,sentiment,baseline,5,positive,neutral,True,0.4250309681614785,
sentiment-te-00340,en-Latn,tweets-english,sentiment,baseline,22,negative,negative,False,0.5839053971128674,
sentiment-te-00341,en-Latn,tweets-english,sentiment,baseline,14,neutral,negative,True,0.4245851715141819,
sentiment-te-00342,en-Latn,tweets-english,sentiment,baseline,14,positive,negative,True,0.47561750992359897,
sentiment-te-00343,en-Latn,tweets-english,sentiment,baseline,13,negative,neutral,True,0.3525083940470213,
sentiment-te-00344,en-Latn,tweets-english,sentiment,baseline,18,neutral,neutral,False,0.5246609668105303,
sentiment-te-00345,en-Latn,tweets-english,sentiment,baseline,12,positive,neutral,True,0.4412766255040792,
sentiment-te-00346,en-Latn,tweets-english,sentiment,baseline,10,negative,negative,False,0.4103857180603216,
sentiment-te-00347,en-Latn,tweets-english,sentiment,baseline,8,neutral,negative,True,0.37486299074468526,
sentiment-te-00348,en-Latn,tweets-english,sentiment,baseline,18,positive,positive,False,0.5115339248824674,
sentiment-te-00349,en-Latn,tweets-english,sentiment,baseline,8,negative,neutral,True,0.40260325833662614,
sentiment-te-00350,en-Latn,tweets-english,sentiment,baseline,9,neutral,negative,True,0.6440026209404026,
sentiment-te-00351,en-Latn,tweets-english,sentiment,baseline,19,positive,positive,False,0.8039243445726312,
sentiment-te-00352,en-Latn,tweets-english,sentiment,baseline,20,negative,negative,False,0.45406766753208605,
sentiment-te-00353,en-Latn,tweets-english,sentiment,baseline,12,neutral,neutral,False,0.4343548536586115,
sentiment-te-00354,en-Latn,tweets-english,sentiment,baseline,9,positive,neutral,True,0.3364453463606577,
sentiment-te-00355,en-Latn,tweets-english,sentiment,baseline,24,negative,negative,False,0.37227779365758495,
sentiment-te-00356,en-Latn,tweets-english,sentiment,baseline,24,neutral,negative,True,0.4196269488330961,
sentiment-te-00357,en-Latn,tweets-english,sentiment,baseline,17,positive,positive,False,0.4366383871637901,
sentiment-te-00358,en-Latn,tweets-english,sentiment,baseline,18,negative,negative,False,0.5856268682685437,
sentiment-te-00359,en-Latn,tweets-english,sentiment,baseline,23,neutral,neutral,False,0.44582274935518973,
sentiment-te-00360,en-Latn,tweets-english,sentiment,baseline,20,positive,negative,True,0.48353965576053354,
sentiment-te-00361,en-Latn,tweets-english,sentiment,baseline,18,negative,negative,False,0.4646036719499617,
sentiment-te-00362,en-Latn,tweets-english,sentiment,baseline,19,neutral,negative,True,0.3440239848991969,
sentiment-te-00363,en-Latn,tweets-english,sentiment,baseline,18,positive,positive,False,0.45785312076402335,
sentiment-te-00364,en-Latn,tweets-english,sentiment,baseline,16,negative,negative,False,0.49215268920982386,
sentiment-te-00365,en-Latn,tweets-english,sentiment,baseline,20,neutral,negative,True,0.5811452140630914,
sentiment-te-00366,en-Latn,tweets-english,sentiment,baseline,8,positive,negative,True,0.363393819252923,
sentiment-te-00367,en-Latn,tweets-english,sentiment,baseline,10,negative,negative,False,0.3659486272752667,
sentiment-te-00368,en-Latn,tweets-english,sentiment,baseline,15,neutral,positive,True,0.38699525425845277,
sentiment-te-00369,en-Latn,tweets-english,sentiment,baseline,12,positive,negative,True,0.492979735453565,
sentiment-te-00370,en-Latn,tweets-english,sentiment,baseline,14,negative,negative,False,0.5618442584518992,
sentiment-te-00371,en-Latn,tweets-english,sentiment,baseline,19,neutral,negative,True,0.5221965952056667,
sentiment-te-00372,en-Latn,tweets-english,sentiment,baseline,16,positive,positive,False,0.6180591584501467,
sentiment-te-00373,en-Latn,tweets-english,sentiment,baseline,18,negative,negative,False,0.5699632968510376,
sentiment-te-00374,en-Latn,tweets-english,sentiment,baseline,5,neutral,neutral,False,0.3752925411576133,
sentiment-te-00375,en-Latn,tweets-english,sentiment,baseline,13,positive,positive,False,0.43636267304024795,
sentiment-te-00376,en-Latn,tweets-english,sentiment,baseline,17,negative,negative,False,0.3541883381049069,
sentiment-te-00377,en-Latn,tweets-english,sentiment,baseline,10,neutral,neutral,False,0.4704559784891671,
sentiment-te-00378,en-Latn,tweets-english,sentiment,baseline,18,positive,positive,False,0.5664558360851364,
sentiment-te-00379,en-Latn,tweets-english,sentiment,baseline,9,negative,positive,True,0.4142546502579117,
sentiment-te-00380,en-Latn,tweets-english,sentiment,baseline,22,neutral,positive,True,0.393497843243335,
sentiment-te-00381,en-Latn,tweets-english,sentiment,baseline,9,positive,positive,False,0.3853941469695804,
sentiment-te-00382,en-Latn,tweets-english,sentiment,baseline,14,negative,negative,False,0.49324620519277196,
sentiment-te-00383,en-Latn,tweets-english,sentiment,baseline,17,neutral,negative,True,0.49469978114972574,
sentiment-te-00384,en-Latn,tweets-english,sentiment,baseline,10,positive,positive,False,0.4382822587895998,
sentiment-te-00385,en-Latn,tweets-english,sentiment,baseline,29,negative,negative,False,0.4920198150756278,
sentiment-te-00386,en-Latn,tweets-english,sentiment,baseline,10,neutral,neutral,False,0.4543945303832724,
sentiment-te-00387,en-Latn,tweets-english,sentiment,baseline,10,positive,positive,False,0.4258877345723801,
sentiment-te-00388,en-Latn,tweets-english,sentiment,baseline,11,negative,neutral,True,0.4612947593449309,
sentiment-te-00389,en-Latn,tweets-english,sentiment,baseline,15,neutral,positive,True,0.4431422404904429,
sentiment-te-00390,en-Latn,tweets-english,sentiment,baseline,15,positive,positive,False,0.40755417316799497,
sentiment-te-00391,en-Latn,tweets-english,sentiment,baseline,17,negative,negative,False,0.545216758654306,
sentiment-te-00392,en-Latn,tweets-english,sentiment,baseline,8,neutral,negative,True,0.38557429286482214,
sentiment-te-00393,en-Latn,tweets-english,sentiment,baseline,23,positive,negative,True,0.4100287128387963,
sentiment-te-00394,en-Latn,tweets-english,sentiment,baseline,10,negative,negative,False,0.33829410951845995,
sentiment-te-00395,en-Latn,tweets-english,sentiment,baseline,11,neutral,neutral,False,0.4392252075459564,
sentiment-te-00396,en-Latn,tweets-english,sentiment,baseline,18,positive,negative,True,0.3525460209110777,
sentiment-te-00397,en-Latn,tweets-english,sentiment,baseline,16,negative,neutral,True,0.43152054947895135,
sentiment-te-00398,en-Latn,tweets-english,sentiment,baseline,22,neutral,negative,True,0.5267040825143349,
sentiment-te-00399,en-Latn,tweets-english,sentiment,baseline,22,positive,positive,False,0.6383157780148365,
sentiment-te-00400,en-Latn,tweets-english,sentiment,baseline,17,negative,negative,False,0.373399247908141,
sentiment-te-00401,en-Latn,tweets-english,sentiment,baseline,8,neutral,negative,True,0.4352067106689276,
sentiment-te-00402,en-Latn,tweets-english,sentiment,baseline,11,positive,negative,True,0.600223530066753,
sentiment-te-00403,en-Latn,tweets-english,sentiment,baseline,15,negative,negative,False,0.5982232499241894,
sentiment-te-00404,en-Latn,tweets-english,sentiment,baseline,20,neutral,neutral,False,0.4881470473980886,
sentiment-te-00405,en-Latn,tweets-english,sentiment,baseline,17,positive,positive,False,0.5080724544496151,
sentiment-te-00406,en-Latn,tweets-english,sentiment,baseline,17,negative,negative,False,0.47450813899229166,
sentiment-te-00407,en-Latn,tweets-english,sentiment,baseline,18,neutral,neutral,False,0.443957938993628,
sentiment-te-00408,en-Latn,tweets-english,sentiment,baseline,14,positive,positive,False,0.5399918553231623,
sentiment-te-00409,en-Latn,tweets-english,sentiment,baseline,9,negative,positive,True,0.40236905347693924,
sentiment-te-00410,en-Latn,tweets-english,sentiment,baseline,11,neutral,positive,True,0.4039352583526732,
sentiment-te-00411,en-Latn,tweets-english,sentiment,baseline,9,positive,positive,False,0.5129980574770526,
sentiment-te-00412,en-Latn,tweets-english,sentiment,baseline,11,negative,negative,False,0.48265141912223575,
sentiment-te-00413,en-Latn,tweets-english,sentiment,baseline,9,neutral,neutral,False,0.45644060707056533,
sentiment-te-00414,en-Latn,tweets-english,sentiment,baseline,22,positive,positive,False,0.5955595305498166,
sentiment-te-00415,en-Latn,tweets-english,sentiment,baseline,6,negative,negative,False,0.43758424666051365,
sentiment-te-00416,en-Latn,tweets-english,sentiment,baseline,13,neutral,negative,True,0.4003510174193988,
sentiment-te-00417,en-Latn,tweets-english,sentiment,baseline,17,positive,positive,False,0.4452959561519104,
sentiment-te-00418,en-Latn,tweets-english,sentiment,baseline,20,negative,negative,False,0.5069016108267739,
sentiment-te-00419,en-Latn,tweets-english,sentiment,baseline,12,neutral,positive,True,0.42990610068467455,
sentiment-te-00420,en-Latn,tweets-english,sentiment,baseline,21,positive,positive,False,0.4955820673813292,
sentiment-te-00421,en-Latn,tweets-english,sentiment,baseline,9,negative,negative,False,0.3873985858186135,
sentiment-te-00422,en-Latn,tweets-english,sentiment,baseline,12,neutral,negative,True,0.5682308048811237,
sentiment-te-00423,en-Latn,tweets-english,sentiment,baseline,9,positive,positive,False,0.38180207423358187,
sentiment-te-00424,en-Latn,tweets-english,sentiment,baseline,14,negative,negative,False,0.36612464462119837,
sentiment-te-00425,en-Latn,tweets-english,sentiment,baseline,10,neutral,neutral,False,0.41232051758112287,
sentiment-te-00426,en-Latn,tweets-english,sentiment,baseline,18,positive,positive,False,0.44552712577548714,
sentiment-te-00427,en-Latn,tweets-english,sentiment,baseline,21,negative,negative,False,0.49323768401847684,
sentiment-te-00428,en-Latn,tweets-english,sentiment,baseline,7,neutral,negative,True,0.42781072328983283,
sentiment-te-00429,en-Latn,tweets-english,sentiment,baseline,11,positive,negative,True,0.4358953376564649,
sentiment-te-00430,en-Latn,tweets-english,sentiment,baseline,21,negative,negative,False,0.6565445547160403,
sentiment-te-00431,en-Latn,tweets-english,sentiment,baseline,20,neutral,negative,True,0.3789844482696781,
sentiment-te-00432,en-Latn,tweets-english,sentiment,baseline,8,positive,positive,False,0.376738378458022,
sentiment-te-00433,en-Latn,tweets-english,sentiment,baseline,19,negative,negative,False,0.5902070386862582,
sentiment-te-00434,en-Latn,tweets-english,sentiment,baseline,17,neutral,negative,True,0.4854044309640229,
sentiment-te-00435,en-Latn,tweets-english,sentiment,baseline,9,positive,positive,False,0.39103872339440426,
sentiment-te-00436,en-Latn,tweets-english,sentiment,baseline,18,negative,neutral,True,0.45080734419201957,
sentiment-te-00437,en-Latn,tweets-english,sentiment,baseline,16,neutral,positive,True,0.3566937239994662,
sentiment-te-00438,en-Latn,tweets-english,sentiment,baseline,12,positive,negative,True,0.40841058514419515,
sentiment-te-00439,en-Latn,tweets-english,sentiment,baseline,11,negative,negative,False,0.4338284604453223,
sentiment-te-00440,en-Latn,tweets-english,sentiment,baseline,17,neutral,negative,True,0.4447400078027023,
sentiment-te-00441,en-Latn,tweets-english,sentiment,baseline,15,positive,positive,False,0.3915647126875381,
sentiment-te-00442,en-Latn,tweets-english,sentiment,baseline,19,negative,negative,False,0.6162866971894906,
sentiment-te-00443,en-Latn,tweets-english,sentiment,baseline,14,neutral,negative,True,0.5439778598140319,
sentiment-te-00444,en-Latn,tweets-english,sentiment,baseline,14,positive,neutral,True,0.4710152555614553,
sentiment-te-00445,en-Latn,tweets-english,sentiment,baseline,21,negative,negative,False,0.4612580428588149,
sentiment-te-00446,en-Latn,tweets-english,sentiment,baseline,10,neutral,negative,True,0.3979711743259679,
sentiment-te-00447,en-Latn,tweets-english,sentiment,baseline,5,positive,neutral,True,0.5704357908706732,
sentiment-te-00448,en-Latn,tweets-english,sentiment,baseline,24,negative,neutral,True,0.4821216282089521,
sentiment-te-00449,en-Latn,tweets-english,sentiment,baseline,18,neutral,negative,True,0.402336288609997,
sentiment-te-00450,en-Latn,tweets-english,sentiment,baseline,21,positive,positive,False,0.4789748336361662,
sentiment-te-00451,en-Latn,tweets-english,sentiment,baseline,19,negative,negative,False,0.4390593406989932,
sentiment-te-00452,en-Latn,tweets-english,sentiment,baseline,15,neutral,neutral,False,0.36014201743382007,
sentiment-te-00453,en-Latn,tweets-english,sentiment,baseline,6,positive,negative,True,0.3805436181425688,
sentiment-te-00454,en-Latn,tweets-english,sentiment,baseline,5,negative,neutral,True,0.35938142292348046,
sentiment-te-00455,en-Latn,tweets-english,sentiment,baseline,23,neutral,negative,True,0.48341924031056765,
sentiment-te-00456,en-Latn,tweets-english,sentiment,baseline,5,positive,positive,False,0.5238559926860324,
sentiment-te-00457,en-Latn,tweets-english,sentiment,baseline,17,negative,negative,False,0.41939751315020224,
sentiment-te-00458,en-Latn,tweets-english,sentiment,baseline,10,neutral,positive,True,0.494341456697931,
sentiment-te-00459,en-Latn,tweets-english,sentiment,baseline,14,positive,negative,True,0.3834256214649721,
sentiment-te-00460,en-Latn,tweets-english,sentiment,baseline,18,negative,negative,False,0.4409762699374318,
sentiment-te-00461,en-Latn,tweets-english,sentiment,baseline,13,neutral,positive,True,0.39400987006684823,
sentiment-te-00462,en-Latn,tweets-english,sentiment,baseline,11,positive,positive,False,0.4901019588956121,
sentiment-te-00463,en-Latn,tweets-english,sentiment,baseline,24,negative,neutral,True,0.4092145722378348,
sentiment-te-00464,en-Latn,tweets-english,sentiment,baseline,14,neutral,negative,True,0.4444788455959772,
sentiment-te-00465,en-Latn,tweets-english,sentiment,baseline,19,positive,positive,False,0.5420146137787198,
sentiment-te-00466,en-Latn,tweets-english,sentiment,baseline,18,negative,negative,False,0.4101001071526818,
sentiment-te-00467,en-Latn,tweets-english,sentiment,baseline,10,neutral,negative,True,0.4084112089423805,
sentiment-te-00468,en-Latn,tweets-english,sentiment,baseline,19,positive,neutral,True,0.4952482021234436,
sentiment-te-00469,en-Latn,tweets-english,sentiment,baseline,22,negative,neutral,True,0.44020394734953777,
sentiment-te-00470,en-Latn,tweets-english,sentiment,baseline,9,neutral,negative,True,0.38334949009902064,
sentiment-te-00471,en-Latn,tweets-english,sentiment,baseline,20,positive,positive,False,0.6805355177870309,
sentiment-te-00472,en-Latn,tweets-english,sentiment,baseline,19,negative,neutral,True,0.4547356336966843,
sentiment-te-00473,en-Latn,tweets-english,sentiment,baseline,7,neutral,negative,True,0.46730382622654765,
sentiment-te-00474,en-Latn,tweets-english,sentiment,baseline,22,positive,positive,False,0.515076637557149,
sentiment-te-00475,en-Latn,tweets-english,sentiment,baseline,21,negative,negative,False,0.6194104229070633,
sentiment-te-00476,en-Latn,tweets-english,sentiment,baseline,12,neutral,neutral,False,0.4312300513152553,
sentiment-te-00477,en-Latn,tweets-english,sentiment,baseline,14,positive,positive,False,0.543462872644081,
sentiment-te-00478,en-Latn,tweets-english,sentiment,baseline,8,negative,negative,False,0.5210118456624157,
sentiment-te-00479,en-Latn,tweets-english,sentiment,baseline,14,neutral,negative,True,0.6719675710063417,
sentiment-te-00480,en-Latn,tweets-english,sentiment,baseline,14,positive,neutral,True,0.4151884141716426,
sentiment-te-00481,en-Latn,tweets-english,sentiment,baseline,16,negative,negative,False,0.4237600398430343,
sentiment-te-00482,en-Latn,tweets-english,sentiment,baseline,19,neutral,negative,True,0.5722871879748517,
sentiment-te-00483,en-Latn,tweets-english,sentiment,baseline,12,positive,positive,False,0.4390740219124602,
sentiment-te-00484,en-Latn,tweets-english,sentiment,baseline,13,negative,neutral,True,0.4254574324740288,
sentiment-te-00485,en-Latn,tweets-english,sentiment,baseline,23,neutral,negative,True,0.43419164084665557,
sentiment-te-00486,en-Latn,tweets-english,sentiment,baseline,12,positive,neutral,True,0.36466827577873057,
sentiment-te-00487,en-Latn,tweets-english,sentiment,baseline,20,negative,neutral,True,0.3692277178241468,
sentiment-te-00488,en-Latn,tweets-english,sentiment,baseline,15,neutral,neutral,False,0.3813323613458893,
sentiment-te-00489,en-Latn,tweets-english,sentiment,baseline,23,positive,neutral,True,0.42552829210269794,
sentiment-te-00490,en-Latn,tweets-english,sentiment,baseline,21,negative,negative,False,0.4239331791219249,
sentiment-te-00491,en-Latn,tweets-english,sentiment,baseline,9,neutral,negative,True,0.3892026475904608,
sentiment-te-00492,en-Latn,tweets-english,sentiment,baseline,8,positive,negative,True,0.4578655627367434,
sentiment-te-00493,en-Latn,tweets-english,sentiment,baseline,14,negative,negative,False,0.5015541728153984,
sentiment-te-00494,en-Latn,tweets-english,sentiment,baseline,20,neutral,neutral,False,0.3991459151489211,
sentiment-te-00495,en-Latn,tweets-english,sentiment,baseline,20,positive,negative,True,0.45242548754419915,
sentiment-te-00496,en-Latn,tweets-english,sentiment,baseline,15,negative,negative,False,0.43504206954804453,
sentiment-te-00497,en-Latn,tweets-english,sentiment,baseline,9,neutral,neutral,False,0.4146362419678268,
sentiment-te-00498,en-Latn,tweets-english,sentiment,baseline,12,positive,neutral,True,0.47992479378755387,
sentiment-te-00499,en-Latn,tweets-english,sentiment,baseline,24,negative,negative,False,0.4139403038763588,
sentiment-te-00500,en-Latn,tweets-english,sentiment,baseline,11,neutral,positive,True,0.43929541065336913,
sentiment-te-00501,en-Latn,tweets-english,sentiment,baseline,12,positive,negative,True,0.4542970269089574,
sentiment-te-00502,en-Latn,tweets-english,sentiment,baseline,20,negative,negative,False,0.4262458404822748,
sentiment-te-00503,en-Latn,tweets-english,sentiment,baseline,18,neutral,negative,True,0.5418786275795342,
sentiment-te-00504,en-Latn,tweets-english,sentiment,baseline,13,positive,neutral,True,0.4014974831265194,
sentiment-te-00505,en-Latn,tweets-english,sentiment,baseline,14,negative,neutral,True,0.42413771894982505,
sentiment-te-00506,en-Latn,tweets-english,sentiment,baseline,7,neutral,positive,True,0.43191681427987083,
sentiment-te-00507,en-Latn,tweets-english,sentiment,baseline,22,positive,positive,False,0.4055362239575454,
sentiment-te-00508,en-Latn,tweets-english,sentiment,baseline,15,negative,negative,False,0.48648464767656074,
sentiment-te-00509,en-Latn,tweets-english,sentiment,baseline,24,neutral,negative,True,0.6404206305348417,
sentiment-te-00510,en-Latn,tweets-english,sentiment,baseline,20,positive,positive,False,0.3710757637798889,
sentiment-te-00511,en-Latn,tweets-english,sentiment,baseline,12,negative,neutral,True,0.4776508129540115,
sentiment-te-00512,en-Latn,tweets-english,sentiment,baseline,20,neutral,negative,True,0.4259031428758061,
sentiment-te-00513,en-Latn,tweets-english,sentiment,baseline,9,positive,positive,False,0.49186125193505376,
sentiment-te-00514,en-Latn,tweets-english,sentiment,baseline,16,negative,negative,False,0.5765650029798112,
sentiment-te-00515,en-Latn,tweets-english,sentiment,baseline,27,neutral,negative,True,0.44074329369807513,
sentiment-te-00516,en-Latn,tweets-english,sentiment,baseline,14,positive,neutral,True,0.4094245657804748,
sentiment-te-00517,en-Latn,tweets-english,sentiment,baseline,21,negative,negative,False,0.45967692476399213,
sentiment-te-00518,en-Latn,tweets-english,sentiment,baseline,8,neutral,negative,True,0.4582052092443516,
sentiment-te-00519,en-Latn,tweets-english,sentiment,baseline,7,positive,positive,False,0.4411645857431571,
sentiment-te-00520,en-Latn,tweets-english,sentiment,baseline,11,negative,negative,False,0.49587632123598896,
sentiment-te-00521,en-Latn,tweets-english,sentiment,baseline,16,neutral,neutral,False,0.4251625910245261,
sentiment-te-00522,en-Latn,tweets-english,sentiment,baseline,25,positive,negative,True,0.5306003437856496,
sentiment-te-00523,en-Latn,tweets-english,sentiment,baseline,11,negative,neutral,True,0.4107038391740415,
sentiment-te-00524,en-Latn,tweets-english,sentiment,baseline,17,neutral,positive,True,0.4971245217403418,
sentiment-te-00525,en-Latn,tweets-english,sentiment,baseline,9,positive,neutral,True,0.36402488504038105,
sentiment-te-00526,en-Latn,tweets-english,sentiment,baseline,25,negative,negative,False,0.4017946249575249,
sentiment-te-00527,en-Latn,tweets-english,sentiment,baseline,14,neutral,neutral,False,0.4725034660296832,
sentiment-te-00528,en-Latn,tweets-english,sentiment,baseline,7,positive,positive,False,0.4034000918874685,
sentiment-te-00529,en-Latn,tweets-english,sentiment,baseline,24,negative,negative,False,0.535917232166337,
sentiment-te-00530,en-Latn,tweets-english,sentiment,baseline,22,neutral,negative,True,0.4259430970261859,
sentiment-te-00531,en-Latn,tweets-english,sentiment,baseline,14,positive,neutral,True,0.5931139305672322,
sentiment-te-00532,en-Latn,tweets-english,sentiment,baseline,20,negative,positive,True,0.5195303749842317,
sentiment-te-00533,en-Latn,tweets-english,sentiment,baseline,10,neutral,neutral,False,0.4353873178479876,
sentiment-te-00534,en-Latn,tweets-english,sentiment,baseline,8,positive,positive,False,0.3977010336987985,
sentiment-te-00535,en-Latn,tweets-english,sentiment,baseline,20,negative,positive,True,0.39779913192904726,
sentiment-te-00536,en-Latn,tweets-english,sentiment,baseline,16,neutral,neutral,False,0.42335096317105186,
sentiment-te-00537,en-Latn,tweets-english,sentiment,baseline,11,positive,neutral,True,0.41607866124942816,
sentiment-te-00538,en-Latn,tweets-english,sentiment,baseline,16,negative,neutral,True,0.39821123702864136,
sentiment-te-00539,en-Latn,tweets-english,sentiment,baseline,12,neutral,negative,True,0.4304056169082409,
sentiment-te-00540,en-Latn,tweets-english,sentiment,baseline,11,positive,positive,False,0.430773471100365,
sentiment-te-00541,en-Latn,tweets-english,sentiment,baseline,7,negative,negative,False,0.37543257372275557,
sentiment-te-00542,en-Latn,tweets-english,sentiment,baseline,8,neutral,positive,True,0.3994359671071832,
sentiment-te-00543,en-Latn,tweets-english,sentiment,baseline,8,positive,positive,False,0.6511314588263779,
sentiment-te-00544,en-Latn,tweets-english,sentiment,baseline,11,negative,negative,False,0.44021534792898526,
sentiment-te-00545,en-Latn,tweets-english,sentiment,baseline,14,neutral,neutral,False,0.35682104441853796,
sentiment-te-00546,en-Latn,tweets-english,sentiment,baseline,20,positive,positive,False,0.5012239238222356,
sentiment-te-00547,en-Latn,tweets-english,sentiment,baseline,23,negative,negative,False,0.4177633803367914,
sentiment-te-00548,en-Latn,tweets-english,sentiment,baseline,5,neutral,negative,True,0.3811548860823565,
sentiment-te-00549,en-Latn,tweets-english,sentiment,baseline,11,positive,neutral,True,0.3743086793617003,
sentiment-te-00550,en-Latn,tweets-english,sentiment,baseline,21,negative,negative,False,0.49832144830104325,
sentiment-te-00551,en-Latn,tweets-english,sentiment,baseline,9,neutral,positive,True,0.49324429521987057,
sentiment-te-00552,en-Latn,tweets-english,sentiment,baseline,13,positive,positive,False,0.45475496708581,
sentiment-te-00553,en-Latn,tweets-english,sentiment,baseline,11,negative,positive,True,0.3797724645923275,
sentiment-te-00554,en-Latn,tweets-english,sentiment,baseline,24,neutral,negative,True,0.39719274479878325,
sentiment-te-00555,en-Latn,tweets-english,sentiment,baseline,28,positive,positive,False,0.6257771303982178,
sentiment-te-00556,en-Latn,tweets-english,sentiment,baseline,21,negative,negative,False,0.5977403422431703,
sentiment-te-00557,en-Latn,tweets-english,sentiment,baseline,7,neutral,neutral,False,0.4409157148124557,
sentiment-te-00558,en-Latn,tweets-english,sentiment,baseline,14,positive,positive,False,0.5381622393582827,
sentiment-te-00559,en-Latn,tweets-english,sentiment,baseline,22,negative,negative,False,0.6001188611324505,
sentiment-te-00560,en-Latn,tweets-english,sentiment,baseline,11,neutral,negative,True,0.5413193721325774,
sentiment-te-00561,en-Latn,tweets-english,sentiment,baseline,14,positive,negative,True,0.43901908296167835,
sentiment-te-00562,en-Latn,tweets-english,sentiment,baseline,24,negative,negative,False,0.607291526714451,
sentiment-te-00563,en-Latn,tweets-english,sentiment,baseline,16,neutral,negative,True,0.4758501925948364,
sentiment-te-00564,en-Latn,tweets-english,sentiment,baseline,17,positive,neutral,True,0.4895988254350539,
sentiment-te-00565,en-Latn,tweets-english,sentiment,baseline,12,negative,negative,False,0.4238553888381584,
sentiment-te-00566,en-Latn,tweets-english,sentiment,baseline,16,neutral,negative,True,0.5984352407240109,
sentiment-te-00567,en-Latn,tweets-english,sentiment,baseline,25,positive,positive,False,0.4656306590118883,
sentiment-te-00568,en-Latn,tweets-english,sentiment,baseline,24,negative,negative,False,0.40467341425476255,
sentiment-te-00569,en-Latn,tweets-english,sentiment,baseline,19,neutral,neutral,False,0.38686664905756896,
sentiment-te-00570,en-Latn,tweets-english,sentiment,baseline,6,positive,neutral,True,0.4431203111945886,
sentiment-te-00571,en-Latn,tweets-english,sentiment,baseline,17,negative,negative,False,0.4944199629229315,
sentiment-te-00572,en-Latn,tweets-english,sentiment,baseline,15,neutral,negative,True,0.39847233414637184,
sentiment-te-00573,en-Latn,tweets-english,sentiment,baseline,17,positive,positive,False,0.6462270467810467,
sentiment-te-00574,en-Latn,tweets-english,sentiment,baseline,12,negative,neutral,True,0.40754919916691845,
sentiment-te-00575,en-Latn,tweets-english,sentiment,baseline,12,neutral,negative,True,0.4019407670931517,
sentiment-te-00576,en-Latn,tweets-english,sentiment,baseline,23,positive,positive,False,0.4100148143350617,
sentiment-te-00577,en-Latn,tweets-english,sentiment,baseline,16,negative,negative,False,0.44168249131988063,
sentiment-te-00578,en-Latn,tweets-english,sentiment,baseline,5,neutral,positive,True,0.38149454566997737,
sentiment-te-00579,en-Latn,tweets-english,sentiment,baseline,9,positive,positive,False,0.3856468974869214,
sentiment-te-00580,en-Latn,tweets-english,sentiment,baseline,11,negative,positive,True,0.4108641515496858,
sentiment-te-00581,en-Latn,tweets-english,sentiment,baseline,10,neutral,neutral,False,0.3886297119709325,
sentiment-te-00582,en-Latn,tweets-english,sentiment,baseline,10,positive,negative,True,0.5162097883674474,
sentiment-te-00583,en-Latn,tweets-english,sentiment,baseline,21,negative,negative,False,0.4709166133279689,
sentiment-te-00584,en-Latn,tweets-english,sentiment,baseline,10,neutral,negative,True,0.45813678162615823,
sentiment-te-00585,en-Latn,tweets-english,sentiment,baseline,23,positive,negative,True,0.45463852840130153,
sentiment-te-00586,en-Latn,tweets-english,sentiment,baseline,18,negative,negative,False,0.46915291690345096,
sentiment-te-00587,en-Latn,tweets-english,sentiment,baseline,11,neutral,neutral,False,0.45682355691711807,
sentiment-te-00588,en-Latn,tweets-english,sentiment,baseline,17,positive,neutral,True,0.5209363945709119,
sentiment-te-00589,en-Latn,tweets-english,sentiment,baseline,17,negative,neutral,True,0.44066204503368317,
sentiment-te-00590,en-Latn,tweets-english,sentiment,baseline,10,neutral,negative,True,0.5083524662758306,
sentiment-te-00591,en-Latn,tweets-english,sentiment,baseline,5,positive,neutral,True,0.4178397567414429,
sentiment-te-00592,en-Latn,tweets-english,sentiment,baseline,13,negative,negative,False,0.3831278592947872,
sentiment-te-00593,en-Latn,tweets-english,sentiment,baseline,17,neutral,negative,True,0.5856524244795596,
sentiment-te-00594,en-Latn,tweets-english,sentiment,baseline,24,positive,negative,True,0.3663827758419486,
sentiment-te-00595,en-Latn,tweets-english,sentiment,baseline,18,negative,negative,False,0.4392729720552767,
sentiment-te-00596,en-Latn,tweets-english,sentiment,baseline,7,neutral,negative,True,0.4637619333115691,
sentiment-te-00597,en-Latn,tweets-english,sentiment,baseline,11,positive,neutral,True,0.41141171825936196,
sentiment-te-00598,en-Latn,tweets-english,sentiment,baseline,23,negative,negative,False,0.5665909296597691,
sentiment-te-00599,en-Latn,tweets-english,sentiment,baseline,16,neutral,negative,True,0.4259292837091911,
sentiment-te-00600,en-Latn,tweets-english,sentiment,baseline,11,positive,neutral,True,0.41425448727056013,
sentiment-te-00601,en-Latn,tweets-english,sentiment,baseline,21,negative,negative,False,0.5405637136018994,
sentiment-te-00602,en-Latn,tweets-english,sentiment,baseline,17,neutral,negative,True,0.42792985682006346,
sentiment-te-00603,en-Latn,tweets-english,sentiment,baseline,6,positive,negative,True,0.38716969897184994,
sentiment-te-00604,en-Latn,tweets-english,sentiment,baseline,21,negative,negative,False,0.5275750054125359,
sentiment-te-00605,en-Latn,tweets-english,sentiment,baseline,17,neutral,neutral,False,0.3482364134740296,
sentiment-te-00606,en-Latn,tweets-english,sentiment,baseline,11,positive,positive,False,0.42015872483053235,
sentiment-te-00607,en-Latn,tweets-english,sentiment,baseline,22,negative,neutral,True,0.4344537462815152,
sentiment-te-00608,en-Latn,tweets-english,sentiment,baseline,18,neutral,neutral,False,0.4391455329927983,
sentiment-te-00609,en-Latn,tweets-english,sentiment,baseline,13,positive,positive,False,0.4917662666519295,
sentiment-te-00610,en-Latn,tweets-english,sentiment,baseline,20,negative,negative,False,0.582312266316609,
sentiment-te-00611,en-Latn,tweets-english,sentiment,baseline,9,neutral,neutral,False,0.3958394521307916,
sentiment-te-00612,en-Latn,tweets-english,sentiment,baseline,28,positive,positive,False,0.4909673200730181,
sentiment-te-00613,en-Latn,tweets-english,sentiment,baseline,20,negative,negative,False,0.4174034835177953,
sentiment-te-00614,en-Latn,tweets-english,sentiment,baseline,9,neutral,negative,True,0.4264822939267527,
sentiment-te-00615,en-Latn,tweets-english,sentiment,baseline,18,positive,positive,False,0.4027004764905077,
sentiment-te-00616,en-Latn,tweets-english,sentiment,baseline,3,negative,negative,False,0.5910003686646959,
sentiment-te-00617,en-Latn,tweets-english,sentiment,baseline,21,neutral,neutral,False,0.4216410592458776,
sentiment-te-00618,en-Latn,tweets-english,sentiment,baseline,15,positive,positive,False,0.6061958203158564,
sentiment-te-00619,en-Latn,tweets-english,sentiment,baseline,20,negative,neutral,True,0.3849805076727341,
sentiment-te-00620,en-Latn,tweets-english,sentiment,baseline,12,neutral,neutral,False,0.4282332572677148,
sentiment-te-00621,en-Latn,tweets-english,sentiment,baseline,17,positive,positive,False,0.4403403271778376,
sentiment-te-00622,en-Latn,tweets-english,sentiment,baseline,6,negative,negative,False,0.42742240586133795,
sentiment-te-00623,en-Latn,tweets-english,sentiment,baseline,10,neutral,negative,True,0.41844044227482885,
sentiment-te-00624,en-Latn,tweets-english,sentiment,baseline,5,positive,positive,False,0.4663698720967549,
sentiment-te-00625,en-Latn,tweets-english,sentiment,baseline,15,negative,negative,False,0.4144298875544207,
sentiment-te-00626,en-Latn,tweets-english,sentiment,baseline,4,neutral,neutral,False,0.4022924175552379,
sentiment-te-00627,en-Latn,tweets-english,sentiment,baseline,17,positive,positive,False,0.3979749438708158,
sentiment-te-00628,en-Latn,tweets-english,sentiment,baseline,14,negative,negative,False,0.5187596105359927,
sentiment-te-00629,en-Latn,tweets-english,sentiment,baseline,2,neutral,negative,True,0.35597739784595683,
sentiment-te-00630,en-Latn,tweets-english,sentiment,baseline,7,positive,positive,False,0.4001191605251381,
sentiment-te-00631,en-Latn,tweets-english,sentiment,baseline,27,negative,negative,False,0.5276421007645853,
sentiment-te-00632,en-Latn,tweets-english,sentiment,baseline,10,neutral,negative,True,0.41496971681562284,
sentiment-te-00633,en-Latn,tweets-english,sentiment,baseline,11,positive,positive,False,0.54422623984192,
sentiment-te-00634,en-Latn,tweets-english,sentiment,baseline,21,negative,negative,False,0.47954391103971855,
sentiment-te-00635,en-Latn,tweets-english,sentiment,baseline,14,neutral,negative,True,0.34525477747840755,
sentiment-te-00636,en-Latn,tweets-english,sentiment,baseline,5,positive,positive,False,0.5019662582400471,
sentiment-te-00637,en-Latn,tweets-english,sentiment,baseline,14,negative,negative,False,0.4819995145366137,
sentiment-te-00638,en-Latn,tweets-english,sentiment,baseline,23,neutral,negative,True,0.5181837034050557,
sentiment-te-00639,en-Latn,tweets-english,sentiment,baseline,18,positive,negative,True,0.36651933031565287,
sentiment-te-00640,en-Latn,tweets-english,sentiment,baseline,26,negative,negative,False,0.488373424951079,
sentiment-te-00641,en-Latn,tweets-english,sentiment,baseline,11,neutral,neutral,False,0.47554598992056385,
sentiment-te-00642,en-Latn,tweets-english,sentiment,baseline,18,positive,negative,True,0.4978293644195691,
sentiment-te-00643,en-Latn,tweets-english,sentiment,baseline,15,negative,neutral,True,0.34203325490878284,
sentiment-te-00644,en-Latn,tweets-english,sentiment,baseline,15,neutral,neutral,False,0.38665148473836625,
sentiment-te-00645,en-Latn,tweets-english,sentiment,baseline,14,positive,positive,False,0.38042301002183915,
sentiment-te-00646,en-Latn,tweets-english,sentiment,baseline,20,negative,negative,False,0.5366120099329214,
sentiment-te-00647,en-Latn,tweets-english,sentiment,baseline,7,neutral,positive,True,0.36090760237467445,
sentiment-te-00648,en-Latn,tweets-english,sentiment,baseline,7,positive,neutral,True,0.41960880309184306,
sentiment-te-00649,en-Latn,tweets-english,sentiment,baseline,26,negative,negative,False,0.45170360221541256,
sentiment-te-00650,en-Latn,tweets-english,sentiment,baseline,6,neutral,neutral,False,0.3614387566516111,
sentiment-te-00651,en-Latn,tweets-english,sentiment,baseline,10,positive,positive,False,0.3815029067004222,
sentiment-te-00652,en-Latn,tweets-english,sentiment,baseline,19,negative,negative,False,0.48483667801755015,
sentiment-te-00653,en-Latn,tweets-english,sentiment,baseline,16,neutral,negative,True,0.47809187712515416,
sentiment-te-00654,en-Latn,tweets-english,sentiment,baseline,24,positive,positive,False,0.4870155059613821,
sentiment-te-00655,en-Latn,tweets-english,sentiment,baseline,12,negative,negative,False,0.38736994829659677,
sentiment-te-00656,en-Latn,tweets-english,sentiment,baseline,26,neutral,neutral,False,0.380377348511017,
sentiment-te-00657,en-Latn,tweets-english,sentiment,baseline,11,positive,positive,False,0.47333123805142846,
sentiment-te-00658,en-Latn,tweets-english,sentiment,baseline,20,negative,neutral,True,0.42572543214146796,
sentiment-te-00659,en-Latn,tweets-english,sentiment,baseline,14,neutral,negative,True,0.4043125671824572,
sentiment-te-00660,en-Latn,tweets-english,sentiment,baseline,19,positive,neutral,True,0.3998311335413001,
sentiment-te-00661,en-Latn,tweets-english,sentiment,baseline,11,negative,negative,False,0.44019941652853034,
sentiment-te-00662,en-Latn,tweets-english,sentiment,baseline,17,neutral,negative,True,0.3756211951683247,
sentiment-te-00663,en-Latn,tweets-english,sentiment,baseline,16,positive,positive,False,0.411701395005421,
sentiment-te-00664,en-Latn,tweets-english,sentiment,baseline,21,negative,negative,False,0.48962564387296104,
sentiment-te-00665,en-Latn,tweets-english,sentiment,baseline,17,neutral,negative,True,0.40930097040690605,
sentiment-te-00666,en-Latn,tweets-english,sentiment,baseline,16,positive,positive,False,0.4315985083675201,
sentiment-te-00667,en-Latn,tweets-english,sentiment,baseline,22,negative,negative,False,0.6987203819059249,
sentiment-te-00668,en-Latn,tweets-english,sentiment,baseline,12,neutral,neutral,False,0.6332861444077356,
sentiment-te-00669,en-Latn,tweets-english,sentiment,baseline,7,positive,positive,False,0.47752147325748445,
sentiment-te-00670,en-Latn,tweets-english,sentiment,baseline,20,negative,negative,False,0.42309527477770104,
sentiment-te-00671,en-Latn,tweets-english,sentiment,baseline,14,neutral,positive,True,0.46790274741819954,
sentiment-te-00672,en-Latn,tweets-english,sentiment,baseline,6,positive,positive,False,0.437754020517947,
sentiment-te-00673,en-Latn,tweets-english,sentiment,baseline,13,negative,negative,False,0.5302319116999427,
sentiment-te-00674,en-Latn,tweets-english,sentiment,baseline,8,neutral,negative,True,0.4988518940962493,
sentiment-te-00675,en-Latn,tweets-english,sentiment,baseline,14,positive,positive,False,0.5791413562036237,
sentiment-te-00676,en-Latn,tweets-english,sentiment,baseline,17,negative,neutral,True,0.4756871097564244,
sentiment-te-00677,en-Latn,tweets-english,sentiment,baseline,13,neutral,negative,True,0.5658164561807352,
sentiment-te-00678,en-Latn,tweets-english,sentiment,baseline,18,positive,neutral,True,0.47752860122023866,
sentiment-te-00679,en-Latn,tweets-english,sentiment,baseline,10,negative,negative,False,0.4899216132630954,
sentiment-te-00680,en-Latn,tweets-english,sentiment,baseline,19,neutral,positive,True,0.36666167965535207,
sentiment-te-00681,en-Latn,tweets-english,sentiment,baseline,12,positive,positive,False,0.3980442100475556,
sentiment-te-00682,en-Latn,tweets-english,sentiment,baseline,7,negative,negative,False,0.38115528636074086,
sentiment-te-00683,en-Latn,tweets-english,sentiment,baseline,11,neutral,neutral,False,0.5023020348503571,
sentiment-te-00684,en-Latn,tweets-english,sentiment,baseline,25,positive,positive,False,0.462173472481413,
sentiment-te-00685,en-Latn,tweets-english,sentiment,baseline,10,negative,neutral,True,0.42272185818458957,
sentiment-te-00686,en-Latn,tweets-english,sentiment,baseline,11,neutral,negative,True,0.4926837190774887,
sentiment-te-00687,en-Latn,tweets-english,sentiment,baseline,20,positive,positive,False,0.5187646467557468,
sentiment-te-00688,en-Latn,tweets-english,sentiment,baseline,20,negative,negative,False,0.416169023281901,
sentiment-te-00689,en-Latn,tweets-english,sentiment,baseline,15,neutral,neutral,False,0.48215014520046384,
sentiment-te-00690,en-Latn,tweets-english,sentiment,baseline,7,positive,neutral,True,0.4136308998244617,
sentiment-te-00691,en-Latn,tweets-english,sentiment,baseline,15,negative,negative,False,0.6242396505288264,
sentiment-te-00692,en-Latn,tweets-english,sentiment,baseline,17,neutral,negative,True,0.45937048034937794,
sentiment-te-00693,en-Latn,tweets-english,sentiment,baseline,13,positive,neutral,True,0.34637375861161074,
sentiment-te-00694,en-Latn,tweets-english,sentiment,baseline,19,negative,negative,False,0.5487380067277808,
sentiment-te-00695,en-Latn,tweets-english,sentiment,baseline,12,neutral,neutral,False,0.42320022574837385,
sentiment-te-00696,en-Latn,tweets-english,sentiment,baseline,10,positive,positive,False,0.37791108433189563,
sentiment-te-00697,en-Latn,tweets-english,sentiment,baseline,22,negative,negative,False,0.5768396437040229,
sentiment-te-00698,en-Latn,tweets-english,sentiment,baseline,15,neutral,positive,True,0.6654544593761256,
sentiment-te-00699,en-Latn,tweets-english,sentiment,baseline,18,positive,negative,True,0.4237647603565008,
sentiment-te-00700,en-Latn,tweets-english,sentiment,baseline,17,negative,negative,False,0.35447122074430415,
sentiment-te-00701,en-Latn,tweets-english,sentiment,baseline,14,neutral,neutral,False,0.40854688803220207,
sentiment-te-00702,en-Latn,tweets-english,sentiment,baseline,9,positive,negative,True,0.3534264353009388,
sentiment-te-00703,en-Latn,tweets-english,sentiment,baseline,10,negative,negative,False,0.41399897732872304,
sentiment-te-00704,en-Latn,tweets-english,sentiment,baseline,17,neutral,negative,True,0.4598735527076475,
sentiment-te-00705,en-Latn,tweets-english,sentiment,baseline,6,positive,neutral,True,0.3612262569353911,
sentiment-te-00706,en-Latn,tweets-english,sentiment,baseline,20,negative,positive,True,0.4006292381264651,
sentiment-te-00707,en-Latn,tweets-english,sentiment,baseline,8,neutral,positive,True,0.4913880379639701,
sentiment-te-00708,en-Latn,tweets-english,sentiment,baseline,13,positive,neutral,True,0.37452649284289363,
sentiment-te-00709,en-Latn,tweets-english,sentiment,baseline,21,negative,negative,False,0.4418841564902833,
sentiment-te-00710,en-Latn,tweets-english,sentiment,baseline,13,neutral,neutral,False,0.40530461644102467,
sentiment-te-00711,en-Latn,tweets-english,sentiment,baseline,22,positive,positive,False,0.6107796841144614,
sentiment-te-00712,en-Latn,tweets-english,sentiment,baseline,16,negative,negative,False,0.4797229694085165,
sentiment-te-00713,en-Latn,tweets-english,sentiment,baseline,9,neutral,negative,True,0.43420734149437984,
sentiment-te-00714,en-Latn,tweets-english,sentiment,baseline,25,positive,negative,True,0.3699192019283837,
sentiment-te-00715,en-Latn,tweets-english,sentiment,baseline,20,negative,negative,False,0.45027262377547245,
sentiment-te-00716,en-Latn,tweets-english,sentiment,baseline,16,neutral,negative,True,0.4879770680057025,
sentiment-te-00717,en-Latn,tweets-english,sentiment,baseline,6,positive,negative,True,0.5053781374048018,
sentiment-te-00718,en-Latn,tweets-english,sentiment,baseline,19,negative,neutral,True,0.5034958893315998,
sentiment-te-00719,en-Latn,tweets-english,sentiment,baseline,14,neutral,negative,True,0.4210958925701801,
sentiment-te-00720,en-Latn,tweets-english,sentiment,baseline,12,positive,positive,False,0.4473451174159877,
sentiment-te-00721,en-Latn,tweets-english,sentiment,baseline,20,negative,negative,False,0.46009418189961077,
sentiment-te-00722,en-Latn,tweets-english,sentiment,baseline,17,neutral,negative,True,0.424375565201931,
sentiment-te-00723,en-Latn,tweets-english,sentiment,baseline,11,positive,positive,False,0.5625976302560001,
sentiment-te-00724,en-Latn,tweets-english,sentiment,baseline,7,negative,neutral,True,0.3808823910714273,
sentiment-te-00725,en-Latn,tweets-english,sentiment,baseline,10,neutral,neutral,False,0.3770780835483196,
sentiment-te-00726,en-Latn,tweets-english,sentiment,baseline,14,positive,positive,False,0.4739830405514595,
sentiment-te-00727,en-Latn,tweets-english,sentiment,baseline,22,negative,negative,False,0.5706116426997841,
sentiment-te-00728,en-Latn,tweets-english,sentiment,baseline,26,neutral,negative,True,0.5083947561134391,
sentiment-te-00729,en-Latn,tweets-english,sentiment,baseline,18,positive,negative,True,0.41864051837116295,
sentiment-te-00730,en-Latn,tweets-english,sentiment,baseline,25,negative,negative,False,0.43123420075203556,
sentiment-te-00731,en-Latn,tweets-english,sentiment,baseline,21,neutral,negative,True,0.4487477420009089,
sentiment-te-00732,en-Latn,tweets-english,sentiment,baseline,20,positive,positive,False,0.8003807162653326,
sentiment-te-00733,en-Latn,tweets-english,sentiment,baseline,22,negative,negative,False,0.3501221310691046,
sentiment-te-00734,en-Latn,tweets-english,sentiment,baseline,12,neutral,negative,True,0.5275464416114101,
sentiment-te-00735,en-Latn,tweets-english,sentiment,baseline,3,positive,positive,False,0.35204205263872396,
sentiment-te-00736,en-Latn,tweets-english,sentiment,baseline,19,negative,negative,False,0.46089265844507804,
sentiment-te-00737,en-Latn,tweets-english,sentiment,baseline,6,neutral,neutral,False,0.3876657836737201,
sentiment-te-00738,en-Latn,tweets-english,sentiment,baseline,7,positive,positive,False,0.5493117202343573,
sentiment-te-00739,en-Latn,tweets-english,sentiment,baseline,23,negative,negative,False,0.4131213062190063,
sentiment-te-00740,en-Latn,tweets-english,sentiment,baseline,19,neutral,positive,True,0.37164081862141163,
sentiment-te-00741,en-Latn,tweets-english,sentiment,baseline,19,positive,positive,False,0.615263321772862,
sentiment-te-00742,en-Latn,tweets-english,sentiment,baseline,14,negative,neutral,True,0.3884199348779469,
sentiment-te-00743,en-Latn,tweets-english,sentiment,baseline,9,neutral,positive,True,0.38884243295902443,
sentiment-te-00744,en-Latn,tweets-english,sentiment,baseline,4,positive,neutral,True,0.42683424301521256,
sentiment-te-00745,en-Latn,tweets-english,sentiment,baseline,20,negative,negative,False,0.5109543176055695,
sentiment-te-00746,en-Latn,tweets-english,sentiment,baseline,16,neutral,negative,True,0.455122853278586,
sentiment-te-00747,en-Latn,tweets-english,sentiment,baseline,17,positive,negative,True,0.3376217606472562,
sentiment-te-00748,en-Latn,tweets-english,sentiment,baseline,20,negative,negative,False,0.6628503879881467,
sentiment-te-00749,en-Latn,tweets-english,sentiment,baseline,20,neutral,neutral,False,0.4193288661440093,
sentiment-te-00750,en-Latn,tweets-english,sentiment,baseline,12,positive,negative,True,0.41846325463667783,
sentiment-te-00751,en-Latn,tweets-english,sentiment,baseline,19,negative,negative,False,0.4912640084551682,
sentiment-te-00752,en-Latn,tweets-english,sentiment,baseline,12,neutral,negative,True,0.4596244059120624,
sentiment-te-00753,en-Latn,tweets-english,sentiment,baseline,16,positive,positive,False,0.5108670699841951,
sentiment-te-00754,en-Latn,tweets-english,sentiment,baseline,21,negative,neutral,True,0.42009071675924375,
sentiment-te-00755,en-Latn,tweets-english,sentiment,baseline,10,neutral,positive,True,0.4896107220849432,
sentiment-te-00756,en-Latn,tweets-english,sentiment,baseline,13,positive,neutral,True,0.38476874987549875,
sentiment-te-00757,en-Latn,tweets-english,sentiment,baseline,16,negative,negative,False,0.41753473027204896,
sentiment-te-00758,en-Latn,tweets-english,sentiment,baseline,26,neutral,negative,True,0.5234184075308955,
sentiment-te-00759,en-Latn,tweets-english,sentiment,baseline,16,positive,neutral,True,0.37049664557527084,
sentiment-te-00760,en-Latn,tweets-english,sentiment,baseline,12,negative,neutral,True,0.4453029400249466,
sentiment-te-00761,en-Latn,tweets-english,sentiment,baseline,6,neutral,neutral,False,0.43854966835563247,
sentiment-te-00762,en-Latn,tweets-english,sentiment,baseline,17,positive,positive,False,0.4962236129671968,
sentiment-te-00763,en-Latn,tweets-english,sentiment,baseline,20,negative,negative,False,0.4960481478278315,
sentiment-te-00764,en-Latn,tweets-english,sentiment,baseline,24,neutral,negative,True,0.41612135456798727,
sentiment-te-00765,en-Latn,tweets-english,sentiment,baseline,10,positive,positive,False,0.5020100915257465,
sentiment-te-00766,en-Latn,tweets-english,sentiment,baseline,22,negative,negative,False,0.4450580980479985,
sentiment-te-00767,en-Latn,tweets-english,sentiment,baseline,8,neutral,neutral,False,0.4873461693867476,
sentiment-te-00768,en-Latn,tweets-english,sentiment,baseline,21,positive,neutral,True,0.35590684169314313,
sentiment-te-00769,en-Latn,tweets-english,sentiment,baseline,17,negative,negative,False,0.5336242639342095,
sentiment-te-00770,en-Latn,tweets-english,sentiment,baseline,8,neutral,positive,True,0.3536585688818316,
sentiment-te-00771,en-Latn,tweets-english,sentiment,baseline,19,positive,positive,False,0.49604048386204946,
sentiment-te-00772,en-Latn,tweets-english,sentiment,baseline,17,negative,neutral,True,0.3779895651293125,
sentiment-te-00773,en-Latn,tweets-english,sentiment,baseline,20,neutral,neutral,False,0.3750631863814684,
sentiment-te-00774,en-Latn,tweets-english,sentiment,baseline,16,positive,neutral,True,0.6102904235048908,
sentiment-te-00775,en-Latn,tweets-english,sentiment,baseline,12,negative,negative,False,0.4303026067695379,
sentiment-te-00776,en-Latn,tweets-english,sentiment,baseline,8,neutral,positive,True,0.4376537075467799,
sentiment-te-00777,en-Latn,tweets-english,sentiment,baseline,12,positive,neutral,True,0.3492907879399905,
sentiment-te-00778,en-Latn,tweets-english,sentiment,baseline,20,negative,negative,False,0.3775794210251363,
sentiment-te-00779,en-Latn,tweets-english,sentiment,baseline,4,neutral,negative,True,0.40327337187452156,
sentiment-te-00780,en-Latn,tweets-english,sentiment,baseline,11,positive,neutral,True,0.41388112497901236,
sentiment-te-00781,en-Latn,tweets-english,sentiment,baseline,19,negative,negative,False,0.537990983115971,
sentiment-te-00782,en-Latn,tweets-english,sentiment,baseline,17,neutral,positive,True,0.4121963141143553,
sentiment-te-00783,en-Latn,tweets-english,sentiment,baseline,4,positive,neutral,True,0.3777235530266355,
sentiment-te-00784,en-Latn,tweets-english,sentiment,baseline,17,negative,positive,True,0.38252075085707243,
sentiment-te-00785,en-Latn,tweets-english,sentiment,baseline,7,neutral,negative,True,0.5115978777915728,
sentiment-te-00786,en-Latn,tweets-english,sentiment,baseline,21,positive,negative,True,0.47168574441381655,
sentiment-te-00787,en-Latn,tweets-english,sentiment,baseline,14,negative,neutral,True,0.4832773187085956,
sentiment-te-00788,en-Latn,tweets-english,sentiment,baseline,23,neutral,negative,True,0.4252314827259451,
sentiment-te-00789,en-Latn,tweets-english,sentiment,baseline,16,positive,neutral,True,0.360938518445451,
sentiment-te-00790,en-Latn,tweets-english,sentiment,baseline,5,negative,negative,False,0.4328276781408758,
sentiment-te-00791,en-Latn,tweets-english,sentiment,baseline,7,neutral,positive,True,0.42726353037456405,
sentiment-te-00792,en-Latn,tweets-english,sentiment,baseline,11,positive,neutral,True,0.427727462351968,
sentiment-te-00793,en-Latn,tweets-english,sentiment,baseline,21,negative,negative,False,0.5892046759165498,
sentiment-te-00794,en-Latn,tweets-english,sentiment,baseline,7,neutral,negative,True,0.4476141982440972,
sentiment-te-00795,en-Latn,tweets-english,sentiment,baseline,5,positive,positive,False,0.5723910556852381,
sentiment-te-00796,en-Latn,tweets-english,sentiment,baseline,16,negative,negative,False,0.3909517338507892,
sentiment-te-00797,en-Latn,tweets-english,sentiment,baseline,6,neutral,neutral,False,0.41445281239930093,
sentiment-te-00798,en-Latn,tweets-english,sentiment,baseline,17,positive,neutral,True,0.5126121529275365,
sentiment-te-00799,en-Latn,tweets-english,sentiment,baseline,13,negative,negative,False,0.43238172069838027,
sentiment-te-00800,en-Latn,tweets-english,sentiment,baseline,15,neutral,neutral,False,0.4106026190759305,
sentiment-te-00801,en-Latn,tweets-english,sentiment,baseline,5,positive,neutral,True,0.3915057415193924,
sentiment-te-00802,en-Latn,tweets-english,sentiment,baseline,6,negative,neutral,True,0.47936386771100464,
sentiment-te-00803,en-Latn,tweets-english,sentiment,baseline,15,neutral,negative,True,0.4597461409410412,
sentiment-te-00804,en-Latn,tweets-english,sentiment,baseline,15,positive,positive,False,0.40365174867620224,
sentiment-te-00805,en-Latn,tweets-english,sentiment,baseline,14,negative,negative,False,0.41201561107181334,
sentiment-te-00806,en-Latn,tweets-english,sentiment,baseline,15,neutral,neutral,False,0.3901745414161368,
sentiment-te-00807,en-Latn,tweets-english,sentiment,baseline,16,positive,positive,False,0.5471026257206707,
sentiment-te-00808,en-Latn,tweets-english,sentiment,baseline,18,negative,negative,False,0.5834648618415291,
sentiment-te-00809,en-Latn,tweets-english,sentiment,baseline,10,neutral,positive,True,0.3716833229031027,
sentiment-te-00810,en-Latn,tweets-english,sentiment,baseline,18,positive,neutral,True,0.40798874034857924,
sentiment-te-00811,en-Latn,tweets-english,sentiment,baseline,19,negative,positive,True,0.40608686466321625,
sentiment-te-00812,en-Latn,tweets-english,sentiment,baseline,7,neutral,neutral,False,0.5294898023954552,
sentiment-te-00813,en-Latn,tweets-english,sentiment,baseline,24,positive,negative,True,0.41223670997698486,
sentiment-te-00814,en-Latn,tweets-english,sentiment,baseline,14,negative,negative,False,0.37764482516454995,
sentiment-te-00815,en-Latn,tweets-english,sentiment,baseline,17,neutral,negative,True,0.41247016886456356,
sentiment-te-00816,en-Latn,tweets-english,sentiment,baseline,12,positive,negative,True,0.35478294516640846,
sentiment-te-00817,en-Latn,tweets-english,sentiment,baseline,23,negative,negative,False,0.38475446163448274,
sentiment-te-00818,en-Latn,tweets-english,sentiment,baseline,16,neutral,neutral,False,0.4858270530092648,
sentiment-te-00819,en-Latn,tweets-english,sentiment,baseline,13,positive,positive,False,0.4710172268465938,
sentiment-te-00820,en-Latn,tweets-english,sentiment,baseline,12,negative,negative,False,0.547976494622196,
sentiment-te-00821,en-Latn,tweets-english,sentiment,baseline,14,neutral,negative,True,0.49199148030960016,
sentiment-te-00822,en-Latn,tweets-english,sentiment,baseline,11,positive,neutral,True,0.33879803109964196,
sentiment-te-00823,en-Latn,tweets-english,sentiment,baseline,17,negative,positive,True,0.4341030901360018,
sentiment-te-00824,en-Latn,tweets-english,sentiment,baseline,15,neutral,negative,True,0.46343469529185266,
sentiment-te-00825,en-Latn,tweets-english,sentiment,baseline,23,positive,positive,False,0.6657386526802478,
sentiment-te-00826,en-Latn,tweets-english,sentiment,baseline,14,negative,neutral,True,0.4295664265444769,
sentiment-te-00827,en-Latn,tweets-english,sentiment,baseline,11,neutral,positive,True,0.4524269614606891,
sentiment-te-00828,en-Latn,tweets-english,sentiment,baseline,11,positive,neutral,True,0.4497769626387502,
sentiment-te-00829,en-Latn,tweets-english,sentiment,baseline,7,negative,negative,False,0.5290039883291878,
sentiment-te-00830,en-Latn,tweets-english,sentiment,baseline,17,neutral,negative,True,0.45416662765519245,
sentiment-te-00831,en-Latn,tweets-english,sentiment,baseline,12,positive,neutral,True,0.3726496607403852,
sentiment-te-00832,en-Latn,tweets-english,sentiment,baseline,10,negative,negative,False,0.4087415378107807,
sentiment-te-00833,en-Latn,tweets-english,sentiment,baseline,20,neutral,negative,True,0.48775236410482553,
sentiment-te-00834,en-Latn,tweets-english,sentiment,baseline,11,positive,positive,False,0.5262355567336628,
sentiment-te-00835,en-Latn,tweets-english,sentiment,baseline,20,negative,positive,True,0.49002907213096036,
sentiment-te-00836,en-Latn,tweets-english,sentiment,baseline,15,neutral,neutral,False,0.3914919694816932,
sentiment-te-00837,en-Latn,tweets-english,sentiment,baseline,16,positive,positive,False,0.43396796724370895,
sentiment-te-00838,en-Latn,tweets-english,sentiment,baseline,24,negative,negative,False,0.4581920186277511,
sentiment-te-00839,en-Latn,tweets-english,sentiment,baseline,11,neutral,neutral,False,0.38198746582291504,
sentiment-te-00840,en-Latn,tweets-english,sentiment,baseline,16,positive,positive,False,0.6795874647146508,
sentiment-te-00841,en-Latn,tweets-english,sentiment,baseline,13,negative,negative,False,0.6492086328192099,
sentiment-te-00842,en-Latn,tweets-english,sentiment,baseline,7,neutral,negative,True,0.4519794912031952,
sentiment-te-00843,en-Latn,tweets-english,sentiment,baseline,15,positive,neutral,True,0.5433878538425929,
sentiment-te-00844,en-Latn,tweets-english,sentiment,baseline,12,negative,neutral,True,0.4028835007824986,
sentiment-te-00845,en-Latn,tweets-english,sentiment,baseline,25,neutral,negative,True,0.49290581284868623,
sentiment-te-00846,en-Latn,tweets-english,sentiment,baseline,17,positive,negative,True,0.4988236494392735,
sentiment-te-00847,en-Latn,tweets-english,sentiment,baseline,17,negative,negative,False,0.5207541333277552,
sentiment-te-00848,en-Latn,tweets-english,sentiment,baseline,7,neutral,neutral,False,0.4401741170007926,
sentiment-te-00849,en-Latn,tweets-english,sentiment,baseline,11,positive,positive,False,0.4315874081144602,
sentiment-te-00850,en-Latn,tweets-english,sentiment,baseline,17,negative,neutral,True,0.3536544293938503,
sentiment-te-00851,en-Latn,tweets-english,sentiment,baseline,5,neutral,positive,True,0.4567604103412246,
sentiment-te-00852,en-Latn,tweets-english,sentiment,baseline,15,positive,negative,True,0.42648195090156105,
sentiment-te-00853,en-Latn,tweets-english,sentiment,baseline,19,negative,negative,False,0.5322415040941366,
sentiment-te-00854,en-Latn,tweets-english,sentiment,baseline,18,neutral,negative,True,0.38359274631972323,
sentiment-te-00855,en-Latn,tweets-english,sentiment,baseline,5,positive,positive,False,0.5228968714666087,
sentiment-te-00856,en-Latn,tweets-english,sentiment,baseline,15,negative,positive,True,0.4465332761334007,
sentiment-te-00857,en-Latn,tweets-english,sentiment,baseline,20,neutral,negative,True,0.39170604189489333,
sentiment-te-00858,en-Latn,tweets-english,sentiment,baseline,9,positive,positive,False,0.5220195812806412,
sentiment-te-00859,en-Latn,tweets-english,sentiment,baseline,21,negative,negative,False,0.5040745827135589,
sentiment-te-00860,en-Latn,tweets-english,sentiment,baseline,29,neutral,positive,True,0.6274629884664762,
sentiment-te-00861,en-Latn,tweets-english,sentiment,baseline,15,positive,negative,True,0.40914403333867366,
sentiment-te-00862,en-Latn,tweets-english,sentiment,baseline,12,negative,negative,False,0.41065231870720514,
sentiment-te-00863,en-Latn,tweets-english,sentiment,baseline,10,neutral,neutral,False,0.36985686476780555,
sentiment-te-00864,en-Latn,tweets-english,sentiment,baseline,19,positive,positive,False,0.6147020423146502,
sentiment-te-00865,en-Latn,tweets-english,sentiment,baseline,19,negative,negative,False,0.4262222494089936,
sentiment-te-00866,en-Latn,tweets-english,sentiment,baseline,21,neutral,neutral,False,0.42356136498381786,
sentiment-te-00867,en-Latn,tweets-english,sentiment,baseline,7,positive,neutral,True,0.49299754701154747,
sentiment-te-00868,en-Latn,tweets-english,sentiment,baseline,11,negative,negative,False,0.3847473616105654,
sentiment-te-00869,en-Latn,tweets-english,sentiment,baseline,19,neutral,neutral,False,0.38270003149796045,
sentiment-te-00870,en-Latn,tweets-english,sentiment,baseline,13,positive,negative,True,0.47169057221296873,
sentiment-te-00871,hi-Latn,tweets-hindi,sentiment,baseline,21,negative,negative,False,0.45948432189106947,
sentiment-te-00872,hi-Latn,tweets-hindi,sentiment,baseline,6,neutral,neutral,False,0.39821591037436316,
sentiment-te-00873,hi-Latn,tweets-hindi,sentiment,baseline,28,positive,positive,False,0.6664362367187577,
sentiment-te-00874,hi-Latn,tweets-hindi,sentiment,baseline,17,negative,negative,False,0.6275617999375103,
sentiment-te-00875,hi-Latn,tweets-hindi,sentiment,baseline,19,neutral,positive,True,0.397720154687015,
sentiment-te-00876,hi-Latn,tweets-hindi,sentiment,baseline,2,positive,positive,False,0.4697926221641835,
sentiment-te-00877,hi-Latn,tweets-hindi,sentiment,baseline,14,negative,negative,False,0.47324345751595914,
sentiment-te-00878,hi-Latn,tweets-hindi,sentiment,baseline,7,neutral,negative,True,0.5098708950129655,
sentiment-te-00879,hi-Latn,tweets-hindi,sentiment,baseline,13,positive,negative,True,0.4562025821731745,
sentiment-te-00880,hi-Latn,tweets-hindi,sentiment,baseline,3,negative,negative,False,0.3458859977130927,
sentiment-te-00881,hi-Latn,tweets-hindi,sentiment,baseline,4,neutral,neutral,False,0.4203106018629006,
sentiment-te-00882,hi-Latn,tweets-hindi,sentiment,baseline,13,positive,negative,True,0.5041517085801629,
sentiment-te-00883,hi-Latn,tweets-hindi,sentiment,baseline,7,negative,negative,False,0.5708815174311423,
sentiment-te-00884,hi-Latn,tweets-hindi,sentiment,baseline,12,neutral,negative,True,0.38006390959559466,
sentiment-te-00885,hi-Latn,tweets-hindi,sentiment,baseline,26,positive,positive,False,0.5051699857756593,
sentiment-te-00886,hi-Latn,tweets-hindi,sentiment,baseline,14,negative,negative,False,0.585722035173004,
sentiment-te-00887,hi-Latn,tweets-hindi,sentiment,baseline,13,neutral,positive,True,0.4186001405664186,
sentiment-te-00888,hi-Latn,tweets-hindi,sentiment,baseline,20,positive,negative,True,0.5673145094101417,
sentiment-te-00889,hi-Latn,tweets-hindi,sentiment,baseline,21,negative,positive,True,0.40862438626530406,
sentiment-te-00890,hi-Latn,tweets-hindi,sentiment,baseline,3,neutral,positive,True,0.42102256739173616,
sentiment-te-00891,hi-Latn,tweets-hindi,sentiment,baseline,10,positive,negative,True,0.3761168789223446,
sentiment-te-00892,hi-Latn,tweets-hindi,sentiment,baseline,1,negative,negative,False,0.5091949170934306,
sentiment-te-00893,hi-Latn,tweets-hindi,sentiment,baseline,7,neutral,negative,True,0.45218369853776313,
sentiment-te-00894,hi-Latn,tweets-hindi,sentiment,baseline,20,positive,negative,True,0.36787511385064064,
sentiment-te-00895,hi-Latn,tweets-hindi,sentiment,baseline,2,negative,negative,False,0.4371156845876803,
sentiment-te-00896,hi-Latn,tweets-hindi,sentiment,baseline,20,positive,neutral,True,0.4142717285668147,
sentiment-te-00897,hi-Latn,tweets-hindi,sentiment,baseline,5,negative,negative,False,0.6323345101504722,
sentiment-te-00898,hi-Latn,tweets-hindi,sentiment,baseline,10,neutral,positive,True,0.3662013502768159,
sentiment-te-00899,hi-Latn,tweets-hindi,sentiment,baseline,7,positive,positive,False,0.45299612995788185,
sentiment-te-00900,hi-Latn,tweets-hindi,sentiment,baseline,1,negative,positive,True,0.3896027530553718,
sentiment-te-00901,hi-Latn,tweets-hindi,sentiment,baseline,5,neutral,neutral,False,0.44519577525894444,
sentiment-te-00902,hi-Latn,tweets-hindi,sentiment,baseline,11,positive,neutral,True,0.4198728797353692,
sentiment-te-00903,hi-Latn,tweets-hindi,sentiment,baseline,21,negative,negative,False,0.6562086391124133,
sentiment-te-00904,hi-Latn,tweets-hindi,sentiment,baseline,8,neutral,neutral,False,0.43592118890006915,
sentiment-te-00905,hi-Latn,tweets-hindi,sentiment,baseline,17,positive,neutral,True,0.4973628029347903,
sentiment-te-00906,hi-Latn,tweets-hindi,sentiment,baseline,5,negative,positive,True,0.5651611954458237,
sentiment-te-00907,hi-Latn,tweets-hindi,sentiment,baseline,5,neutral,positive,True,0.5152227735553161,
sentiment-te-00908,hi-Latn,tweets-hindi,sentiment,baseline,23,positive,negative,True,0.6088785231692158,
sentiment-te-00909,hi-Latn,tweets-hindi,sentiment,baseline,6,negative,negative,False,0.44443441317970866,
sentiment-te-00910,hi-Latn,tweets-hindi,sentiment,baseline,30,neutral,positive,True,0.5435391567582428,
sentiment-te-00911,hi-Latn,tweets-hindi,sentiment,baseline,9,positive,positive,False,0.470930333800716,
sentiment-te-00912,hi-Latn,tweets-hindi,sentiment,baseline,20,negative,negative,False,0.6729657962236495,
sentiment-te-00913,hi-Latn,tweets-hindi,sentiment,baseline,17,neutral,neutral,False,0.40449964740832406,
sentiment-te-00914,hi-Latn,tweets-hindi,sentiment,baseline,25,positive,positive,False,0.39798351721696223,
sentiment-te-00915,hi-Latn,tweets-hindi,sentiment,baseline,13,negative,positive,True,0.6301084459400492,
sentiment-te-00916,hi-Latn,tweets-hindi,sentiment,baseline,5,neutral,neutral,False,0.3661164514265632,
sentiment-te-00917,hi-Latn,tweets-hindi,sentiment,baseline,21,positive,positive,False,0.43719538135016517,
sentiment-te-00918,hi-Latn,tweets-hindi,sentiment,baseline,19,negative,neutral,True,0.5074563369524372,
sentiment-te-00919,hi-Latn,tweets-hindi,sentiment,baseline,8,neutral,neutral,False,0.5152197653512081,
sentiment-te-00920,hi-Latn,tweets-hindi,sentiment,baseline,31,positive,neutral,True,0.452380891985727,
sentiment-te-00921,hi-Latn,tweets-hindi,sentiment,baseline,22,negative,negative,False,0.40742185670309156,
sentiment-te-00922,hi-Latn,tweets-hindi,sentiment,baseline,30,neutral,neutral,False,0.517309381966498,
sentiment-te-00923,hi-Latn,tweets-hindi,sentiment,baseline,14,positive,positive,False,0.6363149189165724,
sentiment-te-00924,hi-Latn,tweets-hindi,sentiment,baseline,11,negative,negative,False,0.5772250523566603,
sentiment-te-00925,hi-Latn,tweets-hindi,sentiment,baseline,26,neutral,positive,True,0.45216967289100946,
sentiment-te-00926,hi-Latn,tweets-hindi,sentiment,baseline,21,positive,positive,False,0.40385324380041876,
sentiment-te-00927,hi-Latn,tweets-hindi,sentiment,baseline,12,negative,neutral,True,0.6743439166701527,
sentiment-te-00928,hi-Latn,tweets-hindi,sentiment,baseline,5,neutral,positive,True,0.3898782833812435,
sentiment-te-00929,hi-Latn,tweets-hindi,sentiment,baseline,6,positive,positive,False,0.5024358849114622,
sentiment-te-00930,hi-Latn,tweets-hindi,sentiment,baseline,33,negative,negative,False,0.5757233550695872,
sentiment-te-00931,hi-Latn,tweets-hindi,sentiment,baseline,2,neutral,positive,True,0.7308501142790237,
sentiment-te-00932,hi-Latn,tweets-hindi,sentiment,baseline,34,positive,negative,True,0.6336402100454862,
sentiment-te-00933,hi-Latn,tweets-hindi,sentiment,baseline,12,negative,negative,False,0.4837713843187371,
sentiment-te-00934,hi-Latn,tweets-hindi,sentiment,baseline,5,neutral,positive,True,0.6805834735454227,
sentiment-te-00935,hi-Latn,tweets-hindi,sentiment,baseline,4,positive,neutral,True,0.3599704421035605,
sentiment-te-00936,hi-Latn,tweets-hindi,sentiment,baseline,14,negative,negative,False,0.5551499720881387,
sentiment-te-00937,hi-Latn,tweets-hindi,sentiment,baseline,6,neutral,negative,True,0.45747831834642605,
sentiment-te-00938,hi-Latn,tweets-hindi,sentiment,baseline,9,positive,positive,False,0.4278132588420358,
sentiment-te-00939,hi-Latn,tweets-hindi,sentiment,baseline,3,negative,positive,True,0.3713318756030454,
sentiment-te-00940,hi-Latn,tweets-hindi,sentiment,baseline,2,neutral,positive,True,0.45647904982295395,
sentiment-te-00941,hi-Latn,tweets-hindi,sentiment,baseline,13,positive,negative,True,0.5208260128205058,
sentiment-te-00942,hi-Latn,tweets-hindi,sentiment,baseline,4,negative,neutral,True,0.3691815295584006,
sentiment-te-00943,hi-Latn,tweets-hindi,sentiment,baseline,5,neutral,negative,True,0.40597796016607546,
sentiment-te-00944,hi-Latn,tweets-hindi,sentiment,baseline,18,positive,negative,True,0.5557689868545054,
sentiment-te-00945,hi-Latn,tweets-hindi,sentiment,baseline,21,negative,positive,True,0.4942031757028177,
sentiment-te-00946,hi-Latn,tweets-hindi,sentiment,baseline,6,neutral,neutral,False,0.5547557685470437,
sentiment-te-00947,hi-Latn,tweets-hindi,sentiment,baseline,11,positive,negative,True,0.48556386995156503,
sentiment-te-00948,hi-Latn,tweets-hindi,sentiment,baseline,30,negative,negative,False,0.5438435860598395,
sentiment-te-00949,hi-Latn,tweets-hindi,sentiment,baseline,12,neutral,negative,True,0.5086345864331605,
sentiment-te-00950,hi-Latn,tweets-hindi,sentiment,baseline,20,positive,positive,False,0.48127612779158535,
sentiment-te-00951,hi-Latn,tweets-hindi,sentiment,baseline,25,negative,positive,True,0.4416386246845846,
sentiment-te-00952,hi-Latn,tweets-hindi,sentiment,baseline,1,neutral,positive,True,0.36604335405234545,
sentiment-te-00953,hi-Latn,tweets-hindi,sentiment,baseline,18,positive,positive,False,0.4323037152628297,
sentiment-te-00954,hi-Latn,tweets-hindi,sentiment,baseline,13,negative,positive,True,0.3687529424429926,
sentiment-te-00955,hi-Latn,tweets-hindi,sentiment,baseline,29,neutral,neutral,False,0.5817326499808323,
sentiment-te-00956,hi-Latn,tweets-hindi,sentiment,baseline,23,positive,positive,False,0.41518719762956974,
sentiment-te-00957,hi-Latn,tweets-hindi,sentiment,baseline,38,negative,negative,False,0.4616375555319161,
sentiment-te-00958,hi-Latn,tweets-hindi,sentiment,baseline,36,neutral,negative,True,0.6608232837970709,
sentiment-te-00959,hi-Latn,tweets-hindi,sentiment,baseline,1,positive,positive,False,0.7406415290983462,
sentiment-te-00960,hi-Latn,tweets-hindi,sentiment,baseline,29,negative,negative,False,0.40015786958519384,
sentiment-te-00961,hi-Latn,tweets-hindi,sentiment,baseline,15,neutral,neutral,False,0.5359910423250289,
sentiment-te-00962,hi-Latn,tweets-hindi,sentiment,baseline,11,positive,positive,False,0.5437700790559298,
sentiment-te-00963,hi-Latn,tweets-hindi,sentiment,baseline,20,negative,negative,False,0.40634503151754237,
sentiment-te-00964,hi-Latn,tweets-hindi,sentiment,baseline,24,neutral,neutral,False,0.43244302482689034,
sentiment-te-00965,hi-Latn,tweets-hindi,sentiment,baseline,5,positive,positive,False,0.4125465524678115,
sentiment-te-00966,hi-Latn,tweets-hindi,sentiment,baseline,28,negative,neutral,True,0.4953358463521606,
sentiment-te-00967,hi-Latn,tweets-hindi,sentiment,baseline,18,neutral,negative,True,0.4437254045104156,
sentiment-te-00968,hi-Latn,tweets-hindi,sentiment,baseline,18,positive,negative,True,0.561623661073975,
sentiment-te-00969,hi-Latn,tweets-hindi,sentiment,baseline,18,negative,negative,False,0.6841188505579988,
sentiment-te-00970,hi-Latn,tweets-hindi,sentiment,baseline,6,neutral,negative,True,0.45599539325389304,
sentiment-te-00971,hi-Latn,tweets-hindi,sentiment,baseline,11,positive,positive,False,0.4300981457869661,
sentiment-te-00972,hi-Latn,tweets-hindi,sentiment,baseline,17,negative,negative,False,0.5086557737774967,
sentiment-te-00973,hi-Latn,tweets-hindi,sentiment,baseline,5,neutral,positive,True,0.3849453732044986,
sentiment-te-00974,hi-Latn,tweets-hindi,sentiment,baseline,15,positive,neutral,True,0.4111494804742031,
sentiment-te-00975,hi-Latn,tweets-hindi,sentiment,baseline,13,negative,neutral,True,0.43663686132165597,
sentiment-te-00976,hi-Latn,tweets-hindi,sentiment,baseline,7,neutral,positive,True,0.5033544442839829,
sentiment-te-00977,hi-Latn,tweets-hindi,sentiment,baseline,25,positive,positive,False,0.5819656899437285,
sentiment-te-00978,hi-Latn,tweets-hindi,sentiment,baseline,20,negative,neutral,True,0.4288560987257936,
sentiment-te-00979,hi-Latn,tweets-hindi,sentiment,baseline,17,positive,negative,True,0.5225521808781344,
sentiment-te-00980,hi-Latn,tweets-hindi,sentiment,baseline,12,negative,neutral,True,0.42265787646309927,
sentiment-te-00981,hi-Latn,tweets-hindi,sentiment,baseline,5,neutral,positive,True,0.38979152871050515,
sentiment-te-00982,hi-Latn,tweets-hindi,sentiment,baseline,86,positive,negative,True,0.48190943323030366,
sentiment-te-00983,hi-Latn,tweets-hindi,sentiment,baseline,18,negative,negative,False,0.6214479491960675,
sentiment-te-00984,hi-Latn,tweets-hindi,sentiment,baseline,11,neutral,neutral,False,0.4404765153163082,
sentiment-te-00985,hi-Latn,tweets-hindi,sentiment,baseline,9,positive,positive,False,0.4471179247854133,
sentiment-te-00986,hi-Latn,tweets-hindi,sentiment,baseline,13,negative,negative,False,0.5071410679879955,
sentiment-te-00987,hi-Latn,tweets-hindi,sentiment,baseline,10,neutral,negative,True,0.5323817368814324,
sentiment-te-00988,hi-Latn,tweets-hindi,sentiment,baseline,20,positive,negative,True,0.3795815853731906,
sentiment-te-00989,hi-Latn,tweets-hindi,sentiment,baseline,18,negative,negative,False,0.45555872165556305,
sentiment-te-00990,hi-Latn,tweets-hindi,sentiment,baseline,7,neutral,negative,True,0.4606971619739777,
sentiment-te-00991,hi-Latn,tweets-hindi,sentiment,baseline,2,positive,neutral,True,0.4590089372202712,
sentiment-te-00992,hi-Latn,tweets-hindi,sentiment,baseline,8,negative,negative,False,0.5879402181607186,
sentiment-te-00993,hi-Latn,tweets-hindi,sentiment,baseline,14,neutral,neutral,False,0.36444841575044556,
sentiment-te-00994,hi-Latn,tweets-hindi,sentiment,baseline,13,positive,positive,False,0.6956210627058568,
sentiment-te-00995,hi-Latn,tweets-hindi,sentiment,baseline,20,negative,negative,False,0.6179266074007747,
sentiment-te-00996,hi-Latn,tweets-hindi,sentiment,baseline,31,neutral,negative,True,0.45297277320170537,
sentiment-te-00997,hi-Latn,tweets-hindi,sentiment,baseline,6,positive,negative,True,0.4886480856667762,
sentiment-te-00998,hi-Latn,tweets-hindi,sentiment,baseline,11,negative,negative,False,0.6648692979431389,
sentiment-te-00999,hi-Latn,tweets-hindi,sentiment,baseline,13,neutral,positive,True,0.6742417667455379,
sentiment-te-01000,hi-Latn,tweets-hindi,sentiment,baseline,18,positive,positive,False,0.4635436884014215,
sentiment-te-01001,hi-Latn,tweets-hindi,sentiment,baseline,5,negative,neutral,True,0.5080109004927877,
sentiment-te-01002,hi-Latn,tweets-hindi,sentiment,baseline,28,neutral,neutral,False,0.4996601738868337,
sentiment-te-01003,hi-Latn,tweets-hindi,sentiment,baseline,30,positive,positive,False,0.4864432803997303,
sentiment-te-01004,hi-Latn,tweets-hindi,sentiment,baseline,2,negative,neutral,True,0.6902267005667684,
sentiment-te-01005,hi-Latn,tweets-hindi,sentiment,baseline,8,neutral,neutral,False,0.4055660247616316,
sentiment-te-01006,hi-Latn,tweets-hindi,sentiment,baseline,18,positive,positive,False,0.7369955381022268,
sentiment-te-01007,hi-Latn,tweets-hindi,sentiment,baseline,21,negative,negative,False,0.5091104441970251,
sentiment-te-01008,hi-Latn,tweets-hindi,sentiment,baseline,3,neutral,negative,True,0.5559745292703943,
sentiment-te-01009,hi-Latn,tweets-hindi,sentiment,baseline,10,positive,negative,True,0.5245492727210556,
sentiment-te-01010,hi-Latn,tweets-hindi,sentiment,baseline,11,negative,negative,False,0.6131210693265121,
sentiment-te-01011,hi-Latn,tweets-hindi,sentiment,baseline,3,neutral,positive,True,0.6626134168557479,
sentiment-te-01012,hi-Latn,tweets-hindi,sentiment,baseline,17,positive,positive,False,0.4362901482485782,
sentiment-te-01013,hi-Latn,tweets-hindi,sentiment,baseline,15,negative,negative,False,0.88333194546446,
sentiment-te-01014,hi-Latn,tweets-hindi,sentiment,baseline,6,positive,positive,False,0.7465852183396822,
sentiment-te-01015,hi-Latn,tweets-hindi,sentiment,baseline,3,negative,negative,False,0.46145492164141205,
sentiment-te-01016,hi-Latn,tweets-hindi,sentiment,baseline,16,neutral,positive,True,0.34645693636000263,
sentiment-te-01017,hi-Latn,tweets-hindi,sentiment,baseline,9,positive,positive,False,0.39320026814028475,
sentiment-te-01018,hi-Latn,tweets-hindi,sentiment,baseline,5,negative,neutral,True,0.41740600752006535,
sentiment-te-01019,hi-Latn,tweets-hindi,sentiment,baseline,6,neutral,negative,True,0.44724172603373236,
sentiment-te-01020,hi-Latn,tweets-hindi,sentiment,baseline,7,positive,positive,False,0.5131488705427732,
sentiment-te-01021,hi-Latn,tweets-hindi,sentiment,baseline,18,negative,negative,False,0.36818593277067135,
sentiment-te-01022,hi-Latn,tweets-hindi,sentiment,baseline,5,neutral,neutral,False,0.40297391715090375,
sentiment-te-01023,hi-Latn,tweets-hindi,sentiment,baseline,27,positive,positive,False,0.5665619781175365,
sentiment-te-01024,hi-Latn,tweets-hindi,sentiment,baseline,18,negative,negative,False,0.5720069660400903,
sentiment-te-01025,hi-Latn,tweets-hindi,sentiment,baseline,38,neutral,negative,True,0.5988715753805587,
sentiment-te-01026,hi-Latn,tweets-hindi,sentiment,baseline,25,positive,positive,False,0.47699404714842547,
sentiment-te-01027,hi-Latn,tweets-hindi,sentiment,baseline,4,negative,positive,True,0.5048459465350149,
sentiment-te-01028,hi-Latn,tweets-hindi,sentiment,baseline,6,neutral,positive,True,0.4203734912167232,
sentiment-te-01029,hi-Latn,tweets-hindi,sentiment,baseline,7,positive,negative,True,0.6090499644665774,
sentiment-te-01030,hi-Latn,tweets-hindi,sentiment,baseline,22,negative,negative,False,0.4494974914297817,
sentiment-te-01031,hi-Latn,tweets-hindi,sentiment,baseline,4,neutral,negative,True,0.5969633759843498,
sentiment-te-01032,hi-Latn,tweets-hindi,sentiment,baseline,40,positive,positive,False,0.5872760900613965,
sentiment-te-01033,hi-Latn,tweets-hindi,sentiment,baseline,11,negative,negative,False,0.4299204063882461,
sentiment-te-01034,hi-Latn,tweets-hindi,sentiment,baseline,15,neutral,neutral,False,0.4419812510835011,
sentiment-te-01035,hi-Latn,tweets-hindi,sentiment,baseline,24,positive,positive,False,0.5426990843725094,
sentiment-te-01036,hi-Latn,tweets-hindi,sentiment,baseline,11,negative,negative,False,0.523955228846501,
sentiment-te-01037,hi-Latn,tweets-hindi,sentiment,baseline,1,neutral,negative,True,0.39107451209715133,
sentiment-te-01038,hi-Latn,tweets-hindi,sentiment,baseline,17,positive,positive,False,0.4405223187601247,
sentiment-te-01039,hi-Latn,tweets-hindi,sentiment,baseline,20,negative,negative,False,0.7577758226817556,
sentiment-te-01040,hi-Latn,tweets-hindi,sentiment,baseline,25,neutral,positive,True,0.4902953751984127,
sentiment-te-01041,hi-Latn,tweets-hindi,sentiment,baseline,20,positive,positive,False,0.49177694594100857,
sentiment-te-01042,hi-Latn,tweets-hindi,sentiment,baseline,5,negative,negative,False,0.46540356443748276,
sentiment-te-01043,hi-Latn,tweets-hindi,sentiment,baseline,10,neutral,positive,True,0.4536714046972428,
sentiment-te-01044,hi-Latn,tweets-hindi,sentiment,baseline,8,positive,neutral,True,0.5429728482330937,
sentiment-te-01045,hi-Latn,tweets-hindi,sentiment,baseline,14,negative,negative,False,0.9169615674312066,
sentiment-te-01046,hi-Latn,tweets-hindi,sentiment,baseline,2,neutral,negative,True,0.4153519521931752,
sentiment-te-01047,hi-Latn,tweets-hindi,sentiment,baseline,39,positive,negative,True,0.4476139461715298,
sentiment-te-01048,hi-Latn,tweets-hindi,sentiment,baseline,13,negative,negative,False,0.6023283098902986,
sentiment-te-01049,hi-Latn,tweets-hindi,sentiment,baseline,30,neutral,neutral,False,0.41377557594465214,
sentiment-te-01050,hi-Latn,tweets-hindi,sentiment,baseline,7,positive,positive,False,0.4332816450311439,
sentiment-te-01051,hi-Latn,tweets-hindi,sentiment,baseline,8,negative,negative,False,0.6547019655593967,
sentiment-te-01052,hi-Latn,tweets-hindi,sentiment,baseline,5,neutral,positive,True,0.6170247763433949,
sentiment-te-01053,hi-Latn,tweets-hindi,sentiment,baseline,26,positive,positive,False,0.41442485222532544,
sentiment-te-01054,hi-Latn,tweets-hindi,sentiment,baseline,20,negative,negative,False,0.5650038117936951,
sentiment-te-01055,hi-Latn,tweets-hindi,sentiment,baseline,15,neutral,positive,True,0.5145924732681314,
sentiment-te-01056,hi-Latn,tweets-hindi,sentiment,baseline,40,positive,negative,True,0.45430932639509175,
sentiment-te-01057,hi-Latn,tweets-hindi,sentiment,baseline,14,negative,positive,True,0.4513831698541526,
sentiment-te-01058,hi-Latn,tweets-hindi,sentiment,baseline,10,neutral,neutral,False,0.45842287698652623,
sentiment-te-01059,hi-Latn,tweets-hindi,sentiment,baseline,15,positive,positive,False,0.4959135125713099,
sentiment-te-01060,hi-Latn,tweets-hindi,sentiment,baseline,17,negative,negative,False,0.4212866928440796,
sentiment-te-01061,hi-Latn,tweets-hindi,sentiment,baseline,15,neutral,positive,True,0.6495820771697891,
sentiment-te-01062,hi-Latn,tweets-hindi,sentiment,baseline,21,positive,positive,False,0.5901053783965108,
sentiment-te-01063,hi-Latn,tweets-hindi,sentiment,baseline,5,negative,negative,False,0.6838065113862876,
sentiment-te-01064,hi-Latn,tweets-hindi,sentiment,baseline,11,neutral,negative,True,0.5802915340411257,
sentiment-te-01065,hi-Latn,tweets-hindi,sentiment,baseline,30,positive,negative,True,0.7266654247558948,
sentiment-te-01066,hi-Latn,tweets-hindi,sentiment,baseline,62,negative,negative,False,0.6709484998267355,
sentiment-te-01067,hi-Latn,tweets-hindi,sentiment,baseline,3,neutral,positive,True,0.48772061858223287,
sentiment-te-01068,hi-Latn,tweets-hindi,sentiment,baseline,31,positive,positive,False,0.34281327597815847,
sentiment-te-01069,hi-Latn,tweets-hindi,sentiment,baseline,15,negative,negative,False,0.5300553810040598,
sentiment-te-01070,hi-Latn,tweets-hindi,sentiment,baseline,30,neutral,negative,True,0.47871539087489484,
sentiment-te-01071,hi-Latn,tweets-hindi,sentiment,baseline,5,positive,positive,False,0.4911546957749448,
sentiment-te-01072,hi-Latn,tweets-hindi,sentiment,baseline,26,negative,negative,False,0.4101865381192027,
sentiment-te-01073,hi-Latn,tweets-hindi,sentiment,baseline,2,neutral,neutral,False,0.4282476334847377,
sentiment-te-01074,hi-Latn,tweets-hindi,sentiment,baseline,23,positive,positive,False,0.6895390612572732,
sentiment-te-01075,hi-Latn,tweets-hindi,sentiment,baseline,8,negative,positive,True,0.47538346008824833,
sentiment-te-01076,hi-Latn,tweets-hindi,sentiment,baseline,13,neutral,neutral,False,0.4230772006546521,
sentiment-te-01077,hi-Latn,tweets-hindi,sentiment,baseline,10,positive,neutral,True,0.36866340148379423,
sentiment-te-01078,hi-Latn,tweets-hindi,sentiment,baseline,22,negative,neutral,True,0.5688471945804116,
sentiment-te-01079,hi-Latn,tweets-hindi,sentiment,baseline,19,neutral,positive,True,0.4267226582170701,
sentiment-te-01080,hi-Latn,tweets-hindi,sentiment,baseline,3,positive,neutral,True,0.6027987237198659,
sentiment-te-01081,hi-Latn,tweets-hindi,sentiment,baseline,19,negative,negative,False,0.49604112951625257,
sentiment-te-01082,hi-Latn,tweets-hindi,sentiment,baseline,28,neutral,positive,True,0.5883201236099682,
sentiment-te-01083,hi-Latn,tweets-hindi,sentiment,baseline,8,positive,positive,False,0.5487666919693224,
sentiment-te-01084,hi-Latn,tweets-hindi,sentiment,baseline,38,negative,negative,False,0.41919584336586013,
sentiment-te-01085,hi-Latn,tweets-hindi,sentiment,baseline,10,neutral,negative,True,0.46411672213454386,
sentiment-te-01086,hi-Latn,tweets-hindi,sentiment,baseline,14,positive,negative,True,0.8534039255785673,
sentiment-te-01087,hi-Latn,tweets-hindi,sentiment,baseline,3,negative,neutral,True,0.41224029454871713,
sentiment-te-01088,hi-Latn,tweets-hindi,sentiment,baseline,2,neutral,positive,True,0.4649126529014515,
sentiment-te-01089,hi-Latn,tweets-hindi,sentiment,baseline,10,positive,positive,False,0.5635797061428789,
sentiment-te-01090,hi-Latn,tweets-hindi,sentiment,baseline,15,negative,negative,False,0.4700641045949628,
sentiment-te-01091,hi-Latn,tweets-hindi,sentiment,baseline,14,neutral,positive,True,0.4457692350690133,
sentiment-te-01092,hi-Latn,tweets-hindi,sentiment,baseline,23,positive,neutral,True,0.4719440262681352,
sentiment-te-01093,hi-Latn,tweets-hindi,sentiment,baseline,26,negative,negative,False,0.5742680550090709,
sentiment-te-01094,hi-Latn,tweets-hindi,sentiment,baseline,24,neutral,neutral,False,0.4972944856519799,
sentiment-te-01095,hi-Latn,tweets-hindi,sentiment,baseline,26,positive,neutral,True,0.35308395554602234,
sentiment-te-01096,hi-Latn,tweets-hindi,sentiment,baseline,7,negative,negative,False,0.5225507324241946,
sentiment-te-01097,hi-Latn,tweets-hindi,sentiment,baseline,4,neutral,negative,True,0.6528454872170063,
sentiment-te-01098,hi-Latn,tweets-hindi,sentiment,baseline,6,positive,positive,False,0.6510071551429808,
sentiment-te-01099,hi-Latn,tweets-hindi,sentiment,baseline,40,negative,negative,False,0.6027166791404713,
sentiment-te-01100,hi-Latn,tweets-hindi,sentiment,baseline,22,neutral,neutral,False,0.5390850342646197,
sentiment-te-01101,hi-Latn,tweets-hindi,sentiment,baseline,12,positive,negative,True,0.5141427737548798,
sentiment-te-01102,hi-Latn,tweets-hindi,sentiment,baseline,2,negative,negative,False,0.5020086747124433,
sentiment-te-01103,hi-Latn,tweets-hindi,sentiment,baseline,11,neutral,neutral,False,0.42848223719658196,
sentiment-te-01104,hi-Latn,tweets-hindi,sentiment,baseline,40,positive,negative,True,0.44423972344140783,
sentiment-te-01105,hi-Latn,tweets-hindi,sentiment,baseline,37,negative,negative,False,0.4081874042924366,
sentiment-te-01106,hi-Latn,tweets-hindi,sentiment,baseline,12,neutral,negative,True,0.4000208168661247,
sentiment-te-01107,hi-Latn,tweets-hindi,sentiment,baseline,2,positive,neutral,True,0.5590818194333073,
sentiment-te-01108,hi-Latn,tweets-hindi,sentiment,baseline,12,negative,negative,False,0.621138161294854,
sentiment-te-01109,hi-Latn,tweets-hindi,sentiment,baseline,14,neutral,neutral,False,0.3978652245367601,
sentiment-te-01110,hi-Latn,tweets-hindi,sentiment,baseline,9,positive,negative,True,0.3968910065072039,
sentiment-te-01111,hi-Latn,tweets-hindi,sentiment,baseline,20,negative,negative,False,0.43575765616632367,
sentiment-te-01112,hi-Latn,tweets-hindi,sentiment,baseline,32,neutral,negative,True,0.6469586858358523,
sentiment-te-01113,hi-Latn,tweets-hindi,sentiment,baseline,17,positive,positive,False,0.5265500030892951,
sentiment-te-01114,hi-Latn,tweets-hindi,sentiment,baseline,18,negative,neutral,True,0.3670457740138033,
sentiment-te-01115,hi-Latn,tweets-hindi,sentiment,baseline,18,neutral,neutral,False,0.4447440969223353,
sentiment-te-01116,hi-Latn,tweets-hindi,sentiment,baseline,19,positive,negative,True,0.6112661385320898,
sentiment-te-01117,hi-Latn,tweets-hindi,sentiment,baseline,42,negative,negative,False,0.6112106903374264,
sentiment-te-01118,hi-Latn,tweets-hindi,sentiment,baseline,8,neutral,neutral,False,0.5967577488066892,
sentiment-te-01119,hi-Latn,tweets-hindi,sentiment,baseline,19,positive,negative,True,0.6773600134226474,
sentiment-te-01120,hi-Latn,tweets-hindi,sentiment,baseline,11,negative,neutral,True,0.4384635777977225,
sentiment-te-01121,hi-Latn,tweets-hindi,sentiment,baseline,13,neutral,neutral,False,0.46027904603426884,
sentiment-te-01122,hi-Latn,tweets-hindi,sentiment,baseline,29,positive,negative,True,0.45715800362955655,
sentiment-te-01123,hi-Latn,tweets-hindi,sentiment,baseline,16,negative,positive,True,0.48384689854249174,
sentiment-te-01124,hi-Latn,tweets-hindi,sentiment,baseline,1,neutral,negative,True,0.5719837091944742,
sentiment-te-01125,hi-Latn,tweets-hindi,sentiment,baseline,12,positive,neutral,True,0.4754461699860292,
sentiment-te-01126,hi-Latn,tweets-hindi,sentiment,baseline,18,negative,negative,False,0.3661590289880295,
sentiment-te-01127,hi-Latn,tweets-hindi,sentiment,baseline,8,neutral,negative,True,0.7164258133251484,
sentiment-te-01128,hi-Latn,tweets-hindi,sentiment,baseline,15,positive,negative,True,0.4181076704473624,
sentiment-te-01129,hi-Latn,tweets-hindi,sentiment,baseline,6,negative,negative,False,0.6100952551624772,
sentiment-te-01130,hi-Latn,tweets-hindi,sentiment,baseline,12,neutral,neutral,False,0.5614000446936162,
sentiment-te-01131,hi-Latn,tweets-hindi,sentiment,baseline,7,positive,negative,True,0.3887148621027832,
sentiment-te-01132,hi-Latn,tweets-hindi,sentiment,baseline,20,negative,negative,False,0.5550057947294705,
sentiment-te-01133,hi-Latn,tweets-hindi,sentiment,baseline,20,neutral,negative,True,0.5728289500623867,
sentiment-te-01134,hi-Latn,tweets-hindi,sentiment,baseline,22,positive,positive,False,0.4133740161195895,
sentiment-te-01135,hi-Latn,tweets-hindi,sentiment,baseline,20,negative,negative,False,0.44065309812437786,
sentiment-te-01136,hi-Latn,tweets-hindi,sentiment,baseline,14,neutral,negative,True,0.5433042170199811,
sentiment-te-01137,hi-Latn,tweets-hindi,sentiment,baseline,17,positive,negative,True,0.4474053738592657,
sentiment-te-01138,hi-Latn,tweets-hindi,sentiment,baseline,6,negative,neutral,True,0.3745440754492137,
sentiment-te-01139,hi-Latn,tweets-hindi,sentiment,baseline,6,neutral,negative,True,0.6784279117362072,
sentiment-te-01140,hi-Latn,tweets-hindi,sentiment,baseline,12,positive,neutral,True,0.42812513852463757,
sentiment-te-01141,hi-Latn,tweets-hindi,sentiment,baseline,16,negative,positive,True,0.5389915033386034,
sentiment-te-01142,hi-Latn,tweets-hindi,sentiment,baseline,22,neutral,neutral,False,0.36853871178003306,
sentiment-te-01143,hi-Latn,tweets-hindi,sentiment,baseline,15,positive,positive,False,0.7142178141210851,
sentiment-te-01144,hi-Latn,tweets-hindi,sentiment,baseline,21,negative,negative,False,0.6497218548708373,
sentiment-te-01145,hi-Latn,tweets-hindi,sentiment,baseline,22,neutral,neutral,False,0.3818638763120572,
sentiment-te-01146,hi-Latn,tweets-hindi,sentiment,baseline,23,positive,negative,True,0.4464373450867611,
sentiment-te-01147,hi-Latn,tweets-hindi,sentiment,baseline,23,negative,negative,False,0.4661537479621103,
sentiment-te-01148,hi-Latn,tweets-hindi,sentiment,baseline,4,neutral,positive,True,0.47379139014348215,
sentiment-te-01149,hi-Latn,tweets-hindi,sentiment,baseline,7,positive,neutral,True,0.3422614858058162,
sentiment-te-01150,hi-Latn,tweets-hindi,sentiment,baseline,10,negative,negative,False,0.6218053476687823,
sentiment-te-01151,hi-Latn,tweets-hindi,sentiment,baseline,4,neutral,positive,True,0.3953483563720242,
sentiment-te-01152,hi-Latn,tweets-hindi,sentiment,baseline,6,positive,negative,True,0.4118375046336341,
sentiment-te-01153,hi-Latn,tweets-hindi,sentiment,baseline,18,negative,negative,False,0.5979386260341488,
sentiment-te-01154,hi-Latn,tweets-hindi,sentiment,baseline,8,neutral,negative,True,0.7346705807370981,
sentiment-te-01155,hi-Latn,tweets-hindi,sentiment,baseline,41,positive,positive,False,0.5323735708468017,
sentiment-te-01156,hi-Latn,tweets-hindi,sentiment,baseline,6,negative,negative,False,0.44993014760370426,
sentiment-te-01157,hi-Latn,tweets-hindi,sentiment,baseline,11,neutral,positive,True,0.5725618147920565,
sentiment-te-01158,hi-Latn,tweets-hindi,sentiment,baseline,3,positive,positive,False,0.467997273326697,
sentiment-te-01159,hi-Latn,tweets-hindi,sentiment,baseline,24,negative,negative,False,0.5062140509324775,
sentiment-te-01160,hi-Latn,tweets-hindi,sentiment,baseline,10,neutral,positive,True,0.4238478965455426,
sentiment-te-01161,hi-Latn,tweets-hindi,sentiment,baseline,7,positive,negative,True,0.5141542960412682,
sentiment-te-01162,hi-Latn,tweets-hindi,sentiment,baseline,26,negative,positive,True,0.45042681722680544,
sentiment-te-01163,hi-Latn,tweets-hindi,sentiment,baseline,3,neutral,negative,True,0.8916480113604788,
sentiment-te-01164,hi-Latn,tweets-hindi,sentiment,baseline,3,positive,negative,True,0.5841810408922052,
sentiment-te-01165,hi-Latn,tweets-hindi,sentiment,baseline,31,negative,negative,False,0.607161977234451,
sentiment-te-01166,hi-Latn,tweets-hindi,sentiment,baseline,8,neutral,negative,True,0.752506339762538,
sentiment-te-01167,hi-Latn,tweets-hindi,sentiment,baseline,2,positive,positive,False,0.37556616217653105,
sentiment-te-01168,hi-Latn,tweets-hindi,sentiment,baseline,16,negative,neutral,True,0.42337844193273755,
sentiment-te-01169,hi-Latn,tweets-hindi,sentiment,baseline,8,neutral,negative,True,0.6944326947190905,
sentiment-te-01170,hi-Latn,tweets-hindi,sentiment,baseline,6,positive,neutral,True,0.5111206108234844,
sentiment-te-01171,hi-Latn,tweets-hindi,sentiment,baseline,24,negative,negative,False,0.4274091733947969,
sentiment-te-01172,hi-Latn,tweets-hindi,sentiment,baseline,5,neutral,positive,True,0.43400618247932155,
sentiment-te-01173,hi-Latn,tweets-hindi,sentiment,baseline,5,positive,neutral,True,0.444869704216244,
sentiment-te-01174,hi-Latn,tweets-hindi,sentiment,baseline,2,negative,negative,False,0.5482302761592132,
sentiment-te-01175,hi-Latn,tweets-hindi,sentiment,baseline,26,neutral,positive,True,0.36596199415300307,
sentiment-te-01176,hi-Latn,tweets-hindi,sentiment,baseline,3,positive,positive,False,0.4104611104000782,
sentiment-te-01177,hi-Latn,tweets-hindi,sentiment,baseline,9,negative,negative,False,0.5999997665984813,
sentiment-te-01178,hi-Latn,tweets-hindi,sentiment,baseline,5,neutral,neutral,False,0.4766466760098619,
sentiment-te-01179,hi-Latn,tweets-hindi,sentiment,baseline,10,positive,negative,True,0.4040687196159977,
sentiment-te-01180,hi-Latn,tweets-hindi,sentiment,baseline,12,negative,negative,False,0.35220933691062256,
sentiment-te-01181,hi-Latn,tweets-hindi,sentiment,baseline,10,neutral,positive,True,0.5747286880505682,
sentiment-te-01182,hi-Latn,tweets-hindi,sentiment,baseline,1,positive,positive,False,0.6461822302300255,
sentiment-te-01183,hi-Latn,tweets-hindi,sentiment,baseline,10,negative,negative,False,0.46944291765907165,
sentiment-te-01184,hi-Latn,tweets-hindi,sentiment,baseline,16,neutral,negative,True,0.5894882145250252,
sentiment-te-01185,hi-Latn,tweets-hindi,sentiment,baseline,25,positive,neutral,True,0.39754844212952356,
sentiment-te-01186,hi-Latn,tweets-hindi,sentiment,baseline,12,negative,positive,True,0.5315661063833483,
sentiment-te-01187,hi-Latn,tweets-hindi,sentiment,baseline,3,neutral,positive,True,0.4809031450501261,
sentiment-te-01188,hi-Latn,tweets-hindi,sentiment,baseline,6,positive,positive,False,0.5018622032400842,
sentiment-te-01189,hi-Latn,tweets-hindi,sentiment,baseline,25,negative,neutral,True,0.3911660698626968,
sentiment-te-01190,hi-Latn,tweets-hindi,sentiment,baseline,10,neutral,negative,True,0.3685592759177518,
sentiment-te-01191,hi-Latn,tweets-hindi,sentiment,baseline,27,positive,negative,True,0.48567753808301145,
sentiment-te-01192,hi-Latn,tweets-hindi,sentiment,baseline,12,negative,negative,False,0.48450218128899364,
sentiment-te-01193,hi-Latn,tweets-hindi,sentiment,baseline,8,neutral,negative,True,0.5173704606060672,
sentiment-te-01194,hi-Latn,tweets-hindi,sentiment,baseline,4,positive,positive,False,0.39152307943492687,
sentiment-te-01195,hi-Latn,tweets-hindi,sentiment,baseline,29,negative,negative,False,0.4374589288089645,
sentiment-te-01196,hi-Latn,tweets-hindi,sentiment,baseline,23,neutral,positive,True,0.35980820415398235,
sentiment-te-01197,hi-Latn,tweets-hindi,sentiment,baseline,7,positive,positive,False,0.45288400313875316,
sentiment-te-01198,hi-Latn,tweets-hindi,sentiment,baseline,11,negative,positive,True,0.5733901713572411,
sentiment-te-01199,hi-Latn,tweets-hindi,sentiment,baseline,9,neutral,negative,True,0.740789908790081,
sentiment-te-01200,hi-Latn,tweets-hindi,sentiment,baseline,14,positive,positive,False,0.46905918498268134,
sentiment-te-01201,hi-Latn,tweets-hindi,sentiment,baseline,15,negative,neutral,True,0.3705362010164215,
sentiment-te-01202,hi-Latn,tweets-hindi,sentiment,baseline,5,neutral,neutral,False,0.45865798247242584,
sentiment-te-01203,hi-Latn,tweets-hindi,sentiment,baseline,25,positive,neutral,True,0.4084146343519973,
sentiment-te-01204,hi-Latn,tweets-hindi,sentiment,baseline,13,negative,positive,True,0.46817775942395284,
sentiment-te-01205,hi-Latn,tweets-hindi,sentiment,baseline,25,neutral,negative,True,0.5270773361937315,
sentiment-te-01206,hi-Latn,tweets-hindi,sentiment,baseline,4,positive,positive,False,0.4435296017562041,
sentiment-te-01207,hi-Latn,tweets-hindi,sentiment,baseline,11,negative,negative,False,0.7180634593921247,
sentiment-te-01208,hi-Latn,tweets-hindi,sentiment,baseline,15,neutral,neutral,False,0.49600073149154494,
sentiment-te-01209,hi-Latn,tweets-hindi,sentiment,baseline,12,positive,positive,False,0.4245856288529464,
sentiment-te-01210,hi-Latn,tweets-hindi,sentiment,baseline,6,negative,positive,True,0.36316397624671803,
sentiment-te-01211,hi-Latn,tweets-hindi,sentiment,baseline,5,neutral,neutral,False,0.5070882916093782,
sentiment-te-01212,hi-Latn,tweets-hindi,sentiment,baseline,24,positive,positive,False,0.39456750675241103,
sentiment-te-01213,hi-Latn,tweets-hindi,sentiment,baseline,27,negative,negative,False,0.4750597961999748,
sentiment-te-01214,hi-Latn,tweets-hindi,sentiment,baseline,11,neutral,positive,True,0.3788527058124146,
sentiment-te-01215,hi-Latn,tweets-hindi,sentiment,baseline,27,positive,positive,False,0.3944686577220497,
sentiment-te-01216,hi-Latn,tweets-hindi,sentiment,baseline,9,negative,neutral,True,0.4971256357324085,
sentiment-te-01217,hi-Latn,tweets-hindi,sentiment,baseline,19,neutral,negative,True,0.4356449888470228,
sentiment-te-01218,hi-Latn,tweets-hindi,sentiment,baseline,7,positive,negative,True,0.5852542269439996,
sentiment-te-01219,hi-Latn,tweets-hindi,sentiment,baseline,26,negative,negative,False,0.39291578864440263,
sentiment-te-01220,hi-Latn,tweets-hindi,sentiment,baseline,11,neutral,neutral,False,0.421783576996567,
sentiment-te-01221,hi-Latn,tweets-hindi,sentiment,baseline,4,positive,positive,False,0.4996825294703593,
sentiment-te-01222,hi-Latn,tweets-hindi,sentiment,baseline,19,negative,negative,False,0.4614980078121457,
sentiment-te-01223,hi-Latn,tweets-hindi,sentiment,baseline,12,neutral,negative,True,0.5115158841883374,
sentiment-te-01224,hi-Latn,tweets-hindi,sentiment,baseline,18,positive,negative,True,0.44379526207587733,
sentiment-te-01225,hi-Latn,tweets-hindi,sentiment,baseline,9,negative,positive,True,0.4121262467088707,
sentiment-te-01226,hi-Latn,tweets-hindi,sentiment,baseline,1,neutral,positive,True,0.3488445774117834,
sentiment-te-01227,hi-Latn,tweets-hindi,sentiment,baseline,6,positive,positive,False,0.3937392576796459,
sentiment-te-01228,hi-Latn,tweets-hindi,sentiment,baseline,14,negative,negative,False,0.49157488278097505,
sentiment-te-01229,hi-Latn,tweets-hindi,sentiment,baseline,6,neutral,neutral,False,0.5251008710038643,
sentiment-te-01230,hi-Latn,tweets-hindi,sentiment,baseline,24,positive,neutral,True,0.3721899166651408,
sentiment-te-01231,hi-Latn,tweets-hindi,sentiment,baseline,16,negative,negative,False,0.6942150313205422,
sentiment-te-01232,hi-Latn,tweets-hindi,sentiment,baseline,10,neutral,negative,True,0.4315518458918039,
sentiment-te-01233,hi-Latn,tweets-hindi,sentiment,baseline,18,positive,negative,True,0.531212570691322,
sentiment-te-01234,hi-Latn,tweets-hindi,sentiment,baseline,18,negative,negative,False,0.4534377870337907,
sentiment-te-01235,hi-Latn,tweets-hindi,sentiment,baseline,3,neutral,neutral,False,0.4421896511496884,
sentiment-te-01236,hi-Latn,tweets-hindi,sentiment,baseline,9,positive,neutral,True,0.364095915494441,
sentiment-te-01237,hi-Latn,tweets-hindi,sentiment,baseline,18,negative,negative,False,0.5063686053339653,
sentiment-te-01238,hi-Latn,tweets-hindi,sentiment,baseline,13,neutral,positive,True,0.4469804866988959,
sentiment-te-01239,hi-Latn,tweets-hindi,sentiment,baseline,32,positive,positive,False,0.40823730997656876,
sentiment-te-01240,hi-Latn,tweets-hindi,sentiment,baseline,4,negative,negative,False,0.39846567214489376,
sentiment-te-01241,hi-Latn,tweets-hindi,sentiment,baseline,12,neutral,neutral,False,0.4257711511417994,
sentiment-te-01242,hi-Latn,tweets-hindi,sentiment,baseline,7,positive,positive,False,0.5784153827615283,
sentiment-te-01243,hi-Latn,tweets-hindi,sentiment,baseline,22,negative,neutral,True,0.39582441384771433,
sentiment-te-01244,hi-Latn,tweets-hindi,sentiment,baseline,6,neutral,positive,True,0.481992740239806,
sentiment-te-01245,hi-Latn,tweets-hindi,sentiment,baseline,8,positive,negative,True,0.5759598518028334,
sentiment-te-01246,hi-Latn,tweets-hindi,sentiment,baseline,34,negative,negative,False,0.5988975366197923,
sentiment-te-01247,hi-Latn,tweets-hindi,sentiment,baseline,20,neutral,neutral,False,0.42184145395987416,
sentiment-te-01248,hi-Latn,tweets-hindi,sentiment,baseline,23,positive,positive,False,0.4953936079004966,
sentiment-te-01249,hi-Latn,tweets-hindi,sentiment,baseline,3,negative,negative,False,0.48902359956100216,
sentiment-te-01250,hi-Latn,tweets-hindi,sentiment,baseline,11,neutral,negative,True,0.4197228547434852,
sentiment-te-01251,hi-Latn,tweets-hindi,sentiment,baseline,4,positive,neutral,True,0.6028968938019623,
sentiment-te-01252,hi-Latn,tweets-hindi,sentiment,baseline,14,negative,negative,False,0.532566137156762,
sentiment-te-01253,hi-Latn,tweets-hindi,sentiment,baseline,13,neutral,positive,True,0.4548625424225554,
sentiment-te-01254,hi-Latn,tweets-hindi,sentiment,baseline,13,positive,negative,True,0.5660738474889198,
sentiment-te-01255,hi-Latn,tweets-hindi,sentiment,baseline,15,negative,negative,False,0.8409043876320643,
sentiment-te-01256,hi-Latn,tweets-hindi,sentiment,baseline,5,neutral,negative,True,0.5874340446591504,
sentiment-te-01257,hi-Latn,tweets-hindi,sentiment,baseline,14,positive,negative,True,0.6470063571284902,
sentiment-te-01258,hi-Latn,tweets-hindi,sentiment,baseline,21,negative,positive,True,0.6501984641013446,
sentiment-te-01259,hi-Latn,tweets-hindi,sentiment,baseline,6,neutral,negative,True,0.4186336870752109,
sentiment-te-01260,hi-Latn,tweets-hindi,sentiment,baseline,8,positive,positive,False,0.5194003879674758,
sentiment-te-01261,hi-Latn,tweets-hindi,sentiment,baseline,10,negative,positive,True,0.3941504668240337,
sentiment-te-01262,hi-Latn,tweets-hindi,sentiment,baseline,5,neutral,negative,True,0.43370271253385584,
sentiment-te-01263,hi-Latn,tweets-hindi,sentiment,baseline,5,positive,neutral,True,0.5070633361279664,
sentiment-te-01264,hi-Latn,tweets-hindi,sentiment,baseline,6,negative,negative,False,0.44084125010259945,
sentiment-te-01265,hi-Latn,tweets-hindi,sentiment,baseline,38,neutral,neutral,False,0.4205477788226439,
sentiment-te-01266,hi-Latn,tweets-hindi,sentiment,baseline,10,positive,neutral,True,0.41423642013765083,
sentiment-te-01267,hi-Latn,tweets-hindi,sentiment,baseline,12,negative,negative,False,0.5310444425209788,
sentiment-te-01268,hi-Latn,tweets-hindi,sentiment,baseline,8,neutral,negative,True,0.47630857079824246,
sentiment-te-01269,hi-Latn,tweets-hindi,sentiment,baseline,10,positive,neutral,True,0.4949613446958976,
sentiment-te-01270,hi-Latn,tweets-hindi,sentiment,baseline,9,negative,negative,False,0.5002216012907955,
sentiment-te-01271,hi-Latn,tweets-hindi,sentiment,baseline,5,neutral,neutral,False,0.5046615360750629,
sentiment-te-01272,hi-Latn,tweets-hindi,sentiment,baseline,17,positive,positive,False,0.5350457055977015,
sentiment-te-01273,hi-Latn,tweets-hindi,sentiment,baseline,4,negative,negative,False,0.48483762376810446,
sentiment-te-01274,hi-Latn,tweets-hindi,sentiment,baseline,7,neutral,positive,True,0.371028259390234,
sentiment-te-01275,hi-Latn,tweets-hindi,sentiment,baseline,5,positive,neutral,True,0.44009519802207897,
sentiment-te-01276,hi-Latn,tweets-hindi,sentiment,baseline,15,negative,neutral,True,0.3806063057011985,
sentiment-te-01277,hi-Latn,tweets-hindi,sentiment,baseline,7,neutral,neutral,False,0.3994750708396456,
sentiment-te-01278,hi-Latn,tweets-hindi,sentiment,baseline,12,positive,positive,False,0.62700268221211,
sentiment-te-01279,hi-Latn,tweets-hindi,sentiment,baseline,15,negative,positive,True,0.35880210850533856,
sentiment-te-01280,hi-Latn,tweets-hindi,sentiment,baseline,4,neutral,negative,True,0.5268775906788168,
sentiment-te-01281,hi-Latn,tweets-hindi,sentiment,baseline,5,positive,positive,False,0.7161288162013507,
sentiment-te-01282,hi-Latn,tweets-hindi,sentiment,baseline,6,negative,negative,False,0.44353965948095736,
sentiment-te-01283,hi-Latn,tweets-hindi,sentiment,baseline,7,neutral,negative,True,0.4671421211010757,
sentiment-te-01284,hi-Latn,tweets-hindi,sentiment,baseline,11,positive,negative,True,0.4454032703588861,
sentiment-te-01285,hi-Latn,tweets-hindi,sentiment,baseline,15,negative,negative,False,0.4960866229946573,
sentiment-te-01286,hi-Latn,tweets-hindi,sentiment,baseline,4,neutral,positive,True,0.4153975017838288,
sentiment-te-01287,hi-Latn,tweets-hindi,sentiment,baseline,22,positive,negative,True,0.5374125653542368,
sentiment-te-01288,hi-Latn,tweets-hindi,sentiment,baseline,18,negative,negative,False,0.4963012447374062,
sentiment-te-01289,hi-Latn,tweets-hindi,sentiment,baseline,13,neutral,neutral,False,0.40721075557923986,
sentiment-te-01290,hi-Latn,tweets-hindi,sentiment,baseline,11,positive,neutral,True,0.3645791363075142,
sentiment-te-01291,hi-Latn,tweets-hindi,sentiment,baseline,12,negative,negative,False,0.6239393858975245,
sentiment-te-01292,hi-Latn,tweets-hindi,sentiment,baseline,6,neutral,neutral,False,0.4348440676560472,
sentiment-te-01293,hi-Latn,tweets-hindi,sentiment,baseline,30,positive,positive,False,0.5956299311239841,
sentiment-te-01294,hi-Latn,tweets-hindi,sentiment,baseline,20,negative,positive,True,0.5312803327004709,
sentiment-te-01295,hi-Latn,tweets-hindi,sentiment,baseline,7,neutral,negative,True,0.3989868407264871,
sentiment-te-01296,hi-Latn,tweets-hindi,sentiment,baseline,18,positive,negative,True,0.5131545682569106,
sentiment-te-01297,hi-Latn,tweets-hindi,sentiment,baseline,9,negative,negative,False,0.505148465806564,
sentiment-te-01298,hi-Latn,tweets-hindi,sentiment,baseline,17,neutral,negative,True,0.442796028370686,
sentiment-te-01299,hi-Latn,tweets-hindi,sentiment,baseline,8,positive,negative,True,0.4204370727034936,
sentiment-te-01300,hi-Latn,tweets-hindi,sentiment,baseline,2,negative,neutral,True,0.42032182536995244,
sentiment-te-01301,hi-Latn,tweets-hindi,sentiment,baseline,14,neutral,negative,True,0.45608060315502297,
sentiment-te-01302,hi-Latn,tweets-hindi,sentiment,baseline,6,positive,positive,False,0.39940506156849176,
sentiment-te-01303,hi-Latn,tweets-hindi,sentiment,baseline,16,negative,positive,True,0.43143772480302495,
sentiment-te-01304,hi-Latn,tweets-hindi,sentiment,baseline,38,neutral,positive,True,0.3794950886468932,
sentiment-te-01305,hi-Latn,tweets-hindi,sentiment,baseline,12,positive,negative,True,0.5616344906473998,
sentiment-te-01306,hi-Latn,tweets-hindi,sentiment,baseline,20,negative,neutral,True,0.36619199990357926,
sentiment-te-01307,hi-Latn,tweets-hindi,sentiment,baseline,7,neutral,positive,True,0.3772559926305201,
sentiment-te-01308,hi-Latn,tweets-hindi,sentiment,baseline,5,positive,positive,False,0.38229021643783956,
sentiment-te-01309,hi-Latn,tweets-hindi,sentiment,baseline,8,negative,negative,False,0.3772123097960905,
sentiment-te-01310,hi-Latn,tweets-hindi,sentiment,baseline,13,neutral,negative,True,0.537827995958558,
sentiment-te-01311,hi-Latn,tweets-hindi,sentiment,baseline,7,positive,neutral,True,0.3564914453006765,
sentiment-te-01312,hi-Latn,tweets-hindi,sentiment,baseline,11,negative,neutral,True,0.4992330086480482,
sentiment-te-01313,hi-Latn,tweets-hindi,sentiment,baseline,23,neutral,neutral,False,0.5173769629561173,
sentiment-te-01314,hi-Latn,tweets-hindi,sentiment,baseline,19,positive,positive,False,0.4316024484934003,
sentiment-te-01315,hi-Latn,tweets-hindi,sentiment,baseline,24,negative,negative,False,0.6415086029740393,
sentiment-te-01316,hi-Latn,tweets-hindi,sentiment,baseline,1,neutral,neutral,False,0.3910805767821649,
sentiment-te-01317,hi-Latn,tweets-hindi,sentiment,baseline,4,positive,neutral,True,0.35386799239468697,
sentiment-te-01318,hi-Latn,tweets-hindi,sentiment,baseline,19,negative,negative,False,0.6243135141471808,
sentiment-te-01319,hi-Latn,tweets-hindi,sentiment,baseline,22,neutral,neutral,False,0.4660290211650709,
sentiment-te-01320,hi-Latn,tweets-hindi,sentiment,baseline,16,positive,positive,False,0.5628035043967734,
sentiment-te-01321,hi-Latn,tweets-hindi,sentiment,baseline,23,negative,negative,False,0.5151499173294743,
sentiment-te-01322,hi-Latn,tweets-hindi,sentiment,baseline,3,neutral,positive,True,0.4285594449069323,
sentiment-te-01323,hi-Latn,tweets-hindi,sentiment,baseline,5,positive,negative,True,0.4403625549029271,
sentiment-te-01324,hi-Latn,tweets-hindi,sentiment,baseline,11,negative,negative,False,0.5445098302220005,
sentiment-te-01325,hi-Latn,tweets-hindi,sentiment,baseline,8,neutral,neutral,False,0.3968045607866213,
sentiment-te-01326,hi-Latn,tweets-hindi,sentiment,baseline,22,positive,positive,False,0.4640953497751553,
sentiment-te-01327,hi-Latn,tweets-hindi,sentiment,baseline,19,negative,neutral,True,0.5092275852220458,
sentiment-te-01328,hi-Latn,tweets-hindi,sentiment,baseline,6,neutral,neutral,False,0.540591444497679,
sentiment-te-01329,hi-Latn,tweets-hindi,sentiment,baseline,14,positive,neutral,True,0.3399311547180523,
sentiment-te-01330,hi-Latn,tweets-hindi,sentiment,baseline,28,negative,negative,False,0.507129350382167,
sentiment-te-01331,hi-Latn,tweets-hindi,sentiment,baseline,22,neutral,negative,True,0.4214834564070304,
sentiment-te-01332,hi-Latn,tweets-hindi,sentiment,baseline,7,positive,neutral,True,0.4283028164517657,
sentiment-te-01333,hi-Latn,tweets-hindi,sentiment,baseline,68,negative,negative,False,0.6471560424021365,
sentiment-te-01334,hi-Latn,tweets-hindi,sentiment,baseline,2,neutral,negative,True,0.3832506877478039,
sentiment-te-01335,hi-Latn,tweets-hindi,sentiment,baseline,18,positive,negative,True,0.38932069116516255,
sentiment-te-01336,hi-Latn,tweets-hindi,sentiment,baseline,18,negative,neutral,True,0.44356912189565223,
sentiment-te-01337,hi-Latn,tweets-hindi,sentiment,baseline,27,neutral,negative,True,0.35338630128306897,
sentiment-te-01338,hi-Latn,tweets-hindi,sentiment,baseline,58,positive,negative,True,0.45488802221570385,
sentiment-te-01339,hi-Latn,tweets-hindi,sentiment,baseline,11,negative,negative,False,0.45053109875949954,
sentiment-te-01340,hi-Latn,tweets-hindi,sentiment,baseline,32,neutral,neutral,False,0.6004020450217106,
sentiment-te-01341,hi-Latn,tweets-hindi,sentiment,baseline,59,positive,negative,True,0.4811605584762806,
sentiment-te-01342,hi-Latn,tweets-hindi,sentiment,baseline,2,negative,negative,False,0.3451261641365771,
sentiment-te-01343,hi-Latn,tweets-hindi,sentiment,baseline,15,neutral,negative,True,0.3471612934575669,
sentiment-te-01344,hi-Latn,tweets-hindi,sentiment,baseline,20,positive,negative,True,0.5307390043598077,
sentiment-te-01345,hi-Latn,tweets-hindi,sentiment,baseline,5,negative,negative,False,0.5362915018635382,
sentiment-te-01346,hi-Latn,tweets-hindi,sentiment,baseline,5,neutral,negative,True,0.4714975474418631,
sentiment-te-01347,hi-Latn,tweets-hindi,sentiment,baseline,6,positive,positive,False,0.4519464600322393,
sentiment-te-01348,hi-Latn,tweets-hindi,sentiment,baseline,9,negative,negative,False,0.3542211988860808,
sentiment-te-01349,hi-Latn,tweets-hindi,sentiment,baseline,24,neutral,positive,True,0.6263363400365044,
sentiment-te-01350,hi-Latn,tweets-hindi,sentiment,baseline,9,positive,negative,True,0.49684224667092625,
sentiment-te-01351,hi-Latn,tweets-hindi,sentiment,baseline,14,negative,negative,False,0.5645606798947185,
sentiment-te-01352,hi-Latn,tweets-hindi,sentiment,baseline,11,neutral,negative,True,0.5390638228280714,
sentiment-te-01353,hi-Latn,tweets-hindi,sentiment,baseline,15,positive,negative,True,0.6035300936529165,
sentiment-te-01354,hi-Latn,tweets-hindi,sentiment,baseline,25,negative,neutral,True,0.476480013228822,
sentiment-te-01355,hi-Latn,tweets-hindi,sentiment,baseline,23,neutral,negative,True,0.4101682990835786,
sentiment-te-01356,hi-Latn,tweets-hindi,sentiment,baseline,16,positive,positive,False,0.5252756813466076,
sentiment-te-01357,hi-Latn,tweets-hindi,sentiment,baseline,5,negative,positive,True,0.36205686702506606,
sentiment-te-01358,hi-Latn,tweets-hindi,sentiment,baseline,15,neutral,neutral,False,0.5500807494125566,
sentiment-te-01359,hi-Latn,tweets-hindi,sentiment,baseline,27,positive,positive,False,0.46790737645583547,
sentiment-te-01360,hi-Latn,tweets-hindi,sentiment,baseline,23,negative,positive,True,0.3728730254587028,
sentiment-te-01361,hi-Latn,tweets-hindi,sentiment,baseline,3,neutral,neutral,False,0.508248407370835,
sentiment-te-01362,hi-Latn,tweets-hindi,sentiment,baseline,16,positive,positive,False,0.7759172473260969,
sentiment-te-01363,hi-Latn,tweets-hindi,sentiment,baseline,8,negative,neutral,True,0.4114199495609967,
sentiment-te-01364,hi-Latn,tweets-hindi,sentiment,baseline,13,neutral,negative,True,0.4857462763083404,
sentiment-te-01365,hi-Latn,tweets-hindi,sentiment,baseline,13,positive,negative,True,0.5010232344140503,
sentiment-te-01366,hi-Latn,tweets-hindi,sentiment,baseline,13,negative,negative,False,0.5952309991085372,
sentiment-te-01367,hi-Latn,tweets-hindi,sentiment,baseline,9,neutral,negative,True,0.5165025731443832,
sentiment-te-01368,hi-Latn,tweets-hindi,sentiment,baseline,17,positive,positive,False,0.46743972888897123,
sentiment-te-01369,hi-Latn,tweets-hindi,sentiment,baseline,13,negative,neutral,True,0.5459617529757551,
sentiment-te-01370,hi-Latn,tweets-hindi,sentiment,baseline,4,neutral,positive,True,0.40284474077634175,
sentiment-te-01371,hi-Latn,tweets-hindi,sentiment,baseline,11,positive,neutral,True,0.3484581440462537,
sentiment-te-01372,hi-Latn,tweets-hindi,sentiment,baseline,12,negative,neutral,True,0.49366934359594533,
sentiment-te-01373,hi-Latn,tweets-hindi,sentiment,baseline,21,neutral,negative,True,0.47279582976620116,
sentiment-te-01374,hi-Latn,tweets-hindi,sentiment,baseline,11,positive,positive,False,0.4921604679907569,
sentiment-te-01375,hi-Latn,tweets-hindi,sentiment,baseline,5,negative,negative,False,0.8197018834141442,
sentiment-te-01376,hi-Latn,tweets-hindi,sentiment,baseline,23,neutral,neutral,False,0.42581096568039484,
sentiment-te-01377,hi-Latn,tweets-hindi,sentiment,baseline,7,positive,neutral,True,0.5930791251887643,
sentiment-te-01378,hi-Latn,tweets-hindi,sentiment,baseline,25,negative,negative,False,0.6140276951815001,
sentiment-te-01379,hi-Latn,tweets-hindi,sentiment,baseline,4,neutral,negative,True,0.5597786566467576,
sentiment-te-01380,hi-Latn,tweets-hindi,sentiment,baseline,28,positive,negative,True,0.352868259673026,
sentiment-te-01381,hi-Latn,tweets-hindi,sentiment,baseline,20,negative,negative,False,0.5541862855119304,
sentiment-te-01382,hi-Latn,tweets-hindi,sentiment,baseline,5,neutral,neutral,False,0.5187756556098856,
sentiment-te-01383,hi-Latn,tweets-hindi,sentiment,baseline,26,positive,positive,False,0.5598458494579629,
sentiment-te-01384,hi-Latn,tweets-hindi,sentiment,baseline,5,negative,neutral,True,0.5160750849819438,
sentiment-te-01385,hi-Latn,tweets-hindi,sentiment,baseline,16,neutral,negative,True,0.5223708129218776,
sentiment-te-01386,hi-Latn,tweets-hindi,sentiment,baseline,5,positive,negative,True,0.5591720281960485,
sentiment-te-01387,hi-Latn,tweets-hindi,sentiment,baseline,17,negative,neutral,True,0.4384090329119429,
sentiment-te-01388,hi-Latn,tweets-hindi,sentiment,baseline,26,neutral,neutral,False,0.5068885411135401,
sentiment-te-01389,hi-Latn,tweets-hindi,sentiment,baseline,30,positive,neutral,True,0.4069823608625652,
sentiment-te-01390,hi-Latn,tweets-hindi,sentiment,baseline,29,negative,negative,False,0.7174413059141574,
sentiment-te-01391,hi-Latn,tweets-hindi,sentiment,baseline,12,neutral,positive,True,0.39105858888139094,
sentiment-te-01392,hi-Latn,tweets-hindi,sentiment,baseline,3,positive,positive,False,0.8732016260320015,
sentiment-te-01393,hi-Latn,tweets-hindi,sentiment,baseline,2,negative,negative,False,0.49365821149726036,
sentiment-te-01394,hi-Latn,tweets-hindi,sentiment,baseline,16,neutral,neutral,False,0.4928055215581274,
sentiment-te-01395,hi-Latn,tweets-hindi,sentiment,baseline,23,positive,neutral,True,0.3892873511285685,
sentiment-te-01396,hi-Latn,tweets-hindi,sentiment,baseline,28,negative,positive,True,0.563834834762526,
sentiment-te-01397,hi-Latn,tweets-hindi,sentiment,baseline,1,neutral,negative,True,0.3781141358465711,
sentiment-te-01398,hi-Latn,tweets-hindi,sentiment,baseline,31,positive,negative,True,0.4757757902234667,
sentiment-te-01399,hi-Latn,tweets-hindi,sentiment,baseline,14,negative,neutral,True,0.458881684711928,
sentiment-te-01400,hi-Latn,tweets-hindi,sentiment,baseline,30,neutral,negative,True,0.49693030034720653,
sentiment-te-01401,hi-Latn,tweets-hindi,sentiment,baseline,4,positive,positive,False,0.6058745615735367,
sentiment-te-01402,hi-Latn,tweets-hindi,sentiment,baseline,17,negative,negative,False,0.41725088587919307,
sentiment-te-01403,hi-Latn,tweets-hindi,sentiment,baseline,14,neutral,negative,True,0.5267442620814323,
sentiment-te-01404,hi-Latn,tweets-hindi,sentiment,baseline,23,positive,neutral,True,0.41245120285401066,
sentiment-te-01405,hi-Latn,tweets-hindi,sentiment,baseline,42,negative,negative,False,0.4420903507180625,
sentiment-te-01406,hi-Latn,tweets-hindi,sentiment,baseline,24,neutral,positive,True,0.42445175747171293,
sentiment-te-01407,hi-Latn,tweets-hindi,sentiment,baseline,3,positive,negative,True,0.7143215302404924,
sentiment-te-01408,hi-Latn,tweets-hindi,sentiment,baseline,6,negative,negative,False,0.467250385368561,
sentiment-te-01409,hi-Latn,tweets-hindi,sentiment,baseline,15,neutral,negative,True,0.5445020885945885,
sentiment-te-01410,hi-Latn,tweets-hindi,sentiment,baseline,10,positive,positive,False,0.4801430162330392,
sentiment-te-01411,hi-Latn,tweets-hindi,sentiment,baseline,6,negative,positive,True,0.403796470122052,
sentiment-te-01412,hi-Latn,tweets-hindi,sentiment,baseline,2,neutral,negative,True,0.3956133518810956,
sentiment-te-01413,hi-Latn,tweets-hindi,sentiment,baseline,1,positive,positive,False,0.3784585221532697,
sentiment-te-01414,hi-Latn,tweets-hindi,sentiment,baseline,24,negative,neutral,True,0.5003120949140432,
sentiment-te-01415,hi-Latn,tweets-hindi,sentiment,baseline,17,neutral,neutral,False,0.42417939050402936,
sentiment-te-01416,hi-Latn,tweets-hindi,sentiment,baseline,24,positive,negative,True,0.43061828181458894,
sentiment-te-01417,hi-Latn,tweets-hindi,sentiment,baseline,12,negative,positive,True,0.46571962793750027,
sentiment-te-01418,hi-Latn,tweets-hindi,sentiment,baseline,14,neutral,neutral,False,0.6777032849010897,
sentiment-te-01419,hi-Latn,tweets-hindi,sentiment,baseline,26,positive,neutral,True,0.47969756441922556,
sentiment-te-01420,hi-Latn,tweets-hindi,sentiment,baseline,6,negative,negative,False,0.5424663777983653,
sentiment-te-01421,hi-Latn,tweets-hindi,sentiment,baseline,14,neutral,negative,True,0.6113306760594787,
sentiment-te-01422,hi-Latn,tweets-hindi,sentiment,baseline,13,positive,neutral,True,0.3965729787584992,
sentiment-te-01423,hi-Latn,tweets-hindi,sentiment,baseline,8,negative,negative,False,0.5320925556496624,
sentiment-te-01424,hi-Latn,tweets-hindi,sentiment,baseline,19,neutral,neutral,False,0.4271016511999643,
sentiment-te-01425,hi-Latn,tweets-hindi,sentiment,baseline,8,positive,negative,True,0.7113275789639754,
sentiment-te-01426,hi-Latn,tweets-hindi,sentiment,baseline,43,negative,positive,True,0.4515101032705443,
sentiment-te-01427,hi-Latn,tweets-hindi,sentiment,baseline,8,neutral,neutral,False,0.41061494527975795,
sentiment-te-01428,hi-Latn,tweets-hindi,sentiment,baseline,16,positive,positive,False,0.5797715947476503,
sentiment-te-01429,hi-Latn,tweets-hindi,sentiment,baseline,20,negative,negative,False,0.43280387602925463,
sentiment-te-01430,hi-Latn,tweets-hindi,sentiment,baseline,10,neutral,positive,True,0.49839969341075074,
sentiment-te-01431,hi-Latn,tweets-hindi,sentiment,baseline,38,positive,negative,True,0.530364174388586,
sentiment-te-01432,hi-Latn,tweets-hindi,sentiment,baseline,5,negative,negative,False,0.46127148357696424,
sentiment-te-01433,hi-Latn,tweets-hindi,sentiment,baseline,5,neutral,neutral,False,0.43962546965590055,
sentiment-te-01434,hi-Latn,tweets-hindi,sentiment,baseline,4,positive,positive,False,0.4479860778706847,
sentiment-te-01435,hi-Latn,tweets-hindi,sentiment,baseline,3,negative,negative,False,0.5235000732867785,
sentiment-te-01436,hi-Latn,tweets-hindi,sentiment,baseline,21,neutral,negative,True,0.47394868335153056,
sentiment-te-01437,hi-Latn,tweets-hindi,sentiment,baseline,28,positive,neutral,True,0.5511965322260464,
sentiment-te-01438,hi-Latn,tweets-hindi,sentiment,baseline,14,negative,negative,False,0.49161444026861595,
sentiment-te-01439,hi-Latn,tweets-hindi,sentiment,baseline,20,neutral,negative,True,0.46500343291156687,
sentiment-te-01440,hi-Latn,tweets-hindi,sentiment,baseline,6,positive,neutral,True,0.4705844824078343,
sentiment-te-01441,hi-Latn,tweets-hindi,sentiment,baseline,16,negative,negative,False,0.42262002537625254,
sentiment-te-01442,hi-Latn,tweets-hindi,sentiment,baseline,20,neutral,neutral,False,0.4794286729115072,
sentiment-te-01443,hi-Latn,tweets-hindi,sentiment,baseline,14,positive,positive,False,0.6762289590474917,
sentiment-te-01444,hi-Latn,tweets-hindi,sentiment,baseline,15,negative,negative,False,0.744746958288104,
sentiment-te-01445,hi-Latn,tweets-hindi,sentiment,baseline,6,neutral,neutral,False,0.4743609709454715,
sentiment-te-01446,hi-Latn,tweets-hindi,sentiment,baseline,11,positive,negative,True,0.35674332816421717,
sentiment-te-01447,hi-Latn,tweets-hindi,sentiment,baseline,22,negative,negative,False,0.4391218103575685,
sentiment-te-01448,hi-Latn,tweets-hindi,sentiment,baseline,10,neutral,negative,True,0.5086007095849727,
sentiment-te-01449,hi-Latn,tweets-hindi,sentiment,baseline,20,positive,positive,False,0.5244269370611871,
sentiment-te-01450,hi-Latn,tweets-hindi,sentiment,baseline,16,negative,negative,False,0.563403764990728,
sentiment-te-01451,hi-Latn,tweets-hindi,sentiment,baseline,5,neutral,neutral,False,0.37227134176643945,
sentiment-te-01452,hi-Latn,tweets-hindi,sentiment,baseline,12,positive,positive,False,0.4197189940986566,
sentiment-te-01453,hi-Latn,tweets-hindi,sentiment,baseline,33,negative,negative,False,0.3449392952152814,
sentiment-te-01454,hi-Latn,tweets-hindi,sentiment,baseline,7,neutral,positive,True,0.4410256607014982,
sentiment-te-01455,hi-Latn,tweets-hindi,sentiment,baseline,11,positive,positive,False,0.3908551512043412,
sentiment-te-01456,hi-Latn,tweets-hindi,sentiment,baseline,9,negative,negative,False,0.3926415892395153,
sentiment-te-01457,hi-Latn,tweets-hindi,sentiment,baseline,7,neutral,negative,True,0.4529715673516109,
sentiment-te-01458,hi-Latn,tweets-hindi,sentiment,baseline,13,positive,positive,False,0.6269191506125109,
sentiment-te-01459,hi-Latn,tweets-hindi,sentiment,baseline,41,negative,negative,False,0.4937057990906783,
sentiment-te-01460,hi-Latn,tweets-hindi,sentiment,baseline,39,neutral,neutral,False,0.5886006329743346,
sentiment-te-01461,hi-Latn,tweets-hindi,sentiment,baseline,8,positive,positive,False,0.4141396328352935,
sentiment-te-01462,hi-Latn,tweets-hindi,sentiment,baseline,4,negative,negative,False,0.6252422007132236,
sentiment-te-01463,hi-Latn,tweets-hindi,sentiment,baseline,2,neutral,neutral,False,0.44875839734209877,
sentiment-te-01464,hi-Latn,tweets-hindi,sentiment,baseline,10,positive,positive,False,0.7383747420905985,
sentiment-te-01465,hi-Latn,tweets-hindi,sentiment,baseline,6,negative,positive,True,0.41526900119596005,
sentiment-te-01466,hi-Latn,tweets-hindi,sentiment,baseline,4,neutral,neutral,False,0.495143898166383,
sentiment-te-01467,hi-Latn,tweets-hindi,sentiment,baseline,11,positive,negative,True,0.5217915369822381,
sentiment-te-01468,hi-Latn,tweets-hindi,sentiment,baseline,18,negative,negative,False,0.6756134374423002,
sentiment-te-01469,hi-Latn,tweets-hindi,sentiment,baseline,25,neutral,neutral,False,0.430875091279375,
sentiment-te-01470,hi-Latn,tweets-hindi,sentiment,baseline,5,positive,positive,False,0.3516532861991007,
sentiment-te-01471,hi-Latn,tweets-hindi,sentiment,baseline,18,negative,negative,False,0.407499840882263,
sentiment-te-01472,hi-Latn,tweets-hindi,sentiment,baseline,28,neutral,neutral,False,0.39873294992580893,
sentiment-te-01473,hi-Latn,tweets-hindi,sentiment,baseline,9,positive,neutral,True,0.4543124986526776,
sentiment-te-01474,hi-Latn,tweets-hindi,sentiment,baseline,2,negative,negative,False,0.4647064258113525,
sentiment-te-01475,hi-Latn,tweets-hindi,sentiment,baseline,6,neutral,negative,True,0.4432006017245566,
sentiment-te-01476,hi-Latn,tweets-hindi,sentiment,baseline,5,positive,negative,True,0.4362975343351782,
sentiment-te-01477,hi-Latn,tweets-hindi,sentiment,baseline,7,negative,neutral,True,0.43933799371320975,
sentiment-te-01478,hi-Latn,tweets-hindi,sentiment,baseline,11,neutral,neutral,False,0.40246600011208317,
sentiment-te-01479,hi-Latn,tweets-hindi,sentiment,baseline,17,positive,positive,False,0.5324007341163994,
sentiment-te-01480,hi-Latn,tweets-hindi,sentiment,baseline,21,negative,negative,False,0.48234236796402286,
sentiment-te-01481,hi-Latn,tweets-hindi,sentiment,baseline,21,neutral,negative,True,0.411661667271935,
sentiment-te-01482,hi-Latn,tweets-hindi,sentiment,baseline,2,positive,positive,False,0.3788048493563399,
sentiment-te-01483,hi-Latn,tweets-hindi,sentiment,baseline,12,negative,negative,False,0.4156432516194863,
sentiment-te-01484,hi-Latn,tweets-hindi,sentiment,baseline,5,neutral,neutral,False,0.5527942099930575,
sentiment-te-01485,hi-Latn,tweets-hindi,sentiment,baseline,13,positive,negative,True,0.49752683463127817,
sentiment-te-01486,hi-Latn,tweets-hindi,sentiment,baseline,6,negative,neutral,True,0.4200485172605059,
sentiment-te-01487,hi-Latn,tweets-hindi,sentiment,baseline,17,neutral,negative,True,0.4476185959263748,
sentiment-te-01488,hi-Latn,tweets-hindi,sentiment,baseline,12,positive,positive,False,0.42693540899077514,
sentiment-te-01489,hi-Latn,tweets-hindi,sentiment,baseline,11,negative,negative,False,0.7477595206409974,
sentiment-te-01490,hi-Latn,tweets-hindi,sentiment,baseline,10,neutral,neutral,False,0.4105779891539604,
sentiment-te-01491,hi-Latn,tweets-hindi,sentiment,baseline,12,positive,negative,True,0.4300175888664808,
sentiment-te-01492,hi-Latn,tweets-hindi,sentiment,baseline,20,negative,negative,False,0.39450107917941657,
sentiment-te-01493,hi-Latn,tweets-hindi,sentiment,baseline,21,neutral,negative,True,0.4566034030813839,
sentiment-te-01494,hi-Latn,tweets-hindi,sentiment,baseline,5,positive,positive,False,0.8089328650979131,
sentiment-te-01495,hi-Latn,tweets-hindi,sentiment,baseline,21,negative,negative,False,0.6386142648894967,
sentiment-te-01496,hi-Latn,tweets-hindi,sentiment,baseline,3,neutral,positive,True,0.5443604868562287,
sentiment-te-01497,hi-Latn,tweets-hindi,sentiment,baseline,20,positive,neutral,True,0.4447852329647205,
sentiment-te-01498,hi-Latn,tweets-hindi,sentiment,baseline,21,negative,neutral,True,0.36774325193435536,
sentiment-te-01499,hi-Latn,tweets-hindi,sentiment,baseline,4,neutral,negative,True,0.3885691932526722,
sentiment-te-01500,hi-Latn,tweets-hindi,sentiment,baseline,8,positive,negative,True,0.5276112199606667,
sentiment-te-01501,hi-Latn,tweets-hindi,sentiment,baseline,8,negative,positive,True,0.5759006724178466,
sentiment-te-01502,hi-Latn,tweets-hindi,sentiment,baseline,3,neutral,neutral,False,0.5177070515655378,
sentiment-te-01503,hi-Latn,tweets-hindi,sentiment,baseline,28,positive,negative,True,0.7386965998373611,
sentiment-te-01504,hi-Latn,tweets-hindi,sentiment,baseline,21,negative,negative,False,0.4135832223685636,
sentiment-te-01505,hi-Latn,tweets-hindi,sentiment,baseline,2,neutral,negative,True,0.7021707070100474,
sentiment-te-01506,hi-Latn,tweets-hindi,sentiment,baseline,11,positive,negative,True,0.37934352737533,
sentiment-te-01507,hi-Latn,tweets-hindi,sentiment,baseline,8,negative,negative,False,0.46058221103394553,
sentiment-te-01508,hi-Latn,tweets-hindi,sentiment,baseline,9,neutral,negative,True,0.4366859593252927,
sentiment-te-01509,hi-Latn,tweets-hindi,sentiment,baseline,8,positive,neutral,True,0.38756507964376313,
sentiment-te-01510,hi-Latn,tweets-hindi,sentiment,baseline,19,negative,neutral,True,0.4005920565249216,
sentiment-te-01511,hi-Latn,tweets-hindi,sentiment,baseline,13,neutral,neutral,False,0.5150534711911688,
sentiment-te-01512,hi-Latn,tweets-hindi,sentiment,baseline,6,positive,negative,True,0.38558667423977433,
sentiment-te-01513,hi-Latn,tweets-hindi,sentiment,baseline,14,negative,positive,True,0.457637908358503,
sentiment-te-01514,hi-Latn,tweets-hindi,sentiment,baseline,11,neutral,neutral,False,0.4224809372318533,
sentiment-te-01515,hi-Latn,tweets-hindi,sentiment,baseline,15,positive,positive,False,0.4835375430195057,
sentiment-te-01516,hi-Latn,tweets-hindi,sentiment,baseline,20,negative,positive,True,0.3803319671860053,
sentiment-te-01517,hi-Latn,tweets-hindi,sentiment,baseline,30,neutral,positive,True,0.4888593384251521,
sentiment-te-01518,hi-Latn,tweets-hindi,sentiment,baseline,23,positive,positive,False,0.4480987729125563,
sentiment-te-01519,hi-Latn,tweets-hindi,sentiment,baseline,12,negative,positive,True,0.36556078443697393,
sentiment-te-01520,hi-Latn,tweets-hindi,sentiment,baseline,12,neutral,negative,True,0.486141061108753,
sentiment-te-01521,hi-Latn,tweets-hindi,sentiment,baseline,24,positive,positive,False,0.42078563509687417,
sentiment-te-01522,hi-Latn,tweets-hindi,sentiment,baseline,26,negative,negative,False,0.3577507446354981,
sentiment-te-01523,hi-Latn,tweets-hindi,sentiment,baseline,10,neutral,negative,True,0.5267714195408082,
sentiment-te-01524,hi-Latn,tweets-hindi,sentiment,baseline,33,positive,positive,False,0.457904306123279,
sentiment-te-01525,hi-Latn,tweets-hindi,sentiment,baseline,13,negative,negative,False,0.3728823628478759,
sentiment-te-01526,hi-Latn,tweets-hindi,sentiment,baseline,27,neutral,neutral,False,0.49746633924217765,
sentiment-te-01527,hi-Latn,tweets-hindi,sentiment,baseline,12,positive,positive,False,0.4258598659330077,
sentiment-te-01528,hi-Latn,tweets-hindi,sentiment,baseline,8,negative,negative,False,0.44269317282230436,
sentiment-te-01529,hi-Latn,tweets-hindi,sentiment,baseline,4,neutral,neutral,False,0.5996521313649646,
sentiment-te-01530,hi-Latn,tweets-hindi,sentiment,baseline,5,positive,negative,True,0.3828149815330362,
sentiment-te-01531,hi-Latn,tweets-hindi,sentiment,baseline,3,negative,neutral,True,0.5574644498992671,
sentiment-te-01532,hi-Latn,tweets-hindi,sentiment,baseline,5,neutral,neutral,False,0.5547657618860837,
sentiment-te-01533,hi-Latn,tweets-hindi,sentiment,baseline,34,positive,positive,False,0.43289876932856003,
sentiment-te-01534,hi-Latn,tweets-hindi,sentiment,baseline,14,negative,neutral,True,0.42421064684304144,
sentiment-te-01535,hi-Latn,tweets-hindi,sentiment,baseline,12,neutral,positive,True,0.6057629387578637,
sentiment-te-01536,hi-Latn,tweets-hindi,sentiment,baseline,16,positive,positive,False,0.42546572669978017,
sentiment-te-01537,hi-Latn,tweets-hindi,sentiment,baseline,6,negative,negative,False,0.43914033029556143,
sentiment-te-01538,hi-Latn,tweets-hindi,sentiment,baseline,20,neutral,negative,True,0.6447373726932116,
sentiment-te-01539,hi-Latn,tweets-hindi,sentiment,baseline,6,positive,positive,False,0.38363077860311934,
sentiment-te-01540,hi-Latn,tweets-hindi,sentiment,baseline,8,negative,positive,True,0.38621436177001817,
sentiment-te-01541,hi-Latn,tweets-hindi,sentiment,baseline,2,neutral,neutral,False,0.4648135046395616,
sentiment-te-01542,hi-Latn,tweets-hindi,sentiment,baseline,8,positive,positive,False,0.4609639162304675,
sentiment-te-01543,hi-Latn,tweets-hindi,sentiment,baseline,5,negative,negative,False,0.3765390675055993,
sentiment-te-01544,hi-Latn,tweets-hindi,sentiment,baseline,19,neutral,neutral,False,0.46159488675847754,
sentiment-te-01545,hi-Latn,tweets-hindi,sentiment,baseline,15,positive,positive,False,0.3747943005563671,
sentiment-te-01546,hi-Latn,tweets-hindi,sentiment,baseline,9,negative,negative,False,0.3724468275217701,
sentiment-te-01547,hi-Latn,tweets-hindi,sentiment,baseline,11,neutral,neutral,False,0.41287226244201936,
sentiment-te-01548,hi-Latn,tweets-hindi,sentiment,baseline,30,positive,positive,False,0.46551265790142926,
sentiment-te-01549,hi-Latn,tweets-hindi,sentiment,baseline,3,negative,neutral,True,0.43435414863193544,
sentiment-te-01550,hi-Latn,tweets-hindi,sentiment,baseline,8,neutral,negative,True,0.642787087992837,
sentiment-te-01551,hi-Latn,tweets-hindi,sentiment,baseline,7,positive,neutral,True,0.4646792606221354,
sentiment-te-01552,hi-Latn,tweets-hindi,sentiment,baseline,10,negative,negative,False,0.514662166407564,
sentiment-te-01553,hi-Latn,tweets-hindi,sentiment,baseline,20,neutral,negative,True,0.4333383269025056,
sentiment-te-01554,hi-Latn,tweets-hindi,sentiment,baseline,11,positive,positive,False,0.38698135699039354,
sentiment-te-01555,hi-Latn,tweets-hindi,sentiment,baseline,9,negative,positive,True,0.3588029804201715,
sentiment-te-01556,hi-Latn,tweets-hindi,sentiment,baseline,3,neutral,neutral,False,0.4065746922796995,
sentiment-te-01557,hi-Latn,tweets-hindi,sentiment,baseline,25,positive,negative,True,0.49152909130665234,
sentiment-te-01558,hi-Latn,tweets-hindi,sentiment,baseline,34,negative,negative,False,0.5007516627854542,
sentiment-te-01559,hi-Latn,tweets-hindi,sentiment,baseline,1,neutral,positive,True,0.6354185446001006,
sentiment-te-01560,hi-Latn,tweets-hindi,sentiment,baseline,18,positive,negative,True,0.39329945545729916,
sentiment-te-01561,hi-Latn,tweets-hindi,sentiment,baseline,8,negative,neutral,True,0.5114510428014474,
sentiment-te-01562,hi-Latn,tweets-hindi,sentiment,baseline,33,neutral,positive,True,0.42959441015510413,
sentiment-te-01563,hi-Latn,tweets-hindi,sentiment,baseline,34,positive,negative,True,0.4649969045234262,
sentiment-te-01564,hi-Latn,tweets-hindi,sentiment,baseline,22,negative,negative,False,0.38809887009461097,
sentiment-te-01565,hi-Latn,tweets-hindi,sentiment,baseline,3,neutral,positive,True,0.4398555384281674,
sentiment-te-01566,hi-Latn,tweets-hindi,sentiment,baseline,16,positive,positive,False,0.3946020170272465,
sentiment-te-01567,hi-Latn,tweets-hindi,sentiment,baseline,11,negative,negative,False,0.6114042193315972,
sentiment-te-01568,hi-Latn,tweets-hindi,sentiment,baseline,15,neutral,neutral,False,0.48524391557572405,
sentiment-te-01569,hi-Latn,tweets-hindi,sentiment,baseline,4,positive,positive,False,0.5163566850926438,
sentiment-te-01570,hi-Latn,tweets-hindi,sentiment,baseline,21,negative,positive,True,0.5627072548926925,
sentiment-te-01571,hi-Latn,tweets-hindi,sentiment,baseline,23,neutral,neutral,False,0.43812640820561755,
sentiment-te-01572,hi-Latn,tweets-hindi,sentiment,baseline,12,positive,negative,True,0.5153969756629576,
sentiment-te-01573,hi-Latn,tweets-hindi,sentiment,baseline,19,negative,negative,False,0.4194311673047866,
sentiment-te-01574,hi-Latn,tweets-hindi,sentiment,baseline,5,neutral,positive,True,0.3959443416853961,
sentiment-te-01575,hi-Latn,tweets-hindi,sentiment,baseline,23,positive,negative,True,0.39065512077555425,
sentiment-te-01576,hi-Latn,tweets-hindi,sentiment,baseline,1,negative,neutral,True,0.4014329432568388,
sentiment-te-01577,hi-Latn,tweets-hindi,sentiment,baseline,4,neutral,neutral,False,0.4337678426332752,
sentiment-te-01578,hi-Latn,tweets-hindi,sentiment,baseline,15,positive,negative,True,0.5096066537233547,
sentiment-te-01579,hi-Latn,tweets-hindi,sentiment,baseline,23,negative,positive,True,0.49142633757986903,
sentiment-te-01580,hi-Latn,tweets-hindi,sentiment,baseline,21,neutral,neutral,False,0.42759366164464047,
sentiment-te-01581,hi-Latn,tweets-hindi,sentiment,baseline,9,positive,neutral,True,0.4685850165146304,
sentiment-te-01582,hi-Latn,tweets-hindi,sentiment,baseline,40,negative,negative,False,0.4562780704721433,
sentiment-te-01583,hi-Latn,tweets-hindi,sentiment,baseline,23,neutral,positive,True,0.36456425655585156,
sentiment-te-01584,hi-Latn,tweets-hindi,sentiment,baseline,21,positive,neutral,True,0.40101546979608327,
sentiment-te-01585,hi-Latn,tweets-hindi,sentiment,baseline,10,negative,negative,False,0.5225649834349491,
sentiment-te-01586,hi-Latn,tweets-hindi,sentiment,baseline,17,neutral,negative,True,0.44573410816596176,
sentiment-te-01587,hi-Latn,tweets-hindi,sentiment,baseline,4,positive,positive,False,0.48886543932466936,
sentiment-te-01588,hi-Latn,tweets-hindi,sentiment,baseline,2,negative,positive,True,0.40281693047963707,
sentiment-te-01589,hi-Latn,tweets-hindi,sentiment,baseline,12,neutral,neutral,False,0.5334150775221829,
sentiment-te-01590,hi-Latn,tweets-hindi,sentiment,baseline,22,positive,negative,True,0.7057615362925971,
sentiment-te-01591,hi-Latn,tweets-hindi,sentiment,baseline,23,negative,neutral,True,0.5208651425217903,
sentiment-te-01592,hi-Latn,tweets-hindi,sentiment,baseline,26,neutral,neutral,False,0.4826951588387862,
sentiment-te-01593,hi-Latn,tweets-hindi,sentiment,baseline,28,positive,neutral,True,0.4200869287862177,
sentiment-te-01594,hi-Latn,tweets-hindi,sentiment,baseline,17,negative,negative,False,0.4871879918048742,
sentiment-te-01595,hi-Latn,tweets-hindi,sentiment,baseline,5,neutral,negative,True,0.40691100440440225,
sentiment-te-01596,hi-Latn,tweets-hindi,sentiment,baseline,27,positive,neutral,True,0.4148864580562183,
sentiment-te-01597,hi-Latn,tweets-hindi,sentiment,baseline,9,negative,negative,False,0.5080831821000978,
sentiment-te-01598,hi-Latn,tweets-hindi,sentiment,baseline,4,neutral,neutral,False,0.4338011978454168,
sentiment-te-01599,hi-Latn,tweets-hindi,sentiment,baseline,23,positive,negative,True,0.4944869397391106,
sentiment-te-01600,hi-Latn,tweets-hindi,sentiment,baseline,15,negative,negative,False,0.557599605538886,
sentiment-te-01601,hi-Latn,tweets-hindi,sentiment,baseline,23,neutral,positive,True,0.4629803424478536,
sentiment-te-01602,hi-Latn,tweets-hindi,sentiment,baseline,3,positive,negative,True,0.4766372475491175,
sentiment-te-01603,hi-Latn,tweets-hindi,sentiment,baseline,11,negative,negative,False,0.44200002793867893,
sentiment-te-01604,hi-Latn,tweets-hindi,sentiment,baseline,11,neutral,neutral,False,0.4714061410076848,
sentiment-te-01605,hi-Latn,tweets-hindi,sentiment,baseline,24,positive,positive,False,0.561904894681955,
sentiment-te-01606,hi-Latn,tweets-hindi,sentiment,baseline,14,negative,neutral,True,0.43130609125179653,
sentiment-te-01607,hi-Latn,tweets-hindi,sentiment,baseline,34,neutral,positive,True,0.4200324394297394,
sentiment-te-01608,hi-Latn,tweets-hindi,sentiment,baseline,14,positive,negative,True,0.49772219917613564,
sentiment-te-01609,hi-Latn,tweets-hindi,sentiment,baseline,21,negative,neutral,True,0.5428025667910158,
sentiment-te-01610,hi-Latn,tweets-hindi,sentiment,baseline,5,neutral,negative,True,0.41327340358230413,
sentiment-te-01611,hi-Latn,tweets-hindi,sentiment,baseline,14,positive,negative,True,0.7208164101675998,
sentiment-te-01612,hi-Latn,tweets-hindi,sentiment,baseline,25,negative,positive,True,0.6651026913657692,
sentiment-te-01613,hi-Latn,tweets-hindi,sentiment,baseline,24,neutral,neutral,False,0.44703435998570895,
sentiment-te-01614,hi-Latn,tweets-hindi,sentiment,baseline,10,positive,positive,False,0.8191831213805811,
sentiment-te-01615,hi-Latn,tweets-hindi,sentiment,baseline,5,negative,neutral,True,0.373379650571422,
sentiment-te-01616,hi-Latn,tweets-hindi,sentiment,baseline,12,neutral,negative,True,0.3917985742463941,
sentiment-te-01617,hi-Latn,tweets-hindi,sentiment,baseline,9,positive,neutral,True,0.5306495745041607,
sentiment-te-01618,hi-Latn,tweets-hindi,sentiment,baseline,17,negative,negative,False,0.40498965618726696,
sentiment-te-01619,hi-Latn,tweets-hindi,sentiment,baseline,4,neutral,negative,True,0.420193014825773,
sentiment-te-01620,hi-Latn,tweets-hindi,sentiment,baseline,39,positive,negative,True,0.39211193996139,
sentiment-te-01621,hi-Latn,tweets-hindi,sentiment,baseline,15,negative,negative,False,0.4589311827582644,
sentiment-te-01622,hi-Latn,tweets-hindi,sentiment,baseline,11,neutral,neutral,False,0.3978042572078026,
sentiment-te-01623,hi-Latn,tweets-hindi,sentiment,baseline,7,positive,positive,False,0.4784367484718,
sentiment-te-01624,hi-Latn,tweets-hindi,sentiment,baseline,9,negative,negative,False,0.6861920080096258,
sentiment-te-01625,hi-Latn,tweets-hindi,sentiment,baseline,7,neutral,negative,True,0.4464568828446176,
sentiment-te-01626,hi-Latn,tweets-hindi,sentiment,baseline,11,positive,negative,True,0.3849416027018807,
sentiment-te-01627,hi-Latn,tweets-hindi,sentiment,baseline,2,negative,positive,True,0.41333829812533607,
sentiment-te-01628,hi-Latn,tweets-hindi,sentiment,baseline,6,neutral,negative,True,0.5301726556317493,
sentiment-te-01629,hi-Latn,tweets-hindi,sentiment,baseline,15,positive,positive,False,0.38073518041250215,
sentiment-te-01630,hi-Latn,tweets-hindi,sentiment,baseline,1,negative,positive,True,0.5337366583523527,
sentiment-te-01631,hi-Latn,tweets-hindi,sentiment,baseline,5,neutral,negative,True,0.38474030844199625,
sentiment-te-01632,hi-Latn,tweets-hindi,sentiment,baseline,3,positive,neutral,True,0.3872223318977968,
sentiment-te-01633,hi-Latn,tweets-hindi,sentiment,baseline,14,negative,negative,False,0.6574163691732111,
sentiment-te-01634,hi-Latn,tweets-hindi,sentiment,baseline,3,neutral,positive,True,0.4638320943729526,
sentiment-te-01635,hi-Latn,tweets-hindi,sentiment,baseline,17,positive,negative,True,0.4414492718725115,
sentiment-te-01636,hi-Latn,tweets-hindi,sentiment,baseline,41,negative,negative,False,0.7385560714415224,
sentiment-te-01637,hi-Latn,tweets-hindi,sentiment,baseline,8,neutral,neutral,False,0.5954422502931656,
sentiment-te-01638,hi-Latn,tweets-hindi,sentiment,baseline,19,positive,neutral,True,0.513634365693848,
sentiment-te-01639,hi-Latn,tweets-hindi,sentiment,baseline,8,negative,negative,False,0.5209638247752838,
sentiment-te-01640,hi-Latn,tweets-hindi,sentiment,baseline,9,neutral,negative,True,0.61472453647114,
sentiment-te-01641,hi-Latn,tweets-hindi,sentiment,baseline,9,positive,positive,False,0.3451018041386651,
sentiment-te-01642,hi-Latn,tweets-hindi,sentiment,baseline,19,negative,negative,False,0.8011266847090385,
sentiment-te-01643,hi-Latn,tweets-hindi,sentiment,baseline,2,neutral,neutral,False,0.46064834292215356,
sentiment-te-01644,hi-Latn,tweets-hindi,sentiment,baseline,4,positive,negative,True,0.4585885122290721,
sentiment-te-01645,hi-Latn,tweets-hindi,sentiment,baseline,53,negative,negative,False,0.6487296626262024,
sentiment-te-01646,hi-Latn,tweets-hindi,sentiment,baseline,4,neutral,neutral,False,0.49645932913569035,
sentiment-te-01647,hi-Latn,tweets-hindi,sentiment,baseline,9,positive,neutral,True,0.4166842918071533,
sentiment-te-01648,hi-Latn,tweets-hindi,sentiment,baseline,10,negative,negative,False,0.47718120147584825,
sentiment-te-01649,hi-Latn,tweets-hindi,sentiment,baseline,10,neutral,neutral,False,0.34601368896804746,
sentiment-te-01650,hi-Latn,tweets-hindi,sentiment,baseline,12,positive,positive,False,0.6674610645250226,
sentiment-te-01651,hi-Latn,tweets-hindi,sentiment,baseline,6,negative,negative,False,0.501788013700172,
sentiment-te-01652,hi-Latn,tweets-hindi,sentiment,baseline,6,neutral,positive,True,0.5257675850121805,
sentiment-te-01653,hi-Latn,tweets-hindi,sentiment,baseline,28,positive,positive,False,0.4393572440516993,
sentiment-te-01654,hi-Latn,tweets-hindi,sentiment,baseline,21,negative,positive,True,0.4475023532358013,
sentiment-te-01655,hi-Latn,tweets-hindi,sentiment,baseline,3,neutral,negative,True,0.5107390646123692,
sentiment-te-01656,hi-Latn,tweets-hindi,sentiment,baseline,6,positive,negative,True,0.5821087578115817,
sentiment-te-01657,hi-Latn,tweets-hindi,sentiment,baseline,4,negative,negative,False,0.4898233994517559,
sentiment-te-01658,hi-Latn,tweets-hindi,sentiment,baseline,15,positive,positive,False,0.4033149080144838,
sentiment-te-01659,hi-Latn,tweets-hindi,sentiment,baseline,14,negative,positive,True,0.3927065527956184,
sentiment-te-01660,hi-Latn,tweets-hindi,sentiment,baseline,14,neutral,negative,True,0.47605768819609406,
sentiment-te-01661,hi-Latn,tweets-hindi,sentiment,baseline,25,positive,neutral,True,0.5482687139000112,
sentiment-te-01662,hi-Latn,tweets-hindi,sentiment,baseline,5,negative,negative,False,0.5089729441078382,
sentiment-te-01663,hi-Latn,tweets-hindi,sentiment,baseline,28,neutral,negative,True,0.5826862954732644,
sentiment-te-01664,hi-Latn,tweets-hindi,sentiment,baseline,26,positive,positive,False,0.41000008735199095,
sentiment-te-01665,hi-Latn,tweets-hindi,sentiment,baseline,35,negative,neutral,True,0.4266600734546879,
sentiment-te-01666,hi-Latn,tweets-hindi,sentiment,baseline,3,neutral,negative,True,0.39637701485279153,
sentiment-te-01667,hi-Latn,tweets-hindi,sentiment,baseline,31,positive,negative,True,0.4288913153121485,
sentiment-te-01668,hi-Latn,tweets-hindi,sentiment,baseline,29,negative,negative,False,0.8353077145517702,
sentiment-te-01669,hi-Latn,tweets-hindi,sentiment,baseline,46,neutral,negative,True,0.4752583475457727,
sentiment-te-01670,hi-Latn,tweets-hindi,sentiment,baseline,3,positive,positive,False,0.3877809811957794,
sentiment-te-01671,hi-Latn,tweets-hindi,sentiment,baseline,11,negative,negative,False,0.7210450233648045,
sentiment-te-01672,hi-Latn,tweets-hindi,sentiment,baseline,11,neutral,positive,True,0.47680938696670594,
sentiment-te-01673,hi-Latn,tweets-hindi,sentiment,baseline,4,positive,positive,False,0.651890337644383,
sentiment-te-01674,hi-Latn,tweets-hindi,sentiment,baseline,9,negative,negative,False,0.37093042996798503,
sentiment-te-01675,hi-Latn,tweets-hindi,sentiment,baseline,3,neutral,neutral,False,0.44285138843050703,
sentiment-te-01676,hi-Latn,tweets-hindi,sentiment,baseline,12,positive,positive,False,0.6034307061899545,
sentiment-te-01677,hi-Latn,tweets-hindi,sentiment,baseline,13,negative,negative,False,0.3473356497713798,
sentiment-te-01678,hi-Latn,tweets-hindi,sentiment,baseline,11,neutral,positive,True,0.39908918483334027,
sentiment-te-01679,hi-Latn,tweets-hindi,sentiment,baseline,1,positive,positive,False,0.36527772364480227,
sentiment-te-01680,hi-Latn,tweets-hindi,sentiment,baseline,14,negative,positive,True,0.3653234656641273,
sentiment-te-01681,hi-Latn,tweets-hindi,sentiment,baseline,8,neutral,positive,True,0.42097419994450425,
sentiment-te-01682,hi-Latn,tweets-hindi,sentiment,baseline,3,positive,positive,False,0.513196896544556,
sentiment-te-01683,hi-Latn,tweets-hindi,sentiment,baseline,11,negative,neutral,True,0.365009163752589,
sentiment-te-01684,hi-Latn,tweets-hindi,sentiment,baseline,9,neutral,negative,True,0.6286425211690604,
sentiment-te-01685,hi-Latn,tweets-hindi,sentiment,baseline,22,positive,negative,True,0.5863423027253193,
sentiment-te-01686,hi-Latn,tweets-hindi,sentiment,baseline,14,negative,negative,False,0.5680040319948308,
sentiment-te-01687,hi-Latn,tweets-hindi,sentiment,baseline,7,neutral,negative,True,0.49068578322199363,
sentiment-te-01688,hi-Latn,tweets-hindi,sentiment,baseline,4,positive,negative,True,0.39099223503784547,
sentiment-te-01689,hi-Latn,tweets-hindi,sentiment,baseline,27,negative,positive,True,0.5421929457264926,
sentiment-te-01690,hi-Latn,tweets-hindi,sentiment,baseline,6,neutral,positive,True,0.36962190253021737,
sentiment-te-01691,hi-Latn,tweets-hindi,sentiment,baseline,10,positive,positive,False,0.4090325965609932,
sentiment-te-01692,hi-Latn,tweets-hindi,sentiment,baseline,14,negative,neutral,True,0.4412133381831752,
sentiment-te-01693,hi-Latn,tweets-hindi,sentiment,baseline,19,neutral,positive,True,0.4491831772770201,
sentiment-te-01694,hi-Latn,tweets-hindi,sentiment,baseline,8,positive,positive,False,0.5752680605671342,
sentiment-te-01695,hi-Latn,tweets-hindi,sentiment,baseline,12,negative,neutral,True,0.45767821338399445,
sentiment-te-01696,hi-Latn,tweets-hindi,sentiment,baseline,6,neutral,neutral,False,0.42108123747051124,
sentiment-te-01697,hi-Latn,tweets-hindi,sentiment,baseline,8,positive,positive,False,0.5049862141064606,
sentiment-te-01698,hi-Latn,tweets-hindi,sentiment,baseline,2,negative,negative,False,0.40735801809463446,
sentiment-te-01699,hi-Latn,tweets-hindi,sentiment,baseline,15,neutral,positive,True,0.46349008909020634,
sentiment-te-01700,hi-Latn,tweets-hindi,sentiment,baseline,12,positive,neutral,True,0.37406560434618674,
sentiment-te-01701,hi-Latn,tweets-hindi,sentiment,baseline,21,negative,neutral,True,0.43432897718109975,
sentiment-te-01702,hi-Latn,tweets-hindi,sentiment,baseline,8,neutral,negative,True,0.3388359128353085,
sentiment-te-01703,hi-Latn,tweets-hindi,sentiment,baseline,7,positive,negative,True,0.6181594372549163,
sentiment-te-01704,hi-Latn,tweets-hindi,sentiment,baseline,3,negative,negative,False,0.7229548009631774,
sentiment-te-01705,hi-Latn,tweets-hindi,sentiment,baseline,1,neutral,negative,True,0.3987785895870864,
sentiment-te-01706,hi-Latn,tweets-hindi,sentiment,baseline,17,positive,negative,True,0.5805559368191333,
sentiment-te-01707,hi-Latn,tweets-hindi,sentiment,baseline,5,negative,negative,False,0.5997991098276491,
sentiment-te-01708,hi-Latn,tweets-hindi,sentiment,baseline,16,neutral,neutral,False,0.3814601129282407,
sentiment-te-01709,hi-Latn,tweets-hindi,sentiment,baseline,16,positive,neutral,True,0.4686850775041696,
sentiment-te-01710,hi-Latn,tweets-hindi,sentiment,baseline,6,negative,positive,True,0.5103501991296716,
sentiment-te-01711,hi-Latn,tweets-hindi,sentiment,baseline,7,neutral,positive,True,0.4614346335495397,
sentiment-te-01712,hi-Latn,tweets-hindi,sentiment,baseline,27,positive,negative,True,0.43283074064998844,
sentiment-te-01713,hi-Latn,tweets-hindi,sentiment,baseline,24,negative,negative,False,0.39346476325891555,
sentiment-te-01714,hi-Latn,tweets-hindi,sentiment,baseline,9,neutral,positive,True,0.3791081542791454,
sentiment-te-01715,hi-Latn,tweets-hindi,sentiment,baseline,11,positive,neutral,True,0.43327558685166473,
sentiment-te-01716,hi-Latn,tweets-hindi,sentiment,baseline,14,negative,negative,False,0.41093308093301206,
sentiment-te-01717,hi-Latn,tweets-hindi,sentiment,baseline,13,neutral,positive,True,0.5306186406285808,
sentiment-te-01718,hi-Latn,tweets-hindi,sentiment,baseline,20,positive,positive,False,0.7648253919442921,
sentiment-te-01719,hi-Latn,tweets-hindi,sentiment,baseline,16,negative,negative,False,0.48288845269157554,
sentiment-te-01720,hi-Latn,tweets-hindi,sentiment,baseline,17,neutral,positive,True,0.6231035019859984,
sentiment-te-01721,hi-Latn,tweets-hindi,sentiment,baseline,23,positive,negative,True,0.4845541714613101,
sentiment-te-01722,hi-Latn,tweets-hindi,sentiment,baseline,25,negative,negative,False,0.5499972574674759,
sentiment-te-01723,hi-Latn,tweets-hindi,sentiment,baseline,14,neutral,positive,True,0.36062507603815624,
sentiment-te-01724,hi-Latn,tweets-hindi,sentiment,baseline,22,positive,positive,False,0.3749545531611861,
sentiment-te-01725,hi-Latn,tweets-hindi,sentiment,baseline,18,negative,neutral,True,0.4430152143643212,
sentiment-te-01726,hi-Latn,tweets-hindi,sentiment,baseline,16,neutral,neutral,False,0.48844236619618586,
sentiment-te-01727,hi-Latn,tweets-hindi,sentiment,baseline,12,positive,positive,False,0.3732080737767782,
sentiment-te-01728,hi-Latn,tweets-hindi,sentiment,baseline,16,negative,negative,False,0.5196247528273413,
sentiment-te-01729,hi-Latn,tweets-hindi,sentiment,baseline,3,neutral,neutral,False,0.4035861373819301,
sentiment-te-01730,hi-Latn,tweets-hindi,sentiment,baseline,9,positive,negative,True,0.5798810923978007,
sentiment-te-01731,hi-Latn,tweets-hindi,sentiment,baseline,15,negative,negative,False,0.5783419718273546,
sentiment-te-01732,hi-Latn,tweets-hindi,sentiment,baseline,16,neutral,negative,True,0.784606128704085,
sentiment-te-01733,hi-Latn,tweets-hindi,sentiment,baseline,18,positive,positive,False,0.6087003610520173,
sentiment-te-01734,hi-Latn,tweets-hindi,sentiment,baseline,17,negative,negative,False,0.5192397816207849,
sentiment-te-01735,hi-Latn,tweets-hindi,sentiment,baseline,3,neutral,neutral,False,0.4670958970226399,
sentiment-te-01736,hi-Latn,tweets-hindi,sentiment,baseline,4,positive,negative,True,0.48414087524643806,
sentiment-te-01737,hi-Latn,youtube-hinglish,sentiment,baseline,8,positive,negative,True,0.6460496145035793,
sentiment-te-01738,hi-Latn,youtube-hinglish,sentiment,baseline,8,positive,negative,True,0.41086271983659034,
sentiment-te-01739,hi-Latn,youtube-hinglish,sentiment,baseline,9,neutral,negative,True,0.49229861077661685,
sentiment-te-01740,hi-Latn,youtube-hinglish,sentiment,baseline,3,negative,negative,False,0.5527003114946868,
sentiment-te-01741,hi-Latn,youtube-hinglish,sentiment,baseline,7,negative,negative,False,0.6678009633022697,
sentiment-te-01742,hi-Latn,youtube-hinglish,sentiment,baseline,9,positive,positive,False,0.6941802410855122,
sentiment-te-01743,hi-Latn,youtube-hinglish,sentiment,baseline,9,negative,negative,False,0.379810448517947,
sentiment-te-01744,hi-Latn,youtube-hinglish,sentiment,baseline,19,negative,positive,True,0.36223398120890554,
sentiment-te-01745,hi-Latn,youtube-hinglish,sentiment,baseline,4,neutral,negative,True,0.7255244797580412,
sentiment-te-01746,hi-Latn,youtube-hinglish,sentiment,baseline,3,negative,negative,False,0.5976173954242975,
sentiment-te-01747,hi-Latn,youtube-hinglish,sentiment,baseline,6,neutral,negative,True,0.5486270997368521,
sentiment-te-01748,hi-Latn,youtube-hinglish,sentiment,baseline,5,neutral,negative,True,0.5233916292549047,
sentiment-te-01749,hi-Latn,youtube-hinglish,sentiment,baseline,5,negative,negative,False,0.7536713164601165,
sentiment-te-01750,hi-Latn,youtube-hinglish,sentiment,baseline,4,negative,negative,False,0.7277598860911799,
sentiment-te-01751,hi-Latn,youtube-hinglish,sentiment,baseline,5,neutral,neutral,False,0.5414590229275876,
sentiment-te-01752,hi-Latn,youtube-hinglish,sentiment,baseline,6,neutral,neutral,False,0.5779067788419585,
sentiment-te-01753,hi-Latn,youtube-hinglish,sentiment,baseline,2,neutral,negative,True,0.40144231574861644,
sentiment-te-01754,hi-Latn,youtube-hinglish,sentiment,baseline,10,neutral,negative,True,0.6805967065399566,
sentiment-te-01755,hi-Latn,youtube-hinglish,sentiment,baseline,2,negative,negative,False,0.46001392056117074,
sentiment-te-01756,hi-Latn,youtube-hinglish,sentiment,baseline,37,negative,negative,False,0.4427865900189978,
sentiment-te-01757,hi-Latn,youtube-hinglish,sentiment,baseline,6,positive,negative,True,0.396704787208962,
sentiment-te-01758,hi-Latn,youtube-hinglish,sentiment,baseline,5,negative,negative,False,0.4251914359365135,
sentiment-te-01759,hi-Latn,youtube-hinglish,sentiment,baseline,7,negative,positive,True,0.6291639322176079,
sentiment-te-01760,hi-Latn,youtube-hinglish,sentiment,baseline,9,positive,positive,False,0.5289871833476802,
sentiment-te-01761,hi-Latn,youtube-hinglish,sentiment,baseline,5,negative,negative,False,0.6920794007137901,
sentiment-te-01762,hi-Latn,youtube-hinglish,sentiment,baseline,5,neutral,negative,True,0.5383576264304084,
sentiment-te-01763,hi-Latn,youtube-hinglish,sentiment,baseline,7,negative,neutral,True,0.40789983666731755,
sentiment-te-01764,hi-Latn,youtube-hinglish,sentiment,baseline,10,neutral,positive,True,0.43081037700521996,
sentiment-te-01765,hi-Latn,youtube-hinglish,sentiment,baseline,4,positive,negative,True,0.3711240128521834,
sentiment-te-01766,hi-Latn,youtube-hinglish,sentiment,baseline,5,neutral,negative,True,0.4160858038822225,
sentiment-te-01767,hi-Latn,youtube-hinglish,sentiment,baseline,19,negative,negative,False,0.5065977429775482,
sentiment-te-01768,hi-Latn,youtube-hinglish,sentiment,baseline,8,neutral,negative,True,0.43354356532098587,
sentiment-te-01769,hi-Latn,youtube-hinglish,sentiment,baseline,21,neutral,negative,True,0.4725854834657429,
sentiment-te-01770,hi-Latn,youtube-hinglish,sentiment,baseline,11,negative,negative,False,0.7894147783022702,
sentiment-te-01771,hi-Latn,youtube-hinglish,sentiment,baseline,20,neutral,negative,True,0.5429754226756422,
sentiment-te-01772,hi-Latn,youtube-hinglish,sentiment,baseline,4,neutral,neutral,False,0.4922133781694872,
sentiment-te-01773,hi-Latn,youtube-hinglish,sentiment,baseline,10,neutral,neutral,False,0.5204200964922316,
sentiment-te-01774,hi-Latn,youtube-hinglish,sentiment,baseline,11,negative,negative,False,0.48448305827703225,
sentiment-te-01775,hi-Latn,youtube-hinglish,sentiment,baseline,6,negative,negative,False,0.5838860011027532,
sentiment-te-01776,hi-Latn,youtube-hinglish,sentiment,baseline,12,negative,negative,False,0.5619068584085253,
sentiment-te-01777,hi-Latn,youtube-hinglish,sentiment,baseline,13,positive,negative,True,0.44717547651432726,
sentiment-te-01778,hi-Latn,youtube-hinglish,sentiment,baseline,10,neutral,positive,True,0.41089491322443705,
sentiment-te-01779,hi-Latn,youtube-hinglish,sentiment,baseline,7,negative,negative,False,0.4908832077340936,
sentiment-te-01780,hi-Latn,youtube-hinglish,sentiment,baseline,4,neutral,neutral,False,0.3820564563139387,
sentiment-te-01781,hi-Latn,youtube-hinglish,sentiment,baseline,8,negative,negative,False,0.37770211274965976,
sentiment-te-01782,hi-Latn,youtube-hinglish,sentiment,baseline,8,neutral,negative,True,0.3651921349752995,
sentiment-te-01783,hi-Latn,youtube-hinglish,sentiment,baseline,17,neutral,negative,True,0.48300967950526025,
sentiment-te-01784,hi-Latn,youtube-hinglish,sentiment,baseline,17,neutral,positive,True,0.38433763482173644,
sentiment-te-01785,hi-Latn,youtube-hinglish,sentiment,baseline,15,neutral,neutral,False,0.399771046787066,
sentiment-te-01786,hi-Latn,youtube-hinglish,sentiment,baseline,12,negative,negative,False,0.6288260404706804,
sentiment-te-01787,hi-Latn,youtube-hinglish,sentiment,baseline,8,neutral,negative,True,0.6632995073411712,
sentiment-te-01788,hi-Latn,youtube-hinglish,sentiment,baseline,6,positive,positive,False,0.4014310419970219,
sentiment-te-01789,hi-Latn,youtube-hinglish,sentiment,baseline,31,positive,negative,True,0.3795821519301652,
sentiment-te-01790,hi-Latn,youtube-hinglish,sentiment,baseline,10,negative,positive,True,0.45805886101443083,
sentiment-te-01791,hi-Latn,youtube-hinglish,sentiment,baseline,16,positive,negative,True,0.4758325058811842,
sentiment-te-01792,hi-Latn,youtube-hinglish,sentiment,baseline,15,negative,negative,False,0.4804611340516381,
sentiment-te-01793,hi-Latn,youtube-hinglish,sentiment,baseline,6,negative,negative,False,0.6184047884637899,
sentiment-te-01794,hi-Latn,youtube-hinglish,sentiment,baseline,14,neutral,negative,True,0.5655904680244981,
sentiment-te-01795,hi-Latn,youtube-hinglish,sentiment,baseline,8,positive,positive,False,0.42557529227753266,
sentiment-te-01796,hi-Latn,youtube-hinglish,sentiment,baseline,8,negative,negative,False,0.5097152474643466,
sentiment-te-01797,hi-Latn,youtube-hinglish,sentiment,baseline,18,negative,negative,False,0.5793986671955552,
sentiment-te-01798,hi-Latn,youtube-hinglish,sentiment,baseline,12,positive,negative,True,0.4236897829148766,
sentiment-te-01799,hi-Latn,youtube-hinglish,sentiment,baseline,4,negative,neutral,True,0.7027978479845893,
sentiment-te-01800,hi-Latn,youtube-hinglish,sentiment,baseline,25,positive,negative,True,0.47811564487127056,
sentiment-te-01801,hi-Latn,youtube-hinglish,sentiment,baseline,10,neutral,negative,True,0.40241267814430287,
sentiment-te-01802,hi-Latn,youtube-hinglish,sentiment,baseline,9,negative,negative,False,0.3981715387698021,
sentiment-te-01803,hi-Latn,youtube-hinglish,sentiment,baseline,8,negative,negative,False,0.40692473207281254,
sentiment-te-01804,hi-Latn,youtube-hinglish,sentiment,baseline,10,negative,negative,False,0.544432501637218,
sentiment-te-01805,hi-Latn,youtube-hinglish,sentiment,baseline,5,neutral,neutral,False,0.5091683242907229,
sentiment-te-01806,hi-Latn,youtube-hinglish,sentiment,baseline,4,positive,positive,False,0.7234641543343187,
sentiment-te-01807,hi-Latn,youtube-hinglish,sentiment,baseline,4,negative,negative,False,0.6781238741933827,
sentiment-te-01808,hi-Latn,youtube-hinglish,sentiment,baseline,8,neutral,neutral,False,0.6805614404362704,
sentiment-te-01809,hi-Latn,youtube-hinglish,sentiment,baseline,10,positive,positive,False,0.39276641789696454,
sentiment-te-01810,hi-Latn,youtube-hinglish,sentiment,baseline,11,neutral,positive,True,0.36204775005994494,
sentiment-te-01811,hi-Latn,youtube-hinglish,sentiment,baseline,9,neutral,neutral,False,0.47354346323080077,
sentiment-te-01812,hi-Latn,youtube-hinglish,sentiment,baseline,6,neutral,neutral,False,0.50502152505097,
sentiment-te-01813,hi-Latn,youtube-hinglish,sentiment,baseline,6,neutral,neutral,False,0.4160530696158862,
sentiment-te-01814,hi-Latn,youtube-hinglish,sentiment,baseline,25,neutral,negative,True,0.4119984960429269,
sentiment-te-01815,hi-Latn,youtube-hinglish,sentiment,baseline,5,neutral,neutral,False,0.3983930749959031,
sentiment-te-01816,hi-Latn,youtube-hinglish,sentiment,baseline,8,neutral,neutral,False,0.4741816851361738,
sentiment-te-01817,hi-Latn,youtube-hinglish,sentiment,baseline,15,neutral,positive,True,0.6020543469331396,
sentiment-te-01818,hi-Latn,youtube-hinglish,sentiment,baseline,8,neutral,neutral,False,0.4197809638976583,
sentiment-te-01819,hi-Latn,youtube-hinglish,sentiment,baseline,8,neutral,neutral,False,0.47403065815342915,
sentiment-te-01820,hi-Latn,youtube-hinglish,sentiment,baseline,5,neutral,neutral,False,0.5386645956163465,
sentiment-te-01821,hi-Latn,youtube-hinglish,sentiment,baseline,8,neutral,positive,True,0.6454534334967709,
sentiment-te-01822,hi-Latn,youtube-hinglish,sentiment,baseline,9,neutral,neutral,False,0.6371464822425158,
sentiment-te-01823,hi-Latn,youtube-hinglish,sentiment,baseline,7,positive,positive,False,0.43589554664587693,
sentiment-te-01824,hi-Latn,youtube-hinglish,sentiment,baseline,4,neutral,negative,True,0.6516853438853905,
sentiment-te-01825,hi-Latn,youtube-hinglish,sentiment,baseline,17,negative,negative,False,0.5803824315861696,
sentiment-te-01826,hi-Latn,youtube-hinglish,sentiment,baseline,3,negative,negative,False,0.5081595452134546,
sentiment-te-01827,hi-Latn,youtube-hinglish,sentiment,baseline,8,positive,neutral,True,0.4998082979036823,
sentiment-te-01828,hi-Latn,youtube-hinglish,sentiment,baseline,5,neutral,neutral,False,0.5284674485596931,
sentiment-te-01829,hi-Latn,youtube-hinglish,sentiment,baseline,16,positive,negative,True,0.5731376707799665,
sentiment-te-01830,hi-Latn,youtube-hinglish,sentiment,baseline,7,negative,negative,False,0.5035768329030134,
sentiment-te-01831,hi-Latn,youtube-hinglish,sentiment,baseline,18,negative,negative,False,0.546475826732886,
sentiment-te-01832,hi-Latn,youtube-hinglish,sentiment,baseline,6,negative,negative,False,0.7275895222353692,
sentiment-te-01833,hi-Latn,youtube-hinglish,sentiment,baseline,7,neutral,neutral,False,0.440530179471105,
sentiment-te-01834,hi-Latn,youtube-hinglish,sentiment,baseline,17,negative,positive,True,0.5270993852308189,
sentiment-te-01835,hi-Latn,youtube-hinglish,sentiment,baseline,32,neutral,negative,True,0.5861923276495581,
sentiment-te-01836,hi-Latn,youtube-hinglish,sentiment,baseline,14,positive,positive,False,0.3935502503176286,
sentiment-te-01837,hi-Latn,youtube-hinglish,sentiment,baseline,9,positive,positive,False,0.43880907283804976,
sentiment-te-01838,hi-Latn,youtube-hinglish,sentiment,baseline,12,positive,positive,False,0.4470072148111924,
sentiment-te-01839,hi-Latn,youtube-hinglish,sentiment,baseline,8,negative,negative,False,0.46247228331040025,
sentiment-te-01840,hi-Latn,youtube-hinglish,sentiment,baseline,5,positive,positive,False,0.6494489186806826,
sentiment-te-01841,hi-Latn,youtube-hinglish,sentiment,baseline,4,neutral,neutral,False,0.6711830970607894,
sentiment-te-01842,hi-Latn,youtube-hinglish,sentiment,baseline,3,positive,neutral,True,0.45139057523448334,
sentiment-te-01843,hi-Latn,youtube-hinglish,sentiment,baseline,5,neutral,negative,True,0.36926771487131577,
sentiment-te-01844,hi-Latn,youtube-hinglish,sentiment,baseline,8,neutral,negative,True,0.4916980769066766,
sentiment-te-01845,hi-Latn,youtube-hinglish,sentiment,baseline,17,positive,positive,False,0.4971406264115148,
sentiment-te-01846,hi-Latn,youtube-hinglish,sentiment,baseline,7,negative,negative,False,0.6429831815776279,
sentiment-te-01847,hi-Latn,youtube-hinglish,sentiment,baseline,4,negative,positive,True,0.4873112035961174,
sentiment-te-01848,hi-Latn,youtube-hinglish,sentiment,baseline,13,neutral,neutral,False,0.44241192614193325,
sentiment-te-01849,hi-Latn,youtube-hinglish,sentiment,baseline,7,neutral,negative,True,0.9018693157566317,
sentiment-te-01850,hi-Latn,youtube-hinglish,sentiment,baseline,16,negative,negative,False,0.39409095700584035,
sentiment-te-01851,hi-Latn,youtube-hinglish,sentiment,baseline,11,negative,negative,False,0.6952460373043119,
sentiment-te-01852,hi-Latn,youtube-hinglish,sentiment,baseline,5,positive,neutral,True,0.40735962758703737,
sentiment-te-01853,hi-Latn,youtube-hinglish,sentiment,baseline,3,positive,positive,False,0.39214210843451125,
sentiment-te-01854,hi-Latn,youtube-hinglish,sentiment,baseline,3,positive,positive,False,0.4867647524136341,
sentiment-te-01855,hi-Latn,youtube-hinglish,sentiment,baseline,37,neutral,negative,True,0.52201183777523,
sentiment-te-01856,hi-Latn,youtube-hinglish,sentiment,baseline,26,negative,negative,False,0.44070552596111434,
sentiment-te-01857,hi-Latn,youtube-hinglish,sentiment,baseline,5,negative,negative,False,0.5999510175487339,
sentiment-te-01858,hi-Latn,youtube-hinglish,sentiment,baseline,15,negative,negative,False,0.5217594182722098,
sentiment-te-01859,hi-Latn,youtube-hinglish,sentiment,baseline,13,positive,negative,True,0.46452988567269354,
sentiment-te-01860,hi-Latn,youtube-hinglish,sentiment,baseline,4,neutral,positive,True,0.34018530668427954,
sentiment-te-01861,hi-Latn,youtube-hinglish,sentiment,baseline,33,positive,negative,True,0.5412017170938958,
sentiment-te-01862,hi-Latn,youtube-hinglish,sentiment,baseline,8,positive,negative,True,0.5600129089894104,
sentiment-te-01863,hi-Latn,youtube-hinglish,sentiment,baseline,11,positive,negative,True,0.6390499851866387,
sentiment-te-01864,hi-Latn,youtube-hinglish,sentiment,baseline,7,positive,negative,True,0.5061122310174517,
sentiment-te-01865,hi-Latn,youtube-hinglish,sentiment,baseline,19,positive,positive,False,0.39781796514472534,
sentiment-te-01866,hi-Latn,youtube-hinglish,sentiment,baseline,19,positive,positive,False,0.3836245931116238,
sentiment-te-01867,hi-Latn,youtube-hinglish,sentiment,baseline,13,positive,negative,True,0.5529310279689005,
sentiment-te-01868,hi-Latn,youtube-hinglish,sentiment,baseline,22,neutral,positive,True,0.6560707168762238,
sentiment-te-01869,hi-Latn,youtube-hinglish,sentiment,baseline,18,positive,negative,True,0.38055892671488195,
sentiment-te-01870,hi-Latn,youtube-hinglish,sentiment,baseline,9,positive,negative,True,0.38199636829608674,
sentiment-te-01871,hi-Latn,youtube-hinglish,sentiment,baseline,10,positive,negative,True,0.788295841442583,
sentiment-te-01872,hi-Latn,youtube-hinglish,sentiment,baseline,7,negative,negative,False,0.6622591018267088,
sentiment-te-01873,hi-Latn,youtube-hinglish,sentiment,baseline,16,negative,negative,False,0.4934804484958911,
sentiment-te-01874,hi-Latn,youtube-hinglish,sentiment,baseline,6,neutral,neutral,False,0.37019524043549057,
sentiment-te-01875,hi-Latn,youtube-hinglish,sentiment,baseline,20,positive,negative,True,0.5597601067537283,
sentiment-te-01876,hi-Latn,youtube-hinglish,sentiment,baseline,10,positive,negative,True,0.4511398268398785,
sentiment-te-01877,hi-Latn,youtube-hinglish,sentiment,baseline,9,positive,negative,True,0.3573944347603734,
sentiment-te-01878,hi-Latn,youtube-hinglish,sentiment,baseline,6,positive,negative,True,0.48277498558250587,
sentiment-te-01879,hi-Latn,youtube-hinglish,sentiment,baseline,13,positive,negative,True,0.6266311883534172,
sentiment-te-01880,hi-Latn,youtube-hinglish,sentiment,baseline,10,positive,negative,True,0.5676932075019772,
sentiment-te-01881,hi-Latn,youtube-hinglish,sentiment,baseline,28,positive,positive,False,0.3923021956355254,
sentiment-te-01882,hi-Latn,youtube-hinglish,sentiment,baseline,6,negative,neutral,True,0.535216464129115,
sentiment-te-01883,hi-Latn,youtube-hinglish,sentiment,baseline,6,positive,negative,True,0.7115046098287621,
sentiment-te-01884,hi-Latn,youtube-hinglish,sentiment,baseline,4,neutral,neutral,False,0.3936729712806396,
sentiment-te-01885,hi-Latn,youtube-hinglish,sentiment,baseline,16,positive,neutral,True,0.4114790535844263,
sentiment-te-01886,hi-Latn,youtube-hinglish,sentiment,baseline,13,positive,negative,True,0.5818628508112732,
sentiment-te-01887,hi-Latn,youtube-hinglish,sentiment,baseline,8,positive,positive,False,0.4833545205911277,
sentiment-te-01888,hi-Latn,youtube-hinglish,sentiment,baseline,34,positive,negative,True,0.509533963791004,
sentiment-te-01889,hi-Latn,youtube-hinglish,sentiment,baseline,10,neutral,negative,True,0.5652662257851803,
sentiment-te-01890,hi-Latn,youtube-hinglish,sentiment,baseline,14,positive,neutral,True,0.4059995203339033,
sentiment-te-01891,hi-Latn,youtube-hinglish,sentiment,baseline,8,negative,negative,False,0.531616493235728,
sentiment-te-01892,hi-Latn,youtube-hinglish,sentiment,baseline,15,positive,negative,True,0.538433576083168,
sentiment-te-01893,hi-Latn,youtube-hinglish,sentiment,baseline,8,positive,negative,True,0.563711184548041,
sentiment-te-01894,hi-Latn,youtube-hinglish,sentiment,baseline,29,positive,positive,False,0.4875599346621529,
sentiment-te-01895,hi-Latn,youtube-hinglish,sentiment,baseline,32,negative,negative,False,0.5189402539216156,
sentiment-te-01896,hi-Latn,youtube-hinglish,sentiment,baseline,36,positive,positive,False,0.6279045495953196,
sentiment-te-01897,hi-Latn,youtube-hinglish,sentiment,baseline,6,positive,positive,False,0.3854444413594953,
sentiment-te-01898,hi-Latn,youtube-hinglish,sentiment,baseline,8,positive,neutral,True,0.47650083415577166,
sentiment-te-01899,hi-Latn,youtube-hinglish,sentiment,baseline,20,negative,negative,False,0.5179751166232917,
sentiment-te-01900,hi-Latn,youtube-hinglish,sentiment,baseline,21,positive,negative,True,0.6966855892112734,
sentiment-te-01901,hi-Latn,youtube-hinglish,sentiment,baseline,5,negative,negative,False,0.6802317710015379,
sentiment-te-01902,hi-Latn,youtube-hinglish,sentiment,baseline,5,positive,positive,False,0.5102906974540924,
sentiment-te-01903,hi-Latn,youtube-hinglish,sentiment,baseline,9,negative,negative,False,0.5828738693189754,
sentiment-te-01904,hi-Latn,youtube-hinglish,sentiment,baseline,13,positive,negative,True,0.550116977269732,
sentiment-te-01905,hi-Latn,youtube-hinglish,sentiment,baseline,15,positive,negative,True,0.7851718517134096,
sentiment-te-01906,hi-Latn,youtube-hinglish,sentiment,baseline,9,neutral,negative,True,0.5149755551003826,
sentiment-te-01907,hi-Latn,youtube-hinglish,sentiment,baseline,17,neutral,negative,True,0.5581181747000791,
sentiment-te-01908,hi-Latn,youtube-hinglish,sentiment,baseline,3,positive,neutral,True,0.48233795849840827,
sentiment-te-01909,hi-Latn,youtube-hinglish,sentiment,baseline,8,positive,negative,True,0.5680653057579924,
sentiment-te-01910,hi-Latn,youtube-hinglish,sentiment,baseline,5,neutral,neutral,False,0.44141257950050466,
sentiment-te-01911,hi-Latn,youtube-hinglish,sentiment,baseline,21,positive,positive,False,0.6122059980419265,
sentiment-te-01912,hi-Latn,youtube-hinglish,sentiment,baseline,13,neutral,negative,True,0.5128857025039152,
sentiment-te-01913,hi-Latn,youtube-hinglish,sentiment,baseline,8,positive,negative,True,0.48051962907144136,
sentiment-te-01914,hi-Latn,youtube-hinglish,sentiment,baseline,18,negative,negative,False,0.8812062824229546,
sentiment-te-01915,hi-Latn,youtube-hinglish,sentiment,baseline,6,positive,positive,False,0.4772465221682349,
sentiment-te-01916,hi-Latn,youtube-hinglish,sentiment,baseline,6,positive,negative,True,0.6003518531947359,
sentiment-te-01917,hi-Latn,youtube-hinglish,sentiment,baseline,16,positive,negative,True,0.6230053478045776,
sentiment-te-01918,hi-Latn,youtube-hinglish,sentiment,baseline,16,positive,negative,True,0.4050435741837886,
sentiment-te-01919,hi-Latn,youtube-hinglish,sentiment,baseline,8,negative,positive,True,0.41877911281260327,
sentiment-te-01920,hi-Latn,youtube-hinglish,sentiment,baseline,4,negative,negative,False,0.5125914079661258,
sentiment-te-01921,hi-Latn,youtube-hinglish,sentiment,baseline,10,negative,negative,False,0.5888707746794346,
sentiment-te-01922,hi-Latn,youtube-hinglish,sentiment,baseline,5,negative,negative,False,0.5356604758954304,
sentiment-te-01923,hi-Latn,youtube-hinglish,sentiment,baseline,20,positive,negative,True,0.43699510688222853,
sentiment-te-01924,hi-Latn,youtube-hinglish,sentiment,baseline,24,negative,negative,False,0.3950022948297557,
sentiment-te-01925,hi-Latn,youtube-hinglish,sentiment,baseline,16,negative,negative,False,0.7084834176647233,
sentiment-te-01926,hi-Latn,youtube-hinglish,sentiment,baseline,16,neutral,negative,True,0.46627662843165535,
sentiment-te-01927,hi-Latn,youtube-hinglish,sentiment,baseline,9,positive,positive,False,0.5807229752871079,
sentiment-te-01928,hi-Latn,youtube-hinglish,sentiment,baseline,9,neutral,negative,True,0.5159603492214614,
sentiment-te-01929,hi-Latn,youtube-hinglish,sentiment,baseline,25,negative,negative,False,0.7900946699182716,
sentiment-te-01930,hi-Latn,youtube-hinglish,sentiment,baseline,17,positive,negative,True,0.6649829713270389,
sentiment-te-01931,hi-Latn,youtube-hinglish,sentiment,baseline,36,positive,negative,True,0.5100237047212571,
sentiment-te-01932,hi-Latn,youtube-hinglish,sentiment,baseline,10,neutral,neutral,False,0.424323004158176,
sentiment-te-01933,hi-Latn,youtube-hinglish,sentiment,baseline,5,positive,positive,False,0.4625001345511382,
sentiment-te-01934,hi-Latn,youtube-hinglish,sentiment,baseline,16,neutral,negative,True,0.4062239201194337,
sentiment-te-01935,hi-Latn,youtube-hinglish,sentiment,baseline,8,positive,positive,False,0.48599875999168773,
sentiment-te-01936,hi-Latn,youtube-hinglish,sentiment,baseline,39,neutral,negative,True,0.6332598872282736,
sentiment-te-01937,hi-Latn,youtube-hinglish,sentiment,baseline,23,negative,negative,False,0.5618522182473445,
sentiment-te-01938,hi-Latn,youtube-hinglish,sentiment,baseline,9,neutral,neutral,False,0.44505895272561535,
sentiment-te-01939,hi-Latn,youtube-hinglish,sentiment,baseline,5,positive,positive,False,0.5371259865495863,
sentiment-te-01940,hi-Latn,youtube-hinglish,sentiment,baseline,8,negative,negative,False,0.4410540120150037,
sentiment-te-01941,hi-Latn,youtube-hinglish,sentiment,baseline,14,positive,negative,True,0.5366742912181461,
sentiment-te-01942,hi-Latn,youtube-hinglish,sentiment,baseline,18,negative,negative,False,0.6409870621993107,
sentiment-te-01943,hi-Latn,youtube-hinglish,sentiment,baseline,14,positive,negative,True,0.3778808682199241,
sentiment-te-01944,hi-Latn,youtube-hinglish,sentiment,baseline,4,neutral,negative,True,0.44366812175078185,
sentiment-te-01945,hi-Latn,youtube-hinglish,sentiment,baseline,13,positive,negative,True,0.6067260465508888,
sentiment-te-01946,hi-Latn,youtube-hinglish,sentiment,baseline,5,negative,positive,True,0.36216284558470596,
sentiment-te-01947,hi-Latn,youtube-hinglish,sentiment,baseline,20,positive,negative,True,0.46269565982668615,
sentiment-te-01948,hi-Latn,youtube-hinglish,sentiment,baseline,10,positive,negative,True,0.6441840795087372,
sentiment-te-01949,hi-Latn,youtube-hinglish,sentiment,baseline,7,neutral,neutral,False,0.5643120884853975,
sentiment-te-01950,hi-Latn,youtube-hinglish,sentiment,baseline,5,positive,positive,False,0.46516756122767916,
sentiment-te-01951,hi-Latn,youtube-hinglish,sentiment,baseline,11,positive,negative,True,0.568682577821392,
sentiment-te-01952,hi-Latn,youtube-hinglish,sentiment,baseline,6,positive,positive,False,0.755424078340476,
sentiment-te-01953,hi-Latn,youtube-hinglish,sentiment,baseline,43,positive,negative,True,0.7357207131104372,
sentiment-te-01954,hi-Latn,youtube-hinglish,sentiment,baseline,4,positive,positive,False,0.649821083991306,
sentiment-te-01955,hi-Latn,youtube-hinglish,sentiment,baseline,8,positive,positive,False,0.5434694922592432,
sentiment-te-01956,hi-Latn,youtube-hinglish,sentiment,baseline,5,positive,positive,False,0.6225351563446301,
sentiment-te-01957,hi-Latn,youtube-hinglish,sentiment,baseline,5,neutral,neutral,False,0.3840087141326664,
sentiment-te-01958,hi-Latn,youtube-hinglish,sentiment,baseline,13,negative,negative,False,0.5673316746530555,
sentiment-te-01959,hi-Latn,youtube-hinglish,sentiment,baseline,9,positive,negative,True,0.6787168424417697,
sentiment-te-01960,hi-Latn,youtube-hinglish,sentiment,baseline,3,negative,negative,False,0.38738368116682986,
sentiment-te-01961,hi-Latn,youtube-hinglish,sentiment,baseline,21,positive,neutral,True,0.5077674110468589,
sentiment-te-01962,hi-Latn,youtube-hinglish,sentiment,baseline,7,neutral,negative,True,0.5280628845627267,
sentiment-te-01963,hi-Latn,youtube-hinglish,sentiment,baseline,12,neutral,negative,True,0.5212289264431527,
sentiment-te-01964,hi-Latn,youtube-hinglish,sentiment,baseline,7,negative,negative,False,0.5667389069008643,
sentiment-te-01965,hi-Latn,youtube-hinglish,sentiment,baseline,8,positive,positive,False,0.4485431067701169,
sentiment-te-01966,hi-Latn,youtube-hinglish,sentiment,baseline,9,neutral,negative,True,0.5836325922355987,
sentiment-te-01967,hi-Latn,youtube-hinglish,sentiment,baseline,7,positive,negative,True,0.47560734295502777,
sentiment-te-01968,hi-Latn,youtube-hinglish,sentiment,baseline,15,negative,positive,True,0.42439302110924043,
sentiment-te-01969,hi-Latn,youtube-hinglish,sentiment,baseline,5,neutral,negative,True,0.5205401667342295,
sentiment-te-01970,hi-Latn,youtube-hinglish,sentiment,baseline,14,negative,negative,False,0.3988882824987139,
sentiment-te-01971,hi-Latn,youtube-hinglish,sentiment,baseline,19,negative,negative,False,0.7511712760108898,
sentiment-te-01972,hi-Latn,youtube-hinglish,sentiment,baseline,12,neutral,negative,True,0.492697711974862,
sentiment-te-01973,hi-Latn,youtube-hinglish,sentiment,baseline,4,positive,neutral,True,0.36616831473776473,
sentiment-te-01974,hi-Latn,youtube-hinglish,sentiment,baseline,8,neutral,neutral,False,0.4547394392301354,
sentiment-te-01975,hi-Latn,youtube-hinglish,sentiment,baseline,26,positive,negative,True,0.6351184834763005,
sentiment-te-01976,hi-Latn,youtube-hinglish,sentiment,baseline,12,positive,neutral,True,0.37496086051053656,
sentiment-te-01977,hi-Latn,youtube-hinglish,sentiment,baseline,11,positive,negative,True,0.7141477240586063,
sentiment-te-01978,hi-Latn,youtube-hinglish,sentiment,baseline,14,positive,negative,True,0.4457200401700384,
sentiment-te-01979,hi-Latn,youtube-hinglish,sentiment,baseline,15,negative,positive,True,0.45947908676780436,
sentiment-te-01980,hi-Latn,youtube-hinglish,sentiment,baseline,6,positive,negative,True,0.5747749803666569,
sentiment-te-01981,hi-Latn,youtube-hinglish,sentiment,baseline,20,negative,negative,False,0.671377577494561,
sentiment-te-01982,hi-Latn,youtube-hinglish,sentiment,baseline,7,positive,positive,False,0.6416799250960704,
sentiment-te-01983,hi-Latn,youtube-hinglish,sentiment,baseline,13,neutral,negative,True,0.6314358788580136,
sentiment-te-01984,hi-Latn,youtube-hinglish,sentiment,baseline,11,neutral,neutral,False,0.4208610825056718,
sentiment-te-01985,hi-Latn,youtube-hinglish,sentiment,baseline,12,neutral,positive,True,0.4631598571898686,
sentiment-te-01986,hi-Latn,youtube-hinglish,sentiment,baseline,11,negative,negative,False,0.4893282675329759,
sentiment-te-01987,hi-Latn,youtube-hinglish,sentiment,baseline,15,positive,negative,True,0.5718784013401208,
sentiment-te-01988,hi-Latn,youtube-hinglish,sentiment,baseline,8,neutral,negative,True,0.4067732608650577,
sentiment-te-01989,hi-Latn,youtube-hinglish,sentiment,baseline,8,positive,negative,True,0.674452080577949,
sentiment-te-01990,hi-Latn,youtube-hinglish,sentiment,baseline,6,negative,negative,False,0.4296195847377267,
sentiment-te-01991,hi-Latn,youtube-hinglish,sentiment,baseline,12,neutral,negative,True,0.5523904166306032,
sentiment-te-01992,hi-Latn,youtube-hinglish,sentiment,baseline,9,negative,positive,True,0.4173515323730611,
sentiment-te-01993,hi-Latn,youtube-hinglish,sentiment,baseline,8,neutral,negative,True,0.5144743528461521,
sentiment-te-01994,hi-Latn,youtube-hinglish,sentiment,baseline,18,positive,negative,True,0.6782914174350442,
sentiment-te-01995,hi-Latn,youtube-hinglish,sentiment,baseline,12,positive,positive,False,0.3840675988085465,
sentiment-te-01996,hi-Latn,youtube-hinglish,sentiment,baseline,9,negative,negative,False,0.6666934446029006,
sentiment-te-01997,hi-Latn,youtube-hinglish,sentiment,baseline,6,neutral,negative,True,0.7803620256998913,
sentiment-te-01998,hi-Latn,youtube-hinglish,sentiment,baseline,7,positive,negative,True,0.721173365535726,
sentiment-te-01999,hi-Latn,youtube-hinglish,sentiment,baseline,8,negative,negative,False,0.8459427624016819,
sentiment-te-02000,hi-Latn,youtube-hinglish,sentiment,baseline,5,negative,negative,False,0.5912501922822718,
sentiment-te-02001,hi-Latn,youtube-hinglish,sentiment,baseline,15,negative,negative,False,0.6044291835309678,
sentiment-te-02002,hi-Latn,youtube-hinglish,sentiment,baseline,6,positive,positive,False,0.6493506053873298,
sentiment-te-02003,hi-Latn,youtube-hinglish,sentiment,baseline,4,neutral,positive,True,0.4550748042341399,
sentiment-te-02004,hi-Latn,youtube-hinglish,sentiment,baseline,3,positive,negative,True,0.4217257453086064,
sentiment-te-02005,hi-Latn,youtube-hinglish,sentiment,baseline,14,neutral,negative,True,0.367897714655585,
sentiment-te-02006,hi-Latn,youtube-hinglish,sentiment,baseline,23,negative,negative,False,0.6945641686882138,
sentiment-te-02007,hi-Latn,youtube-hinglish,sentiment,baseline,24,positive,negative,True,0.7151000425649653,
sentiment-te-02008,hi-Latn,youtube-hinglish,sentiment,baseline,3,neutral,neutral,False,0.645743447030955,
sentiment-te-02009,hi-Latn,youtube-hinglish,sentiment,baseline,7,neutral,negative,True,0.4407161338007962,
sentiment-te-02010,hi-Latn,youtube-hinglish,sentiment,baseline,13,negative,negative,False,0.7284004688227419,
sentiment-te-02011,hi-Latn,youtube-hinglish,sentiment,baseline,8,negative,neutral,True,0.3959976109545919,
sentiment-te-02012,hi-Latn,youtube-hinglish,sentiment,baseline,12,positive,negative,True,0.6542467855064318,
sentiment-te-02013,hi-Latn,youtube-hinglish,sentiment,baseline,10,neutral,neutral,False,0.38695127865528434,
sentiment-te-02014,hi-Latn,youtube-hinglish,sentiment,baseline,11,neutral,negative,True,0.5264185788273843,
sentiment-te-02015,hi-Latn,youtube-hinglish,sentiment,baseline,12,negative,negative,False,0.4966124627858864,
sentiment-te-02016,hi-Latn,youtube-hinglish,sentiment,baseline,11,negative,negative,False,0.4547052766260492,
sentiment-te-02017,hi-Latn,youtube-hinglish,sentiment,baseline,11,negative,negative,False,0.8609610021081865,
sentiment-te-02018,hi-Latn,youtube-hinglish,sentiment,baseline,7,negative,neutral,True,0.36933865634751556,
sentiment-te-02019,hi-Latn,youtube-hinglish,sentiment,baseline,13,positive,negative,True,0.5396143656485862,
sentiment-te-02020,hi-Latn,youtube-hinglish,sentiment,baseline,8,positive,negative,True,0.440763762968698,
sentiment-te-02021,hi-Latn,youtube-hinglish,sentiment,baseline,7,neutral,negative,True,0.6254638323544721,
sentiment-te-02022,hi-Latn,youtube-hinglish,sentiment,baseline,11,neutral,negative,True,0.7271701467262125,
sentiment-te-02023,hi-Latn,youtube-hinglish,sentiment,baseline,15,positive,negative,True,0.6355776452517361,
sentiment-te-02024,hi-Latn,youtube-hinglish,sentiment,baseline,4,negative,negative,False,0.43831321095252085,
sentiment-te-02025,hi-Latn,youtube-hinglish,sentiment,baseline,20,positive,negative,True,0.6933133660965262,
sentiment-te-02026,hi-Latn,youtube-hinglish,sentiment,baseline,14,neutral,negative,True,0.5984639437951074,
sentiment-te-02027,hi-Latn,youtube-hinglish,sentiment,baseline,16,negative,negative,False,0.7613934829860056,
sentiment-te-02028,hi-Latn,youtube-hinglish,sentiment,baseline,13,positive,negative,True,0.6332049378188795,
sentiment-te-02029,hi-Latn,youtube-hinglish,sentiment,baseline,16,negative,negative,False,0.7523505897541914,
sentiment-te-02030,hi-Latn,youtube-hinglish,sentiment,baseline,28,positive,negative,True,0.5536257053535264,
sentiment-te-02031,hi-Latn,youtube-hinglish,sentiment,baseline,11,positive,negative,True,0.48255588465307003,
sentiment-te-02032,hi-Latn,youtube-hinglish,sentiment,baseline,14,positive,negative,True,0.535187093358351,
sentiment-te-02033,hi-Latn,youtube-hinglish,sentiment,baseline,12,positive,negative,True,0.3809298927479718,
sentiment-te-02034,hi-Latn,youtube-hinglish,sentiment,baseline,15,positive,negative,True,0.601088665122291,
sentiment-te-02035,hi-Latn,youtube-hinglish,sentiment,baseline,21,positive,negative,True,0.41917702635550236,
sentiment-te-02036,hi-Latn,youtube-hinglish,sentiment,baseline,14,positive,negative,True,0.6608933498004796,
sentiment-te-02037,hi-Latn,youtube-hinglish,sentiment,baseline,11,positive,negative,True,0.5212118462312427,
sentiment-te-02038,hi-Latn,youtube-hinglish,sentiment,baseline,17,negative,negative,False,0.5020774313845422,
sentiment-te-02039,hi-Latn,youtube-hinglish,sentiment,baseline,20,positive,negative,True,0.398061901411456,
sentiment-te-02040,hi-Latn,youtube-hinglish,sentiment,baseline,26,neutral,negative,True,0.6778975488825522,
sentiment-te-02041,hi-Latn,youtube-hinglish,sentiment,baseline,10,positive,negative,True,0.530897224037321,
sentiment-te-02042,hi-Latn,youtube-hinglish,sentiment,baseline,21,positive,negative,True,0.46238393462841754,
sentiment-te-02043,hi-Latn,youtube-hinglish,sentiment,baseline,15,positive,positive,False,0.459427956078483,
sentiment-te-02044,hi-Latn,youtube-hinglish,sentiment,baseline,20,positive,positive,False,0.572113726728759,
sentiment-te-02045,hi-Latn,youtube-hinglish,sentiment,baseline,12,neutral,neutral,False,0.5767484907978944,
sentiment-te-02046,hi-Latn,youtube-hinglish,sentiment,baseline,13,positive,negative,True,0.5287949785760034,
sentiment-te-02047,hi-Latn,youtube-hinglish,sentiment,baseline,7,negative,negative,False,0.4564363150499761,
sentiment-te-02048,hi-Latn,youtube-hinglish,sentiment,baseline,5,positive,positive,False,0.6964542038142495,
sentiment-te-02049,hi-Latn,youtube-hinglish,sentiment,baseline,16,neutral,negative,True,0.568541283466545,
sentiment-te-02050,hi-Latn,youtube-hinglish,sentiment,baseline,25,positive,negative,True,0.5603251871987034,
sentiment-te-02051,hi-Latn,youtube-hinglish,sentiment,baseline,17,positive,negative,True,0.6412673387350614,
sentiment-te-02052,hi-Latn,youtube-hinglish,sentiment,baseline,11,positive,negative,True,0.5114683018444807,
sentiment-te-02053,hi-Latn,youtube-hinglish,sentiment,baseline,12,positive,positive,False,0.449675417106936,
sentiment-te-02054,hi-Latn,youtube-hinglish,sentiment,baseline,11,neutral,positive,True,0.6794140781108038,
sentiment-te-02055,hi-Latn,youtube-hinglish,sentiment,baseline,27,positive,neutral,True,0.3690858642819752,
sentiment-te-02056,hi-Latn,youtube-hinglish,sentiment,baseline,5,positive,neutral,True,0.4725852811501305,
sentiment-te-02057,hi-Latn,youtube-hinglish,sentiment,baseline,10,positive,negative,True,0.5236533726803206,
sentiment-te-02058,hi-Latn,youtube-hinglish,sentiment,baseline,18,positive,negative,True,0.5472817610057111,
sentiment-te-02059,hi-Latn,youtube-hinglish,sentiment,baseline,12,negative,negative,False,0.5664860538550371,
sentiment-te-02060,hi-Latn,youtube-hinglish,sentiment,baseline,11,positive,positive,False,0.5106965120412984,
sentiment-te-02061,hi-Latn,youtube-hinglish,sentiment,baseline,74,positive,positive,False,0.42400371421467736,
sentiment-te-02062,hi-Latn,youtube-hinglish,sentiment,baseline,16,positive,positive,False,0.43688802622218603,
sentiment-te-02063,hi-Latn,youtube-hinglish,sentiment,baseline,38,positive,negative,True,0.6797442839269289,
sentiment-te-02064,hi-Latn,youtube-hinglish,sentiment,baseline,45,negative,negative,False,0.4660597539267856,
sentiment-te-02065,hi-Latn,youtube-hinglish,sentiment,baseline,8,positive,negative,True,0.5988629918638011,
sentiment-te-02066,hi-Latn,youtube-hinglish,sentiment,baseline,8,positive,neutral,True,0.4732492394280003,
sentiment-te-02067,hi-Latn,youtube-hinglish,sentiment,baseline,18,positive,negative,True,0.6130250631717069,
sentiment-te-02068,hi-Latn,youtube-hinglish,sentiment,baseline,10,neutral,neutral,False,0.5792828954619925,
sentiment-te-02069,hi-Latn,youtube-hinglish,sentiment,baseline,11,positive,positive,False,0.4449090947907542,
sentiment-te-02070,hi-Latn,youtube-hinglish,sentiment,baseline,17,negative,negative,False,0.6678501518902706,
sentiment-te-02071,hi-Latn,youtube-hinglish,sentiment,baseline,4,positive,negative,True,0.504708998978149,
sentiment-te-02072,hi-Latn,youtube-hinglish,sentiment,baseline,8,neutral,negative,True,0.5032284517252984,
sentiment-te-02073,hi-Latn,youtube-hinglish,sentiment,baseline,23,positive,negative,True,0.4135890472237767,
sentiment-te-02074,hi-Latn,youtube-hinglish,sentiment,baseline,49,positive,negative,True,0.503838024445727,
sentiment-te-02075,hi-Latn,youtube-hinglish,sentiment,baseline,11,positive,positive,False,0.46369678369725487,
sentiment-te-02076,hi-Latn,youtube-hinglish,sentiment,baseline,26,negative,negative,False,0.41278160394492885,
sentiment-te-02077,hi-Latn,youtube-hinglish,sentiment,baseline,14,positive,negative,True,0.43561908200357236,
sentiment-te-02078,hi-Latn,youtube-hinglish,sentiment,baseline,15,positive,negative,True,0.6168595581180721,
sentiment-te-02079,hi-Latn,youtube-hinglish,sentiment,baseline,10,negative,negative,False,0.7967161701934659,
sentiment-te-02080,hi-Latn,youtube-hinglish,sentiment,baseline,4,positive,neutral,True,0.4729385993712381,
sentiment-te-02081,hi-Latn,youtube-hinglish,sentiment,baseline,23,positive,positive,False,0.43937447851542777,
sentiment-te-02082,hi-Latn,youtube-hinglish,sentiment,baseline,11,positive,positive,False,0.4315232901478508,
sentiment-te-02083,hi-Latn,youtube-hinglish,sentiment,baseline,33,positive,negative,True,0.6534835163666932,
sentiment-te-02084,hi-Latn,youtube-hinglish,sentiment,baseline,6,positive,positive,False,0.476571044833134,
sentiment-te-02085,hi-Latn,youtube-hinglish,sentiment,baseline,11,positive,positive,False,0.5940291559332384,
sentiment-te-02086,hi-Latn,youtube-hinglish,sentiment,baseline,11,positive,neutral,True,0.35874881775859535,
sentiment-te-02087,hi-Latn,youtube-hinglish,sentiment,baseline,22,negative,negative,False,0.457702970596757,
sentiment-te-02088,hi-Latn,youtube-hinglish,sentiment,baseline,5,positive,negative,True,0.5936930111428859,
sentiment-te-02089,hi-Latn,youtube-hinglish,sentiment,baseline,29,positive,negative,True,0.3746880199246953,
sentiment-te-02090,hi-Latn,youtube-hinglish,sentiment,baseline,15,positive,negative,True,0.6768470962957576,
sentiment-te-02091,hi-Latn,youtube-hinglish,sentiment,baseline,6,positive,positive,False,0.47618421020273993,
sentiment-te-02092,hi-Latn,youtube-hinglish,sentiment,baseline,5,positive,negative,True,0.5161666162574143,
sentiment-te-02093,hi-Latn,youtube-hinglish,sentiment,baseline,5,positive,negative,True,0.4249605270527481,
sentiment-te-02094,hi-Latn,youtube-hinglish,sentiment,baseline,7,positive,negative,True,0.4499454094183878,
sentiment-te-02095,hi-Latn,youtube-hinglish,sentiment,baseline,12,positive,negative,True,0.5233507182568806,
sentiment-te-02096,hi-Latn,youtube-hinglish,sentiment,baseline,3,positive,positive,False,0.5589734939101927,
sentiment-te-02097,hi-Latn,youtube-hinglish,sentiment,baseline,11,positive,negative,True,0.5387035373289194,
sentiment-te-02098,hi-Latn,youtube-hinglish,sentiment,baseline,8,positive,positive,False,0.5202316200573015,
sentiment-te-02099,hi-Latn,youtube-hinglish,sentiment,baseline,6,positive,negative,True,0.5105699394758645,
sentiment-te-02100,hi-Latn,youtube-hinglish,sentiment,baseline,10,positive,negative,True,0.4459019444900948,
sentiment-te-02101,hi-Latn,youtube-hinglish,sentiment,baseline,10,positive,negative,True,0.48279717576750314,
sentiment-te-02102,hi-Latn,youtube-hinglish,sentiment,baseline,14,positive,negative,True,0.48863659389727193,
sentiment-te-02103,hi-Latn,youtube-hinglish,sentiment,baseline,14,positive,negative,True,0.6369207574375475,
sentiment-te-02104,hi-Latn,youtube-hinglish,sentiment,baseline,23,positive,negative,True,0.4474062124655055,
sentiment-te-02105,hi-Latn,youtube-hinglish,sentiment,baseline,20,positive,negative,True,0.5836148384321804,
sentiment-te-02106,hi-Latn,youtube-hinglish,sentiment,baseline,20,positive,positive,False,0.4548532159799416,
sentiment-te-02107,hi-Latn,youtube-hinglish,sentiment,baseline,7,negative,positive,True,0.4645911464068066,
sentiment-te-02108,hi-Latn,youtube-hinglish,sentiment,baseline,16,positive,positive,False,0.4142156734682851,
sentiment-te-02109,hi-Latn,youtube-hinglish,sentiment,baseline,20,positive,negative,True,0.5495380003064322,
sentiment-te-02110,hi-Latn,youtube-hinglish,sentiment,baseline,8,positive,positive,False,0.7789191684872436,
sentiment-te-02111,hi-Latn,youtube-hinglish,sentiment,baseline,14,positive,negative,True,0.44205074868488625,
sentiment-te-02112,hi-Latn,youtube-hinglish,sentiment,baseline,21,negative,negative,False,0.5508676867396457,
sentiment-te-02113,hi-Latn,youtube-hinglish,sentiment,baseline,4,positive,positive,False,0.4447286324535155,
sentiment-te-02114,hi-Latn,youtube-hinglish,sentiment,baseline,9,positive,negative,True,0.4943721188448518,
sentiment-te-02115,hi-Latn,youtube-hinglish,sentiment,baseline,4,negative,positive,True,0.5714391371273293,
sentiment-te-02116,hi-Latn,youtube-hinglish,sentiment,baseline,9,neutral,negative,True,0.4463941030549826,
sentiment-te-02117,hi-Latn,youtube-hinglish,sentiment,baseline,8,positive,negative,True,0.39158802607691207,
sentiment-te-02118,hi-Latn,youtube-hinglish,sentiment,baseline,28,neutral,negative,True,0.5351107389563191,
sentiment-te-02119,hi-Latn,youtube-hinglish,sentiment,baseline,23,positive,negative,True,0.5468960108917065,
sentiment-te-02120,hi-Latn,youtube-hinglish,sentiment,baseline,10,negative,positive,True,0.41942805022742125,
sentiment-te-02121,hi-Latn,youtube-hinglish,sentiment,baseline,14,positive,positive,False,0.5077763211035523,
sentiment-te-02122,hi-Latn,youtube-hinglish,sentiment,baseline,7,positive,positive,False,0.47487536026928034,
sentiment-te-02123,hi-Latn,youtube-hinglish,sentiment,baseline,20,positive,positive,False,0.39334626970713227,
sentiment-te-02124,hi-Latn,youtube-hinglish,sentiment,baseline,6,positive,negative,True,0.4492061646978546,
sentiment-te-02125,hi-Latn,youtube-hinglish,sentiment,baseline,13,positive,negative,True,0.47101461625418706,
sentiment-te-02126,hi-Latn,youtube-hinglish,sentiment,baseline,8,positive,negative,True,0.4335217040716673,
sentiment-te-02127,hi-Latn,youtube-hinglish,sentiment,baseline,6,neutral,negative,True,0.46331518374628133,
sentiment-te-02128,hi-Latn,youtube-hinglish,sentiment,baseline,11,negative,negative,False,0.6411901572127037,
sentiment-te-02129,hi-Latn,youtube-hinglish,sentiment,baseline,14,positive,positive,False,0.559961720360594,
sentiment-te-02130,hi-Latn,youtube-hinglish,sentiment,baseline,6,positive,positive,False,0.5596756644399342,
sentiment-te-02131,hi-Latn,youtube-hinglish,sentiment,baseline,9,neutral,neutral,False,0.516705048922943,
sentiment-te-02132,hi-Latn,youtube-hinglish,sentiment,baseline,6,positive,positive,False,0.5802564348544378,
sentiment-te-02133,hi-Latn,youtube-hinglish,sentiment,baseline,6,neutral,negative,True,0.6416887184829662,
sentiment-te-02134,hi-Latn,youtube-hinglish,sentiment,baseline,7,negative,negative,False,0.7876662044888905,
sentiment-te-02135,hi-Latn,youtube-hinglish,sentiment,baseline,14,neutral,negative,True,0.48330300913817775,
sentiment-te-02136,hi-Latn,youtube-hinglish,sentiment,baseline,8,negative,negative,False,0.6171591307840548,
sentiment-te-02137,hi-Latn,youtube-hinglish,sentiment,baseline,6,positive,positive,False,0.4219334055433648,
sentiment-te-02138,hi-Latn,youtube-hinglish,sentiment,baseline,8,neutral,negative,True,0.5875110117036657,
sentiment-te-02139,hi-Latn,youtube-hinglish,sentiment,baseline,20,positive,negative,True,0.40439418608978567,
sentiment-te-02140,hi-Latn,youtube-hinglish,sentiment,baseline,4,positive,positive,False,0.4516399584972095,
sentiment-te-02141,hi-Latn,youtube-hinglish,sentiment,baseline,9,positive,positive,False,0.5055603043102044,
sentiment-te-02142,hi-Latn,youtube-hinglish,sentiment,baseline,13,positive,negative,True,0.6557921667928652,
sentiment-te-02143,hi-Latn,youtube-hinglish,sentiment,baseline,23,positive,positive,False,0.3700533583980278,
sentiment-te-02144,hi-Latn,youtube-hinglish,sentiment,baseline,9,negative,negative,False,0.4248272141802557,
sentiment-te-02145,hi-Latn,youtube-hinglish,sentiment,baseline,12,positive,negative,True,0.6303561368924647,
sentiment-te-02146,hi-Latn,youtube-hinglish,sentiment,baseline,13,positive,positive,False,0.606201054041335,
sentiment-te-02147,hi-Latn,youtube-hinglish,sentiment,baseline,8,neutral,neutral,False,0.37910765517788286,
sentiment-te-02148,hi-Latn,youtube-hinglish,sentiment,baseline,3,neutral,negative,True,0.5119013212718647,
sentiment-te-02149,hi-Latn,youtube-hinglish,sentiment,baseline,11,neutral,neutral,False,0.593235421781565,
sentiment-te-02150,hi-Latn,youtube-hinglish,sentiment,baseline,13,neutral,negative,True,0.6447084512047617,
sentiment-te-02151,hi-Latn,youtube-hinglish,sentiment,baseline,4,positive,negative,True,0.4294119075964961,
sentiment-te-02152,hi-Latn,youtube-hinglish,sentiment,baseline,19,negative,negative,False,0.8603892102519358,
sentiment-te-02153,hi-Latn,youtube-hinglish,sentiment,baseline,10,negative,negative,False,0.7713803946240195,
sentiment-te-02154,hi-Latn,youtube-hinglish,sentiment,baseline,13,positive,positive,False,0.521731431314136,
sentiment-te-02155,hi-Latn,youtube-hinglish,sentiment,baseline,12,negative,negative,False,0.6057382820736197,
sentiment-te-02156,hi-Latn,youtube-hinglish,sentiment,baseline,7,neutral,negative,True,0.4311734492337782,
sentiment-te-02157,hi-Latn,youtube-hinglish,sentiment,baseline,3,positive,positive,False,0.43907009649615264,
sentiment-te-02158,hi-Latn,youtube-hinglish,sentiment,baseline,8,neutral,neutral,False,0.4918009172542039,
sentiment-te-02159,hi-Latn,youtube-hinglish,sentiment,baseline,15,negative,negative,False,0.8172103965215007,
sentiment-te-02160,hi-Latn,youtube-hinglish,sentiment,baseline,3,positive,negative,True,0.5937653256018579,
sentiment-te-02161,hi-Latn,youtube-hinglish,sentiment,baseline,11,neutral,neutral,False,0.4512815912378011,
sentiment-te-02162,hi-Latn,youtube-hinglish,sentiment,baseline,8,positive,neutral,True,0.36389883789130356,
sentiment-te-02163,hi-Latn,youtube-hinglish,sentiment,baseline,39,negative,positive,True,0.4464642819302167,
sentiment-te-02164,hi-Latn,youtube-hinglish,sentiment,baseline,9,positive,positive,False,0.6617885643952564,
sentiment-te-02165,hi-Latn,youtube-hinglish,sentiment,baseline,10,positive,negative,True,0.56933333688075,
sentiment-te-02166,hi-Latn,youtube-hinglish,sentiment,baseline,6,neutral,negative,True,0.5633554510402549,
sentiment-te-02167,hi-Latn,youtube-hinglish,sentiment,baseline,18,negative,negative,False,0.917807425188191,
sentiment-te-02168,hi-Latn,youtube-hinglish,sentiment,baseline,20,neutral,neutral,False,0.5851822351304123,
sentiment-te-02169,hi-Latn,youtube-hinglish,sentiment,baseline,15,positive,negative,True,0.547522006667714,
sentiment-te-02170,hi-Latn,youtube-hinglish,sentiment,baseline,4,positive,positive,False,0.8252316397140838,
sentiment-te-02171,hi-Latn,youtube-hinglish,sentiment,baseline,14,negative,negative,False,0.5522473389266488,
sentiment-te-02172,hi-Latn,youtube-hinglish,sentiment,baseline,21,positive,negative,True,0.4921875753701608,
sentiment-te-02173,hi-Latn,youtube-hinglish,sentiment,baseline,6,neutral,negative,True,0.5245411370952398,
sentiment-te-02174,hi-Latn,youtube-hinglish,sentiment,baseline,5,positive,positive,False,0.7425007109203541,
sentiment-te-02175,hi-Latn,youtube-hinglish,sentiment,baseline,5,positive,positive,False,0.38396463438946815,
sentiment-te-02176,hi-Latn,youtube-hinglish,sentiment,baseline,12,positive,negative,True,0.6191490047901456,
sentiment-te-02177,hi-Latn,youtube-hinglish,sentiment,baseline,7,negative,negative,False,0.4948081525385776,
sentiment-te-02178,hi-Latn,youtube-hinglish,sentiment,baseline,14,positive,negative,True,0.6722608983616932,
sentiment-te-02179,hi-Latn,youtube-hinglish,sentiment,baseline,8,neutral,neutral,False,0.4196069090382096,
sentiment-te-02180,hi-Latn,youtube-hinglish,sentiment,baseline,4,positive,neutral,True,0.46808048093820537,
sentiment-te-02181,hi-Latn,youtube-hinglish,sentiment,baseline,9,negative,positive,True,0.47898849675589716,
sentiment-te-02182,hi-Latn,youtube-hinglish,sentiment,baseline,14,neutral,negative,True,0.39541181079218374,
sentiment-te-02183,hi-Latn,youtube-hinglish,sentiment,baseline,5,positive,negative,True,0.6990396052495856,
sentiment-te-02184,hi-Latn,youtube-hinglish,sentiment,baseline,10,positive,negative,True,0.3821109598285477,
sentiment-te-02185,hi-Latn,youtube-hinglish,sentiment,baseline,8,neutral,negative,True,0.5812662669609882,
sentiment-te-02186,hi-Latn,youtube-hinglish,sentiment,baseline,13,negative,negative,False,0.5997978244189835,
sentiment-te-02187,hi-Latn,youtube-hinglish,sentiment,baseline,6,positive,negative,True,0.5339746696258811,
sentiment-te-02188,hi-Latn,youtube-hinglish,sentiment,baseline,9,positive,negative,True,0.46117121840848435,
sentiment-te-02189,hi-Latn,youtube-hinglish,sentiment,baseline,4,positive,negative,True,0.5479981061398747,
sentiment-te-02190,hi-Latn,youtube-hinglish,sentiment,baseline,8,positive,negative,True,0.40224172463370356,
sentiment-te-02191,hi-Latn,youtube-hinglish,sentiment,baseline,19,negative,negative,False,0.61127148471142,
sentiment-te-02192,hi-Latn,youtube-hinglish,sentiment,baseline,15,negative,negative,False,0.7017006610945271,
sentiment-te-02193,hi-Latn,youtube-hinglish,sentiment,baseline,36,neutral,negative,True,0.6057706820262357,
sentiment-te-02194,hi-Latn,youtube-hinglish,sentiment,baseline,5,negative,negative,False,0.7334425572106049,
sentiment-te-02195,hi-Latn,youtube-hinglish,sentiment,baseline,17,negative,negative,False,0.6236397022653257,
sentiment-te-02196,hi-Latn,youtube-hinglish,sentiment,baseline,7,positive,negative,True,0.5526057320527443,
sentiment-te-02197,hi-Latn,youtube-hinglish,sentiment,baseline,8,positive,neutral,True,0.41120250356142196,
sentiment-te-02198,hi-Latn,youtube-hinglish,sentiment,baseline,5,positive,negative,True,0.46249276620272634,
sentiment-te-02199,hi-Latn,youtube-hinglish,sentiment,baseline,8,negative,neutral,True,0.5039722078352116,
sentiment-te-02200,hi-Latn,youtube-hinglish,sentiment,baseline,9,negative,negative,False,0.43611007680650826,
sentiment-te-02201,hi-Latn,youtube-hinglish,sentiment,baseline,18,negative,negative,False,0.5812451161945205,
sentiment-te-02202,hi-Latn,youtube-hinglish,sentiment,baseline,20,neutral,negative,True,0.6160768829764199,
sentiment-te-02203,hi-Latn,youtube-hinglish,sentiment,baseline,9,neutral,neutral,False,0.4426069693541369,
sentiment-te-02204,hi-Latn,youtube-hinglish,sentiment,baseline,12,negative,negative,False,0.4012750935433414,
sentiment-te-02205,hi-Latn,youtube-hinglish,sentiment,baseline,31,negative,negative,False,0.6542066027971073,
sentiment-te-02206,hi-Latn,youtube-hinglish,sentiment,baseline,5,negative,negative,False,0.5607654578939065,
sentiment-te-02207,hi-Latn,youtube-hinglish,sentiment,baseline,12,negative,negative,False,0.47772173342339724,
sentiment-te-02208,hi-Latn,youtube-hinglish,sentiment,baseline,2,neutral,negative,True,0.6369362504788044,
sentiment-te-02209,hi-Latn,youtube-hinglish,sentiment,baseline,41,neutral,negative,True,0.5275743346165105,
sentiment-te-02210,hi-Latn,youtube-hinglish,sentiment,baseline,19,neutral,negative,True,0.8628171183580226,
sentiment-te-02211,hi-Latn,youtube-hinglish,sentiment,baseline,4,positive,positive,False,0.6361758658421239,
sentiment-te-02212,hi-Latn,youtube-hinglish,sentiment,baseline,4,positive,positive,False,0.47725032513274934,
sentiment-te-02213,hi-Latn,youtube-hinglish,sentiment,baseline,8,negative,neutral,True,0.4366224279737812,
emotion-te-00001,en-Latn,brighter-eng,emotion,baseline,15,surprise,fear|sadness|surprise,True,0.6544517895696208,
emotion-te-00002,en-Latn,brighter-eng,emotion,baseline,11,anger|fear,fear|joy|sadness,True,0.6330855700205307,
emotion-te-00003,en-Latn,brighter-eng,emotion,baseline,20,anger|fear|sadness,fear|sadness,True,0.8610698294625193,
emotion-te-00004,en-Latn,brighter-eng,emotion,baseline,11,fear|sadness|surprise,fear|joy|sadness|surprise,True,0.9854643621545346,
emotion-te-00005,en-Latn,brighter-eng,emotion,baseline,14,anger|fear|sadness,fear|sadness,True,0.9461357366642839,
emotion-te-00006,en-Latn,brighter-eng,emotion,baseline,18,fear|sadness,fear,True,0.8756832764794551,
emotion-te-00007,en-Latn,brighter-eng,emotion,baseline,15,fear|sadness,fear|sadness,False,0.9727911876889652,
emotion-te-00008,en-Latn,brighter-eng,emotion,baseline,8,joy,surprise,True,0.5888788021220696,
emotion-te-00009,en-Latn,brighter-eng,emotion,baseline,26,fear|surprise,fear|sadness|surprise,True,0.5700175351192819,
emotion-te-00010,en-Latn,brighter-eng,emotion,baseline,17,fear|sadness,fear,True,0.6562674703817483,
emotion-te-00011,en-Latn,brighter-eng,emotion,baseline,10,joy,fear,True,0.40627025613131923,
emotion-te-00012,en-Latn,brighter-eng,emotion,baseline,42,sadness,fear|sadness,True,0.8461292074877096,
emotion-te-00013,en-Latn,brighter-eng,emotion,baseline,46,fear|sadness,fear,True,0.7172827668329327,
emotion-te-00014,en-Latn,brighter-eng,emotion,baseline,7,anger,anger|fear|surprise,True,0.6610572900840376,
emotion-te-00015,en-Latn,brighter-eng,emotion,baseline,4,fear|sadness|surprise,fear|sadness|surprise,False,0.9646398842835061,
emotion-te-00016,en-Latn,brighter-eng,emotion,baseline,28,fear|sadness,fear|joy,True,0.5422091571968537,
emotion-te-00017,en-Latn,brighter-eng,emotion,baseline,7,fear|sadness|surprise,fear|sadness|surprise,False,0.9314775132097202,
emotion-te-00018,en-Latn,brighter-eng,emotion,baseline,8,none,fear,True,0.7799872755872305,
emotion-te-00019,en-Latn,brighter-eng,emotion,baseline,7,anger|fear|sadness,anger|fear|sadness|surprise,True,0.9586624616580647,
emotion-te-00020,en-Latn,brighter-eng,emotion,baseline,22,fear|sadness,joy,True,0.6241130231209779,
emotion-te-00021,en-Latn,brighter-eng,emotion,baseline,33,fear|sadness,fear|sadness,False,0.9641479358062074,
emotion-te-00022,en-Latn,brighter-eng,emotion,baseline,3,fear,anger|fear|joy,True,0.7802196411301665,
emotion-te-00023,en-Latn,brighter-eng,emotion,baseline,8,sadness,joy|surprise,True,0.7452954062997142,
emotion-te-00024,en-Latn,brighter-eng,emotion,baseline,21,fear|sadness,fear|sadness,False,0.9073884512962387,
emotion-te-00025,en-Latn,brighter-eng,emotion,baseline,6,fear|sadness,fear|sadness,False,0.9544894360239775,
emotion-te-00026,en-Latn,brighter-eng,emotion,baseline,11,none,fear,True,0.7373559735229961,
emotion-te-00027,en-Latn,brighter-eng,emotion,baseline,8,fear|sadness|surprise,fear|joy|sadness|surprise,True,0.7179885509216214,
emotion-te-00028,en-Latn,brighter-eng,emotion,baseline,3,joy|surprise,fear|sadness,True,0.5354868652976646,
emotion-te-00029,en-Latn,brighter-eng,emotion,baseline,12,fear|surprise,fear|sadness,True,0.9117399552181211,
emotion-te-00030,en-Latn,brighter-eng,emotion,baseline,25,anger|fear|sadness,fear|joy|sadness,True,0.6479665045177803,
emotion-te-00031,en-Latn,brighter-eng,emotion,baseline,23,anger|fear,fear|joy|sadness|surprise,True,0.7181071727021134,
emotion-te-00032,en-Latn,brighter-eng,emotion,baseline,53,fear|surprise,fear|sadness|surprise,True,0.9778947277511852,
emotion-te-00033,en-Latn,brighter-eng,emotion,baseline,10,joy|surprise,fear|joy|surprise,True,0.782608568049808,
emotion-te-00034,en-Latn,brighter-eng,emotion,baseline,23,fear|sadness,fear|sadness,False,0.9039254171357405,
emotion-te-00035,en-Latn,brighter-eng,emotion,baseline,6,fear|sadness,fear|sadness,False,0.7951225656546886,
emotion-te-00036,en-Latn,brighter-eng,emotion,baseline,7,joy,fear|sadness,True,0.7413617357892944,
emotion-te-00037,en-Latn,brighter-eng,emotion,baseline,16,fear|sadness,fear|sadness,False,0.8948666561455725,
emotion-te-00038,en-Latn,brighter-eng,emotion,baseline,5,fear|sadness|surprise,fear|sadness|surprise,False,0.9447669780692753,
emotion-te-00039,en-Latn,brighter-eng,emotion,baseline,7,surprise,fear|sadness,True,0.6195928624415596,
emotion-te-00040,en-Latn,brighter-eng,emotion,baseline,4,none,fear|joy|surprise,True,0.4892984381739808,
emotion-te-00041,en-Latn,brighter-eng,emotion,baseline,14,fear|surprise,fear|joy|sadness|surprise,True,0.7399068453679759,
emotion-te-00042,en-Latn,brighter-eng,emotion,baseline,22,none,fear,True,0.9393561366070107,
emotion-te-00043,en-Latn,brighter-eng,emotion,baseline,31,fear|sadness,fear|sadness,False,0.8928573223979293,
emotion-te-00044,en-Latn,brighter-eng,emotion,baseline,4,fear,anger|fear,True,0.8200741097538,
emotion-te-00045,en-Latn,brighter-eng,emotion,baseline,4,surprise,fear|sadness|surprise,True,0.6847848390903158,
emotion-te-00046,en-Latn,brighter-eng,emotion,baseline,13,joy,fear,True,0.8464935107833703,
emotion-te-00047,en-Latn,brighter-eng,emotion,baseline,28,anger,fear|joy|sadness,True,0.5531330336722886,
emotion-te-00048,en-Latn,brighter-eng,emotion,baseline,8,surprise,joy|surprise,True,0.7992068621524488,
emotion-te-00049,en-Latn,brighter-eng,emotion,baseline,19,joy|surprise,fear|surprise,True,0.6542306268419454,
emotion-te-00050,en-Latn,brighter-eng,emotion,baseline,38,anger|fear|sadness,fear|joy|sadness|surprise,True,0.8182217364889923,
emotion-te-00051,en-Latn,brighter-eng,emotion,baseline,12,fear,fear|sadness,True,0.8371154782591766,
emotion-te-00052,en-Latn,brighter-eng,emotion,baseline,25,none,fear|joy|sadness,True,0.7871754204924087,
emotion-te-00053,en-Latn,brighter-eng,emotion,baseline,18,fear|surprise,fear|joy|surprise,True,0.7602232616964496,
emotion-te-00054,en-Latn,brighter-eng,emotion,baseline,21,joy,fear|joy|sadness|surprise,True,0.8070721285983471,
emotion-te-00055,en-Latn,brighter-eng,emotion,baseline,4,fear|sadness,fear|surprise,True,0.8850950857889229,
emotion-te-00056,en-Latn,brighter-eng,emotion,baseline,27,joy|surprise,fear|joy|surprise,True,0.9895926188968178,
emotion-te-00057,en-Latn,brighter-eng,emotion,baseline,17,joy,joy,False,0.770276686022127,
emotion-te-00058,en-Latn,brighter-eng,emotion,baseline,19,sadness,fear|sadness,True,0.8947639843186733,
emotion-te-00059,en-Latn,brighter-eng,emotion,baseline,6,fear,fear,False,0.8845078034910525,
emotion-te-00060,en-Latn,brighter-eng,emotion,baseline,24,joy,fear|joy|surprise,True,0.6288048598912969,
emotion-te-00061,en-Latn,brighter-eng,emotion,baseline,21,joy|surprise,joy,True,0.9279849849011009,
emotion-te-00062,en-Latn,brighter-eng,emotion,baseline,7,joy,fear,True,0.5272537492704283,
emotion-te-00063,en-Latn,brighter-eng,emotion,baseline,7,fear,fear,False,0.8271118387375337,
emotion-te-00064,en-Latn,brighter-eng,emotion,baseline,15,fear|sadness|surprise,joy|surprise,True,0.8025221151602729,
emotion-te-00065,en-Latn,brighter-eng,emotion,baseline,8,anger,anger|fear|sadness,True,0.9222420103115105,
emotion-te-00066,en-Latn,brighter-eng,emotion,baseline,8,fear|sadness,fear|sadness|surprise,True,0.8513590278369327,
emotion-te-00067,en-Latn,brighter-eng,emotion,baseline,10,joy,fear,True,0.5807745250388179,
emotion-te-00068,en-Latn,brighter-eng,emotion,baseline,12,fear|sadness,fear|sadness,False,0.944193352451684,
emotion-te-00069,en-Latn,brighter-eng,emotion,baseline,14,anger|fear,anger|fear|sadness|surprise,True,0.8444005641674095,
emotion-te-00070,en-Latn,brighter-eng,emotion,baseline,56,joy|surprise,fear|joy|surprise,True,0.9613346301078063,
emotion-te-00071,en-Latn,brighter-eng,emotion,baseline,8,anger|fear|sadness,sadness,True,0.3902522271861359,
emotion-te-00072,en-Latn,brighter-eng,emotion,baseline,4,sadness,sadness|surprise,True,0.7976423196067077,
emotion-te-00073,en-Latn,brighter-eng,emotion,baseline,4,fear|surprise,fear|joy|sadness|surprise,True,0.943667442101078,
emotion-te-00074,en-Latn,brighter-eng,emotion,baseline,11,joy,fear|sadness,True,0.8417046888742703,
emotion-te-00075,en-Latn,brighter-eng,emotion,baseline,11,fear|joy|surprise,fear|sadness|surprise,True,0.9825918456510783,
emotion-te-00076,en-Latn,brighter-eng,emotion,baseline,14,joy,fear|joy|sadness,True,0.7396409816422747,
emotion-te-00077,en-Latn,brighter-eng,emotion,baseline,17,joy,fear|joy,True,0.681289587862806,
emotion-te-00078,en-Latn,brighter-eng,emotion,baseline,24,joy|surprise,fear|joy|surprise,True,0.7197680651012096,
emotion-te-00079,en-Latn,brighter-eng,emotion,baseline,8,joy,fear|joy|sadness,True,0.7593431646111165,
emotion-te-00080,en-Latn,brighter-eng,emotion,baseline,10,fear|joy,fear|sadness,True,0.8107432675174056,
emotion-te-00081,en-Latn,brighter-eng,emotion,baseline,21,joy,fear|joy|sadness|surprise,True,0.5927916327659883,
emotion-te-00082,en-Latn,brighter-eng,emotion,baseline,14,fear,fear|joy,True,0.7873442993109522,
emotion-te-00083,en-Latn,brighter-eng,emotion,baseline,34,fear|sadness,fear|sadness,False,0.9279434176323494,
emotion-te-00084,en-Latn,brighter-eng,emotion,baseline,7,joy,fear|surprise,True,0.6743422501289221,
emotion-te-00085,en-Latn,brighter-eng,emotion,baseline,8,fear|sadness,fear|surprise,True,0.9048465065871448,
emotion-te-00086,en-Latn,brighter-eng,emotion,baseline,3,none,fear|sadness,True,0.5868443288706061,
emotion-te-00087,en-Latn,brighter-eng,emotion,baseline,14,joy|surprise,joy|surprise,False,0.7602873948819615,
emotion-te-00088,en-Latn,brighter-eng,emotion,baseline,12,joy,fear|sadness,True,0.5943656314813717,
emotion-te-00089,en-Latn,brighter-eng,emotion,baseline,27,fear|sadness,fear|sadness,False,0.928337524684553,
emotion-te-00090,en-Latn,brighter-eng,emotion,baseline,13,fear|sadness|surprise,fear|joy|sadness|surprise,True,0.5862477773885034,
emotion-te-00091,en-Latn,brighter-eng,emotion,baseline,14,none,fear|sadness,True,0.6922948708910811,
emotion-te-00092,en-Latn,brighter-eng,emotion,baseline,19,surprise,fear|joy|sadness|surprise,True,0.7095696338102436,
emotion-te-00093,en-Latn,brighter-eng,emotion,baseline,36,fear|surprise,fear|surprise,False,0.9055955942131695,
emotion-te-00094,en-Latn,brighter-eng,emotion,baseline,6,anger|fear|surprise,anger|fear|sadness|surprise,True,0.9628309587264037,
emotion-te-00095,en-Latn,brighter-eng,emotion,baseline,24,joy,fear|sadness,True,0.960177609785281,
emotion-te-00096,en-Latn,brighter-eng,emotion,baseline,16,fear|sadness,fear|sadness,False,0.7268468784071654,
emotion-te-00097,en-Latn,brighter-eng,emotion,baseline,4,fear,fear,False,0.49291132709391844,
emotion-te-00098,en-Latn,brighter-eng,emotion,baseline,8,fear|sadness,sadness|surprise,True,0.968383260257231,
emotion-te-00099,en-Latn,brighter-eng,emotion,baseline,8,joy,joy,False,0.4213859734621448,
emotion-te-00100,en-Latn,brighter-eng,emotion,baseline,16,sadness,fear|joy|sadness,True,0.6358958490463545,
emotion-te-00101,en-Latn,brighter-eng,emotion,baseline,38,fear|sadness,fear|sadness|surprise,True,0.9655917823507548,
emotion-te-00102,en-Latn,brighter-eng,emotion,baseline,8,fear|surprise,fear|surprise,False,0.9924953476882182,
emotion-te-00103,en-Latn,brighter-eng,emotion,baseline,21,fear|sadness,fear|sadness,False,0.9120481970641359,
emotion-te-00104,en-Latn,brighter-eng,emotion,baseline,4,anger|fear,fear|surprise,True,0.8034786155676232,
emotion-te-00105,en-Latn,brighter-eng,emotion,baseline,5,sadness,fear,True,0.5637269552821619,
emotion-te-00106,en-Latn,brighter-eng,emotion,baseline,7,none,fear|joy|surprise,True,0.5994362094421951,
emotion-te-00107,en-Latn,brighter-eng,emotion,baseline,15,fear|sadness,fear|sadness,False,0.7357771695357079,
emotion-te-00108,en-Latn,brighter-eng,emotion,baseline,7,fear|surprise,fear|surprise,False,0.9640510259538763,
emotion-te-00109,en-Latn,brighter-eng,emotion,baseline,5,fear|surprise,fear|surprise,False,0.9560781188208707,
emotion-te-00110,en-Latn,brighter-eng,emotion,baseline,7,fear,fear|surprise,True,0.5563198265024056,
emotion-te-00111,en-Latn,brighter-eng,emotion,baseline,24,anger|fear|surprise,fear|sadness|surprise,True,0.8042181236256497,
emotion-te-00112,en-Latn,brighter-eng,emotion,baseline,3,sadness,fear|sadness|surprise,True,0.9658843818984807,
emotion-te-00113,en-Latn,brighter-eng,emotion,baseline,12,none,fear|joy|sadness,True,0.7779982047650805,
emotion-te-00114,en-Latn,brighter-eng,emotion,baseline,21,none,fear|sadness,True,0.9229490690685389,
emotion-te-00115,en-Latn,brighter-eng,emotion,baseline,26,fear|sadness,fear|joy|surprise,True,0.6509987332916971,
emotion-te-00116,en-Latn,brighter-eng,emotion,baseline,4,none,fear|joy|sadness,True,0.5903827643823966,
emotion-te-00117,en-Latn,brighter-eng,emotion,baseline,4,fear|surprise,fear|surprise,False,0.9715720297856328,
emotion-te-00118,en-Latn,brighter-eng,emotion,baseline,14,fear|sadness,fear|sadness,False,0.9570418685917729,
emotion-te-00119,en-Latn,brighter-eng,emotion,baseline,4,none,fear|surprise,True,0.913124307207438,
emotion-te-00120,en-Latn,brighter-eng,emotion,baseline,5,anger|fear,fear,True,0.5596768005303158,
emotion-te-00121,en-Latn,brighter-eng,emotion,baseline,7,fear|sadness,joy,True,0.4982096630024279,
emotion-te-00122,en-Latn,brighter-eng,emotion,baseline,32,surprise,fear|joy|surprise,True,0.9244888782657954,
emotion-te-00123,en-Latn,brighter-eng,emotion,baseline,22,none,fear|joy|surprise,True,0.9307948708370661,
emotion-te-00124,en-Latn,brighter-eng,emotion,baseline,12,fear|surprise,fear|sadness,True,0.847255150710402,
emotion-te-00125,en-Latn,brighter-eng,emotion,baseline,21,sadness,fear|sadness|surprise,True,0.8622782459219934,
emotion-te-00126,en-Latn,brighter-eng,emotion,baseline,23,surprise,fear|sadness|surprise,True,0.6424777797323673,
emotion-te-00127,en-Latn,brighter-eng,emotion,baseline,16,none,fear|joy|sadness,True,0.7162295552148829,
emotion-te-00128,en-Latn,brighter-eng,emotion,baseline,19,fear|sadness|surprise,joy|surprise,True,0.8543568950393964,
emotion-te-00129,en-Latn,brighter-eng,emotion,baseline,4,anger,joy|surprise,True,0.4691700233151832,
emotion-te-00130,en-Latn,brighter-eng,emotion,baseline,34,fear|sadness,fear,True,0.9357669659352553,
emotion-te-00131,en-Latn,brighter-eng,emotion,baseline,10,fear|sadness,fear|surprise,True,0.8263165531528872,
emotion-te-00132,en-Latn,brighter-eng,emotion,baseline,4,joy,fear|sadness|surprise,True,0.4775515584190347,
emotion-te-00133,en-Latn,brighter-eng,emotion,baseline,11,fear|joy|sadness|surprise,fear|joy|surprise,True,0.4232333620168044,
emotion-te-00134,en-Latn,brighter-eng,emotion,baseline,36,fear,fear|joy,True,0.8942589450415921,
emotion-te-00135,en-Latn,brighter-eng,emotion,baseline,8,anger|fear|sadness,fear|joy|sadness,True,0.8175464595257692,
emotion-te-00136,en-Latn,brighter-eng,emotion,baseline,12,anger|surprise,joy|sadness|surprise,True,0.5533124736930989,
emotion-te-00137,en-Latn,brighter-eng,emotion,baseline,4,fear|sadness,fear|sadness|surprise,True,0.7735149641425687,
emotion-te-00138,en-Latn,brighter-eng,emotion,baseline,13,joy,joy,False,0.6113229600871708,
emotion-te-00139,en-Latn,brighter-eng,emotion,baseline,10,joy|surprise,joy,True,0.7192469816889321,
emotion-te-00140,en-Latn,brighter-eng,emotion,baseline,56,joy,fear|joy,True,0.6964775677514649,
emotion-te-00141,en-Latn,brighter-eng,emotion,baseline,23,joy,fear|sadness,True,0.4052043104114143,
emotion-te-00142,en-Latn,brighter-eng,emotion,baseline,11,fear|surprise,anger|joy|sadness,True,0.7763991497900891,
emotion-te-00143,en-Latn,brighter-eng,emotion,baseline,19,joy|surprise,fear|sadness,True,0.8620944373956462,
emotion-te-00144,en-Latn,brighter-eng,emotion,baseline,22,joy,joy|surprise,True,0.7818576252612478,
emotion-te-00145,en-Latn,brighter-eng,emotion,baseline,4,joy,fear|joy,True,0.5020132880965861,
emotion-te-00146,en-Latn,brighter-eng,emotion,baseline,8,fear,fear|sadness,True,0.4538829935256471,
emotion-te-00147,en-Latn,brighter-eng,emotion,baseline,8,fear|sadness,joy,True,0.44701115266802177,
emotion-te-00148,en-Latn,brighter-eng,emotion,baseline,26,joy,joy|sadness|surprise,True,0.6792292221803854,
emotion-te-00149,en-Latn,brighter-eng,emotion,baseline,19,none,fear|sadness,True,0.638737206528941,
emotion-te-00150,en-Latn,brighter-eng,emotion,baseline,10,none,fear,True,0.7040808693536297,
emotion-te-00151,en-Latn,brighter-eng,emotion,baseline,17,fear|surprise,fear|surprise,False,0.6816890466840237,
emotion-te-00152,en-Latn,brighter-eng,emotion,baseline,20,fear|joy,fear|sadness|surprise,True,0.8727920718424514,
emotion-te-00153,en-Latn,brighter-eng,emotion,baseline,12,fear|surprise,fear,True,0.5353460834036359,
emotion-te-00154,en-Latn,brighter-eng,emotion,baseline,4,none,fear|surprise,True,0.8240761433215725,
emotion-te-00155,en-Latn,brighter-eng,emotion,baseline,4,fear|surprise,fear|surprise,False,0.5455314167569685,
emotion-te-00156,en-Latn,brighter-eng,emotion,baseline,10,fear|sadness,fear|joy|sadness|surprise,True,0.6645310681788696,
emotion-te-00157,en-Latn,brighter-eng,emotion,baseline,33,fear|sadness,fear|surprise,True,0.9074612934126051,
emotion-te-00158,en-Latn,brighter-eng,emotion,baseline,10,fear,joy,True,0.5830134135170463,
emotion-te-00159,en-Latn,brighter-eng,emotion,baseline,42,fear|sadness,fear|sadness|surprise,True,0.8594622682244953,
emotion-te-00160,en-Latn,brighter-eng,emotion,baseline,22,anger|fear|sadness|surprise,fear|surprise,True,0.8295964822040472,
emotion-te-00161,en-Latn,brighter-eng,emotion,baseline,23,fear|sadness|surprise,fear|joy|sadness,True,0.778690137515945,
emotion-te-00162,en-Latn,brighter-eng,emotion,baseline,14,sadness,fear|sadness|surprise,True,0.6368417764608711,
emotion-te-00163,en-Latn,brighter-eng,emotion,baseline,11,surprise,fear|surprise,True,0.6440191905387184,
emotion-te-00164,en-Latn,brighter-eng,emotion,baseline,9,anger|fear|joy|sadness|surprise,anger|fear|sadness|surprise,True,0.8286512150335698,
emotion-te-00165,en-Latn,brighter-eng,emotion,baseline,30,fear|sadness,fear|joy,True,0.7693817163270513,
emotion-te-00166,en-Latn,brighter-eng,emotion,baseline,4,none,none,False,0.37472613778784386,
emotion-te-00167,en-Latn,brighter-eng,emotion,baseline,10,fear,fear|sadness,True,0.7064804103549838,
emotion-te-00168,en-Latn,brighter-eng,emotion,baseline,21,anger|fear|sadness,anger|fear|joy|sadness|surprise,True,0.9087377514049488,
emotion-te-00169,en-Latn,brighter-eng,emotion,baseline,10,none,surprise,True,0.5298506532869095,
emotion-te-00170,en-Latn,brighter-eng,emotion,baseline,9,none,fear|surprise,True,0.7822145911353511,
emotion-te-00171,en-Latn,brighter-eng,emotion,baseline,16,sadness,fear,True,0.4947844999433409,
emotion-te-00172,en-Latn,brighter-eng,emotion,baseline,12,fear|sadness|surprise,fear|joy|sadness|surprise,True,0.8743623862675398,
emotion-te-00173,en-Latn,brighter-eng,emotion,baseline,24,fear,fear,False,0.6882426725967574,
emotion-te-00174,en-Latn,brighter-eng,emotion,baseline,10,fear|sadness,fear|joy,True,0.4654102376980851,
emotion-te-00175,en-Latn,brighter-eng,emotion,baseline,8,fear|sadness,fear|sadness,False,0.7042738835514923,
emotion-te-00176,en-Latn,brighter-eng,emotion,baseline,11,fear,fear,False,0.8213550407288629,
emotion-te-00177,en-Latn,brighter-eng,emotion,baseline,18,none,none,False,0.2635859571289959,
emotion-te-00178,en-Latn,brighter-eng,emotion,baseline,27,joy,joy,False,0.7557885234340953,
emotion-te-00179,en-Latn,brighter-eng,emotion,baseline,25,fear,fear|joy,True,0.603536525553145,
emotion-te-00180,en-Latn,brighter-eng,emotion,baseline,4,sadness,sadness|surprise,True,0.6816283943562452,
emotion-te-00181,en-Latn,brighter-eng,emotion,baseline,13,fear|sadness,fear|joy|sadness|surprise,True,0.6736140648339491,
emotion-te-00182,en-Latn,brighter-eng,emotion,baseline,9,anger|fear,fear|surprise,True,0.621148294490515,
emotion-te-00183,en-Latn,brighter-eng,emotion,baseline,17,anger|fear|sadness,joy|surprise,True,0.7458023885096896,
emotion-te-00184,en-Latn,brighter-eng,emotion,baseline,18,fear|sadness,fear|sadness|surprise,True,0.8178687368580735,
emotion-te-00185,en-Latn,brighter-eng,emotion,baseline,8,fear|surprise,fear|sadness|surprise,True,0.9561023099622322,
emotion-te-00186,en-Latn,brighter-eng,emotion,baseline,7,surprise,none,True,0.3808855409536889,
emotion-te-00187,en-Latn,brighter-eng,emotion,baseline,8,fear|surprise,fear|sadness|surprise,True,0.975211809297786,
emotion-te-00188,en-Latn,brighter-eng,emotion,baseline,11,joy,fear|sadness,True,0.8423189797588496,
emotion-te-00189,en-Latn,brighter-eng,emotion,baseline,17,anger|fear|sadness,fear|joy|sadness|surprise,True,0.7841377254196449,
emotion-te-00190,en-Latn,brighter-eng,emotion,baseline,16,fear|sadness,fear|sadness|surprise,True,0.9468809232197294,
emotion-te-00191,en-Latn,brighter-eng,emotion,baseline,8,fear|sadness|surprise,fear|joy|surprise,True,0.6791601188016686,
emotion-te-00192,en-Latn,brighter-eng,emotion,baseline,5,fear|sadness,fear|sadness,False,0.7879897788469004,
emotion-te-00193,en-Latn,brighter-eng,emotion,baseline,11,anger|fear|sadness,anger|fear|sadness|surprise,True,0.9293214327610453,
emotion-te-00194,en-Latn,brighter-eng,emotion,baseline,8,joy,fear|joy|sadness|surprise,True,0.7474021054091445,
emotion-te-00195,en-Latn,brighter-eng,emotion,baseline,17,sadness,fear|surprise,True,0.6754172337810236,
emotion-te-00196,en-Latn,brighter-eng,emotion,baseline,8,fear|sadness,fear|joy|sadness,True,0.8020543795024576,
emotion-te-00197,en-Latn,brighter-eng,emotion,baseline,4,anger,anger|fear|sadness,True,0.8632102619570228,
emotion-te-00198,en-Latn,brighter-eng,emotion,baseline,6,fear|sadness,fear|sadness|surprise,True,0.9039707579782038,
emotion-te-00199,en-Latn,brighter-eng,emotion,baseline,22,fear|surprise,fear|sadness|surprise,True,0.6507729388376944,
emotion-te-00200,en-Latn,brighter-eng,emotion,baseline,8,anger,anger|fear|surprise,True,0.8042026107954333,
emotion-te-00201,en-Latn,brighter-eng,emotion,baseline,14,fear|sadness,fear|joy,True,0.6928124289423917,
emotion-te-00202,en-Latn,brighter-eng,emotion,baseline,18,fear,fear|sadness,True,0.9765605631478969,
emotion-te-00203,en-Latn,brighter-eng,emotion,baseline,24,fear|surprise,fear|joy|sadness,True,0.8185844215992518,
emotion-te-00204,en-Latn,brighter-eng,emotion,baseline,30,none,fear|joy|sadness|surprise,True,0.8600136313919744,
emotion-te-00205,en-Latn,brighter-eng,emotion,baseline,29,anger|fear|sadness|surprise,joy|sadness|surprise,True,0.5549248391658405,
emotion-te-00206,en-Latn,brighter-eng,emotion,baseline,4,joy,joy|surprise,True,0.5864687616125428,
emotion-te-00207,en-Latn,brighter-eng,emotion,baseline,9,fear|surprise,fear|sadness|surprise,True,0.8829482432777542,
emotion-te-00208,en-Latn,brighter-eng,emotion,baseline,12,fear|surprise,fear|surprise,False,0.898772969047327,
emotion-te-00209,en-Latn,brighter-eng,emotion,baseline,14,joy,fear|sadness|surprise,True,0.9389885456612957,
emotion-te-00210,en-Latn,brighter-eng,emotion,baseline,14,joy,fear|joy|sadness,True,0.6177951408527285,
emotion-te-00211,en-Latn,brighter-eng,emotion,baseline,26,sadness,fear|sadness,True,0.7394726409420443,
emotion-te-00212,en-Latn,brighter-eng,emotion,baseline,9,none,fear|surprise,True,0.735781093994805,
emotion-te-00213,en-Latn,brighter-eng,emotion,baseline,6,fear|sadness|surprise,fear|sadness|surprise,False,0.8441668393719821,
emotion-te-00214,en-Latn,brighter-eng,emotion,baseline,8,surprise,joy|surprise,True,0.47770716843330274,
emotion-te-00215,en-Latn,brighter-eng,emotion,baseline,27,joy,fear|joy,True,0.6893815094323507,
emotion-te-00216,en-Latn,brighter-eng,emotion,baseline,12,fear|sadness,fear|joy,True,0.6197417857788169,
emotion-te-00217,en-Latn,brighter-eng,emotion,baseline,14,anger|fear|sadness|surprise,anger|fear|sadness|surprise,False,0.6985768750844495,
emotion-te-00218,en-Latn,brighter-eng,emotion,baseline,8,joy|surprise,fear|surprise,True,0.8857448171761406,
emotion-te-00219,en-Latn,brighter-eng,emotion,baseline,13,joy,joy|sadness,True,0.7438868267905834,
emotion-te-00220,en-Latn,brighter-eng,emotion,baseline,4,none,fear|joy|sadness|surprise,True,0.5628314007776659,
emotion-te-00221,en-Latn,brighter-eng,emotion,baseline,4,joy,fear|sadness,True,0.555962684153465,
emotion-te-00222,en-Latn,brighter-eng,emotion,baseline,28,anger|fear|surprise,fear|surprise,True,0.7374656594499206,
emotion-te-00223,en-Latn,brighter-eng,emotion,baseline,13,joy,fear|joy,True,0.5038869193172228,
emotion-te-00224,en-Latn,brighter-eng,emotion,baseline,12,fear|joy,fear|surprise,True,0.8324916237204399,
emotion-te-00225,en-Latn,brighter-eng,emotion,baseline,8,fear|joy|surprise,joy|surprise,True,0.8566385647099657,
emotion-te-00226,en-Latn,brighter-eng,emotion,baseline,6,fear|sadness|surprise,fear|sadness,True,0.5048734365701196,
emotion-te-00227,en-Latn,brighter-eng,emotion,baseline,6,anger,fear,True,0.6917723015681723,
emotion-te-00228,en-Latn,brighter-eng,emotion,baseline,5,none,fear|sadness|surprise,True,0.682425367969945,
emotion-te-00229,en-Latn,brighter-eng,emotion,baseline,24,joy,fear|sadness,True,0.6463144337509458,
emotion-te-00230,en-Latn,brighter-eng,emotion,baseline,18,fear,fear|joy|surprise,True,0.6989997915823639,
emotion-te-00231,en-Latn,brighter-eng,emotion,baseline,10,fear|surprise,fear|surprise,False,0.9169714247699898,
emotion-te-00232,en-Latn,brighter-eng,emotion,baseline,18,surprise,fear|sadness|surprise,True,0.7831194118124326,
emotion-te-00233,en-Latn,brighter-eng,emotion,baseline,16,none,fear|sadness,True,0.777352894656344,
emotion-te-00234,en-Latn,brighter-eng,emotion,baseline,20,joy|surprise,fear|joy|sadness|surprise,True,0.7176916702966378,
emotion-te-00235,en-Latn,brighter-eng,emotion,baseline,23,fear|sadness,fear|joy|sadness,True,0.9400837247044007,
emotion-te-00236,en-Latn,brighter-eng,emotion,baseline,16,fear|sadness|surprise,fear|sadness|surprise,False,0.859643238953316,
emotion-te-00237,en-Latn,brighter-eng,emotion,baseline,32,joy,fear|joy|sadness|surprise,True,0.794711750203307,
emotion-te-00238,en-Latn,brighter-eng,emotion,baseline,28,fear|sadness,fear|sadness|surprise,True,0.8176977017546164,
emotion-te-00239,en-Latn,brighter-eng,emotion,baseline,4,none,surprise,True,0.5958182834030341,
emotion-te-00240,en-Latn,brighter-eng,emotion,baseline,29,fear,fear|surprise,True,0.7828742335654957,
emotion-te-00241,en-Latn,brighter-eng,emotion,baseline,13,fear,fear,False,0.6947615590452255,
emotion-te-00242,en-Latn,brighter-eng,emotion,baseline,15,surprise,fear|joy|surprise,True,0.899726593845082,
emotion-te-00243,en-Latn,brighter-eng,emotion,baseline,6,fear|sadness,fear|sadness,False,0.9492469085050933,
emotion-te-00244,en-Latn,brighter-eng,emotion,baseline,17,anger,fear|surprise,True,0.5249099453336911,
emotion-te-00245,en-Latn,brighter-eng,emotion,baseline,7,joy,joy|sadness|surprise,True,0.6372356914781458,
emotion-te-00246,en-Latn,brighter-eng,emotion,baseline,7,fear|surprise,fear|joy|sadness|surprise,True,0.7365857548021635,
emotion-te-00247,en-Latn,brighter-eng,emotion,baseline,4,joy,fear,True,0.541145959470618,
emotion-te-00248,en-Latn,brighter-eng,emotion,baseline,13,sadness,fear|sadness|surprise,True,0.8024696214225856,
emotion-te-00249,en-Latn,brighter-eng,emotion,baseline,4,fear|sadness,fear|sadness,False,0.5503082389290647,
emotion-te-00250,en-Latn,brighter-eng,emotion,baseline,3,sadness,joy|sadness,True,0.6623819697435644,
emotion-te-00251,en-Latn,brighter-eng,emotion,baseline,19,fear,fear|joy|sadness,True,0.9287693853957056,
emotion-te-00252,en-Latn,brighter-eng,emotion,baseline,36,fear|sadness,fear|joy|sadness,True,0.6217726288853191,
emotion-te-00253,en-Latn,brighter-eng,emotion,baseline,20,surprise,fear|joy|sadness,True,0.48861301060079587,
emotion-te-00254,en-Latn,brighter-eng,emotion,baseline,7,joy,fear|joy|sadness|surprise,True,0.6752736652404684,
emotion-te-00255,en-Latn,brighter-eng,emotion,baseline,13,joy,joy|sadness|surprise,True,0.6713079925388296,
emotion-te-00256,en-Latn,brighter-eng,emotion,baseline,12,joy,fear|sadness,True,0.6029743965500803,
emotion-te-00257,en-Latn,brighter-eng,emotion,baseline,10,joy,joy,False,0.5829184576754284,
emotion-te-00258,en-Latn,brighter-eng,emotion,baseline,14,fear,fear,False,0.9312021305027577,
emotion-te-00259,en-Latn,brighter-eng,emotion,baseline,5,anger|fear|sadness,anger|fear|sadness,False,0.9684951166859067,
emotion-te-00260,en-Latn,brighter-eng,emotion,baseline,6,joy,joy,False,0.6957090080135552,
emotion-te-00261,en-Latn,brighter-eng,emotion,baseline,4,fear|sadness,joy|surprise,True,0.7918307292563463,
emotion-te-00262,en-Latn,brighter-eng,emotion,baseline,14,joy,fear|sadness,True,0.6344792755725905,
emotion-te-00263,en-Latn,brighter-eng,emotion,baseline,15,fear,none,True,0.3897014340480968,
emotion-te-00264,en-Latn,brighter-eng,emotion,baseline,28,joy,joy|sadness,True,0.9490725785895389,
emotion-te-00265,en-Latn,brighter-eng,emotion,baseline,11,joy,joy,False,0.7334461369256768,
emotion-te-00266,en-Latn,brighter-eng,emotion,baseline,7,none,joy|surprise,True,0.5435265242670784,
emotion-te-00267,en-Latn,brighter-eng,emotion,baseline,9,fear|sadness,joy,True,0.6731476724765394,
emotion-te-00268,en-Latn,brighter-eng,emotion,baseline,32,fear|joy|sadness,joy|sadness,True,0.7335367273974327,
emotion-te-00269,en-Latn,brighter-eng,emotion,baseline,7,fear|sadness|surprise,fear|joy|surprise,True,0.7339576226732061,
emotion-te-00270,en-Latn,brighter-eng,emotion,baseline,5,joy,fear|sadness|surprise,True,0.9115300954336911,
emotion-te-00271,en-Latn,brighter-eng,emotion,baseline,17,fear|sadness,fear|sadness|surprise,True,0.9888885330585907,
emotion-te-00272,en-Latn,brighter-eng,emotion,baseline,18,joy,fear|sadness,True,0.8833843482407561,
emotion-te-00273,en-Latn,brighter-eng,emotion,baseline,25,joy,fear|joy|sadness,True,0.8567950169946688,
emotion-te-00274,en-Latn,brighter-eng,emotion,baseline,21,joy|surprise,joy|surprise,False,0.5852582334017042,
emotion-te-00275,en-Latn,brighter-eng,emotion,baseline,43,fear,joy|sadness,True,0.4120219449420811,
emotion-te-00276,en-Latn,brighter-eng,emotion,baseline,8,fear|surprise,fear|joy|surprise,True,0.6227077390519472,
emotion-te-00277,en-Latn,brighter-eng,emotion,baseline,31,anger|sadness|surprise,fear|joy|sadness,True,0.9059079340163664,
emotion-te-00278,en-Latn,brighter-eng,emotion,baseline,4,fear|surprise,fear|surprise,False,0.8890888632713202,
emotion-te-00279,en-Latn,brighter-eng,emotion,baseline,11,sadness,fear|joy,True,0.5365921657579739,
emotion-te-00280,en-Latn,brighter-eng,emotion,baseline,12,anger|sadness,fear|surprise,True,0.7893620590386959,
emotion-te-00281,en-Latn,brighter-eng,emotion,baseline,11,fear,fear|sadness,True,0.950189013088156,
emotion-te-00282,en-Latn,brighter-eng,emotion,baseline,8,joy,joy,False,0.9727447444682511,
emotion-te-00283,en-Latn,brighter-eng,emotion,baseline,23,fear|sadness,fear|sadness,False,0.9826034700399451,
emotion-te-00284,en-Latn,brighter-eng,emotion,baseline,7,anger,anger|surprise,True,0.7228953761235989,
emotion-te-00285,en-Latn,brighter-eng,emotion,baseline,8,none,fear|surprise,True,0.6106528334639334,
emotion-te-00286,en-Latn,brighter-eng,emotion,baseline,18,fear|surprise,fear|joy|sadness|surprise,True,0.7881557238990692,
emotion-te-00287,en-Latn,brighter-eng,emotion,baseline,9,joy,fear|sadness|surprise,True,0.7505960155789807,
emotion-te-00288,en-Latn,brighter-eng,emotion,baseline,16,anger|fear|sadness,fear,True,0.49885565229978407,
emotion-te-00289,en-Latn,brighter-eng,emotion,baseline,36,fear,fear|joy|sadness,True,0.7997904014811381,
emotion-te-00290,en-Latn,brighter-eng,emotion,baseline,9,anger|fear|sadness|surprise,joy|sadness|surprise,True,0.4971221006193932,
emotion-te-00291,en-Latn,brighter-eng,emotion,baseline,28,fear|sadness,joy|sadness,True,0.7772592109423461,
emotion-te-00292,en-Latn,brighter-eng,emotion,baseline,7,sadness|surprise,joy|sadness|surprise,True,0.7640993685996731,
emotion-te-00293,en-Latn,brighter-eng,emotion,baseline,7,anger,sadness,True,0.542962679108155,
emotion-te-00294,en-Latn,brighter-eng,emotion,baseline,50,fear|surprise,fear|sadness,True,0.7161514789142919,
emotion-te-00295,en-Latn,brighter-eng,emotion,baseline,32,joy,joy|sadness,True,0.6560952827044316,
emotion-te-00296,en-Latn,brighter-eng,emotion,baseline,11,joy,joy|sadness,True,0.3584676973821442,
emotion-te-00297,en-Latn,brighter-eng,emotion,baseline,20,fear|sadness,fear|joy|sadness,True,0.7477078702111885,
emotion-te-00298,en-Latn,brighter-eng,emotion,baseline,15,anger|fear|surprise,fear|surprise,True,0.8399694114138228,
emotion-te-00299,en-Latn,brighter-eng,emotion,baseline,18,joy|surprise,fear|joy|sadness,True,0.48011971329826103,
emotion-te-00300,en-Latn,brighter-eng,emotion,baseline,8,anger|fear,anger|fear,False,0.8907727545360387,
emotion-te-00301,en-Latn,brighter-eng,emotion,baseline,6,fear|sadness|surprise,fear|surprise,True,0.8673422317219324,
emotion-te-00302,en-Latn,brighter-eng,emotion,baseline,15,fear|joy|surprise,fear|joy|surprise,False,0.7824923695536047,
emotion-te-00303,en-Latn,brighter-eng,emotion,baseline,6,fear,fear|sadness|surprise,True,0.7602620554819324,
emotion-te-00304,en-Latn,brighter-eng,emotion,baseline,9,fear|sadness,fear|sadness,False,0.9508727014173083,
emotion-te-00305,en-Latn,brighter-eng,emotion,baseline,27,joy,fear|joy|sadness,True,0.5257660200339473,
emotion-te-00306,en-Latn,brighter-eng,emotion,baseline,5,anger|sadness|surprise,fear|sadness,True,0.8581655338775963,
emotion-te-00307,en-Latn,brighter-eng,emotion,baseline,31,joy,anger|fear|sadness,True,0.8409523483327953,
emotion-te-00308,en-Latn,brighter-eng,emotion,baseline,10,fear,fear|surprise,True,0.458746663141433,
emotion-te-00309,en-Latn,brighter-eng,emotion,baseline,20,none,fear,True,0.673052153692354,
emotion-te-00310,en-Latn,brighter-eng,emotion,baseline,30,fear,fear|sadness|surprise,True,0.9426062654651307,
emotion-te-00311,en-Latn,brighter-eng,emotion,baseline,18,anger|fear|sadness,anger|fear|sadness|surprise,True,0.7753107352843451,
emotion-te-00312,en-Latn,brighter-eng,emotion,baseline,23,joy,joy|sadness,True,0.8510795932237383,
emotion-te-00313,en-Latn,brighter-eng,emotion,baseline,31,fear|joy|sadness,fear|joy,True,0.9502282319122345,
emotion-te-00314,en-Latn,brighter-eng,emotion,baseline,12,fear|surprise,fear,True,0.8756114256496907,
emotion-te-00315,en-Latn,brighter-eng,emotion,baseline,12,fear,fear,False,0.8033821883426683,
emotion-te-00316,en-Latn,brighter-eng,emotion,baseline,19,fear|sadness,fear|joy|sadness,True,0.8329451624241102,
emotion-te-00317,en-Latn,brighter-eng,emotion,baseline,12,fear|sadness,fear|sadness,False,0.8341841189584516,
emotion-te-00318,en-Latn,brighter-eng,emotion,baseline,20,fear|surprise,fear|joy|surprise,True,0.8244838606639388,
emotion-te-00319,en-Latn,brighter-eng,emotion,baseline,10,surprise,fear|joy|surprise,True,0.5851249345555422,
emotion-te-00320,en-Latn,brighter-eng,emotion,baseline,8,fear|sadness,fear|sadness,False,0.6688377269444733,
emotion-te-00321,en-Latn,brighter-eng,emotion,baseline,10,fear,fear|sadness,True,0.9898887972638652,
emotion-te-00322,en-Latn,brighter-eng,emotion,baseline,20,joy,fear|sadness,True,0.7377202910406263,
emotion-te-00323,en-Latn,brighter-eng,emotion,baseline,4,joy,joy|surprise,True,0.9825172170458013,
emotion-te-00324,en-Latn,brighter-eng,emotion,baseline,19,none,fear,True,0.6713506777665286,
emotion-te-00325,en-Latn,brighter-eng,emotion,baseline,6,sadness|surprise,fear|sadness|surprise,True,0.4948993617919415,
emotion-te-00326,en-Latn,brighter-eng,emotion,baseline,21,joy,fear|sadness,True,0.8815252122744789,
emotion-te-00327,en-Latn,brighter-eng,emotion,baseline,21,sadness,fear|sadness,True,0.7925791355633364,
emotion-te-00328,en-Latn,brighter-eng,emotion,baseline,17,joy,fear|joy|sadness,True,0.7547317634356973,
emotion-te-00329,en-Latn,brighter-eng,emotion,baseline,4,fear|sadness,fear,True,0.4725728767692491,
emotion-te-00330,en-Latn,brighter-eng,emotion,baseline,12,fear|sadness,fear|joy,True,0.9688403682838543,
emotion-te-00331,en-Latn,brighter-eng,emotion,baseline,19,fear|sadness,fear|joy|sadness,True,0.5375476734057656,
emotion-te-00332,en-Latn,brighter-eng,emotion,baseline,12,joy,fear|sadness,True,0.8787867928974208,
emotion-te-00333,en-Latn,brighter-eng,emotion,baseline,11,none,fear,True,0.41808473362528986,
emotion-te-00334,en-Latn,brighter-eng,emotion,baseline,23,fear,fear|sadness,True,0.839897612626071,
emotion-te-00335,en-Latn,brighter-eng,emotion,baseline,15,anger,fear|sadness,True,0.7431957085976909,
emotion-te-00336,en-Latn,brighter-eng,emotion,baseline,8,joy,surprise,True,0.3902698690145187,
emotion-te-00337,en-Latn,brighter-eng,emotion,baseline,17,none,fear,True,0.7468379773247936,
emotion-te-00338,en-Latn,brighter-eng,emotion,baseline,34,joy,joy|surprise,True,0.7492900259619706,
emotion-te-00339,en-Latn,brighter-eng,emotion,baseline,9,fear,fear|surprise,True,0.6003263696643248,
emotion-te-00340,en-Latn,brighter-eng,emotion,baseline,10,anger,none,True,0.3641209398020576,
emotion-te-00341,en-Latn,brighter-eng,emotion,baseline,14,fear|sadness,fear|sadness,False,0.8712189574385634,
emotion-te-00342,en-Latn,brighter-eng,emotion,baseline,4,fear|surprise,fear|joy|surprise,True,0.8673024051718854,
emotion-te-00343,en-Latn,brighter-eng,emotion,baseline,34,fear,fear|sadness|surprise,True,0.7266113847649285,
emotion-te-00344,en-Latn,brighter-eng,emotion,baseline,19,fear|sadness,fear|sadness,False,0.9308383470877717,
emotion-te-00345,en-Latn,brighter-eng,emotion,baseline,14,fear|sadness,sadness|surprise,True,0.6751313170089113,
emotion-te-00346,en-Latn,brighter-eng,emotion,baseline,19,fear|joy,fear,True,0.8274660947767001,
emotion-te-00347,en-Latn,brighter-eng,emotion,baseline,18,joy|surprise,fear|sadness|surprise,True,0.8227298921501652,
emotion-te-00348,en-Latn,brighter-eng,emotion,baseline,7,joy|surprise,fear|sadness,True,0.6243046430319535,
emotion-te-00349,en-Latn,brighter-eng,emotion,baseline,7,joy|surprise,fear|surprise,True,0.7135745507168669,
emotion-te-00350,en-Latn,brighter-eng,emotion,baseline,14,sadness,fear|sadness,True,0.9221586402791502,
emotion-te-00351,en-Latn,brighter-eng,emotion,baseline,4,fear,fear|sadness,True,0.69692198446173,
emotion-te-00352,en-Latn,brighter-eng,emotion,baseline,5,fear|surprise,fear|surprise,False,0.7561865904060964,
emotion-te-00353,en-Latn,brighter-eng,emotion,baseline,11,sadness,joy|sadness,True,0.7701318032415704,
emotion-te-00354,en-Latn,brighter-eng,emotion,baseline,12,fear|sadness,fear|joy|sadness|surprise,True,0.8337555182909414,
emotion-te-00355,en-Latn,brighter-eng,emotion,baseline,11,fear,fear,False,0.7293689816825336,
emotion-te-00356,en-Latn,brighter-eng,emotion,baseline,20,fear|sadness,fear|sadness,False,0.6255583755693914,
emotion-te-00357,en-Latn,brighter-eng,emotion,baseline,7,fear,fear|sadness,True,0.8882667339012738,
emotion-te-00358,en-Latn,brighter-eng,emotion,baseline,18,anger,fear|sadness,True,0.7773896105963762,
emotion-te-00359,en-Latn,brighter-eng,emotion,baseline,8,fear|sadness,fear|sadness|surprise,True,0.7499613213680137,
emotion-te-00360,en-Latn,brighter-eng,emotion,baseline,15,joy,none,True,0.27925126952928064,
emotion-te-00361,en-Latn,brighter-eng,emotion,baseline,11,anger,fear|sadness,True,0.8550158900408825,
emotion-te-00362,en-Latn,brighter-eng,emotion,baseline,3,joy,anger|fear|joy|surprise,True,0.8979562032832442,
emotion-te-00363,en-Latn,brighter-eng,emotion,baseline,7,joy|surprise,fear|sadness,True,0.7293052745044692,
emotion-te-00364,en-Latn,brighter-eng,emotion,baseline,27,fear,fear,False,0.8827750876564232,
emotion-te-00365,en-Latn,brighter-eng,emotion,baseline,18,fear|surprise,fear|surprise,False,0.8154426609870148,
emotion-te-00366,en-Latn,brighter-eng,emotion,baseline,30,fear|surprise,fear|joy|surprise,True,0.97802791541894,
emotion-te-00367,en-Latn,brighter-eng,emotion,baseline,11,fear|surprise,fear|surprise,False,0.9283625314199955,
emotion-te-00368,en-Latn,brighter-eng,emotion,baseline,5,surprise,fear|joy|surprise,True,0.5935922941894011,
emotion-te-00369,en-Latn,brighter-eng,emotion,baseline,21,fear|surprise,fear|sadness,True,0.5827688953023628,
emotion-te-00370,en-Latn,brighter-eng,emotion,baseline,7,fear,joy,True,0.652642395398335,
emotion-te-00371,en-Latn,brighter-eng,emotion,baseline,7,none,fear|joy|sadness,True,0.84053619734266,
emotion-te-00372,en-Latn,brighter-eng,emotion,baseline,40,joy,fear|joy,True,0.8921922931521948,
emotion-te-00373,en-Latn,brighter-eng,emotion,baseline,22,joy,fear|joy,True,0.6363612683608691,
emotion-te-00374,en-Latn,brighter-eng,emotion,baseline,22,joy,joy|surprise,True,0.7547537069187936,
emotion-te-00375,en-Latn,brighter-eng,emotion,baseline,21,fear|sadness,fear|sadness,False,0.8997267991109992,
emotion-te-00376,en-Latn,brighter-eng,emotion,baseline,6,joy,joy,False,0.963539920669945,
emotion-te-00377,en-Latn,brighter-eng,emotion,baseline,9,none,joy,True,0.657099543742589,
emotion-te-00378,en-Latn,brighter-eng,emotion,baseline,17,fear|surprise,fear|sadness,True,0.9127953258937953,
emotion-te-00379,en-Latn,brighter-eng,emotion,baseline,7,fear,joy,True,0.5810097595616698,
emotion-te-00380,en-Latn,brighter-eng,emotion,baseline,19,anger,fear|joy|surprise,True,0.9865747404261452,
emotion-te-00381,en-Latn,brighter-eng,emotion,baseline,27,fear|sadness,fear|joy|sadness|surprise,True,0.7846042564779817,
emotion-te-00382,en-Latn,brighter-eng,emotion,baseline,10,fear|surprise,fear|sadness,True,0.6335935346908257,
emotion-te-00383,en-Latn,brighter-eng,emotion,baseline,15,fear|joy|surprise,fear|sadness|surprise,True,0.8302665361576104,
emotion-te-00384,en-Latn,brighter-eng,emotion,baseline,14,joy,fear|sadness,True,0.8029258720952337,
emotion-te-00385,en-Latn,brighter-eng,emotion,baseline,3,none,anger|sadness|surprise,True,0.86101287957973,
emotion-te-00386,en-Latn,brighter-eng,emotion,baseline,31,fear|sadness,fear|sadness,False,0.8833528530501078,
emotion-te-00387,en-Latn,brighter-eng,emotion,baseline,4,fear|sadness,fear|joy,True,0.49795197085334797,
emotion-te-00388,en-Latn,brighter-eng,emotion,baseline,22,surprise,joy|sadness|surprise,True,0.7948941240424829,
emotion-te-00389,en-Latn,brighter-eng,emotion,baseline,6,fear|sadness,fear|sadness,False,0.8532114311400747,
emotion-te-00390,en-Latn,brighter-eng,emotion,baseline,7,surprise,fear|surprise,True,0.7236498811354655,
emotion-te-00391,en-Latn,brighter-eng,emotion,baseline,12,fear|sadness,fear|joy|surprise,True,0.8861104863785645,
emotion-te-00392,en-Latn,brighter-eng,emotion,baseline,7,none,fear|joy,True,0.43467202764090185,
emotion-te-00393,en-Latn,brighter-eng,emotion,baseline,23,fear|sadness,fear|surprise,True,0.6786393362540933,
emotion-te-00394,en-Latn,brighter-eng,emotion,baseline,12,fear|sadness,fear|joy,True,0.6535216775063261,
emotion-te-00395,en-Latn,brighter-eng,emotion,baseline,9,joy,joy|surprise,True,0.8441159080717862,
emotion-te-00396,en-Latn,brighter-eng,emotion,baseline,9,joy|surprise,joy|surprise,False,0.6575717064776296,
emotion-te-00397,en-Latn,brighter-eng,emotion,baseline,19,fear|sadness,fear|sadness,False,0.8793470792575702,
emotion-te-00398,en-Latn,brighter-eng,emotion,baseline,20,fear,fear|sadness,True,0.7732877607783154,
emotion-te-00399,en-Latn,brighter-eng,emotion,baseline,24,none,fear|sadness|surprise,True,0.5806283413652124,
emotion-te-00400,en-Latn,brighter-eng,emotion,baseline,7,joy,joy,False,0.9107807784065376,
emotion-te-00401,en-Latn,brighter-eng,emotion,baseline,14,sadness,fear|surprise,True,0.7794745185927041,
emotion-te-00402,en-Latn,brighter-eng,emotion,baseline,10,none,fear|sadness|surprise,True,0.600319767762631,
emotion-te-00403,en-Latn,brighter-eng,emotion,baseline,18,none,fear|sadness,True,0.7189053372288877,
emotion-te-00404,en-Latn,brighter-eng,emotion,baseline,23,fear|sadness,fear|sadness,False,0.6474614703047885,
emotion-te-00405,en-Latn,brighter-eng,emotion,baseline,12,joy|surprise,joy|surprise,False,0.810476177704932,
emotion-te-00406,en-Latn,brighter-eng,emotion,baseline,53,fear|sadness,fear|sadness,False,0.9765848800701991,
emotion-te-00407,en-Latn,brighter-eng,emotion,baseline,8,joy,fear|surprise,True,0.6836855104676262,
emotion-te-00408,en-Latn,brighter-eng,emotion,baseline,15,fear|surprise,fear|joy|surprise,True,0.8333571729507646,
emotion-te-00409,en-Latn,brighter-eng,emotion,baseline,8,joy|surprise,fear|joy,True,0.8372685404377301,
emotion-te-00410,en-Latn,brighter-eng,emotion,baseline,9,joy,fear|joy,True,0.621844015792603,
emotion-te-00411,en-Latn,brighter-eng,emotion,baseline,12,fear|sadness|surprise,fear|surprise,True,0.9394063738537609,
emotion-te-00412,en-Latn,brighter-eng,emotion,baseline,20,joy|surprise,fear|joy|sadness,True,0.6855615714892771,
emotion-te-00413,en-Latn,brighter-eng,emotion,baseline,29,none,fear|sadness|surprise,True,0.9131843557337278,
emotion-te-00414,en-Latn,brighter-eng,emotion,baseline,25,none,joy,True,0.8588814897890596,
emotion-te-00415,en-Latn,brighter-eng,emotion,baseline,14,anger,fear|joy|sadness,True,0.6625642286755133,
emotion-te-00416,en-Latn,brighter-eng,emotion,baseline,20,fear,fear|sadness,True,0.8186265871390268,
emotion-te-00417,en-Latn,brighter-eng,emotion,baseline,6,sadness|surprise,fear|sadness,True,0.7173865569713413,
emotion-te-00418,en-Latn,brighter-eng,emotion,baseline,14,joy|sadness,fear|joy|sadness,True,0.6003102703993418,
emotion-te-00419,en-Latn,brighter-eng,emotion,baseline,15,fear|surprise,fear|sadness,True,0.8992518265822597,
emotion-te-00420,en-Latn,brighter-eng,emotion,baseline,6,joy,fear|joy|surprise,True,0.7565115788706855,
emotion-te-00421,en-Latn,brighter-eng,emotion,baseline,13,joy,joy,False,0.8129664279730733,
emotion-te-00422,en-Latn,brighter-eng,emotion,baseline,16,fear,fear|sadness,True,0.47805594121322387,
emotion-te-00423,en-Latn,brighter-eng,emotion,baseline,47,fear,fear|joy,True,0.7268317999703824,
emotion-te-00424,en-Latn,brighter-eng,emotion,baseline,11,fear|joy,joy|sadness,True,0.6494663030303537,
emotion-te-00425,en-Latn,brighter-eng,emotion,baseline,11,fear|surprise,fear|joy,True,0.4703837262798511,
emotion-te-00426,en-Latn,brighter-eng,emotion,baseline,16,anger|fear|sadness,joy|sadness,True,0.8448276611712754,
emotion-te-00427,en-Latn,brighter-eng,emotion,baseline,24,joy,fear|surprise,True,0.8298371075304698,
emotion-te-00428,en-Latn,brighter-eng,emotion,baseline,27,sadness,fear|sadness,True,0.9280495669969433,
emotion-te-00429,en-Latn,brighter-eng,emotion,baseline,12,none,fear|sadness,True,0.5209918437540804,
emotion-te-00430,en-Latn,brighter-eng,emotion,baseline,22,fear|sadness,fear|sadness,False,0.9774143610358446,
emotion-te-00431,en-Latn,brighter-eng,emotion,baseline,4,fear|surprise,fear|surprise,False,0.9639441215648386,
emotion-te-00432,en-Latn,brighter-eng,emotion,baseline,5,fear|sadness,anger|sadness,True,0.6038731881976251,
emotion-te-00433,en-Latn,brighter-eng,emotion,baseline,21,surprise,fear|joy|sadness|surprise,True,0.9104647433459654,
emotion-te-00434,en-Latn,brighter-eng,emotion,baseline,3,fear,fear|joy|surprise,True,0.7818062256199837,
emotion-te-00435,en-Latn,brighter-eng,emotion,baseline,37,anger|fear|sadness,fear|sadness,True,0.9690919808845341,
emotion-te-00436,en-Latn,brighter-eng,emotion,baseline,25,fear|joy,fear|sadness|surprise,True,0.9134820044949681,
emotion-te-00437,en-Latn,brighter-eng,emotion,baseline,5,fear|joy|surprise,fear|surprise,True,0.7898034830968136,
emotion-te-00438,en-Latn,brighter-eng,emotion,baseline,6,none,sadness,True,0.322256762266646,
emotion-te-00439,en-Latn,brighter-eng,emotion,baseline,28,fear|sadness,fear|sadness,False,0.5987266987401763,
emotion-te-00440,en-Latn,brighter-eng,emotion,baseline,6,fear|sadness|surprise,fear|sadness,True,0.8663851795700693,
emotion-te-00441,en-Latn,brighter-eng,emotion,baseline,8,surprise,fear|joy|surprise,True,0.48354409213235644,
emotion-te-00442,en-Latn,brighter-eng,emotion,baseline,44,fear|sadness,fear|joy|sadness,True,0.8735900628440308,
emotion-te-00443,en-Latn,brighter-eng,emotion,baseline,13,fear|sadness,fear|sadness|surprise,True,0.8271531842693944,
emotion-te-00444,en-Latn,brighter-eng,emotion,baseline,9,joy,fear|surprise,True,0.5415317863464593,
emotion-te-00445,en-Latn,brighter-eng,emotion,baseline,14,fear|sadness,fear|sadness,False,0.8843149568663035,
emotion-te-00446,en-Latn,brighter-eng,emotion,baseline,14,fear|sadness,joy|sadness,True,0.739929322862617,
emotion-te-00447,en-Latn,brighter-eng,emotion,baseline,15,fear|sadness,fear|sadness,False,0.9780101190077444,
emotion-te-00448,en-Latn,brighter-eng,emotion,baseline,10,fear|sadness,fear|sadness|surprise,True,0.5168091534748662,
emotion-te-00449,en-Latn,brighter-eng,emotion,baseline,5,surprise,fear|surprise,True,0.659791675930127,
emotion-te-00450,en-Latn,brighter-eng,emotion,baseline,6,none,joy|surprise,True,0.4963427772473657,
emotion-te-00451,en-Latn,brighter-eng,emotion,baseline,19,fear,fear,False,0.47217628612310975,
emotion-te-00452,en-Latn,brighter-eng,emotion,baseline,15,fear,fear|sadness,True,0.9754402108231003,
emotion-te-00453,en-Latn,brighter-eng,emotion,baseline,4,fear|surprise,fear|sadness|surprise,True,0.704796448528675,
emotion-te-00454,en-Latn,brighter-eng,emotion,baseline,4,sadness,fear|sadness,True,0.6314222110587795,
emotion-te-00455,en-Latn,brighter-eng,emotion,baseline,24,fear|sadness,fear,True,0.7201162589669318,
emotion-te-00456,en-Latn,brighter-eng,emotion,baseline,6,anger|fear|surprise,fear|surprise,True,0.7557972067151578,
emotion-te-00457,en-Latn,brighter-eng,emotion,baseline,10,fear|joy,none,True,0.29812854901898533,
emotion-te-00458,en-Latn,brighter-eng,emotion,baseline,25,none,fear|joy,True,0.563418912358313,
emotion-te-00459,en-Latn,brighter-eng,emotion,baseline,6,joy,anger|joy|sadness,True,0.7045912064242276,
emotion-te-00460,en-Latn,brighter-eng,emotion,baseline,11,joy,fear|joy|sadness,True,0.5234222391056493,
emotion-te-00461,en-Latn,brighter-eng,emotion,baseline,9,none,none,False,0.22519483243688476,
emotion-te-00462,en-Latn,brighter-eng,emotion,baseline,42,fear,fear|sadness|surprise,True,0.8889317714426508,
emotion-te-00463,en-Latn,brighter-eng,emotion,baseline,9,joy|sadness,joy|sadness,False,0.7337452138191888,
emotion-te-00464,en-Latn,brighter-eng,emotion,baseline,4,joy|surprise,fear|joy|surprise,True,0.7470793341659822,
emotion-te-00465,en-Latn,brighter-eng,emotion,baseline,26,fear|surprise,fear|sadness|surprise,True,0.9396265341277085,
emotion-te-00466,en-Latn,brighter-eng,emotion,baseline,9,fear,fear|sadness|surprise,True,0.6500592255490167,
emotion-te-00467,en-Latn,brighter-eng,emotion,baseline,7,fear,fear|sadness,True,0.8198478379246261,
emotion-te-00468,en-Latn,brighter-eng,emotion,baseline,8,joy|surprise,fear|joy|surprise,True,0.7754125882161154,
emotion-te-00469,en-Latn,brighter-eng,emotion,baseline,46,fear|sadness,fear|sadness,False,0.8706702120723085,
emotion-te-00470,en-Latn,brighter-eng,emotion,baseline,19,fear|sadness,fear,True,0.6941145868983735,
emotion-te-00471,en-Latn,brighter-eng,emotion,baseline,14,fear,fear|joy|sadness|surprise,True,0.6407124324213149,
emotion-te-00472,en-Latn,brighter-eng,emotion,baseline,12,none,fear,True,0.7699123512829282,
emotion-te-00473,en-Latn,brighter-eng,emotion,baseline,15,anger|fear,fear|joy|sadness|surprise,True,0.8700933643339713,
emotion-te-00474,en-Latn,brighter-eng,emotion,baseline,21,joy,joy|sadness|surprise,True,0.5000137002782139,
emotion-te-00475,en-Latn,brighter-eng,emotion,baseline,12,joy,joy|sadness,True,0.8191988897998562,
emotion-te-00476,en-Latn,brighter-eng,emotion,baseline,22,fear|sadness,fear|joy|sadness,True,0.6458962249976127,
emotion-te-00477,en-Latn,brighter-eng,emotion,baseline,15,fear,fear,False,0.6358550167020953,
emotion-te-00478,en-Latn,brighter-eng,emotion,baseline,15,joy,fear|sadness|surprise,True,0.6502407073798971,
emotion-te-00479,en-Latn,brighter-eng,emotion,baseline,18,fear,fear|sadness|surprise,True,0.729046816668973,
emotion-te-00480,en-Latn,brighter-eng,emotion,baseline,8,none,fear|joy|sadness|surprise,True,0.89324036041942,
emotion-te-00481,en-Latn,brighter-eng,emotion,baseline,40,fear|joy,fear|sadness|surprise,True,0.7909710615028345,
emotion-te-00482,en-Latn,brighter-eng,emotion,baseline,15,fear|surprise,fear|sadness|surprise,True,0.7795979561774024,
emotion-te-00483,en-Latn,brighter-eng,emotion,baseline,12,anger,fear|joy|sadness|surprise,True,0.5152453638180422,
emotion-te-00484,en-Latn,brighter-eng,emotion,baseline,6,fear,fear|sadness|surprise,True,0.6019262638478531,
emotion-te-00485,en-Latn,brighter-eng,emotion,baseline,30,fear|sadness,fear|sadness,False,0.959887875647477,
emotion-te-00486,en-Latn,brighter-eng,emotion,baseline,28,anger|fear|sadness|surprise,fear|joy|sadness|surprise,True,0.8104650105630811,
emotion-te-00487,en-Latn,brighter-eng,emotion,baseline,8,fear|surprise,fear|sadness|surprise,True,0.9774501652266872,
emotion-te-00488,en-Latn,brighter-eng,emotion,baseline,7,joy|surprise,joy|surprise,False,0.9259001867766424,
emotion-te-00489,en-Latn,brighter-eng,emotion,baseline,8,joy,anger|fear|sadness|surprise,True,0.7850395161450135,
emotion-te-00490,en-Latn,brighter-eng,emotion,baseline,8,anger,fear|surprise,True,0.8871763689220602,
emotion-te-00491,en-Latn,brighter-eng,emotion,baseline,24,joy,joy|sadness,True,0.7234926068438795,
emotion-te-00492,en-Latn,brighter-eng,emotion,baseline,37,fear,fear,False,0.8522042272359039,
emotion-te-00493,en-Latn,brighter-eng,emotion,baseline,8,fear|sadness,fear|sadness,False,0.932844746022881,
emotion-te-00494,en-Latn,brighter-eng,emotion,baseline,12,fear,fear|joy|sadness|surprise,True,0.7370496071157039,
emotion-te-00495,en-Latn,brighter-eng,emotion,baseline,10,fear|surprise,joy,True,0.796394784583085,
emotion-te-00496,en-Latn,brighter-eng,emotion,baseline,19,fear|surprise,fear|sadness,True,0.8935847163483611,
emotion-te-00497,en-Latn,brighter-eng,emotion,baseline,18,anger|fear|sadness,fear|joy,True,0.5043043521116983,
emotion-te-00498,en-Latn,brighter-eng,emotion,baseline,16,fear|surprise,fear|surprise,False,0.993267346108848,
emotion-te-00499,en-Latn,brighter-eng,emotion,baseline,34,fear|joy,fear|joy|sadness,True,0.7894662893146931,
emotion-te-00500,en-Latn,brighter-eng,emotion,baseline,15,none,fear|joy|sadness,True,0.8235122509071332,
emotion-te-00501,en-Latn,brighter-eng,emotion,baseline,13,sadness,surprise,True,0.383087350453191,
emotion-te-00502,en-Latn,brighter-eng,emotion,baseline,20,none,fear|sadness,True,0.7994453589007349,
emotion-te-00503,en-Latn,brighter-eng,emotion,baseline,16,fear,fear|joy|sadness,True,0.7774166990982129,
emotion-te-00504,en-Latn,brighter-eng,emotion,baseline,6,sadness|surprise,fear|sadness|surprise,True,0.8092514408351706,
emotion-te-00505,en-Latn,brighter-eng,emotion,baseline,5,fear,fear|joy,True,0.40568238772545034,
emotion-te-00506,en-Latn,brighter-eng,emotion,baseline,12,fear,fear,False,0.7067871211242457,
emotion-te-00507,en-Latn,brighter-eng,emotion,baseline,15,fear|surprise,fear|surprise,False,0.9225302448184282,
emotion-te-00508,en-Latn,brighter-eng,emotion,baseline,31,fear|surprise,fear|surprise,False,0.9467169344750681,
emotion-te-00509,en-Latn,brighter-eng,emotion,baseline,4,none,joy,True,0.5586116929093539,
emotion-te-00510,en-Latn,brighter-eng,emotion,baseline,9,anger,joy|surprise,True,0.5479827188130638,
emotion-te-00511,en-Latn,brighter-eng,emotion,baseline,4,fear|surprise,fear|surprise,False,0.9300563314462151,
emotion-te-00512,en-Latn,brighter-eng,emotion,baseline,27,fear|sadness,fear|joy,True,0.6296431404409354,
emotion-te-00513,en-Latn,brighter-eng,emotion,baseline,5,fear|sadness|surprise,fear|joy|sadness|surprise,True,0.7010305565256488,
emotion-te-00514,en-Latn,brighter-eng,emotion,baseline,11,fear|surprise,joy|sadness|surprise,True,0.9175552353766006,
emotion-te-00515,en-Latn,brighter-eng,emotion,baseline,15,fear|surprise,fear|sadness|surprise,True,0.9525268463465077,
emotion-te-00516,en-Latn,brighter-eng,emotion,baseline,12,anger,fear|joy|sadness|surprise,True,0.5547386154566739,
emotion-te-00517,en-Latn,brighter-eng,emotion,baseline,21,joy,fear,True,0.8725936813334246,
emotion-te-00518,en-Latn,brighter-eng,emotion,baseline,4,fear,fear|surprise,True,0.6884166980529643,
emotion-te-00519,en-Latn,brighter-eng,emotion,baseline,14,joy,fear|joy,True,0.7324855208517024,
emotion-te-00520,en-Latn,brighter-eng,emotion,baseline,13,surprise,fear|joy|surprise,True,0.6149812133029646,
emotion-te-00521,en-Latn,brighter-eng,emotion,baseline,6,joy|surprise,fear|surprise,True,0.9515354093974471,
emotion-te-00522,en-Latn,brighter-eng,emotion,baseline,8,anger|sadness,fear|joy|sadness|surprise,True,0.5341217126713796,
emotion-te-00523,en-Latn,brighter-eng,emotion,baseline,5,sadness,fear|sadness,True,0.7923151935113453,
emotion-te-00524,en-Latn,brighter-eng,emotion,baseline,13,fear|joy|surprise,fear|joy|surprise,False,0.7915863708630988,
emotion-te-00525,en-Latn,brighter-eng,emotion,baseline,5,fear|sadness,fear|joy|surprise,True,0.5799726897136542,
emotion-te-00526,en-Latn,brighter-eng,emotion,baseline,9,joy,anger|fear|joy|surprise,True,0.8171024414540851,
emotion-te-00527,en-Latn,brighter-eng,emotion,baseline,8,fear|surprise,joy,True,0.5764635209727375,
emotion-te-00528,en-Latn,brighter-eng,emotion,baseline,7,none,fear|surprise,True,0.7339132477922071,
emotion-te-00529,en-Latn,brighter-eng,emotion,baseline,17,fear|joy,fear|sadness,True,0.7646478027151254,
emotion-te-00530,en-Latn,brighter-eng,emotion,baseline,52,fear|surprise,fear,True,0.8290547592111991,
emotion-te-00531,en-Latn,brighter-eng,emotion,baseline,33,anger|sadness,fear|sadness,True,0.775368268276192,
emotion-te-00532,en-Latn,brighter-eng,emotion,baseline,12,fear,fear|joy|sadness,True,0.7883346417318594,
emotion-te-00533,en-Latn,brighter-eng,emotion,baseline,14,fear|joy,fear|joy|sadness,True,0.505014700851374,
emotion-te-00534,en-Latn,brighter-eng,emotion,baseline,17,fear|sadness|surprise,joy|sadness|surprise,True,0.6423656753419947,
emotion-te-00535,en-Latn,brighter-eng,emotion,baseline,11,joy,joy|surprise,True,0.557840030680664,
emotion-te-00536,en-Latn,brighter-eng,emotion,baseline,14,joy|sadness,fear|sadness,True,0.9104320838736292,
emotion-te-00537,en-Latn,brighter-eng,emotion,baseline,24,fear,fear|surprise,True,0.9191369217969957,
emotion-te-00538,en-Latn,brighter-eng,emotion,baseline,11,joy,joy|sadness,True,0.8809262213458188,
emotion-te-00539,en-Latn,brighter-eng,emotion,baseline,14,fear|surprise,fear|sadness,True,0.9306873996469615,
emotion-te-00540,en-Latn,brighter-eng,emotion,baseline,32,anger|fear|sadness,fear|sadness,True,0.8747633598567368,
emotion-te-00541,en-Latn,brighter-eng,emotion,baseline,58,fear,fear|joy|sadness,True,0.8391110640404823,
emotion-te-00542,en-Latn,brighter-eng,emotion,baseline,13,anger|fear|surprise,joy|sadness|surprise,True,0.8042836240150042,
emotion-te-00543,en-Latn,brighter-eng,emotion,baseline,16,sadness,fear|sadness|surprise,True,0.8978601817365897,
emotion-te-00544,en-Latn,brighter-eng,emotion,baseline,29,fear,fear|sadness|surprise,True,0.6970305057248798,
emotion-te-00545,en-Latn,brighter-eng,emotion,baseline,10,joy|surprise,fear|joy|surprise,True,0.8016872893782208,
emotion-te-00546,en-Latn,brighter-eng,emotion,baseline,7,fear,fear|joy|sadness|surprise,True,0.5139967621754807,
emotion-te-00547,en-Latn,brighter-eng,emotion,baseline,22,none,fear|joy,True,0.7496908494963067,
emotion-te-00548,en-Latn,brighter-eng,emotion,baseline,9,none,none,False,0.3415843785728869,
emotion-te-00549,en-Latn,brighter-eng,emotion,baseline,4,joy|surprise,fear|joy|sadness,True,0.5782285892531048,
emotion-te-00550,en-Latn,brighter-eng,emotion,baseline,24,none,fear|sadness,True,0.9364192462872526,
emotion-te-00551,en-Latn,brighter-eng,emotion,baseline,3,none,joy,True,0.3285555712502047,
emotion-te-00552,en-Latn,brighter-eng,emotion,baseline,20,fear,fear,False,0.7165852851410924,
emotion-te-00553,en-Latn,brighter-eng,emotion,baseline,18,fear|sadness,fear|joy|sadness,True,0.7870872884333314,
emotion-te-00554,en-Latn,brighter-eng,emotion,baseline,10,none,fear|surprise,True,0.9027554524240888,
emotion-te-00555,en-Latn,brighter-eng,emotion,baseline,6,anger,fear|sadness,True,0.5977291092118144,
emotion-te-00556,en-Latn,brighter-eng,emotion,baseline,37,anger|fear|sadness,fear|joy|sadness|surprise,True,0.633316978907522,
emotion-te-00557,en-Latn,brighter-eng,emotion,baseline,14,fear|sadness,fear|sadness,False,0.5841889171318958,
emotion-te-00558,en-Latn,brighter-eng,emotion,baseline,13,fear,fear|sadness,True,0.5632069549991521,
emotion-te-00559,en-Latn,brighter-eng,emotion,baseline,35,fear|sadness,fear|sadness,False,0.8445303224820748,
emotion-te-00560,en-Latn,brighter-eng,emotion,baseline,13,fear|surprise,fear|surprise,False,0.9623620207373698,
emotion-te-00561,en-Latn,brighter-eng,emotion,baseline,8,fear|sadness,fear|sadness,False,0.8265976150248059,
emotion-te-00562,en-Latn,brighter-eng,emotion,baseline,12,joy|surprise,fear|sadness,True,0.8863107914696202,
emotion-te-00563,en-Latn,brighter-eng,emotion,baseline,20,fear|surprise,fear|joy|surprise,True,0.9158504869917162,
emotion-te-00564,en-Latn,brighter-eng,emotion,baseline,11,fear|surprise,joy|sadness|surprise,True,0.7179027215810023,
emotion-te-00565,en-Latn,brighter-eng,emotion,baseline,21,none,fear,True,0.8376412281991937,
emotion-te-00566,en-Latn,brighter-eng,emotion,baseline,4,anger|fear,anger|fear|sadness|surprise,True,0.774376570830218,
emotion-te-00567,en-Latn,brighter-eng,emotion,baseline,8,surprise,joy,True,0.7122916819569093,
emotion-te-00568,en-Latn,brighter-eng,emotion,baseline,10,fear|sadness,fear|joy|sadness,True,0.8529918346548834,
emotion-te-00569,en-Latn,brighter-eng,emotion,baseline,26,fear|joy|surprise,fear|sadness,True,0.5339671526318848,
emotion-te-00570,en-Latn,brighter-eng,emotion,baseline,7,none,fear|joy,True,0.42614558127597296,
emotion-te-00571,en-Latn,brighter-eng,emotion,baseline,43,joy,fear,True,0.7922415567494991,
emotion-te-00572,en-Latn,brighter-eng,emotion,baseline,4,fear|surprise,fear|surprise,False,0.898028408325759,
emotion-te-00573,en-Latn,brighter-eng,emotion,baseline,5,anger|fear|sadness|surprise,fear|sadness|surprise,True,0.8929198645489146,
emotion-te-00574,en-Latn,brighter-eng,emotion,baseline,24,sadness,fear|joy|sadness,True,0.8466157318687405,
emotion-te-00575,en-Latn,brighter-eng,emotion,baseline,12,fear|surprise,fear|joy|sadness|surprise,True,0.7297974410822086,
emotion-te-00576,en-Latn,brighter-eng,emotion,baseline,6,joy,fear|sadness,True,0.4926054487329968,
emotion-te-00577,en-Latn,brighter-eng,emotion,baseline,11,fear,anger|fear|sadness|surprise,True,0.8930345145543771,
emotion-te-00578,en-Latn,brighter-eng,emotion,baseline,23,joy,fear|joy,True,0.7333434272995913,
emotion-te-00579,en-Latn,brighter-eng,emotion,baseline,4,fear|surprise,fear,True,0.7693820816031126,
emotion-te-00580,en-Latn,brighter-eng,emotion,baseline,4,joy,joy|surprise,True,0.624934136727385,
emotion-te-00581,en-Latn,brighter-eng,emotion,baseline,24,joy,fear|sadness,True,0.7831420815628167,
emotion-te-00582,en-Latn,brighter-eng,emotion,baseline,5,none,none,False,0.16028571044528675,
emotion-te-00583,en-Latn,brighter-eng,emotion,baseline,26,sadness,fear|joy|sadness,True,0.9213097200832147,
emotion-te-00584,en-Latn,brighter-eng,emotion,baseline,8,joy,joy,False,0.7934613379941139,
emotion-te-00585,en-Latn,brighter-eng,emotion,baseline,14,fear|surprise,fear|surprise,False,0.6843061685326984,
emotion-te-00586,en-Latn,brighter-eng,emotion,baseline,5,fear|sadness,fear|sadness|surprise,True,0.930932533087937,
emotion-te-00587,en-Latn,brighter-eng,emotion,baseline,5,fear|sadness,fear|sadness,False,0.9489768367265671,
emotion-te-00588,en-Latn,brighter-eng,emotion,baseline,8,joy,joy,False,0.7395250976620439,
emotion-te-00589,en-Latn,brighter-eng,emotion,baseline,5,joy,anger|surprise,True,0.8785383694728736,
emotion-te-00590,en-Latn,brighter-eng,emotion,baseline,19,fear,fear|joy|sadness,True,0.6874012815106414,
emotion-te-00591,en-Latn,brighter-eng,emotion,baseline,13,fear|sadness|surprise,joy|surprise,True,0.5992353647759523,
emotion-te-00592,en-Latn,brighter-eng,emotion,baseline,4,fear|sadness,fear|sadness|surprise,True,0.6430480707001585,
emotion-te-00593,en-Latn,brighter-eng,emotion,baseline,4,none,none,False,0.25303257343579955,
emotion-te-00594,en-Latn,brighter-eng,emotion,baseline,11,fear|surprise,joy,True,0.7369115893266122,
emotion-te-00595,en-Latn,brighter-eng,emotion,baseline,14,fear|sadness,fear|sadness,False,0.8686327506637611,
emotion-te-00596,en-Latn,brighter-eng,emotion,baseline,21,fear,fear|joy|sadness,True,0.6288789541442817,
emotion-te-00597,en-Latn,brighter-eng,emotion,baseline,12,anger|fear|surprise,fear|surprise,True,0.695745220086791,
emotion-te-00598,en-Latn,brighter-eng,emotion,baseline,32,fear|surprise,fear|joy|surprise,True,0.9215273651397623,
emotion-te-00599,en-Latn,brighter-eng,emotion,baseline,13,fear,fear|joy|surprise,True,0.721959800655532,
emotion-te-00600,en-Latn,brighter-eng,emotion,baseline,6,anger|fear|surprise,fear,True,0.6147519956210533,
emotion-te-00601,en-Latn,brighter-eng,emotion,baseline,6,anger|sadness,fear|joy|sadness|surprise,True,0.6949970927752778,
emotion-te-00602,en-Latn,brighter-eng,emotion,baseline,15,joy|surprise,fear|joy|sadness|surprise,True,0.8137866792452135,
emotion-te-00603,en-Latn,brighter-eng,emotion,baseline,9,none,fear|sadness|surprise,True,0.9042896165456641,
emotion-te-00604,en-Latn,brighter-eng,emotion,baseline,10,joy,joy|sadness,True,0.5712277555922273,
emotion-te-00605,en-Latn,brighter-eng,emotion,baseline,40,fear,fear|sadness|surprise,True,0.9172322557877065,
emotion-te-00606,en-Latn,brighter-eng,emotion,baseline,4,anger,fear|sadness|surprise,True,0.5901296527965845,
emotion-te-00607,en-Latn,brighter-eng,emotion,baseline,23,fear|sadness,fear|sadness|surprise,True,0.6236188874817326,
emotion-te-00608,en-Latn,brighter-eng,emotion,baseline,25,none,fear|joy|sadness,True,0.9176289929962425,
emotion-te-00609,en-Latn,brighter-eng,emotion,baseline,20,joy|sadness|surprise,fear|sadness,True,0.911927326439007,
emotion-te-00610,en-Latn,brighter-eng,emotion,baseline,12,joy|surprise,joy|surprise,False,0.5923372427000575,
emotion-te-00611,en-Latn,brighter-eng,emotion,baseline,4,sadness,anger|fear|sadness|surprise,True,0.6321095994081333,
emotion-te-00612,en-Latn,brighter-eng,emotion,baseline,27,joy|surprise,anger|fear|joy|sadness,True,0.6630754557209789,
emotion-te-00613,en-Latn,brighter-eng,emotion,baseline,8,fear|surprise,fear|surprise,False,0.9745839493931386,
emotion-te-00614,en-Latn,brighter-eng,emotion,baseline,10,fear|surprise,fear,True,0.8815355895633767,
emotion-te-00615,en-Latn,brighter-eng,emotion,baseline,4,fear|surprise,fear|sadness|surprise,True,0.8244604236004731,
emotion-te-00616,en-Latn,brighter-eng,emotion,baseline,15,none,fear|joy|sadness,True,0.8792092555118678,
emotion-te-00617,en-Latn,brighter-eng,emotion,baseline,13,fear|sadness,fear|sadness,False,0.9731229262118,
emotion-te-00618,en-Latn,brighter-eng,emotion,baseline,15,fear,joy|sadness,True,0.43261093589578076,
emotion-te-00619,en-Latn,brighter-eng,emotion,baseline,13,joy,fear|joy|sadness|surprise,True,0.763153125138576,
emotion-te-00620,en-Latn,brighter-eng,emotion,baseline,13,joy,fear|joy|sadness,True,0.7168020821913375,
emotion-te-00621,en-Latn,brighter-eng,emotion,baseline,32,sadness,joy,True,0.46696500942252905,
emotion-te-00622,en-Latn,brighter-eng,emotion,baseline,19,joy,fear|joy|surprise,True,0.7520608926989084,
emotion-te-00623,en-Latn,brighter-eng,emotion,baseline,4,sadness,fear|sadness,True,0.7622032801768699,
emotion-te-00624,en-Latn,brighter-eng,emotion,baseline,13,joy,sadness|surprise,True,0.4141183658038787,
emotion-te-00625,en-Latn,brighter-eng,emotion,baseline,8,fear|surprise,joy|sadness|surprise,True,0.7979182443231183,
emotion-te-00626,en-Latn,brighter-eng,emotion,baseline,8,joy,joy,False,0.489923835180895,
emotion-te-00627,en-Latn,brighter-eng,emotion,baseline,15,fear,fear,False,0.8890554714935474,
emotion-te-00628,en-Latn,brighter-eng,emotion,baseline,7,surprise,fear|sadness,True,0.9105281551168036,
emotion-te-00629,en-Latn,brighter-eng,emotion,baseline,8,joy,fear|joy|sadness,True,0.7390366524258724,
emotion-te-00630,en-Latn,brighter-eng,emotion,baseline,29,anger|fear|sadness,fear|joy|sadness,True,0.857888622823237,
emotion-te-00631,en-Latn,brighter-eng,emotion,baseline,27,fear,fear,False,0.6873533637966738,
emotion-te-00632,en-Latn,brighter-eng,emotion,baseline,17,fear|surprise,fear|sadness|surprise,True,0.8114014542139081,
emotion-te-00633,en-Latn,brighter-eng,emotion,baseline,22,sadness,fear|joy|sadness|surprise,True,0.8386781973649603,
emotion-te-00634,en-Latn,brighter-eng,emotion,baseline,6,fear|sadness|surprise,anger|fear,True,0.8208954663383451,
emotion-te-00635,en-Latn,brighter-eng,emotion,baseline,75,fear|sadness|surprise,fear|joy|sadness,True,0.8934042578488663,
emotion-te-00636,en-Latn,brighter-eng,emotion,baseline,18,sadness,fear|joy|sadness|surprise,True,0.9551431806187385,
emotion-te-00637,en-Latn,brighter-eng,emotion,baseline,4,joy|surprise,fear|joy|surprise,True,0.7117289217414556,
emotion-te-00638,en-Latn,brighter-eng,emotion,baseline,4,joy,fear|joy,True,0.6633746791122828,
emotion-te-00639,en-Latn,brighter-eng,emotion,baseline,27,anger|fear|sadness,fear|sadness,True,0.9368045916533481,
emotion-te-00640,en-Latn,brighter-eng,emotion,baseline,15,joy,joy,False,0.9552974504097156,
emotion-te-00641,en-Latn,brighter-eng,emotion,baseline,45,surprise,fear|joy|sadness|surprise,True,0.7863851299038156,
emotion-te-00642,en-Latn,brighter-eng,emotion,baseline,12,joy,joy|sadness,True,0.6119032525364367,
emotion-te-00643,en-Latn,brighter-eng,emotion,baseline,29,anger|fear|sadness,fear|sadness|surprise,True,0.6992319364544314,
emotion-te-00644,en-Latn,brighter-eng,emotion,baseline,14,fear,fear|sadness,True,0.943457971897886,
emotion-te-00645,en-Latn,brighter-eng,emotion,baseline,23,fear,fear|surprise,True,0.7895302335089043,
emotion-te-00646,en-Latn,brighter-eng,emotion,baseline,35,none,fear|joy|surprise,True,0.6975256450484617,
emotion-te-00647,en-Latn,brighter-eng,emotion,baseline,16,none,joy|surprise,True,0.9239868761162786,
emotion-te-00648,en-Latn,brighter-eng,emotion,baseline,22,fear|surprise,fear,True,0.41876992454022555,
emotion-te-00649,en-Latn,brighter-eng,emotion,baseline,13,fear,fear|sadness,True,0.9356071493549333,
emotion-te-00650,en-Latn,brighter-eng,emotion,baseline,20,anger|fear,anger|fear|sadness,True,0.8139040999112801,
emotion-te-00651,en-Latn,brighter-eng,emotion,baseline,4,anger|fear|sadness,fear|surprise,True,0.5679476371984563,
emotion-te-00652,en-Latn,brighter-eng,emotion,baseline,9,fear|sadness,fear,True,0.681119671505501,
emotion-te-00653,en-Latn,brighter-eng,emotion,baseline,26,fear|sadness,fear|sadness|surprise,True,0.844047869978489,
emotion-te-00654,en-Latn,brighter-eng,emotion,baseline,8,joy,fear|joy|sadness,True,0.6386244773933863,
emotion-te-00655,en-Latn,brighter-eng,emotion,baseline,4,fear|surprise,fear|joy|surprise,True,0.7077249081197792,
emotion-te-00656,en-Latn,brighter-eng,emotion,baseline,4,fear|surprise,fear|sadness|surprise,True,0.8820226764931839,
emotion-te-00657,en-Latn,brighter-eng,emotion,baseline,14,joy,fear|joy|sadness,True,0.40231775226651595,
emotion-te-00658,en-Latn,brighter-eng,emotion,baseline,7,joy,fear|surprise,True,0.5133870877937792,
emotion-te-00659,en-Latn,brighter-eng,emotion,baseline,8,fear,fear,False,0.626595966467601,
emotion-te-00660,en-Latn,brighter-eng,emotion,baseline,14,none,fear|sadness,True,0.7464799885317064,
emotion-te-00661,en-Latn,brighter-eng,emotion,baseline,28,fear|sadness|surprise,fear|sadness|surprise,False,0.9492370639889598,
emotion-te-00662,en-Latn,brighter-eng,emotion,baseline,7,none,fear|surprise,True,0.9403198610083296,
emotion-te-00663,en-Latn,brighter-eng,emotion,baseline,8,fear|surprise,fear|sadness,True,0.7369994358195066,
emotion-te-00664,en-Latn,brighter-eng,emotion,baseline,8,anger|fear|sadness,fear|sadness|surprise,True,0.8159397023222447,
emotion-te-00665,en-Latn,brighter-eng,emotion,baseline,14,fear|sadness|surprise,fear|sadness|surprise,False,0.7199922658813596,
emotion-te-00666,en-Latn,brighter-eng,emotion,baseline,8,joy,fear|joy|sadness,True,0.435907074118414,
emotion-te-00667,en-Latn,brighter-eng,emotion,baseline,27,joy,fear|joy,True,0.8941141145729052,
emotion-te-00668,en-Latn,brighter-eng,emotion,baseline,19,fear|sadness,fear|sadness,False,0.9187920429314502,
emotion-te-00669,en-Latn,brighter-eng,emotion,baseline,9,anger|fear,fear|sadness,True,0.9061625656805521,
emotion-te-00670,en-Latn,brighter-eng,emotion,baseline,7,anger|fear|surprise,anger|fear|surprise,False,0.9339963954497523,
emotion-te-00671,en-Latn,brighter-eng,emotion,baseline,5,anger|fear,sadness|surprise,True,0.5459753126396458,
emotion-te-00672,en-Latn,brighter-eng,emotion,baseline,17,none,fear|sadness|surprise,True,0.9481465495202457,
emotion-te-00673,en-Latn,brighter-eng,emotion,baseline,19,fear|sadness,fear,True,0.48220672645009377,
emotion-te-00674,en-Latn,brighter-eng,emotion,baseline,21,joy,joy|surprise,True,0.44226763363609567,
emotion-te-00675,en-Latn,brighter-eng,emotion,baseline,7,surprise,joy|sadness|surprise,True,0.7017452476493159,
emotion-te-00676,en-Latn,brighter-eng,emotion,baseline,7,fear|surprise,fear,True,0.6896276085809981,
emotion-te-00677,en-Latn,brighter-eng,emotion,baseline,17,fear,fear|sadness,True,0.8662933044215907,
emotion-te-00678,en-Latn,brighter-eng,emotion,baseline,15,fear|sadness,fear|sadness,False,0.9387424910724012,
emotion-te-00679,en-Latn,brighter-eng,emotion,baseline,24,anger|sadness,fear|joy|sadness,True,0.8116375847949656,
emotion-te-00680,en-Latn,brighter-eng,emotion,baseline,11,fear|joy|surprise,fear|joy|sadness|surprise,True,0.819585097871765,
emotion-te-00681,en-Latn,brighter-eng,emotion,baseline,5,none,joy,True,0.7407204088523511,
emotion-te-00682,en-Latn,brighter-eng,emotion,baseline,22,fear|sadness,fear|sadness,False,0.8801592900538197,
emotion-te-00683,en-Latn,brighter-eng,emotion,baseline,42,fear|sadness,fear|sadness,False,0.8793508774957319,
emotion-te-00684,en-Latn,brighter-eng,emotion,baseline,6,joy,joy|sadness,True,0.42481325161784883,
emotion-te-00685,en-Latn,brighter-eng,emotion,baseline,5,joy|surprise,joy|sadness|surprise,True,0.8021948018331002,
emotion-te-00686,en-Latn,brighter-eng,emotion,baseline,13,joy,fear,True,0.5464910745373236,
emotion-te-00687,en-Latn,brighter-eng,emotion,baseline,15,joy,fear|sadness,True,0.9380747131256642,
emotion-te-00688,en-Latn,brighter-eng,emotion,baseline,13,joy|surprise,joy,True,0.6591657620300534,
emotion-te-00689,en-Latn,brighter-eng,emotion,baseline,15,joy|surprise,joy|surprise,False,0.9134923850460726,
emotion-te-00690,en-Latn,brighter-eng,emotion,baseline,19,anger|fear|surprise,fear|sadness|surprise,True,0.7837087156439787,
emotion-te-00691,en-Latn,brighter-eng,emotion,baseline,8,sadness|surprise,fear|surprise,True,0.9670901155446554,
emotion-te-00692,en-Latn,brighter-eng,emotion,baseline,12,fear,fear,False,0.6771680072604768,
emotion-te-00693,en-Latn,brighter-eng,emotion,baseline,7,joy,joy|sadness|surprise,True,0.8730631529408912,
emotion-te-00694,en-Latn,brighter-eng,emotion,baseline,7,fear,fear,False,0.7276505405766511,
emotion-te-00695,en-Latn,brighter-eng,emotion,baseline,12,joy,fear|surprise,True,0.6620356970253383,
emotion-te-00696,en-Latn,brighter-eng,emotion,baseline,38,fear|sadness,fear|sadness,False,0.8582493511185357,
emotion-te-00697,en-Latn,brighter-eng,emotion,baseline,15,sadness,fear|joy|sadness,True,0.6192270496521779,
emotion-te-00698,en-Latn,brighter-eng,emotion,baseline,6,fear|sadness,fear|joy|surprise,True,0.7689705219977785,
emotion-te-00699,en-Latn,brighter-eng,emotion,baseline,30,fear,fear|sadness,True,0.8340070230671683,
emotion-te-00700,en-Latn,brighter-eng,emotion,baseline,4,joy,fear,True,0.5429448099516749,
emotion-te-00701,en-Latn,brighter-eng,emotion,baseline,7,anger|fear|surprise,fear|sadness,True,0.794420412256987,
emotion-te-00702,en-Latn,brighter-eng,emotion,baseline,17,fear|surprise,joy|sadness|surprise,True,0.7806251736111696,
emotion-te-00703,en-Latn,brighter-eng,emotion,baseline,4,joy,fear|joy|surprise,True,0.558923968905753,
emotion-te-00704,en-Latn,brighter-eng,emotion,baseline,9,joy|sadness,joy|surprise,True,0.9263526598319027,
emotion-te-00705,en-Latn,brighter-eng,emotion,baseline,4,joy,fear|surprise,True,0.8648301856957011,
emotion-te-00706,en-Latn,brighter-eng,emotion,baseline,3,anger|surprise,joy|surprise,True,0.6859626341628066,
emotion-te-00707,en-Latn,brighter-eng,emotion,baseline,9,joy|surprise,joy,True,0.5119706970952339,
emotion-te-00708,en-Latn,brighter-eng,emotion,baseline,11,fear|surprise,fear|sadness|surprise,True,0.9718925484067789,
emotion-te-00709,en-Latn,brighter-eng,emotion,baseline,5,sadness,fear|sadness,True,0.8030883621281054,
emotion-te-00710,en-Latn,brighter-eng,emotion,baseline,21,joy,fear|joy,True,0.5465419810439885,
emotion-te-00711,en-Latn,brighter-eng,emotion,baseline,24,anger|sadness,fear|joy|sadness,True,0.7625968116748393,
emotion-te-00712,en-Latn,brighter-eng,emotion,baseline,26,fear|joy,fear|surprise,True,0.5946785999242449,
emotion-te-00713,en-Latn,brighter-eng,emotion,baseline,52,sadness,fear|joy|sadness,True,0.863162450093829,
emotion-te-00714,en-Latn,brighter-eng,emotion,baseline,8,fear,fear|sadness,True,0.9814514379970003,
emotion-te-00715,en-Latn,brighter-eng,emotion,baseline,32,anger,fear|joy,True,0.8630525816226479,
emotion-te-00716,en-Latn,brighter-eng,emotion,baseline,5,fear|surprise,fear|surprise,False,0.9027940035537901,
emotion-te-00717,en-Latn,brighter-eng,emotion,baseline,16,fear,fear,False,0.7443050801067055,
emotion-te-00718,en-Latn,brighter-eng,emotion,baseline,9,anger|sadness,fear|joy|sadness|surprise,True,0.47195883929686006,
emotion-te-00719,en-Latn,brighter-eng,emotion,baseline,8,anger,joy|surprise,True,0.5738108987339212,
emotion-te-00720,en-Latn,brighter-eng,emotion,baseline,16,joy,fear|sadness,True,0.9178660758935372,
emotion-te-00721,en-Latn,brighter-eng,emotion,baseline,4,anger,joy|surprise,True,0.4623711775032864,
emotion-te-00722,en-Latn,brighter-eng,emotion,baseline,8,sadness|surprise,fear|sadness|surprise,True,0.7379687897003603,
emotion-te-00723,en-Latn,brighter-eng,emotion,baseline,37,fear|surprise,fear|sadness|surprise,True,0.8844868104775135,
emotion-te-00724,en-Latn,brighter-eng,emotion,baseline,4,fear|surprise,fear|surprise,False,0.9524721082872916,
emotion-te-00725,en-Latn,brighter-eng,emotion,baseline,8,none,fear|sadness,True,0.5143045741205196,
emotion-te-00726,en-Latn,brighter-eng,emotion,baseline,7,joy|surprise,joy|surprise,False,0.9398015333452492,
emotion-te-00727,en-Latn,brighter-eng,emotion,baseline,16,fear,fear,False,0.8881731353852809,
emotion-te-00728,en-Latn,brighter-eng,emotion,baseline,22,fear|sadness,fear|joy|sadness,True,0.8550449226033171,
emotion-te-00729,en-Latn,brighter-eng,emotion,baseline,10,anger|fear,sadness,True,0.4493652542258074,
emotion-te-00730,en-Latn,brighter-eng,emotion,baseline,10,fear|sadness,fear|sadness,False,0.968754484012409,
emotion-te-00731,en-Latn,brighter-eng,emotion,baseline,16,none,surprise,True,0.44387276144324506,
emotion-te-00732,en-Latn,brighter-eng,emotion,baseline,4,fear|sadness|surprise,fear,True,0.7075867078021164,
emotion-te-00733,en-Latn,brighter-eng,emotion,baseline,7,fear|surprise,fear|surprise,False,0.9587727976163338,
emotion-te-00734,en-Latn,brighter-eng,emotion,baseline,26,fear|sadness,fear|joy,True,0.8526164573754451,
emotion-te-00735,en-Latn,brighter-eng,emotion,baseline,34,fear|surprise,fear|surprise,False,0.9396377810766715,
emotion-te-00736,en-Latn,brighter-eng,emotion,baseline,8,fear|sadness,fear|joy|sadness|surprise,True,0.8323093584603067,
emotion-te-00737,en-Latn,brighter-eng,emotion,baseline,9,anger|fear|sadness|surprise,anger|joy|surprise,True,0.7354949058147933,
emotion-te-00738,en-Latn,brighter-eng,emotion,baseline,16,joy,joy,False,0.5953143407811289,
emotion-te-00739,en-Latn,brighter-eng,emotion,baseline,69,fear,fear|sadness|surprise,True,0.9368076742251897,
emotion-te-00740,en-Latn,brighter-eng,emotion,baseline,15,fear|surprise,fear|surprise,False,0.7343973690155094,
emotion-te-00741,en-Latn,brighter-eng,emotion,baseline,26,surprise,fear|surprise,True,0.7359544194752051,
emotion-te-00742,en-Latn,brighter-eng,emotion,baseline,20,joy,fear,True,0.677964113565097,
emotion-te-00743,en-Latn,brighter-eng,emotion,baseline,14,fear,fear|sadness,True,0.8350442009843235,
emotion-te-00744,en-Latn,brighter-eng,emotion,baseline,8,anger|sadness,fear|sadness,True,0.5682145893785117,
emotion-te-00745,en-Latn,brighter-eng,emotion,baseline,5,fear|sadness,fear|joy,True,0.5960813588919339,
emotion-te-00746,en-Latn,brighter-eng,emotion,baseline,6,fear,fear|sadness,True,0.887677870546267,
emotion-te-00747,en-Latn,brighter-eng,emotion,baseline,58,fear|joy,fear|joy,False,0.49472119984640633,
emotion-te-00748,en-Latn,brighter-eng,emotion,baseline,15,none,fear|sadness|surprise,True,0.9822186573012575,
emotion-te-00749,en-Latn,brighter-eng,emotion,baseline,3,fear,fear,False,0.9517637968809654,
emotion-te-00750,en-Latn,brighter-eng,emotion,baseline,38,anger|fear|sadness,fear|joy|surprise,True,0.9280853274630456,
emotion-te-00751,en-Latn,brighter-eng,emotion,baseline,14,fear,fear|surprise,True,0.7686277349921254,
emotion-te-00752,en-Latn,brighter-eng,emotion,baseline,27,fear|surprise,fear|joy|sadness|surprise,True,0.9795252217479903,
emotion-te-00753,en-Latn,brighter-eng,emotion,baseline,17,anger,fear|sadness,True,0.8069571633600947,
emotion-te-00754,en-Latn,brighter-eng,emotion,baseline,11,fear|sadness,fear|sadness|surprise,True,0.8155469422746289,
emotion-te-00755,en-Latn,brighter-eng,emotion,baseline,7,fear|surprise,fear|surprise,False,0.6934362932618973,
emotion-te-00756,en-Latn,brighter-eng,emotion,baseline,7,fear,fear|sadness,True,0.925569553881577,
emotion-te-00757,en-Latn,brighter-eng,emotion,baseline,12,none,fear|sadness,True,0.8061470318892782,
emotion-te-00758,en-Latn,brighter-eng,emotion,baseline,8,fear|surprise,surprise,True,0.7212257353757553,
emotion-te-00759,en-Latn,brighter-eng,emotion,baseline,5,fear|surprise,fear|sadness|surprise,True,0.8318465491811503,
emotion-te-00760,en-Latn,brighter-eng,emotion,baseline,17,fear|joy|sadness,fear|joy|sadness,False,0.7905176680351492,
emotion-te-00761,en-Latn,brighter-eng,emotion,baseline,57,fear|joy|surprise,fear|joy,True,0.8395767877015835,
emotion-te-00762,en-Latn,brighter-eng,emotion,baseline,9,joy|surprise,joy|surprise,False,0.9370841550427725,
emotion-te-00763,en-Latn,brighter-eng,emotion,baseline,15,none,fear|joy|surprise,True,0.6614362866761319,
emotion-te-00764,en-Latn,brighter-eng,emotion,baseline,6,anger|fear,fear,True,0.5324825505425832,
emotion-te-00765,en-Latn,brighter-eng,emotion,baseline,10,fear|sadness|surprise,fear|surprise,True,0.6827941722473564,
emotion-te-00766,en-Latn,brighter-eng,emotion,baseline,15,fear|sadness|surprise,fear|sadness|surprise,False,0.9399323727621614,
emotion-te-00767,en-Latn,brighter-eng,emotion,baseline,23,fear|sadness,fear,True,0.7614735535540018,
emotion-te-00768,en-Latn,brighter-eng,emotion,baseline,67,fear|joy|sadness,fear|joy|sadness,False,0.9073682615787804,
emotion-te-00769,en-Latn,brighter-eng,emotion,baseline,7,sadness|surprise,fear|sadness,True,0.8243883204478596,
emotion-te-00770,en-Latn,brighter-eng,emotion,baseline,8,fear|sadness|surprise,anger|fear|sadness,True,0.8523950677361125,
emotion-te-00771,en-Latn,brighter-eng,emotion,baseline,3,fear,fear|sadness,True,0.668312650555402,
emotion-te-00772,en-Latn,brighter-eng,emotion,baseline,24,fear|joy,fear|sadness,True,0.9482443055601607,
emotion-te-00773,en-Latn,brighter-eng,emotion,baseline,6,fear,fear,False,0.8683749687005125,
emotion-te-00774,en-Latn,brighter-eng,emotion,baseline,6,anger|fear|sadness|surprise,anger|fear|sadness|surprise,False,0.7980052617073728,
emotion-te-00775,en-Latn,brighter-eng,emotion,baseline,22,fear|sadness,sadness,True,0.7438807921058622,
emotion-te-00776,en-Latn,brighter-eng,emotion,baseline,16,fear,fear|joy|sadness|surprise,True,0.6801105672709706,
emotion-te-00777,en-Latn,brighter-eng,emotion,baseline,62,joy,fear|joy|sadness,True,0.8521075118700574,
emotion-te-00778,en-Latn,brighter-eng,emotion,baseline,21,fear,fear|joy,True,0.7625804195596501,
emotion-te-00779,en-Latn,brighter-eng,emotion,baseline,43,fear|sadness,fear|sadness,False,0.9554249605293104,
emotion-te-00780,en-Latn,brighter-eng,emotion,baseline,29,joy,fear|surprise,True,0.8527444982938571,
emotion-te-00781,en-Latn,brighter-eng,emotion,baseline,4,fear|sadness,fear|sadness,False,0.8896493943036635,
emotion-te-00782,en-Latn,brighter-eng,emotion,baseline,35,anger|fear|sadness,fear|sadness,True,0.8049796853102924,
emotion-te-00783,en-Latn,brighter-eng,emotion,baseline,18,none,fear|joy|surprise,True,0.702264197049516,
emotion-te-00784,en-Latn,brighter-eng,emotion,baseline,14,fear|surprise,fear|sadness|surprise,True,0.7687793824404229,
emotion-te-00785,en-Latn,brighter-eng,emotion,baseline,13,joy,fear|joy|surprise,True,0.809084112044542,
emotion-te-00786,en-Latn,brighter-eng,emotion,baseline,11,fear|surprise,fear|surprise,False,0.799017065038962,
emotion-te-00787,en-Latn,brighter-eng,emotion,baseline,12,joy,fear|surprise,True,0.6252493593290397,
emotion-te-00788,en-Latn,brighter-eng,emotion,baseline,16,none,fear|joy|sadness|surprise,True,0.7659327874435292,
emotion-te-00789,en-Latn,brighter-eng,emotion,baseline,16,anger|fear|sadness|surprise,fear|surprise,True,0.6045005152466426,
emotion-te-00790,en-Latn,brighter-eng,emotion,baseline,44,anger|fear,fear,True,0.8341830032710799,
emotion-te-00791,en-Latn,brighter-eng,emotion,baseline,6,joy,none,True,0.21932927995095877,
emotion-te-00792,en-Latn,brighter-eng,emotion,baseline,9,fear|sadness,fear|sadness,False,0.7917808193564597,
emotion-te-00793,en-Latn,brighter-eng,emotion,baseline,42,fear,fear|sadness,True,0.9288797223711581,
emotion-te-00794,en-Latn,brighter-eng,emotion,baseline,8,none,none,False,0.34819748984307364,
emotion-te-00795,en-Latn,brighter-eng,emotion,baseline,30,joy,anger|fear|sadness|surprise,True,0.7710032079882686,
emotion-te-00796,en-Latn,brighter-eng,emotion,baseline,20,fear|surprise,fear|joy|surprise,True,0.9171714776260549,
emotion-te-00797,en-Latn,brighter-eng,emotion,baseline,44,fear|surprise,fear|joy|sadness|surprise,True,0.6235900155038946,
emotion-te-00798,en-Latn,brighter-eng,emotion,baseline,6,fear|surprise,fear|joy|surprise,True,0.6217533752383262,
emotion-te-00799,en-Latn,brighter-eng,emotion,baseline,12,fear,fear|joy|sadness,True,0.8172004961867673,
emotion-te-00800,en-Latn,brighter-eng,emotion,baseline,42,fear|joy|surprise,fear|joy|sadness,True,0.7048650688299684,
emotion-te-00801,en-Latn,brighter-eng,emotion,baseline,13,fear|joy,fear|joy,False,0.6562966410535575,
emotion-te-00802,en-Latn,brighter-eng,emotion,baseline,10,fear,fear|joy|sadness,True,0.5295820112430293,
emotion-te-00803,en-Latn,brighter-eng,emotion,baseline,8,fear,joy,True,0.3254516383175572,
emotion-te-00804,en-Latn,brighter-eng,emotion,baseline,7,none,fear|sadness|surprise,True,0.4945073798646918,
emotion-te-00805,en-Latn,brighter-eng,emotion,baseline,11,joy|sadness,fear|sadness|surprise,True,0.6983633305224006,
emotion-te-00806,en-Latn,brighter-eng,emotion,baseline,4,joy,fear|joy,True,0.4850769410253979,
emotion-te-00807,en-Latn,brighter-eng,emotion,baseline,31,fear|surprise,fear|joy|surprise,True,0.8608947032545805,
emotion-te-00808,en-Latn,brighter-eng,emotion,baseline,14,none,anger|fear,True,0.7497689793065937,
emotion-te-00809,en-Latn,brighter-eng,emotion,baseline,6,fear|sadness,fear|joy|surprise,True,0.9368195772996369,
emotion-te-00810,en-Latn,brighter-eng,emotion,baseline,6,joy|surprise,anger|surprise,True,0.5660625226088696,
emotion-te-00811,en-Latn,brighter-eng,emotion,baseline,4,fear|sadness|surprise,sadness|surprise,True,0.6413283688033292,
emotion-te-00812,en-Latn,brighter-eng,emotion,baseline,33,fear|surprise,fear|surprise,False,0.9643692895989052,
emotion-te-00813,en-Latn,brighter-eng,emotion,baseline,4,joy,fear|joy,True,0.7108523146029824,
emotion-te-00814,en-Latn,brighter-eng,emotion,baseline,12,fear|joy|surprise,fear|joy,True,0.7436344554044007,
emotion-te-00815,en-Latn,brighter-eng,emotion,baseline,8,joy,anger|joy|sadness,True,0.5715201776147175,
emotion-te-00816,en-Latn,brighter-eng,emotion,baseline,19,fear|sadness,fear|joy|sadness,True,0.9214137339277814,
emotion-te-00817,en-Latn,brighter-eng,emotion,baseline,38,joy,fear|surprise,True,0.8255932396793376,
emotion-te-00818,en-Latn,brighter-eng,emotion,baseline,3,none,fear|joy|sadness|surprise,True,0.5836810091940785,
emotion-te-00819,en-Latn,brighter-eng,emotion,baseline,21,fear,fear|sadness,True,0.848828686929371,
emotion-te-00820,en-Latn,brighter-eng,emotion,baseline,4,fear|sadness|surprise,fear|joy|surprise,True,0.695354241766956,
emotion-te-00821,en-Latn,brighter-eng,emotion,baseline,43,joy,fear|sadness,True,0.8091116798004557,
emotion-te-00822,en-Latn,brighter-eng,emotion,baseline,4,none,fear|sadness,True,0.5789655066686038,
emotion-te-00823,en-Latn,brighter-eng,emotion,baseline,7,none,joy|surprise,True,0.5501567400209583,
emotion-te-00824,en-Latn,brighter-eng,emotion,baseline,22,joy,fear|joy,True,0.7386260912504131,
emotion-te-00825,en-Latn,brighter-eng,emotion,baseline,15,anger|fear|sadness,fear|sadness|surprise,True,0.9632057014257394,
emotion-te-00826,en-Latn,brighter-eng,emotion,baseline,4,fear,fear|joy,True,0.4922908922175606,
emotion-te-00827,en-Latn,brighter-eng,emotion,baseline,21,fear,fear|sadness,True,0.9872935184019587,
emotion-te-00828,en-Latn,brighter-eng,emotion,baseline,20,fear|surprise,fear|joy|surprise,True,0.5741947427259749,
emotion-te-00829,en-Latn,brighter-eng,emotion,baseline,31,fear|sadness,fear|sadness,False,0.8338882828302462,
emotion-te-00830,en-Latn,brighter-eng,emotion,baseline,4,sadness|surprise,anger|fear|sadness,True,0.8223843436005117,
emotion-te-00831,en-Latn,brighter-eng,emotion,baseline,1,none,surprise,True,0.44261787853015067,
emotion-te-00832,en-Latn,brighter-eng,emotion,baseline,27,fear|sadness,anger|fear|sadness|surprise,True,0.9790267286394779,
emotion-te-00833,en-Latn,brighter-eng,emotion,baseline,16,anger|surprise,fear|joy|surprise,True,0.6272109089697355,
emotion-te-00834,en-Latn,brighter-eng,emotion,baseline,9,fear|surprise,fear|sadness|surprise,True,0.7766164699745483,
emotion-te-00835,en-Latn,brighter-eng,emotion,baseline,4,joy,joy|surprise,True,0.8657485750832624,
emotion-te-00836,en-Latn,brighter-eng,emotion,baseline,71,joy,fear|joy|sadness,True,0.6289318287248099,
emotion-te-00837,en-Latn,brighter-eng,emotion,baseline,32,fear|sadness,fear|joy|sadness,True,0.7387129141922538,
emotion-te-00838,en-Latn,brighter-eng,emotion,baseline,8,fear|surprise,fear|sadness|surprise,True,0.7485615199524187,
emotion-te-00839,en-Latn,brighter-eng,emotion,baseline,25,none,fear|sadness,True,0.4845186450745869,
emotion-te-00840,en-Latn,brighter-eng,emotion,baseline,4,anger|fear,fear|sadness|surprise,True,0.9545881784143284,
emotion-te-00841,en-Latn,brighter-eng,emotion,baseline,14,none,fear|surprise,True,0.6566198938403748,
emotion-te-00842,en-Latn,brighter-eng,emotion,baseline,25,fear|sadness,fear|joy|sadness|surprise,True,0.8612129040702724,
emotion-te-00843,en-Latn,brighter-eng,emotion,baseline,14,fear,fear|surprise,True,0.8414764954347501,
emotion-te-00844,en-Latn,brighter-eng,emotion,baseline,11,joy,fear|joy,True,0.6257841968082508,
emotion-te-00845,en-Latn,brighter-eng,emotion,baseline,6,fear|sadness|surprise,fear|surprise,True,0.9461757338004656,
emotion-te-00846,en-Latn,brighter-eng,emotion,baseline,28,anger|fear|sadness|surprise,sadness,True,0.3538418946786733,
emotion-te-00847,en-Latn,brighter-eng,emotion,baseline,12,fear|sadness|surprise,fear|sadness|surprise,False,0.9427029197628032,
emotion-te-00848,en-Latn,brighter-eng,emotion,baseline,24,fear|sadness,fear,True,0.9078281746737319,
emotion-te-00849,en-Latn,brighter-eng,emotion,baseline,42,fear|sadness,fear|sadness,False,0.9665298116435769,
emotion-te-00850,en-Latn,brighter-eng,emotion,baseline,30,joy|sadness,fear|sadness,True,0.7557246396008692,
emotion-te-00851,en-Latn,brighter-eng,emotion,baseline,15,joy|surprise,fear|joy|sadness|surprise,True,0.6324896781350576,
emotion-te-00852,en-Latn,brighter-eng,emotion,baseline,19,fear,fear|sadness,True,0.9120074791804132,
emotion-te-00853,en-Latn,brighter-eng,emotion,baseline,6,joy,joy,False,0.5751706418248936,
emotion-te-00854,en-Latn,brighter-eng,emotion,baseline,15,anger,fear|surprise,True,0.689764157820398,
emotion-te-00855,en-Latn,brighter-eng,emotion,baseline,30,joy,fear|joy|sadness,True,0.444913696025068,
emotion-te-00856,en-Latn,brighter-eng,emotion,baseline,19,anger|fear|sadness|surprise,fear|sadness,True,0.5472455237522815,
emotion-te-00857,en-Latn,brighter-eng,emotion,baseline,4,fear,fear|sadness,True,0.8523310192857354,
emotion-te-00858,en-Latn,brighter-eng,emotion,baseline,6,joy,none,True,0.3876622048636677,
emotion-te-00859,en-Latn,brighter-eng,emotion,baseline,6,none,fear|sadness|surprise,True,0.474490251964726,
emotion-te-00860,en-Latn,brighter-eng,emotion,baseline,6,fear|sadness|surprise,fear|sadness|surprise,False,0.8793540747338614,
emotion-te-00861,en-Latn,brighter-eng,emotion,baseline,14,anger|sadness,fear|sadness,True,0.831280456466177,
emotion-te-00862,en-Latn,brighter-eng,emotion,baseline,24,joy,anger|fear|joy|surprise,True,0.8442419606538526,
emotion-te-00863,en-Latn,brighter-eng,emotion,baseline,36,none,fear|sadness|surprise,True,0.9118718200666428,
emotion-te-00864,en-Latn,brighter-eng,emotion,baseline,26,joy,fear|joy|surprise,True,0.630802585590621,
emotion-te-00865,en-Latn,brighter-eng,emotion,baseline,7,fear,fear|surprise,True,0.9815551416706628,
emotion-te-00866,en-Latn,brighter-eng,emotion,baseline,3,anger,anger|fear|sadness,True,0.887679028708766,
emotion-te-00867,en-Latn,brighter-eng,emotion,baseline,4,none,fear|sadness|surprise,True,0.4657011749034474,
emotion-te-00868,en-Latn,brighter-eng,emotion,baseline,5,surprise,joy,True,0.8151522800049548,
emotion-te-00869,en-Latn,brighter-eng,emotion,baseline,34,anger|fear|sadness|surprise,fear|joy|sadness|surprise,True,0.7988675740755832,
emotion-te-00870,en-Latn,brighter-eng,emotion,baseline,10,joy,fear|joy,True,0.664783147802955,
emotion-te-00871,en-Latn,brighter-eng,emotion,baseline,16,fear|surprise,fear|joy|sadness,True,0.4778093418738449,
emotion-te-00872,en-Latn,brighter-eng,emotion,baseline,17,sadness,fear|sadness|surprise,True,0.7294453606811852,
emotion-te-00873,en-Latn,brighter-eng,emotion,baseline,12,fear|joy,fear|joy,False,0.4059877513420154,
emotion-te-00874,en-Latn,brighter-eng,emotion,baseline,21,anger|sadness,fear|sadness|surprise,True,0.8364896967246205,
emotion-te-00875,en-Latn,brighter-eng,emotion,baseline,4,fear|surprise,fear|sadness|surprise,True,0.9031419882828589,
emotion-te-00876,en-Latn,brighter-eng,emotion,baseline,8,none,fear|surprise,True,0.690308459215821,
emotion-te-00877,en-Latn,brighter-eng,emotion,baseline,10,fear,fear,False,0.9368899231888753,
emotion-te-00878,en-Latn,brighter-eng,emotion,baseline,15,joy,fear|joy|surprise,True,0.7311706709344349,
emotion-te-00879,en-Latn,brighter-eng,emotion,baseline,13,anger|fear|sadness,fear|joy|sadness|surprise,True,0.8249996988218781,
emotion-te-00880,en-Latn,brighter-eng,emotion,baseline,18,fear|sadness,fear|joy,True,0.6565509812543684,
emotion-te-00881,en-Latn,brighter-eng,emotion,baseline,14,joy,fear|surprise,True,0.9352569617601681,
emotion-te-00882,en-Latn,brighter-eng,emotion,baseline,4,fear,fear|surprise,True,0.9504158242960434,
emotion-te-00883,en-Latn,brighter-eng,emotion,baseline,11,fear,fear|sadness|surprise,True,0.8831658904180035,
emotion-te-00884,en-Latn,brighter-eng,emotion,baseline,78,fear|sadness,fear|joy|sadness|surprise,True,0.838863754599245,
emotion-te-00885,en-Latn,brighter-eng,emotion,baseline,4,anger|surprise,fear|joy|surprise,True,0.4921404442799235,
emotion-te-00886,en-Latn,brighter-eng,emotion,baseline,45,fear|sadness,fear|joy|sadness,True,0.8633054079125408,
emotion-te-00887,en-Latn,brighter-eng,emotion,baseline,20,joy,joy,False,0.6610768676651778,
emotion-te-00888,en-Latn,brighter-eng,emotion,baseline,14,fear|surprise,fear|joy|sadness|surprise,True,0.8932044153999422,
emotion-te-00889,en-Latn,brighter-eng,emotion,baseline,4,joy,joy|surprise,True,0.8735759805027489,
emotion-te-00890,en-Latn,brighter-eng,emotion,baseline,8,fear|surprise,fear|surprise,False,0.9813425614882239,
emotion-te-00891,en-Latn,brighter-eng,emotion,baseline,21,sadness,fear|joy,True,0.4922724235424293,
emotion-te-00892,en-Latn,brighter-eng,emotion,baseline,6,fear|sadness,fear|sadness|surprise,True,0.8453818043492426,
emotion-te-00893,en-Latn,brighter-eng,emotion,baseline,6,none,fear|sadness,True,0.7312664968893379,
emotion-te-00894,en-Latn,brighter-eng,emotion,baseline,8,surprise,fear|sadness|surprise,True,0.7934548416424179,
emotion-te-00895,en-Latn,brighter-eng,emotion,baseline,11,anger|surprise,fear|sadness|surprise,True,0.8414849237844418,
emotion-te-00896,en-Latn,brighter-eng,emotion,baseline,6,fear,fear|joy|surprise,True,0.676972099694181,
emotion-te-00897,en-Latn,brighter-eng,emotion,baseline,44,fear|sadness,fear|sadness,False,0.8706942225693977,
emotion-te-00898,en-Latn,brighter-eng,emotion,baseline,34,anger|fear|sadness,fear|sadness,True,0.9763321041438789,
emotion-te-00899,en-Latn,brighter-eng,emotion,baseline,8,none,fear|sadness,True,0.9576962244130746,
emotion-te-00900,en-Latn,brighter-eng,emotion,baseline,18,sadness,fear|joy|sadness|surprise,True,0.7761415433328375,
emotion-te-00901,en-Latn,brighter-eng,emotion,baseline,6,joy,joy,False,0.9289708436144073,
emotion-te-00902,en-Latn,brighter-eng,emotion,baseline,7,joy,joy,False,0.38092902976681287,
emotion-te-00903,en-Latn,brighter-eng,emotion,baseline,8,joy,fear|surprise,True,0.8798046127458317,
emotion-te-00904,en-Latn,brighter-eng,emotion,baseline,15,fear|sadness|surprise,fear|sadness|surprise,False,0.8559878296995688,
emotion-te-00905,en-Latn,brighter-eng,emotion,baseline,12,joy,fear|sadness|surprise,True,0.6428150510938135,
emotion-te-00906,en-Latn,brighter-eng,emotion,baseline,7,fear|sadness,fear|sadness,False,0.918336785251439,
emotion-te-00907,en-Latn,brighter-eng,emotion,baseline,11,none,fear|surprise,True,0.7604289692592917,
emotion-te-00908,en-Latn,brighter-eng,emotion,baseline,16,fear|sadness,fear|joy|sadness,True,0.5732079468718807,
emotion-te-00909,en-Latn,brighter-eng,emotion,baseline,20,fear|sadness,anger|fear|sadness|surprise,True,0.7702464269726349,
emotion-te-00910,en-Latn,brighter-eng,emotion,baseline,15,joy|sadness,fear|joy|sadness,True,0.6744800953749334,
emotion-te-00911,en-Latn,brighter-eng,emotion,baseline,18,fear|surprise,fear|joy|surprise,True,0.7375299781330947,
emotion-te-00912,en-Latn,brighter-eng,emotion,baseline,10,sadness,none,True,0.34602553444359935,
emotion-te-00913,en-Latn,brighter-eng,emotion,baseline,4,fear|sadness,fear|sadness,False,0.9037837932088737,
emotion-te-00914,en-Latn,brighter-eng,emotion,baseline,17,joy,fear|joy|sadness|surprise,True,0.815975255548007,
emotion-te-00915,en-Latn,brighter-eng,emotion,baseline,7,joy|surprise,fear|joy|sadness|surprise,True,0.9320193549129534,
emotion-te-00916,en-Latn,brighter-eng,emotion,baseline,5,fear|surprise,fear,True,0.5069363626685413,
emotion-te-00917,en-Latn,brighter-eng,emotion,baseline,25,joy|surprise,fear|joy|sadness,True,0.7814784323963697,
emotion-te-00918,en-Latn,brighter-eng,emotion,baseline,4,fear,fear|surprise,True,0.8309241755811534,
emotion-te-00919,en-Latn,brighter-eng,emotion,baseline,43,anger|fear|sadness|surprise,fear|joy,True,0.8350683803188642,
emotion-te-00920,en-Latn,brighter-eng,emotion,baseline,5,joy,joy,False,0.6854416379190844,
emotion-te-00921,en-Latn,brighter-eng,emotion,baseline,27,anger,fear|sadness,True,0.607949181052694,
emotion-te-00922,en-Latn,brighter-eng,emotion,baseline,9,joy,fear|joy|sadness,True,0.5413384657693421,
emotion-te-00923,en-Latn,brighter-eng,emotion,baseline,6,surprise,joy|surprise,True,0.5034261665553676,
emotion-te-00924,en-Latn,brighter-eng,emotion,baseline,33,fear|sadness,fear|joy|sadness,True,0.84910268692346,
emotion-te-00925,en-Latn,brighter-eng,emotion,baseline,19,fear|sadness,fear|sadness,False,0.9400783486459457,
emotion-te-00926,en-Latn,brighter-eng,emotion,baseline,17,anger|fear|sadness,fear|sadness|surprise,True,0.8891695470734844,
emotion-te-00927,en-Latn,brighter-eng,emotion,baseline,10,fear|sadness|surprise,fear|sadness|surprise,False,0.4926036285136249,
emotion-te-00928,en-Latn,brighter-eng,emotion,baseline,16,joy,fear|joy,True,0.6336703883535102,
emotion-te-00929,en-Latn,brighter-eng,emotion,baseline,7,sadness,joy|sadness|surprise,True,0.5390718488688753,
emotion-te-00930,en-Latn,brighter-eng,emotion,baseline,10,fear|sadness|surprise,fear|joy|sadness|surprise,True,0.8997960667981914,
emotion-te-00931,en-Latn,brighter-eng,emotion,baseline,31,sadness,fear|sadness,True,0.8725367398550439,
emotion-te-00932,en-Latn,brighter-eng,emotion,baseline,4,fear,anger|fear|surprise,True,0.7984634965793832,
emotion-te-00933,en-Latn,brighter-eng,emotion,baseline,18,fear|sadness,fear|sadness,False,0.6779359277332148,
emotion-te-00934,en-Latn,brighter-eng,emotion,baseline,12,fear|surprise,fear|surprise,False,0.7958269620419921,
emotion-te-00935,en-Latn,brighter-eng,emotion,baseline,13,fear|sadness,fear|joy,True,0.6407322816596182,
emotion-te-00936,en-Latn,brighter-eng,emotion,baseline,21,fear,fear|sadness,True,0.7819743276494036,
emotion-te-00937,en-Latn,brighter-eng,emotion,baseline,22,fear|sadness,fear|joy|surprise,True,0.7709844371381126,
emotion-te-00938,en-Latn,brighter-eng,emotion,baseline,4,anger|fear,fear|sadness,True,0.4827316127975021,
emotion-te-00939,en-Latn,brighter-eng,emotion,baseline,25,joy,fear|joy,True,0.7296726353026586,
emotion-te-00940,en-Latn,brighter-eng,emotion,baseline,23,fear|sadness,fear|sadness,False,0.8047943827796854,
emotion-te-00941,en-Latn,brighter-eng,emotion,baseline,51,anger|fear|sadness|surprise,fear|joy|sadness,True,0.9324892079344578,
emotion-te-00942,en-Latn,brighter-eng,emotion,baseline,27,fear,fear|sadness,True,0.9223825403837628,
emotion-te-00943,en-Latn,brighter-eng,emotion,baseline,23,none,fear|joy|sadness|surprise,True,0.5742489842030444,
emotion-te-00944,en-Latn,brighter-eng,emotion,baseline,5,fear|sadness,fear|sadness,False,0.868227025388171,
emotion-te-00945,en-Latn,brighter-eng,emotion,baseline,5,anger,joy|sadness,True,0.3756906632480043,
emotion-te-00946,en-Latn,brighter-eng,emotion,baseline,6,none,fear|joy|surprise,True,0.8242854004730379,
emotion-te-00947,en-Latn,brighter-eng,emotion,baseline,10,none,fear,True,0.6699021234689688,
emotion-te-00948,en-Latn,brighter-eng,emotion,baseline,14,fear,fear|sadness,True,0.8767311745290428,
emotion-te-00949,en-Latn,brighter-eng,emotion,baseline,13,joy,fear|joy|sadness|surprise,True,0.8348265462455785,
emotion-te-00950,en-Latn,brighter-eng,emotion,baseline,15,fear|sadness,fear|sadness,False,0.9077914814839718,
emotion-te-00951,en-Latn,brighter-eng,emotion,baseline,9,fear|surprise,fear|surprise,False,0.720415579836879,
emotion-te-00952,en-Latn,brighter-eng,emotion,baseline,4,anger,anger|fear,True,0.8967419280305724,
emotion-te-00953,en-Latn,brighter-eng,emotion,baseline,16,joy,fear|joy,True,0.46205340626140157,
emotion-te-00954,en-Latn,brighter-eng,emotion,baseline,4,joy,joy,False,0.4339352756097349,
emotion-te-00955,en-Latn,brighter-eng,emotion,baseline,22,joy,fear|joy|sadness,True,0.8804331300384904,
emotion-te-00956,en-Latn,brighter-eng,emotion,baseline,11,joy,fear|surprise,True,0.7456739213249549,
emotion-te-00957,en-Latn,brighter-eng,emotion,baseline,14,joy|surprise,joy|surprise,False,0.9201412014733944,
emotion-te-00958,en-Latn,brighter-eng,emotion,baseline,11,fear|joy,fear|joy|sadness,True,0.4373857908746054,
emotion-te-00959,en-Latn,brighter-eng,emotion,baseline,14,fear|surprise,surprise,True,0.641094253230777,
emotion-te-00960,en-Latn,brighter-eng,emotion,baseline,11,fear|sadness|surprise,fear|sadness|surprise,False,0.8780220745461702,
emotion-te-00961,en-Latn,brighter-eng,emotion,baseline,13,joy,joy,False,0.4712213425406972,
emotion-te-00962,en-Latn,brighter-eng,emotion,baseline,10,none,surprise,True,0.6653203716925241,
emotion-te-00963,en-Latn,brighter-eng,emotion,baseline,4,fear,none,True,0.35112883698151093,
emotion-te-00964,en-Latn,brighter-eng,emotion,baseline,42,fear|sadness,fear|joy,True,0.7505581829963673,
emotion-te-00965,en-Latn,brighter-eng,emotion,baseline,4,anger|sadness|surprise,fear|sadness|surprise,True,0.7946108961989784,
emotion-te-00966,en-Latn,brighter-eng,emotion,baseline,13,none,joy,True,0.4259307533033073,
emotion-te-00967,en-Latn,brighter-eng,emotion,baseline,6,joy,fear|joy|surprise,True,0.714212730273824,
emotion-te-00968,en-Latn,brighter-eng,emotion,baseline,16,anger|fear|sadness,fear|sadness,True,0.7078622989642359,
emotion-te-00969,en-Latn,brighter-eng,emotion,baseline,29,fear|surprise,fear|surprise,False,0.8973997100049004,
emotion-te-00970,en-Latn,brighter-eng,emotion,baseline,6,fear|sadness,none,True,0.3496094989979758,
emotion-te-00971,en-Latn,brighter-eng,emotion,baseline,6,surprise,sadness|surprise,True,0.6773815642040517,
emotion-te-00972,en-Latn,brighter-eng,emotion,baseline,25,fear,fear|joy|sadness|surprise,True,0.7602677236722803,
emotion-te-00973,en-Latn,brighter-eng,emotion,baseline,23,fear|surprise,fear|surprise,False,0.9949301733267215,
emotion-te-00974,en-Latn,brighter-eng,emotion,baseline,20,fear|sadness,fear|sadness,False,0.8026782509868143,
emotion-te-00975,en-Latn,brighter-eng,emotion,baseline,4,none,sadness|surprise,True,0.6011436963044664,
emotion-te-00976,en-Latn,brighter-eng,emotion,baseline,12,fear|sadness,fear|sadness,False,0.8723331568583124,
emotion-te-00977,en-Latn,brighter-eng,emotion,baseline,9,joy,fear|joy|sadness,True,0.7341553119886556,
emotion-te-00978,en-Latn,brighter-eng,emotion,baseline,10,fear,fear|sadness,True,0.6900720312995293,
emotion-te-00979,en-Latn,brighter-eng,emotion,baseline,22,none,fear|sadness,True,0.784399238126423,
emotion-te-00980,en-Latn,brighter-eng,emotion,baseline,13,none,sadness,True,0.6252463178325691,
emotion-te-00981,en-Latn,brighter-eng,emotion,baseline,6,fear,sadness,True,0.5270020241115013,
emotion-te-00982,en-Latn,brighter-eng,emotion,baseline,11,anger|fear|sadness,fear|sadness|surprise,True,0.7542774709961003,
emotion-te-00983,en-Latn,brighter-eng,emotion,baseline,6,fear,fear,False,0.8819388751304614,
emotion-te-00984,en-Latn,brighter-eng,emotion,baseline,10,none,anger|fear|joy|sadness|surprise,True,0.8616751041619813,
emotion-te-00985,en-Latn,brighter-eng,emotion,baseline,8,fear|sadness|surprise,fear|sadness|surprise,False,0.8883080345226522,
emotion-te-00986,en-Latn,brighter-eng,emotion,baseline,5,sadness,fear|sadness,True,0.9084538701065437,
emotion-te-00987,en-Latn,brighter-eng,emotion,baseline,11,fear|surprise,joy|surprise,True,0.9007336749245256,
emotion-te-00988,en-Latn,brighter-eng,emotion,baseline,27,sadness,fear|joy|sadness|surprise,True,0.8908083968194708,
emotion-te-00989,en-Latn,brighter-eng,emotion,baseline,12,none,fear|sadness|surprise,True,0.6385329669771979,
emotion-te-00990,en-Latn,brighter-eng,emotion,baseline,16,fear,fear|sadness,True,0.9402415659382933,
emotion-te-00991,en-Latn,brighter-eng,emotion,baseline,8,joy,joy|sadness,True,0.7083221550988017,
emotion-te-00992,en-Latn,brighter-eng,emotion,baseline,20,fear|sadness,fear|sadness,False,0.6716558249317869,
emotion-te-00993,en-Latn,brighter-eng,emotion,baseline,8,surprise,joy|surprise,True,0.5111407881687117,
emotion-te-00994,en-Latn,brighter-eng,emotion,baseline,6,fear|sadness,fear|sadness|surprise,True,0.8219232638950437,
emotion-te-00995,en-Latn,brighter-eng,emotion,baseline,16,fear|sadness,fear|surprise,True,0.8114595277176455,
emotion-te-00996,en-Latn,brighter-eng,emotion,baseline,5,fear|surprise,fear|surprise,False,0.6820708268398233,
emotion-te-00997,en-Latn,brighter-eng,emotion,baseline,76,anger|fear|sadness,fear|joy|sadness,True,0.7044749990212159,
emotion-te-00998,en-Latn,brighter-eng,emotion,baseline,11,anger|fear|sadness,fear|joy|sadness,True,0.7146972104379259,
emotion-te-00999,en-Latn,brighter-eng,emotion,baseline,6,fear,anger|fear,True,0.8131632698238618,
emotion-te-01000,en-Latn,brighter-eng,emotion,baseline,4,fear|surprise,anger|surprise,True,0.6781011222208694,
emotion-te-01001,en-Latn,brighter-eng,emotion,baseline,4,anger|sadness|surprise,sadness|surprise,True,0.9776435820668143,
emotion-te-01002,en-Latn,brighter-eng,emotion,baseline,23,none,sadness|surprise,True,0.48295089554414383,
emotion-te-01003,en-Latn,brighter-eng,emotion,baseline,5,fear,fear|surprise,True,0.5263603818015428,
emotion-te-01004,en-Latn,brighter-eng,emotion,baseline,3,anger|fear,fear|sadness|surprise,True,0.6668179289172557,
emotion-te-01005,en-Latn,brighter-eng,emotion,baseline,3,anger,fear|joy|surprise,True,0.7411251653912206,
emotion-te-01006,en-Latn,brighter-eng,emotion,baseline,9,fear|sadness,fear|surprise,True,0.5718558147645842,
emotion-te-01007,en-Latn,brighter-eng,emotion,baseline,17,fear|sadness,fear|sadness,False,0.9324030338598234,
emotion-te-01008,en-Latn,brighter-eng,emotion,baseline,31,none,fear,True,0.655751398977356,
emotion-te-01009,en-Latn,brighter-eng,emotion,baseline,7,none,fear|surprise,True,0.7537001877832223,
emotion-te-01010,en-Latn,brighter-eng,emotion,baseline,11,fear,joy,True,0.785776284777054,
emotion-te-01011,en-Latn,brighter-eng,emotion,baseline,19,surprise,anger|fear|sadness,True,0.6885192875079132,
emotion-te-01012,en-Latn,brighter-eng,emotion,baseline,5,fear|surprise,fear|surprise,False,0.9918894315048944,
emotion-te-01013,en-Latn,brighter-eng,emotion,baseline,4,sadness,fear|joy,True,0.6323563277349555,
emotion-te-01014,en-Latn,brighter-eng,emotion,baseline,19,fear|sadness|surprise,fear|joy|surprise,True,0.7802290589786923,
emotion-te-01015,en-Latn,brighter-eng,emotion,baseline,6,fear|joy|surprise,fear|sadness|surprise,True,0.7185536607737334,
emotion-te-01016,en-Latn,brighter-eng,emotion,baseline,23,fear|sadness,fear|sadness|surprise,True,0.864259647863019,
emotion-te-01017,en-Latn,brighter-eng,emotion,baseline,31,anger|fear|sadness|surprise,fear|surprise,True,0.8990844639752923,
emotion-te-01018,en-Latn,brighter-eng,emotion,baseline,32,fear,fear|joy,True,0.6033697111998363,
emotion-te-01019,en-Latn,brighter-eng,emotion,baseline,14,joy,joy,False,0.7365462332845498,
emotion-te-01020,en-Latn,brighter-eng,emotion,baseline,8,none,joy|surprise,True,0.7883303785124032,
emotion-te-01021,en-Latn,brighter-eng,emotion,baseline,28,fear,fear,False,0.5427140998284469,
emotion-te-01022,en-Latn,brighter-eng,emotion,baseline,11,joy,fear|surprise,True,0.717806998394365,
emotion-te-01023,en-Latn,brighter-eng,emotion,baseline,14,fear,fear|joy|surprise,True,0.5743373826991525,
emotion-te-01024,en-Latn,brighter-eng,emotion,baseline,3,anger,anger|fear|surprise,True,0.6681090756818439,
emotion-te-01025,en-Latn,brighter-eng,emotion,baseline,18,none,fear,True,0.8370257212629937,
emotion-te-01026,en-Latn,brighter-eng,emotion,baseline,20,fear|sadness|surprise,fear|joy|sadness|surprise,True,0.7134880096513792,
emotion-te-01027,en-Latn,brighter-eng,emotion,baseline,39,fear|sadness,fear|sadness|surprise,True,0.9381471420726816,
emotion-te-01028,en-Latn,brighter-eng,emotion,baseline,4,none,fear|sadness|surprise,True,0.6575948906326338,
emotion-te-01029,en-Latn,brighter-eng,emotion,baseline,18,fear,fear|joy,True,0.5978016093596832,
emotion-te-01030,en-Latn,brighter-eng,emotion,baseline,16,fear|sadness,fear|joy|sadness,True,0.7544364476027849,
emotion-te-01031,en-Latn,brighter-eng,emotion,baseline,30,fear|sadness,anger|fear|sadness|surprise,True,0.7403551464795229,
emotion-te-01032,en-Latn,brighter-eng,emotion,baseline,19,none,fear|joy|sadness,True,0.7602239555530647,
emotion-te-01033,en-Latn,brighter-eng,emotion,baseline,6,surprise,sadness|surprise,True,0.41236809247854567,
emotion-te-01034,en-Latn,brighter-eng,emotion,baseline,33,joy,fear|sadness|surprise,True,0.9528478607716477,
emotion-te-01035,en-Latn,brighter-eng,emotion,baseline,4,fear,fear|joy|sadness,True,0.6742198578754317,
emotion-te-01036,en-Latn,brighter-eng,emotion,baseline,44,joy|sadness,fear|joy|sadness,True,0.8306515810406558,
emotion-te-01037,en-Latn,brighter-eng,emotion,baseline,6,fear|surprise,fear|surprise,False,0.9553767616824036,
emotion-te-01038,en-Latn,brighter-eng,emotion,baseline,20,none,surprise,True,0.5551997092333311,
emotion-te-01039,en-Latn,brighter-eng,emotion,baseline,12,none,sadness|surprise,True,0.4487875867789024,
emotion-te-01040,en-Latn,brighter-eng,emotion,baseline,9,fear,fear,False,0.8794202822974659,
emotion-te-01041,en-Latn,brighter-eng,emotion,baseline,22,anger|fear|joy,fear|joy|sadness|surprise,True,0.8353203988725391,
emotion-te-01042,en-Latn,brighter-eng,emotion,baseline,16,joy,fear|joy|sadness,True,0.700993105706397,
emotion-te-01043,en-Latn,brighter-eng,emotion,baseline,6,fear,fear|surprise,True,0.9538243912097008,
emotion-te-01044,en-Latn,brighter-eng,emotion,baseline,8,fear,fear|joy|sadness,True,0.831611666925593,
emotion-te-01045,en-Latn,brighter-eng,emotion,baseline,16,anger|fear|surprise,fear|sadness|surprise,True,0.9809110177059767,
emotion-te-01046,en-Latn,brighter-eng,emotion,baseline,70,sadness,fear|joy|sadness,True,0.9173043932429817,
emotion-te-01047,en-Latn,brighter-eng,emotion,baseline,12,fear|sadness,fear|sadness,False,0.819498336895051,
emotion-te-01048,en-Latn,brighter-eng,emotion,baseline,8,joy|surprise,anger|joy|surprise,True,0.696267709919821,
emotion-te-01049,en-Latn,brighter-eng,emotion,baseline,7,joy,fear|sadness,True,0.4429907089201791,
emotion-te-01050,en-Latn,brighter-eng,emotion,baseline,23,joy,joy,False,0.8271777964873396,
emotion-te-01051,en-Latn,brighter-eng,emotion,baseline,13,fear|sadness,fear|sadness,False,0.8650954686945773,
emotion-te-01052,en-Latn,brighter-eng,emotion,baseline,16,none,fear|joy|surprise,True,0.7093025000181724,
emotion-te-01053,en-Latn,brighter-eng,emotion,baseline,27,anger|sadness,fear|joy|sadness|surprise,True,0.5315366108399278,
emotion-te-01054,en-Latn,brighter-eng,emotion,baseline,4,joy,joy|sadness|surprise,True,0.54427345017146,
emotion-te-01055,en-Latn,brighter-eng,emotion,baseline,11,anger|fear|surprise,joy|surprise,True,0.66716329638037,
emotion-te-01056,en-Latn,brighter-eng,emotion,baseline,12,fear|joy,fear|joy|surprise,True,0.8901331811561715,
emotion-te-01057,en-Latn,brighter-eng,emotion,baseline,12,fear|sadness,fear|sadness|surprise,True,0.8896022728791498,
emotion-te-01058,en-Latn,brighter-eng,emotion,baseline,12,joy,joy|sadness,True,0.5384048391211828,
emotion-te-01059,en-Latn,brighter-eng,emotion,baseline,39,fear|sadness|surprise,fear|joy|sadness,True,0.6600074751175983,
emotion-te-01060,en-Latn,brighter-eng,emotion,baseline,13,fear|surprise,fear|joy|surprise,True,0.672951963032024,
emotion-te-01061,en-Latn,brighter-eng,emotion,baseline,4,fear|sadness|surprise,fear|sadness,True,0.7660536888257902,
emotion-te-01062,en-Latn,brighter-eng,emotion,baseline,12,fear|sadness|surprise,fear|joy|sadness,True,0.8430104359064517,
emotion-te-01063,en-Latn,brighter-eng,emotion,baseline,41,joy,fear|joy,True,0.6555697380346032,
emotion-te-01064,en-Latn,brighter-eng,emotion,baseline,16,fear|sadness|surprise,fear|surprise,True,0.8933348886496899,
emotion-te-01065,en-Latn,brighter-eng,emotion,baseline,58,fear|sadness,fear|joy|sadness,True,0.8611763757835036,
emotion-te-01066,en-Latn,brighter-eng,emotion,baseline,9,fear|surprise,fear|surprise,False,0.7903548238164065,
emotion-te-01067,en-Latn,brighter-eng,emotion,baseline,23,joy,joy,False,0.8451213913568727,
emotion-te-01068,en-Latn,brighter-eng,emotion,baseline,7,anger|fear|sadness,fear|surprise,True,0.8152477305313814,
emotion-te-01069,en-Latn,brighter-eng,emotion,baseline,32,fear|surprise,fear|sadness,True,0.8931480209768793,
emotion-te-01070,en-Latn,brighter-eng,emotion,baseline,27,fear|sadness|surprise,joy|sadness,True,0.8855404556394053,
emotion-te-01071,en-Latn,brighter-eng,emotion,baseline,15,fear,none,True,0.2973198239910681,
emotion-te-01072,en-Latn,brighter-eng,emotion,baseline,21,surprise,fear|sadness|surprise,True,0.9304791873801627,
emotion-te-01073,en-Latn,brighter-eng,emotion,baseline,25,fear|sadness,fear,True,0.9248716146034986,
emotion-te-01074,en-Latn,brighter-eng,emotion,baseline,39,fear|sadness,fear|sadness,False,0.791097994888304,
emotion-te-01075,en-Latn,brighter-eng,emotion,baseline,36,joy|surprise,fear|sadness|surprise,True,0.7101995130257939,
emotion-te-01076,en-Latn,brighter-eng,emotion,baseline,54,none,fear|joy|sadness|surprise,True,0.7191976010111327,
emotion-te-01077,en-Latn,brighter-eng,emotion,baseline,25,joy,fear|joy|surprise,True,0.7420226148223821,
emotion-te-01078,en-Latn,brighter-eng,emotion,baseline,5,surprise,fear|joy|surprise,True,0.5953594690632935,
emotion-te-01079,en-Latn,brighter-eng,emotion,baseline,4,joy,fear|joy|surprise,True,0.7618221815626679,
emotion-te-01080,en-Latn,brighter-eng,emotion,baseline,4,fear|sadness|surprise,fear|sadness|surprise,False,0.9520437102300742,
emotion-te-01081,en-Latn,brighter-eng,emotion,baseline,8,fear|sadness,fear|sadness,False,0.8403670983002672,
emotion-te-01082,en-Latn,brighter-eng,emotion,baseline,15,fear,fear,False,0.7977196847403575,
emotion-te-01083,en-Latn,brighter-eng,emotion,baseline,27,fear|sadness,fear|sadness,False,0.9591921628813337,
emotion-te-01084,en-Latn,brighter-eng,emotion,baseline,52,anger|fear|sadness,joy|sadness,True,0.4441232631832842,
emotion-te-01085,en-Latn,brighter-eng,emotion,baseline,6,none,fear|joy,True,0.518699176380424,
emotion-te-01086,en-Latn,brighter-eng,emotion,baseline,7,none,fear|sadness|surprise,True,0.7335503458884237,
emotion-te-01087,en-Latn,brighter-eng,emotion,baseline,10,fear|surprise,fear|surprise,False,0.9689767142846079,
emotion-te-01088,en-Latn,brighter-eng,emotion,baseline,16,sadness,joy,True,0.44313685208284526,
emotion-te-01089,en-Latn,brighter-eng,emotion,baseline,10,surprise,surprise,False,0.3512863385901672,
emotion-te-01090,en-Latn,brighter-eng,emotion,baseline,23,fear,sadness|surprise,True,0.4046270373003448,
emotion-te-01091,en-Latn,brighter-eng,emotion,baseline,5,none,fear,True,0.4698083387269921,
emotion-te-01092,en-Latn,brighter-eng,emotion,baseline,52,joy,fear|joy|sadness,True,0.612246155293441,
emotion-te-01093,en-Latn,brighter-eng,emotion,baseline,55,fear|sadness,fear|joy|sadness,True,0.8301860662468757,
emotion-te-01094,en-Latn,brighter-eng,emotion,baseline,22,none,fear|sadness,True,0.5354339580936023,
emotion-te-01095,en-Latn,brighter-eng,emotion,baseline,4,none,joy|surprise,True,0.8619918022822254,
emotion-te-01096,en-Latn,brighter-eng,emotion,baseline,20,fear|sadness,fear|joy|sadness,True,0.766853381602625,
emotion-te-01097,en-Latn,brighter-eng,emotion,baseline,9,fear,fear|sadness,True,0.9282105881249976,
emotion-te-01098,en-Latn,brighter-eng,emotion,baseline,8,fear|sadness,fear|sadness,False,0.8782584805623904,
emotion-te-01099,en-Latn,brighter-eng,emotion,baseline,11,fear|surprise,fear|sadness|surprise,True,0.9470980605311585,
emotion-te-01100,en-Latn,brighter-eng,emotion,baseline,40,anger|fear|sadness|surprise,fear|joy|sadness|surprise,True,0.8009549664355694,
emotion-te-01101,en-Latn,brighter-eng,emotion,baseline,4,fear|surprise,fear|surprise,False,0.8802912896061718,
emotion-te-01102,en-Latn,brighter-eng,emotion,baseline,1,joy,joy,False,0.5759732422537712,
emotion-te-01103,en-Latn,brighter-eng,emotion,baseline,8,fear,fear|surprise,True,0.7805452482901563,
emotion-te-01104,en-Latn,brighter-eng,emotion,baseline,13,fear|sadness,fear|joy|surprise,True,0.6486429290917741,
emotion-te-01105,en-Latn,brighter-eng,emotion,baseline,18,fear,fear|surprise,True,0.8512618357024676,
emotion-te-01106,en-Latn,brighter-eng,emotion,baseline,13,anger|fear|surprise,joy|surprise,True,0.5194018341208921,
emotion-te-01107,en-Latn,brighter-eng,emotion,baseline,14,anger|fear|surprise,joy|sadness|surprise,True,0.7691641011757098,
emotion-te-01108,en-Latn,brighter-eng,emotion,baseline,7,fear,joy,True,0.621966834713235,
emotion-te-01109,en-Latn,brighter-eng,emotion,baseline,8,anger|fear,anger|fear|sadness,True,0.8584958511621898,
emotion-te-01110,en-Latn,brighter-eng,emotion,baseline,16,fear|surprise,fear,True,0.8195906617805974,
emotion-te-01111,en-Latn,brighter-eng,emotion,baseline,4,fear|surprise,fear|surprise,False,0.8099689794167972,
emotion-te-01112,en-Latn,brighter-eng,emotion,baseline,25,fear,fear|joy|sadness,True,0.8549334721781879,
emotion-te-01113,en-Latn,brighter-eng,emotion,baseline,16,fear|joy,fear|sadness,True,0.6806169379396124,
emotion-te-01114,en-Latn,brighter-eng,emotion,baseline,4,fear,fear|surprise,True,0.943067396638759,
emotion-te-01115,en-Latn,brighter-eng,emotion,baseline,21,fear,fear|surprise,True,0.7979458842936317,
emotion-te-01116,en-Latn,brighter-eng,emotion,baseline,45,sadness,fear|sadness,True,0.686737890291422,
emotion-te-01117,en-Latn,brighter-eng,emotion,baseline,5,none,fear|sadness,True,0.4650778378432861,
emotion-te-01118,en-Latn,brighter-eng,emotion,baseline,20,fear|sadness,fear|sadness|surprise,True,0.9015137154046944,
emotion-te-01119,en-Latn,brighter-eng,emotion,baseline,15,fear|joy|surprise,fear|joy|sadness,True,0.826732198982748,
emotion-te-01120,en-Latn,brighter-eng,emotion,baseline,11,joy,fear|joy|sadness,True,0.46809936132796515,
emotion-te-01121,en-Latn,brighter-eng,emotion,baseline,30,fear|surprise,fear|sadness|surprise,True,0.9663588963689407,
emotion-te-01122,en-Latn,brighter-eng,emotion,baseline,6,none,fear|surprise,True,0.6763857533282284,
emotion-te-01123,en-Latn,brighter-eng,emotion,baseline,10,fear|surprise,fear|surprise,False,0.9561893298177312,
emotion-te-01124,en-Latn,brighter-eng,emotion,baseline,9,none,joy,True,0.3897297675572629,
emotion-te-01125,en-Latn,brighter-eng,emotion,baseline,21,joy|sadness,fear|sadness|surprise,True,0.8325115674242826,
emotion-te-01126,en-Latn,brighter-eng,emotion,baseline,12,fear|sadness|surprise,joy|sadness|surprise,True,0.644227235795954,
emotion-te-01127,en-Latn,brighter-eng,emotion,baseline,10,fear|joy,fear|sadness|surprise,True,0.7436267331679414,
emotion-te-01128,en-Latn,brighter-eng,emotion,baseline,30,none,fear|surprise,True,0.77527412850988,
emotion-te-01129,en-Latn,brighter-eng,emotion,baseline,9,anger|fear,fear,True,0.7976190714080467,
emotion-te-01130,en-Latn,brighter-eng,emotion,baseline,6,fear|surprise,fear|joy|surprise,True,0.7944552640268605,
emotion-te-01131,en-Latn,brighter-eng,emotion,baseline,6,none,fear|surprise,True,0.9171354584443986,
emotion-te-01132,en-Latn,brighter-eng,emotion,baseline,10,fear|sadness,sadness|surprise,True,0.5413355420311775,
emotion-te-01133,en-Latn,brighter-eng,emotion,baseline,29,fear|joy,fear|joy|surprise,True,0.8380703498346839,
emotion-te-01134,en-Latn,brighter-eng,emotion,baseline,11,surprise,none,True,0.4393965062455234,
emotion-te-01135,en-Latn,brighter-eng,emotion,baseline,13,fear|surprise,fear|joy|surprise,True,0.7392829000857319,
emotion-te-01136,en-Latn,brighter-eng,emotion,baseline,8,fear|sadness,fear|sadness|surprise,True,0.9645316734109601,
emotion-te-01137,en-Latn,brighter-eng,emotion,baseline,39,none,fear|joy|sadness,True,0.7708653366215235,
emotion-te-01138,en-Latn,brighter-eng,emotion,baseline,8,none,sadness|surprise,True,0.7216855606064894,
emotion-te-01139,en-Latn,brighter-eng,emotion,baseline,4,anger,joy|surprise,True,0.6957277803308962,
emotion-te-01140,en-Latn,brighter-eng,emotion,baseline,47,fear|sadness,fear|joy|sadness,True,0.9534748429521991,
emotion-te-01141,en-Latn,brighter-eng,emotion,baseline,14,joy,fear|sadness,True,0.8046376011269311,
emotion-te-01142,en-Latn,brighter-eng,emotion,baseline,4,joy,fear|joy|sadness|surprise,True,0.6841695560701887,
emotion-te-01143,en-Latn,brighter-eng,emotion,baseline,4,surprise,joy|surprise,True,0.6739018065109129,
emotion-te-01144,en-Latn,brighter-eng,emotion,baseline,17,sadness,fear|joy|sadness,True,0.807121035909572,
emotion-te-01145,en-Latn,brighter-eng,emotion,baseline,4,fear,fear|sadness|surprise,True,0.650787262855708,
emotion-te-01146,en-Latn,brighter-eng,emotion,baseline,7,none,fear|sadness|surprise,True,0.6115578483380877,
emotion-te-01147,en-Latn,brighter-eng,emotion,baseline,4,anger|fear|sadness|surprise,anger|fear,True,0.6571851022410399,
emotion-te-01148,en-Latn,brighter-eng,emotion,baseline,6,anger,anger|joy,True,0.5695713133313166,
emotion-te-01149,en-Latn,brighter-eng,emotion,baseline,66,fear|sadness|surprise,fear|surprise,True,0.9621474699989313,
emotion-te-01150,en-Latn,brighter-eng,emotion,baseline,11,joy,joy|surprise,True,0.8797139071703074,
emotion-te-01151,en-Latn,brighter-eng,emotion,baseline,4,none,joy,True,0.8071473456029016,
emotion-te-01152,en-Latn,brighter-eng,emotion,baseline,11,fear|sadness,joy|sadness,True,0.4703012147354587,
emotion-te-01153,en-Latn,brighter-eng,emotion,baseline,8,joy,fear|joy|surprise,True,0.8876777389188081,
emotion-te-01154,en-Latn,brighter-eng,emotion,baseline,26,joy,fear,True,0.49126179504672307,
emotion-te-01155,en-Latn,brighter-eng,emotion,baseline,6,anger|fear|sadness,fear|surprise,True,0.515685391888745,
emotion-te-01156,en-Latn,brighter-eng,emotion,baseline,17,fear,fear,False,0.9177859513677282,
emotion-te-01157,en-Latn,brighter-eng,emotion,baseline,3,fear,fear,False,0.5672907455575193,
emotion-te-01158,en-Latn,brighter-eng,emotion,baseline,34,fear,fear|sadness|surprise,True,0.9460104082594623,
emotion-te-01159,en-Latn,brighter-eng,emotion,baseline,22,fear|surprise,fear|surprise,False,0.6965552562803882,
emotion-te-01160,en-Latn,brighter-eng,emotion,baseline,8,fear,fear|sadness,True,0.534737238207226,
emotion-te-01161,en-Latn,brighter-eng,emotion,baseline,16,fear,fear|sadness,True,0.4850470792226362,
emotion-te-01162,en-Latn,brighter-eng,emotion,baseline,9,fear|joy,fear|joy|sadness,True,0.7497866775476284,
emotion-te-01163,en-Latn,brighter-eng,emotion,baseline,8,fear|sadness,fear|sadness,False,0.9298376048708983,
emotion-te-01164,en-Latn,brighter-eng,emotion,baseline,30,joy,fear|joy|sadness|surprise,True,0.6717317079573365,
emotion-te-01165,en-Latn,brighter-eng,emotion,baseline,8,sadness,fear|joy|sadness,True,0.7209680311081658,
emotion-te-01166,en-Latn,brighter-eng,emotion,baseline,10,fear|surprise,fear|surprise,False,0.9555290247841144,
emotion-te-01167,en-Latn,brighter-eng,emotion,baseline,12,fear|sadness,fear|surprise,True,0.9034676136239285,
emotion-te-01168,en-Latn,brighter-eng,emotion,baseline,11,surprise,fear|joy|surprise,True,0.6626225072646909,
emotion-te-01169,en-Latn,brighter-eng,emotion,baseline,11,fear|sadness,fear|joy|sadness,True,0.589260651361596,
emotion-te-01170,en-Latn,brighter-eng,emotion,baseline,32,fear|sadness,fear|sadness,False,0.9387924748206112,
emotion-te-01171,en-Latn,brighter-eng,emotion,baseline,12,fear|surprise,fear|sadness|surprise,True,0.8513418495937805,
emotion-te-01172,en-Latn,brighter-eng,emotion,baseline,9,anger,fear|joy|sadness,True,0.4206442085211361,
emotion-te-01173,en-Latn,brighter-eng,emotion,baseline,10,anger|fear|surprise,anger|fear|sadness,True,0.8256935156682476,
emotion-te-01174,en-Latn,brighter-eng,emotion,baseline,14,anger|sadness,joy|surprise,True,0.9379029151898284,
emotion-te-01175,en-Latn,brighter-eng,emotion,baseline,33,fear|surprise,fear|surprise,False,0.8289772528050258,
emotion-te-01176,en-Latn,brighter-eng,emotion,baseline,39,fear|sadness,fear|sadness|surprise,True,0.9691853793183848,
emotion-te-01177,en-Latn,brighter-eng,emotion,baseline,29,fear|sadness,fear|sadness,False,0.9152077595692159,
emotion-te-01178,en-Latn,brighter-eng,emotion,baseline,25,none,fear|joy|sadness,True,0.6659119790723782,
emotion-te-01179,en-Latn,brighter-eng,emotion,baseline,9,fear,fear|sadness,True,0.6810641949179246,
emotion-te-01180,en-Latn,brighter-eng,emotion,baseline,7,joy,fear|sadness|surprise,True,0.8063170951216728,
emotion-te-01181,en-Latn,brighter-eng,emotion,baseline,10,sadness,fear|sadness,True,0.6851702338324386,
emotion-te-01182,en-Latn,brighter-eng,emotion,baseline,19,fear,fear|sadness,True,0.913096313471733,
emotion-te-01183,en-Latn,brighter-eng,emotion,baseline,5,fear|sadness,fear|sadness|surprise,True,0.8359893044608798,
emotion-te-01184,en-Latn,brighter-eng,emotion,baseline,13,fear,fear|sadness,True,0.8977125494294755,
emotion-te-01185,en-Latn,brighter-eng,emotion,baseline,19,sadness,fear|sadness|surprise,True,0.9416473028526113,
emotion-te-01186,en-Latn,brighter-eng,emotion,baseline,11,fear,fear,False,0.5760254512962116,
emotion-te-01187,en-Latn,brighter-eng,emotion,baseline,13,fear|sadness,fear|joy,True,0.9794339589512647,
emotion-te-01188,en-Latn,brighter-eng,emotion,baseline,7,fear|joy,fear|sadness|surprise,True,0.9355890782570988,
emotion-te-01189,en-Latn,brighter-eng,emotion,baseline,19,none,joy|sadness,True,0.5519379274738078,
emotion-te-01190,en-Latn,brighter-eng,emotion,baseline,11,anger|fear,fear|sadness|surprise,True,0.9213713172268225,
emotion-te-01191,en-Latn,brighter-eng,emotion,baseline,12,sadness,fear|joy|sadness,True,0.8393409349114752,
emotion-te-01192,en-Latn,brighter-eng,emotion,baseline,39,fear|sadness,fear|sadness,False,0.9883098320058393,
emotion-te-01193,en-Latn,brighter-eng,emotion,baseline,3,none,fear|sadness,True,0.6381837472259513,
emotion-te-01194,en-Latn,brighter-eng,emotion,baseline,26,joy,fear|joy|sadness|surprise,True,0.8531551702236129,
emotion-te-01195,en-Latn,brighter-eng,emotion,baseline,64,surprise,fear|joy,True,0.7684523223370885,
emotion-te-01196,en-Latn,brighter-eng,emotion,baseline,12,joy,fear|sadness,True,0.8526753140040335,
emotion-te-01197,en-Latn,brighter-eng,emotion,baseline,9,sadness,fear|sadness,True,0.7849122862317459,
emotion-te-01198,en-Latn,brighter-eng,emotion,baseline,25,joy,fear|joy|sadness,True,0.8884930198324522,
emotion-te-01199,en-Latn,brighter-eng,emotion,baseline,6,fear|joy|surprise,fear|sadness|surprise,True,0.9212139860861662,
emotion-te-01200,en-Latn,brighter-eng,emotion,baseline,23,joy,fear|joy|surprise,True,0.6939950494394731,
emotion-te-01201,en-Latn,brighter-eng,emotion,baseline,14,fear|surprise,fear|joy|sadness|surprise,True,0.727966618992915,
emotion-te-01202,en-Latn,brighter-eng,emotion,baseline,4,fear,fear,False,0.8987251095166783,
emotion-te-01203,en-Latn,brighter-eng,emotion,baseline,40,fear|sadness,fear|sadness|surprise,True,0.988731992751433,
emotion-te-01204,en-Latn,brighter-eng,emotion,baseline,23,fear,fear|joy|sadness,True,0.6678948809289326,
emotion-te-01205,en-Latn,brighter-eng,emotion,baseline,33,fear|sadness,fear|sadness,False,0.908734169708104,
emotion-te-01206,en-Latn,brighter-eng,emotion,baseline,26,none,fear|surprise,True,0.9207482048906636,
emotion-te-01207,en-Latn,brighter-eng,emotion,baseline,33,fear,fear|joy|surprise,True,0.830668043927432,
emotion-te-01208,en-Latn,brighter-eng,emotion,baseline,6,joy|surprise,anger|fear|sadness|surprise,True,0.8309923174730138,
emotion-te-01209,en-Latn,brighter-eng,emotion,baseline,28,fear|sadness,anger|fear|sadness,True,0.9706292883486158,
emotion-te-01210,en-Latn,brighter-eng,emotion,baseline,24,fear|sadness|surprise,fear|sadness|surprise,False,0.7788725970622061,
emotion-te-01211,en-Latn,brighter-eng,emotion,baseline,26,fear|sadness,fear|sadness,False,0.9783902033566131,
emotion-te-01212,en-Latn,brighter-eng,emotion,baseline,7,joy|surprise,joy|surprise,False,0.7579091424590138,
emotion-te-01213,en-Latn,brighter-eng,emotion,baseline,31,fear|surprise,fear,True,0.8911089051577895,
emotion-te-01214,en-Latn,brighter-eng,emotion,baseline,21,joy,sadness,True,0.6134796202629775,
emotion-te-01215,en-Latn,brighter-eng,emotion,baseline,6,anger|sadness,anger|fear|sadness|surprise,True,0.7594968479640732,
emotion-te-01216,en-Latn,brighter-eng,emotion,baseline,7,fear|joy|surprise,sadness|surprise,True,0.6971148698110669,
emotion-te-01217,en-Latn,brighter-eng,emotion,baseline,6,fear|sadness,fear|sadness,False,0.9477754103088334,
emotion-te-01218,en-Latn,brighter-eng,emotion,baseline,8,fear,joy,True,0.40478888479060343,
emotion-te-01219,en-Latn,brighter-eng,emotion,baseline,4,surprise,fear|sadness|surprise,True,0.8582177427822992,
emotion-te-01220,en-Latn,brighter-eng,emotion,baseline,8,joy,joy,False,0.9502543454103591,
emotion-te-01221,en-Latn,brighter-eng,emotion,baseline,11,joy,fear|joy,True,0.8199577971144477,
emotion-te-01222,en-Latn,brighter-eng,emotion,baseline,15,sadness,fear|sadness,True,0.7691354407967934,
emotion-te-01223,en-Latn,brighter-eng,emotion,baseline,7,sadness,joy|sadness,True,0.41726377224131617,
emotion-te-01224,en-Latn,brighter-eng,emotion,baseline,25,fear|sadness,fear|joy|sadness,True,0.7296903178956571,
emotion-te-01225,en-Latn,brighter-eng,emotion,baseline,11,joy|surprise,fear|surprise,True,0.9103409786965864,
emotion-te-01226,en-Latn,brighter-eng,emotion,baseline,4,fear,anger|fear|surprise,True,0.9818918757242203,
emotion-te-01227,en-Latn,brighter-eng,emotion,baseline,4,fear|sadness,fear|sadness,False,0.5975385840035214,
emotion-te-01228,en-Latn,brighter-eng,emotion,baseline,16,joy,fear|joy,True,0.7902466251606018,
emotion-te-01229,en-Latn,brighter-eng,emotion,baseline,4,fear|sadness,fear|surprise,True,0.9171517221782776,
emotion-te-01230,en-Latn,brighter-eng,emotion,baseline,11,fear|sadness,joy|sadness,True,0.6736689734615924,
emotion-te-01231,en-Latn,brighter-eng,emotion,baseline,7,fear|sadness|surprise,fear|joy|surprise,True,0.9522558613985537,
emotion-te-01232,en-Latn,brighter-eng,emotion,baseline,47,fear|sadness,fear|sadness|surprise,True,0.992612348916442,
emotion-te-01233,en-Latn,brighter-eng,emotion,baseline,18,fear|joy,fear|joy,False,0.6087328916078443,
emotion-te-01234,en-Latn,brighter-eng,emotion,baseline,11,sadness,fear|surprise,True,0.7457448366230582,
emotion-te-01235,en-Latn,brighter-eng,emotion,baseline,10,none,fear,True,0.8423466965561209,
emotion-te-01236,en-Latn,brighter-eng,emotion,baseline,4,anger|fear,fear|sadness|surprise,True,0.66356433629775,
emotion-te-01237,en-Latn,brighter-eng,emotion,baseline,18,fear|surprise,fear|joy|sadness,True,0.8375820708044681,
emotion-te-01238,en-Latn,brighter-eng,emotion,baseline,8,fear|sadness,fear|sadness,False,0.8174164492620438,
emotion-te-01239,en-Latn,brighter-eng,emotion,baseline,37,fear|surprise,fear|joy,True,0.6032687491027392,
emotion-te-01240,en-Latn,brighter-eng,emotion,baseline,4,fear|surprise,fear|surprise,False,0.8548664440063766,
emotion-te-01241,en-Latn,brighter-eng,emotion,baseline,6,fear|sadness,fear|sadness,False,0.44784821274499664,
emotion-te-01242,en-Latn,brighter-eng,emotion,baseline,4,surprise,surprise,False,0.6308350255716606,
emotion-te-01243,en-Latn,brighter-eng,emotion,baseline,18,joy,fear|joy|sadness,True,0.686060127758878,
emotion-te-01244,en-Latn,brighter-eng,emotion,baseline,5,fear|sadness,fear|sadness,False,0.9545096085248147,
emotion-te-01245,en-Latn,brighter-eng,emotion,baseline,12,sadness,fear|sadness,True,0.9485009319460473,
emotion-te-01246,en-Latn,brighter-eng,emotion,baseline,18,anger|fear|sadness,joy|sadness,True,0.5507505741110429,
emotion-te-01247,en-Latn,brighter-eng,emotion,baseline,12,none,none,False,0.2821447103555351,
emotion-te-01248,en-Latn,brighter-eng,emotion,baseline,34,fear|sadness,fear|sadness,False,0.9159510443923624,
emotion-te-01249,en-Latn,brighter-eng,emotion,baseline,16,joy|surprise,fear|joy|surprise,True,0.8850435695608923,
emotion-te-01250,en-Latn,brighter-eng,emotion,baseline,6,anger|fear|sadness,anger|fear|surprise,True,0.8419832405604482,
emotion-te-01251,en-Latn,brighter-eng,emotion,baseline,20,fear|joy,fear|joy,False,0.48294605973213733,
emotion-te-01252,en-Latn,brighter-eng,emotion,baseline,4,none,none,False,0.29524976254198443,
emotion-te-01253,en-Latn,brighter-eng,emotion,baseline,4,none,fear|joy|sadness|surprise,True,0.4868867954876478,
emotion-te-01254,en-Latn,brighter-eng,emotion,baseline,14,fear|sadness,fear|sadness,False,0.8934410983005573,
emotion-te-01255,en-Latn,brighter-eng,emotion,baseline,31,sadness,fear|sadness,True,0.4777605542439573,
emotion-te-01256,en-Latn,brighter-eng,emotion,baseline,25,fear|sadness,fear|joy|sadness|surprise,True,0.7260786727041142,
emotion-te-01257,en-Latn,brighter-eng,emotion,baseline,5,joy,fear|sadness,True,0.6092565497950252,
emotion-te-01258,en-Latn,brighter-eng,emotion,baseline,5,none,joy,True,0.35593369723517404,
emotion-te-01259,en-Latn,brighter-eng,emotion,baseline,22,fear|sadness|surprise,fear|sadness|surprise,False,0.9539231357796131,
emotion-te-01260,en-Latn,brighter-eng,emotion,baseline,24,none,fear|sadness,True,0.6662875182593648,
emotion-te-01261,en-Latn,brighter-eng,emotion,baseline,21,joy|sadness,fear|joy|sadness,True,0.7028738705085841,
emotion-te-01262,en-Latn,brighter-eng,emotion,baseline,12,fear|surprise,none,True,0.2681849859936338,
emotion-te-01263,en-Latn,brighter-eng,emotion,baseline,8,surprise,surprise,False,0.4039091692959021,
emotion-te-01264,en-Latn,brighter-eng,emotion,baseline,7,joy|surprise,fear|joy|sadness|surprise,True,0.6468092313694531,
emotion-te-01265,en-Latn,brighter-eng,emotion,baseline,12,anger|fear,fear|surprise,True,0.9189073074805627,
emotion-te-01266,en-Latn,brighter-eng,emotion,baseline,25,joy,fear|joy|sadness,True,0.7523116157756533,
emotion-te-01267,en-Latn,brighter-eng,emotion,baseline,20,fear,fear|joy|sadness,True,0.807567877949433,
emotion-te-01268,en-Latn,brighter-eng,emotion,baseline,4,anger|sadness,fear|sadness,True,0.8381783940139461,
emotion-te-01269,en-Latn,brighter-eng,emotion,baseline,25,joy,joy|sadness,True,0.7099572088884056,
emotion-te-01270,en-Latn,brighter-eng,emotion,baseline,15,fear|surprise,fear|joy|surprise,True,0.71189067728394,
emotion-te-01271,en-Latn,brighter-eng,emotion,baseline,11,fear,fear,False,0.9864353952798565,
emotion-te-01272,en-Latn,brighter-eng,emotion,baseline,16,fear|sadness,fear|sadness,False,0.719127170778293,
emotion-te-01273,en-Latn,brighter-eng,emotion,baseline,12,joy,fear|joy,True,0.6869463924736748,
emotion-te-01274,en-Latn,brighter-eng,emotion,baseline,22,fear,fear|joy,True,0.5661397831439706,
emotion-te-01275,en-Latn,brighter-eng,emotion,baseline,26,surprise,fear|joy,True,0.5818912188500548,
emotion-te-01276,en-Latn,brighter-eng,emotion,baseline,18,fear|surprise,fear|joy|surprise,True,0.9217394016288721,
emotion-te-01277,en-Latn,brighter-eng,emotion,baseline,4,none,fear,True,0.6509237408629105,
emotion-te-01278,en-Latn,brighter-eng,emotion,baseline,11,joy,fear|joy|sadness,True,0.4830691939821068,
emotion-te-01279,en-Latn,brighter-eng,emotion,baseline,12,fear,fear|joy,True,0.6442538314897482,
emotion-te-01280,en-Latn,brighter-eng,emotion,baseline,38,fear|sadness,fear|sadness,False,0.8394402452091747,
emotion-te-01281,en-Latn,brighter-eng,emotion,baseline,14,joy,joy|sadness,True,0.5530559312979154,
emotion-te-01282,en-Latn,brighter-eng,emotion,baseline,21,none,fear|joy|surprise,True,0.6281706568305587,
emotion-te-01283,en-Latn,brighter-eng,emotion,baseline,9,fear|surprise,fear|joy|surprise,True,0.6827821986187653,
emotion-te-01284,en-Latn,brighter-eng,emotion,baseline,10,fear|sadness,fear|sadness,False,0.807765962765889,
emotion-te-01285,en-Latn,brighter-eng,emotion,baseline,8,anger|fear,anger|fear,False,0.5619223463745576,
emotion-te-01286,en-Latn,brighter-eng,emotion,baseline,31,fear|surprise,fear|joy|sadness|surprise,True,0.9263353117948563,
emotion-te-01287,en-Latn,brighter-eng,emotion,baseline,14,joy|surprise,fear|surprise,True,0.8846499590182183,
emotion-te-01288,en-Latn,brighter-eng,emotion,baseline,5,none,joy,True,0.30953176102373026,
emotion-te-01289,en-Latn,brighter-eng,emotion,baseline,5,fear,fear,False,0.6235873548648607,
emotion-te-01290,en-Latn,brighter-eng,emotion,baseline,6,joy,fear|joy|sadness|surprise,True,0.7218084105528324,
emotion-te-01291,en-Latn,brighter-eng,emotion,baseline,12,joy,joy|sadness,True,0.5207612678907414,
emotion-te-01292,en-Latn,brighter-eng,emotion,baseline,4,none,joy|sadness,True,0.9365605457428896,
emotion-te-01293,en-Latn,brighter-eng,emotion,baseline,31,joy,fear|sadness,True,0.950680948516491,
emotion-te-01294,en-Latn,brighter-eng,emotion,baseline,11,joy,fear,True,0.6480316250018597,
emotion-te-01295,en-Latn,brighter-eng,emotion,baseline,8,fear|surprise,fear|surprise,False,0.7857741084927315,
emotion-te-01296,en-Latn,brighter-eng,emotion,baseline,24,none,fear,True,0.6920863789399939,
emotion-te-01297,en-Latn,brighter-eng,emotion,baseline,18,fear|surprise,fear|joy|sadness|surprise,True,0.9094395300515041,
emotion-te-01298,en-Latn,brighter-eng,emotion,baseline,16,fear|joy,fear|surprise,True,0.921694386640337,
emotion-te-01299,en-Latn,brighter-eng,emotion,baseline,19,fear|sadness,fear|sadness|surprise,True,0.9350680869908704,
emotion-te-01300,en-Latn,brighter-eng,emotion,baseline,29,fear,fear|joy|sadness,True,0.5730197785587122,
emotion-te-01301,en-Latn,brighter-eng,emotion,baseline,16,fear|sadness,fear|joy,True,0.4472623947240646,
emotion-te-01302,en-Latn,brighter-eng,emotion,baseline,20,joy|surprise,fear,True,0.718764238615903,
emotion-te-01303,en-Latn,brighter-eng,emotion,baseline,3,sadness,fear|sadness,True,0.8732300105932905,
emotion-te-01304,en-Latn,brighter-eng,emotion,baseline,14,joy,fear|joy,True,0.5169106768940757,
emotion-te-01305,en-Latn,brighter-eng,emotion,baseline,4,surprise,fear|sadness,True,0.9516632076198291,
emotion-te-01306,en-Latn,brighter-eng,emotion,baseline,12,anger,joy|sadness,True,0.7836346548135238,
emotion-te-01307,en-Latn,brighter-eng,emotion,baseline,5,sadness,fear|sadness,True,0.8835272669006059,
emotion-te-01308,en-Latn,brighter-eng,emotion,baseline,4,sadness,joy|sadness,True,0.5483754576457083,
emotion-te-01309,en-Latn,brighter-eng,emotion,baseline,15,joy,fear|joy,True,0.6718200608542415,
emotion-te-01310,en-Latn,brighter-eng,emotion,baseline,20,fear|surprise,fear|sadness|surprise,True,0.8141105741490959,
emotion-te-01311,en-Latn,brighter-eng,emotion,baseline,7,none,fear|sadness|surprise,True,0.7358499390593138,
emotion-te-01312,en-Latn,brighter-eng,emotion,baseline,26,none,joy,True,0.42000038502645154,
emotion-te-01313,en-Latn,brighter-eng,emotion,baseline,21,joy,fear|joy|sadness,True,0.8541532463508539,
emotion-te-01314,en-Latn,brighter-eng,emotion,baseline,14,joy,fear|joy,True,0.5476036411095241,
emotion-te-01315,en-Latn,brighter-eng,emotion,baseline,11,none,fear|sadness,True,0.6651578213085583,
emotion-te-01316,en-Latn,brighter-eng,emotion,baseline,23,joy,fear|joy,True,0.6670653573993962,
emotion-te-01317,en-Latn,brighter-eng,emotion,baseline,36,fear|sadness|surprise,fear|sadness|surprise,False,0.9630028627243418,
emotion-te-01318,en-Latn,brighter-eng,emotion,baseline,4,fear,fear|sadness|surprise,True,0.910133536844367,
emotion-te-01319,en-Latn,brighter-eng,emotion,baseline,7,fear|surprise,fear|joy|sadness|surprise,True,0.6586324942985361,
emotion-te-01320,en-Latn,brighter-eng,emotion,baseline,19,none,anger|fear,True,0.6594132598277647,
emotion-te-01321,en-Latn,brighter-eng,emotion,baseline,22,fear,fear|sadness|surprise,True,0.8020694698703782,
emotion-te-01322,en-Latn,brighter-eng,emotion,baseline,36,fear|surprise,fear|sadness|surprise,True,0.9646116665542687,
emotion-te-01323,en-Latn,brighter-eng,emotion,baseline,9,fear,none,True,0.3450768124355089,
emotion-te-01324,en-Latn,brighter-eng,emotion,baseline,23,joy,joy|sadness,True,0.8929531168511337,
emotion-te-01325,en-Latn,brighter-eng,emotion,baseline,45,fear|joy,fear|joy|sadness,True,0.7636121388933479,
emotion-te-01326,en-Latn,brighter-eng,emotion,baseline,15,surprise,fear|joy|surprise,True,0.7556104344058766,
emotion-te-01327,en-Latn,brighter-eng,emotion,baseline,3,none,joy|sadness,True,0.8615512779480284,
emotion-te-01328,en-Latn,brighter-eng,emotion,baseline,23,fear|joy,joy,True,0.6033131546281586,
emotion-te-01329,en-Latn,brighter-eng,emotion,baseline,27,fear|sadness|surprise,fear|joy|sadness|surprise,True,0.9019229212713336,
emotion-te-01330,en-Latn,brighter-eng,emotion,baseline,12,fear|sadness,fear|joy|sadness,True,0.8280263462990085,
emotion-te-01331,en-Latn,brighter-eng,emotion,baseline,4,surprise,joy|surprise,True,0.6939033541889332,
emotion-te-01332,en-Latn,brighter-eng,emotion,baseline,7,none,fear|sadness|surprise,True,0.8705334178512254,
emotion-te-01333,en-Latn,brighter-eng,emotion,baseline,16,anger|fear|surprise,fear|sadness|surprise,True,0.9509538248772192,
emotion-te-01334,en-Latn,brighter-eng,emotion,baseline,17,joy,joy|sadness,True,0.5491767025508855,
emotion-te-01335,en-Latn,brighter-eng,emotion,baseline,29,fear|joy,fear|sadness,True,0.5310641196200279,
emotion-te-01336,en-Latn,brighter-eng,emotion,baseline,6,none,fear|surprise,True,0.8930116815669086,
emotion-te-01337,en-Latn,brighter-eng,emotion,baseline,10,none,fear,True,0.8941756984757178,
emotion-te-01338,en-Latn,brighter-eng,emotion,baseline,4,none,surprise,True,0.45309596346175546,
emotion-te-01339,en-Latn,brighter-eng,emotion,baseline,7,fear|sadness,fear|joy|sadness,True,0.7401884568916587,
emotion-te-01340,en-Latn,brighter-eng,emotion,baseline,23,fear|sadness,fear|joy|sadness|surprise,True,0.7273293379455097,
emotion-te-01341,en-Latn,brighter-eng,emotion,baseline,7,none,sadness,True,0.4331626391947401,
emotion-te-01342,en-Latn,brighter-eng,emotion,baseline,23,fear,fear|sadness,True,0.8681791218454,
emotion-te-01343,en-Latn,brighter-eng,emotion,baseline,9,fear|joy,fear,True,0.4965438942074017,
emotion-te-01344,en-Latn,brighter-eng,emotion,baseline,30,fear|surprise,fear|joy|surprise,True,0.7237682990680685,
emotion-te-01345,en-Latn,brighter-eng,emotion,baseline,19,fear|sadness|surprise,fear|sadness|surprise,False,0.8678794962983171,
emotion-te-01346,en-Latn,brighter-eng,emotion,baseline,6,fear|surprise,fear|joy|surprise,True,0.9591107348434743,
emotion-te-01347,en-Latn,brighter-eng,emotion,baseline,16,fear|sadness,fear|sadness,False,0.5465317851696455,
emotion-te-01348,en-Latn,brighter-eng,emotion,baseline,3,surprise,fear|surprise,True,0.9690942863234298,
emotion-te-01349,en-Latn,brighter-eng,emotion,baseline,43,fear|joy,fear|joy,False,0.8639404060362033,
emotion-te-01350,en-Latn,brighter-eng,emotion,baseline,12,anger|fear,fear|joy|sadness,True,0.5299559376597606,
emotion-te-01351,en-Latn,brighter-eng,emotion,baseline,11,fear|surprise,fear|sadness|surprise,True,0.7161732841923975,
emotion-te-01352,en-Latn,brighter-eng,emotion,baseline,4,anger|fear,fear|sadness|surprise,True,0.8982091086069617,
emotion-te-01353,en-Latn,brighter-eng,emotion,baseline,18,anger|sadness|surprise,fear|joy|sadness,True,0.7481752491559128,
emotion-te-01354,en-Latn,brighter-eng,emotion,baseline,11,joy,joy|surprise,True,0.6996445504248218,
emotion-te-01355,en-Latn,brighter-eng,emotion,baseline,9,fear|sadness,fear|sadness,False,0.9524352537220933,
emotion-te-01356,en-Latn,brighter-eng,emotion,baseline,14,anger|fear|sadness,fear|joy|sadness|surprise,True,0.844840893830155,
emotion-te-01357,en-Latn,brighter-eng,emotion,baseline,3,fear|surprise,fear|surprise,False,0.8847878827879675,
emotion-te-01358,en-Latn,brighter-eng,emotion,baseline,6,fear|sadness,fear|sadness|surprise,True,0.8979264245121485,
emotion-te-01359,en-Latn,brighter-eng,emotion,baseline,13,anger|fear|sadness,anger|fear|joy|sadness|surprise,True,0.8872126021062716,
emotion-te-01360,en-Latn,brighter-eng,emotion,baseline,59,joy,fear|joy|sadness,True,0.8729720378975784,
emotion-te-01361,en-Latn,brighter-eng,emotion,baseline,8,anger|fear,fear,True,0.8255858259113406,
emotion-te-01362,en-Latn,brighter-eng,emotion,baseline,11,sadness,sadness,False,0.4454265616966466,
emotion-te-01363,en-Latn,brighter-eng,emotion,baseline,4,anger|fear|sadness|surprise,anger|fear|sadness|surprise,False,0.7210670494173993,
emotion-te-01364,en-Latn,brighter-eng,emotion,baseline,24,fear|joy|sadness,fear|sadness,True,0.6777710755136296,
emotion-te-01365,en-Latn,brighter-eng,emotion,baseline,8,sadness,joy|sadness,True,0.7557257313075688,
emotion-te-01366,en-Latn,brighter-eng,emotion,baseline,11,joy,joy,False,0.7712303476028884,
emotion-te-01367,en-Latn,brighter-eng,emotion,baseline,10,fear,fear|joy|sadness,True,0.708582476180895,
emotion-te-01368,en-Latn,brighter-eng,emotion,baseline,35,fear,fear|joy,True,0.7411396228606206,
emotion-te-01369,en-Latn,brighter-eng,emotion,baseline,21,fear,fear|joy,True,0.7679656150531835,
emotion-te-01370,en-Latn,brighter-eng,emotion,baseline,11,surprise,fear|sadness,True,0.9322776443957174,
emotion-te-01371,en-Latn,brighter-eng,emotion,baseline,12,sadness,joy|sadness,True,0.4112595938001148,
emotion-te-01372,en-Latn,brighter-eng,emotion,baseline,26,joy,fear|joy,True,0.8450592955019733,
emotion-te-01373,en-Latn,brighter-eng,emotion,baseline,21,joy,fear,True,0.5801965089912768,
emotion-te-01374,en-Latn,brighter-eng,emotion,baseline,16,fear,fear|surprise,True,0.6505513776076471,
emotion-te-01375,en-Latn,brighter-eng,emotion,baseline,63,anger|fear,fear|sadness,True,0.8873708979834115,
emotion-te-01376,en-Latn,brighter-eng,emotion,baseline,24,fear,fear,False,0.8447919993386356,
emotion-te-01377,en-Latn,brighter-eng,emotion,baseline,28,fear|sadness,fear|joy|sadness,True,0.8483218877655024,
emotion-te-01378,en-Latn,brighter-eng,emotion,baseline,17,joy|surprise,fear|joy|sadness|surprise,True,0.6100487499334468,
emotion-te-01379,en-Latn,brighter-eng,emotion,baseline,18,joy,fear|joy|surprise,True,0.6598911733042506,
emotion-te-01380,en-Latn,brighter-eng,emotion,baseline,8,anger|fear,fear,True,0.9779714478476856,
emotion-te-01381,en-Latn,brighter-eng,emotion,baseline,30,fear|sadness,fear|sadness,False,0.8985180457910453,
emotion-te-01382,en-Latn,brighter-eng,emotion,baseline,12,fear|sadness,fear|sadness,False,0.9416296762439467,
emotion-te-01383,en-Latn,brighter-eng,emotion,baseline,18,anger|fear|sadness,fear|sadness,True,0.8050588386027416,
emotion-te-01384,en-Latn,brighter-eng,emotion,baseline,4,fear,fear,False,0.760132759236484,
emotion-te-01385,en-Latn,brighter-eng,emotion,baseline,15,fear|sadness|surprise,fear|sadness|surprise,False,0.977067316458755,
emotion-te-01386,en-Latn,brighter-eng,emotion,baseline,4,fear,anger|fear|sadness,True,0.781287536411284,
emotion-te-01387,en-Latn,brighter-eng,emotion,baseline,8,joy|surprise,anger|fear|sadness|surprise,True,0.5607414585416629,
emotion-te-01388,en-Latn,brighter-eng,emotion,baseline,4,fear|sadness,fear|sadness,False,0.6600109843808286,
emotion-te-01389,en-Latn,brighter-eng,emotion,baseline,12,anger|fear|sadness,anger|fear|sadness,False,0.6664463079528165,
emotion-te-01390,en-Latn,brighter-eng,emotion,baseline,10,none,fear|surprise,True,0.6838206755482422,
emotion-te-01391,en-Latn,brighter-eng,emotion,baseline,4,fear|sadness,fear|sadness|surprise,True,0.7566365392102697,
emotion-te-01392,en-Latn,brighter-eng,emotion,baseline,9,fear|surprise,fear|surprise,False,0.9624238146504348,
emotion-te-01393,en-Latn,brighter-eng,emotion,baseline,26,fear|surprise,fear|surprise,False,0.8098056712488125,
emotion-te-01394,en-Latn,brighter-eng,emotion,baseline,12,fear,fear|sadness,True,0.8185022888559661,
emotion-te-01395,en-Latn,brighter-eng,emotion,baseline,7,fear|sadness,fear|joy|sadness,True,0.9150655965663773,
emotion-te-01396,en-Latn,brighter-eng,emotion,baseline,10,fear|sadness,fear|sadness|surprise,True,0.8660261902965838,
emotion-te-01397,en-Latn,brighter-eng,emotion,baseline,8,fear|sadness,fear|surprise,True,0.8120889743493341,
emotion-te-01398,en-Latn,brighter-eng,emotion,baseline,17,fear|surprise,fear|sadness|surprise,True,0.5021777127590221,
emotion-te-01399,en-Latn,brighter-eng,emotion,baseline,11,fear|surprise,surprise,True,0.750312498654186,
emotion-te-01400,en-Latn,brighter-eng,emotion,baseline,12,joy|surprise,fear|joy|sadness|surprise,True,0.6645403683754237,
emotion-te-01401,en-Latn,brighter-eng,emotion,baseline,34,fear|sadness,fear|sadness,False,0.9654824797780878,
emotion-te-01402,en-Latn,brighter-eng,emotion,baseline,5,surprise,fear|sadness|surprise,True,0.6702936498073965,
emotion-te-01403,en-Latn,brighter-eng,emotion,baseline,10,fear|surprise,fear|joy|sadness,True,0.5631489065493814,
emotion-te-01404,en-Latn,brighter-eng,emotion,baseline,8,fear|surprise,joy|surprise,True,0.5059545983540611,
emotion-te-01405,en-Latn,brighter-eng,emotion,baseline,11,fear|surprise,fear|sadness,True,0.6530663782292241,
emotion-te-01406,en-Latn,brighter-eng,emotion,baseline,15,surprise,fear|sadness,True,0.6073267455763619,
emotion-te-01407,en-Latn,brighter-eng,emotion,baseline,26,anger|fear|sadness|surprise,fear|sadness,True,0.7444275920531748,
emotion-te-01408,en-Latn,brighter-eng,emotion,baseline,15,fear|surprise,anger|fear|sadness|surprise,True,0.8654528468240954,
emotion-te-01409,en-Latn,brighter-eng,emotion,baseline,4,joy,sadness,True,0.5178160469836126,
emotion-te-01410,en-Latn,brighter-eng,emotion,baseline,32,joy,fear|sadness,True,0.8432925444875746,
emotion-te-01411,en-Latn,brighter-eng,emotion,baseline,4,fear,joy|surprise,True,0.7965200883692376,
emotion-te-01412,en-Latn,brighter-eng,emotion,baseline,3,fear|sadness,fear|joy|sadness,True,0.740269726818924,
emotion-te-01413,en-Latn,brighter-eng,emotion,baseline,6,fear|joy,fear|joy,False,0.844304711685692,
emotion-te-01414,en-Latn,brighter-eng,emotion,baseline,47,fear|sadness,fear|joy|sadness,True,0.9394329929194621,
emotion-te-01415,en-Latn,brighter-eng,emotion,baseline,10,fear,fear,False,0.9847929420097997,
emotion-te-01416,en-Latn,brighter-eng,emotion,baseline,30,joy,joy,False,0.8387848098020773,
emotion-te-01417,en-Latn,brighter-eng,emotion,baseline,31,anger|fear|sadness,fear|joy|sadness,True,0.49996308666832173,
emotion-te-01418,en-Latn,brighter-eng,emotion,baseline,15,fear|sadness|surprise,fear|sadness,True,0.8372166570877352,
emotion-te-01419,en-Latn,brighter-eng,emotion,baseline,8,joy,fear|joy|surprise,True,0.6939648395877044,
emotion-te-01420,en-Latn,brighter-eng,emotion,baseline,16,fear,fear|sadness,True,0.8053961361641171,
emotion-te-01421,en-Latn,brighter-eng,emotion,baseline,23,fear|surprise,fear,True,0.4712266335762311,
emotion-te-01422,en-Latn,brighter-eng,emotion,baseline,8,fear|surprise,anger|fear|surprise,True,0.7110629738083972,
emotion-te-01423,en-Latn,brighter-eng,emotion,baseline,21,joy|surprise,fear|joy|surprise,True,0.7051992799683793,
emotion-te-01424,en-Latn,brighter-eng,emotion,baseline,16,joy|surprise,fear|joy|surprise,True,0.8886759395042753,
emotion-te-01425,en-Latn,brighter-eng,emotion,baseline,16,joy,fear|joy|surprise,True,0.652855129221693,
emotion-te-01426,en-Latn,brighter-eng,emotion,baseline,4,joy,fear|sadness|surprise,True,0.8686358111473521,
emotion-te-01427,en-Latn,brighter-eng,emotion,baseline,4,fear|sadness,fear|sadness|surprise,True,0.9014932797921115,
emotion-te-01428,en-Latn,brighter-eng,emotion,baseline,21,fear|surprise,fear|sadness|surprise,True,0.8737362704543922,
emotion-te-01429,en-Latn,brighter-eng,emotion,baseline,10,sadness,fear|sadness|surprise,True,0.7716877598158494,
emotion-te-01430,en-Latn,brighter-eng,emotion,baseline,12,anger|fear|surprise,surprise,True,0.45112705273604153,
emotion-te-01431,en-Latn,brighter-eng,emotion,baseline,27,anger,fear|sadness|surprise,True,0.8846963742243812,
emotion-te-01432,en-Latn,brighter-eng,emotion,baseline,26,joy,fear,True,0.7120019457198512,
emotion-te-01433,en-Latn,brighter-eng,emotion,baseline,17,anger|fear,fear|sadness,True,0.6124483325997528,
emotion-te-01434,en-Latn,brighter-eng,emotion,baseline,8,fear|surprise,fear|surprise,False,0.8432271903118495,
emotion-te-01435,en-Latn,brighter-eng,emotion,baseline,19,anger|joy|surprise,fear|joy|sadness,True,0.769706665265489,
emotion-te-01436,en-Latn,brighter-eng,emotion,baseline,10,fear|sadness,fear|sadness,False,0.9602209609814396,
emotion-te-01437,en-Latn,brighter-eng,emotion,baseline,8,joy,fear|sadness,True,0.5142727813449077,
emotion-te-01438,en-Latn,brighter-eng,emotion,baseline,39,joy,fear|joy|sadness,True,0.6785538867188782,
emotion-te-01439,en-Latn,brighter-eng,emotion,baseline,26,fear|surprise,fear|surprise,False,0.9918771536147347,
emotion-te-01440,en-Latn,brighter-eng,emotion,baseline,13,fear,fear|sadness,True,0.7799807136757637,
emotion-te-01441,en-Latn,brighter-eng,emotion,baseline,37,fear|sadness|surprise,fear|sadness|surprise,False,0.9048411109225007,
emotion-te-01442,en-Latn,brighter-eng,emotion,baseline,19,sadness,sadness,False,0.34905937422607275,
emotion-te-01443,en-Latn,brighter-eng,emotion,baseline,27,anger,fear|sadness,True,0.6943323516864153,
emotion-te-01444,en-Latn,brighter-eng,emotion,baseline,9,none,sadness|surprise,True,0.7488620822197151,
emotion-te-01445,en-Latn,brighter-eng,emotion,baseline,19,fear|sadness,joy|sadness,True,0.39078694204892894,
emotion-te-01446,en-Latn,brighter-eng,emotion,baseline,14,joy,fear|joy,True,0.5230060398142986,
emotion-te-01447,en-Latn,brighter-eng,emotion,baseline,11,fear,fear|joy|sadness,True,0.7017728362063429,
emotion-te-01448,en-Latn,brighter-eng,emotion,baseline,9,fear|sadness|surprise,fear|sadness|surprise,False,0.7063359066779274,
emotion-te-01449,en-Latn,brighter-eng,emotion,baseline,7,joy,fear|joy|sadness,True,0.6140676916167068,
emotion-te-01450,en-Latn,brighter-eng,emotion,baseline,28,sadness,fear|joy,True,0.6494021054340418,
emotion-te-01451,en-Latn,brighter-eng,emotion,baseline,15,anger|fear,fear|sadness,True,0.9382505074092302,
emotion-te-01452,en-Latn,brighter-eng,emotion,baseline,10,none,fear|sadness,True,0.5952032267553279,
emotion-te-01453,en-Latn,brighter-eng,emotion,baseline,8,anger|fear|sadness|surprise,fear|sadness,True,0.8725802483472256,
emotion-te-01454,en-Latn,brighter-eng,emotion,baseline,4,fear|sadness|surprise,anger|fear|sadness|surprise,True,0.7573838414622355,
emotion-te-01455,en-Latn,brighter-eng,emotion,baseline,21,anger|fear|sadness|surprise,fear|sadness|surprise,True,0.786446651213956,
emotion-te-01456,en-Latn,brighter-eng,emotion,baseline,24,none,fear,True,0.41241415788510644,
emotion-te-01457,en-Latn,brighter-eng,emotion,baseline,27,fear|joy,fear|joy|surprise,True,0.779126883538306,
emotion-te-01458,en-Latn,brighter-eng,emotion,baseline,10,fear|sadness,fear,True,0.8522088440926898,
emotion-te-01459,en-Latn,brighter-eng,emotion,baseline,4,fear|sadness,fear|joy|surprise,True,0.6770805740990762,
emotion-te-01460,en-Latn,brighter-eng,emotion,baseline,24,none,fear|sadness,True,0.7092894870210392,
emotion-te-01461,en-Latn,brighter-eng,emotion,baseline,10,fear,fear|sadness,True,0.9196804206754225,
emotion-te-01462,en-Latn,brighter-eng,emotion,baseline,3,sadness,fear|joy|sadness,True,0.4970327561303219,
emotion-te-01463,en-Latn,brighter-eng,emotion,baseline,23,fear,fear|sadness,True,0.9001139357338851,
emotion-te-01464,en-Latn,brighter-eng,emotion,baseline,4,fear|surprise,fear|joy|surprise,True,0.8582041281574118,
emotion-te-01465,en-Latn,brighter-eng,emotion,baseline,15,fear|sadness,fear|joy|sadness,True,0.9387232498899859,
emotion-te-01466,en-Latn,brighter-eng,emotion,baseline,7,anger|fear|sadness,fear|joy,True,0.7794065250924617,
emotion-te-01467,en-Latn,brighter-eng,emotion,baseline,12,sadness,fear|sadness,True,0.9317143981279596,
emotion-te-01468,en-Latn,brighter-eng,emotion,baseline,25,fear|sadness|surprise,fear|joy|sadness|surprise,True,0.8196848388256882,
emotion-te-01469,en-Latn,brighter-eng,emotion,baseline,10,anger,none,True,0.18144131670421826,
emotion-te-01470,en-Latn,brighter-eng,emotion,baseline,3,none,fear|joy,True,0.47665020869789587,
emotion-te-01471,en-Latn,brighter-eng,emotion,baseline,19,anger|fear|sadness,fear|joy|sadness|surprise,True,0.5678275739360383,
emotion-te-01472,en-Latn,brighter-eng,emotion,baseline,8,fear,fear|surprise,True,0.9577990154296555,
emotion-te-01473,en-Latn,brighter-eng,emotion,baseline,12,none,fear|sadness|surprise,True,0.7051368895240733,
emotion-te-01474,en-Latn,brighter-eng,emotion,baseline,32,joy,fear|joy|surprise,True,0.8883921083851614,
emotion-te-01475,en-Latn,brighter-eng,emotion,baseline,9,fear|surprise,joy,True,0.5856286228553615,
emotion-te-01476,en-Latn,brighter-eng,emotion,baseline,11,fear|sadness|surprise,fear|sadness|surprise,False,0.9760944235051056,
emotion-te-01477,en-Latn,brighter-eng,emotion,baseline,4,sadness,fear|sadness|surprise,True,0.5164990386063206,
emotion-te-01478,en-Latn,brighter-eng,emotion,baseline,12,sadness,fear|sadness,True,0.9262848071560252,
emotion-te-01479,en-Latn,brighter-eng,emotion,baseline,51,anger|fear|sadness|surprise,fear|sadness|surprise,True,0.962768269901107,
emotion-te-01480,en-Latn,brighter-eng,emotion,baseline,8,anger|fear|surprise,fear|sadness,True,0.670575849716396,
emotion-te-01481,en-Latn,brighter-eng,emotion,baseline,11,joy|sadness,fear|joy|sadness,True,0.6730232974160836,
emotion-te-01482,en-Latn,brighter-eng,emotion,baseline,7,fear|surprise,fear|joy|surprise,True,0.9332750154011783,
emotion-te-01483,en-Latn,brighter-eng,emotion,baseline,16,joy|surprise,joy|surprise,False,0.8501146257921947,
emotion-te-01484,en-Latn,brighter-eng,emotion,baseline,15,fear,fear|sadness|surprise,True,0.9112928759474004,
emotion-te-01485,en-Latn,brighter-eng,emotion,baseline,17,none,fear|sadness,True,0.5886939717762681,
emotion-te-01486,en-Latn,brighter-eng,emotion,baseline,8,fear,fear|joy,True,0.7855966961779779,
emotion-te-01487,en-Latn,brighter-eng,emotion,baseline,14,fear,fear,False,0.6371586635001234,
emotion-te-01488,en-Latn,brighter-eng,emotion,baseline,10,joy,fear,True,0.7299250412304659,
emotion-te-01489,en-Latn,brighter-eng,emotion,baseline,15,none,fear,True,0.8463315889904223,
emotion-te-01490,en-Latn,brighter-eng,emotion,baseline,4,joy,joy,False,0.8859051529447389,
emotion-te-01491,en-Latn,brighter-eng,emotion,baseline,16,fear,fear|sadness,True,0.8906184256944517,
emotion-te-01492,en-Latn,brighter-eng,emotion,baseline,38,fear|sadness,fear|joy|sadness|surprise,True,0.819357205457807,
emotion-te-01493,en-Latn,brighter-eng,emotion,baseline,20,none,fear|sadness,True,0.8395931723786229,
emotion-te-01494,en-Latn,brighter-eng,emotion,baseline,6,joy,fear|surprise,True,0.7671912254242287,
emotion-te-01495,en-Latn,brighter-eng,emotion,baseline,4,fear,fear|sadness|surprise,True,0.7024303462866317,
emotion-te-01496,en-Latn,brighter-eng,emotion,baseline,24,joy,fear|joy|sadness|surprise,True,0.6115830120429707,
emotion-te-01497,en-Latn,brighter-eng,emotion,baseline,39,joy,fear|sadness|surprise,True,0.634439827488017,
emotion-te-01498,en-Latn,brighter-eng,emotion,baseline,7,fear|sadness,fear|joy|sadness,True,0.9198411632762976,
emotion-te-01499,en-Latn,brighter-eng,emotion,baseline,19,fear|surprise,fear|joy|surprise,True,0.8680537493978243,
emotion-te-01500,en-Latn,brighter-eng,emotion,baseline,21,fear|sadness,anger|fear|sadness|surprise,True,0.9838821716913106,
emotion-te-01501,en-Latn,brighter-eng,emotion,baseline,13,sadness,joy|sadness,True,0.6182769473881916,
emotion-te-01502,en-Latn,brighter-eng,emotion,baseline,11,none,anger|sadness,True,0.6424567278299209,
emotion-te-01503,en-Latn,brighter-eng,emotion,baseline,16,fear,fear|surprise,True,0.931740885448559,
emotion-te-01504,en-Latn,brighter-eng,emotion,baseline,15,surprise,fear|surprise,True,0.69359772462898,
emotion-te-01505,en-Latn,brighter-eng,emotion,baseline,56,fear,fear|joy|sadness,True,0.6089170406868467,
emotion-te-01506,en-Latn,brighter-eng,emotion,baseline,22,fear|joy,fear|sadness|surprise,True,0.8833328376391631,
emotion-te-01507,en-Latn,brighter-eng,emotion,baseline,6,anger,fear|sadness,True,0.5675341279520167,
emotion-te-01508,en-Latn,brighter-eng,emotion,baseline,35,fear|sadness,fear|sadness,False,0.9650688051223798,
emotion-te-01509,en-Latn,brighter-eng,emotion,baseline,12,none,joy,True,0.39201713283238937,
emotion-te-01510,en-Latn,brighter-eng,emotion,baseline,16,fear,fear|sadness|surprise,True,0.8997266529426021,
emotion-te-01511,en-Latn,brighter-eng,emotion,baseline,12,fear|surprise,fear|sadness|surprise,True,0.7744874579470533,
emotion-te-01512,en-Latn,brighter-eng,emotion,baseline,24,joy,fear|sadness,True,0.6872281153762492,
emotion-te-01513,en-Latn,brighter-eng,emotion,baseline,5,fear|sadness,fear|sadness,False,0.9230544564859907,
emotion-te-01514,en-Latn,brighter-eng,emotion,baseline,17,none,fear|joy|surprise,True,0.8327126217561513,
emotion-te-01515,en-Latn,brighter-eng,emotion,baseline,30,fear|sadness,fear|sadness|surprise,True,0.961614337241791,
emotion-te-01516,en-Latn,brighter-eng,emotion,baseline,4,surprise,joy|surprise,True,0.8809837879795875,
emotion-te-01517,en-Latn,brighter-eng,emotion,baseline,4,anger,fear,True,0.7270359429855199,
emotion-te-01518,en-Latn,brighter-eng,emotion,baseline,20,fear,fear,False,0.7320640041846763,
emotion-te-01519,en-Latn,brighter-eng,emotion,baseline,15,fear|joy,fear|sadness,True,0.8858899658162509,
emotion-te-01520,en-Latn,brighter-eng,emotion,baseline,5,none,joy,True,0.4969233662631691,
emotion-te-01521,en-Latn,brighter-eng,emotion,baseline,10,joy,joy,False,0.7143464117758301,
emotion-te-01522,en-Latn,brighter-eng,emotion,baseline,18,none,fear|sadness|surprise,True,0.5005509153346409,
emotion-te-01523,en-Latn,brighter-eng,emotion,baseline,12,sadness,sadness,False,0.9133625711290473,
emotion-te-01524,en-Latn,brighter-eng,emotion,baseline,13,fear|surprise,fear|sadness|surprise,True,0.9083864033580075,
emotion-te-01525,en-Latn,brighter-eng,emotion,baseline,13,anger|fear,joy|surprise,True,0.8113159856964909,
emotion-te-01526,en-Latn,brighter-eng,emotion,baseline,9,anger|fear,fear,True,0.8364307944628417,
emotion-te-01527,en-Latn,brighter-eng,emotion,baseline,17,joy,joy,False,0.556929278766889,
emotion-te-01528,en-Latn,brighter-eng,emotion,baseline,8,joy,fear|sadness,True,0.6646594789920174,
emotion-te-01529,en-Latn,brighter-eng,emotion,baseline,46,none,joy|sadness,True,0.7450699470959468,
emotion-te-01530,en-Latn,brighter-eng,emotion,baseline,3,fear|surprise,fear|sadness,True,0.6519943231935516,
emotion-te-01531,en-Latn,brighter-eng,emotion,baseline,28,fear,fear|joy|sadness,True,0.8595514944266874,
emotion-te-01532,en-Latn,brighter-eng,emotion,baseline,4,none,joy|sadness,True,0.4169784370017437,
emotion-te-01533,en-Latn,brighter-eng,emotion,baseline,11,fear|surprise,fear,True,0.6176036912601601,
emotion-te-01534,en-Latn,brighter-eng,emotion,baseline,19,fear,fear|joy,True,0.964067416196533,
emotion-te-01535,en-Latn,brighter-eng,emotion,baseline,21,fear|sadness,fear|sadness,False,0.9792602140437648,
emotion-te-01536,en-Latn,brighter-eng,emotion,baseline,26,joy,fear|joy|sadness,True,0.6528741495459951,
emotion-te-01537,en-Latn,brighter-eng,emotion,baseline,13,fear|surprise,fear|sadness,True,0.7304165185154383,
emotion-te-01538,en-Latn,brighter-eng,emotion,baseline,15,anger|sadness|surprise,fear|surprise,True,0.6509250836499756,
emotion-te-01539,en-Latn,brighter-eng,emotion,baseline,10,surprise,fear|joy|sadness|surprise,True,0.8703091565505953,
emotion-te-01540,en-Latn,brighter-eng,emotion,baseline,13,fear|sadness,fear|joy|sadness,True,0.5279826072603454,
emotion-te-01541,en-Latn,brighter-eng,emotion,baseline,15,none,joy,True,0.8921802084842033,
emotion-te-01542,en-Latn,brighter-eng,emotion,baseline,10,fear|surprise,fear,True,0.7223035069722734,
emotion-te-01543,en-Latn,brighter-eng,emotion,baseline,4,sadness|surprise,joy|sadness|surprise,True,0.4843047339958237,
emotion-te-01544,en-Latn,brighter-eng,emotion,baseline,11,anger|fear|surprise,fear|sadness|surprise,True,0.9763922215712836,
emotion-te-01545,en-Latn,brighter-eng,emotion,baseline,13,sadness,fear|sadness,True,0.5869392406968168,
emotion-te-01546,en-Latn,brighter-eng,emotion,baseline,5,fear|sadness|surprise,fear|joy|sadness|surprise,True,0.9146096220992723,
emotion-te-01547,en-Latn,brighter-eng,emotion,baseline,18,fear,fear|joy,True,0.7357620817900244,
emotion-te-01548,en-Latn,brighter-eng,emotion,baseline,10,fear,fear|sadness|surprise,True,0.8526707094746364,
emotion-te-01549,en-Latn,brighter-eng,emotion,baseline,9,fear,fear|joy,True,0.8210335593337159,
emotion-te-01550,en-Latn,brighter-eng,emotion,baseline,8,none,fear|sadness,True,0.5551623503816848,
emotion-te-01551,en-Latn,brighter-eng,emotion,baseline,4,anger|fear,fear|sadness|surprise,True,0.8727405256291397,
emotion-te-01552,en-Latn,brighter-eng,emotion,baseline,10,none,fear|joy|sadness,True,0.8834377836806125,
emotion-te-01553,en-Latn,brighter-eng,emotion,baseline,82,anger|fear|sadness,fear|joy|sadness|surprise,True,0.8767412884431516,
emotion-te-01554,en-Latn,brighter-eng,emotion,baseline,36,joy,fear|joy|sadness|surprise,True,0.8372333049030503,
emotion-te-01555,en-Latn,brighter-eng,emotion,baseline,5,joy,joy,False,0.9236824500968849,
emotion-te-01556,en-Latn,brighter-eng,emotion,baseline,16,joy,fear|joy|sadness,True,0.6363970776090913,
emotion-te-01557,en-Latn,brighter-eng,emotion,baseline,21,fear,fear|sadness|surprise,True,0.9506614264546503,
emotion-te-01558,en-Latn,brighter-eng,emotion,baseline,49,fear|surprise,fear|sadness|surprise,True,0.8927749674911419,
emotion-te-01559,en-Latn,brighter-eng,emotion,baseline,15,sadness,fear|sadness,True,0.9628342958739033,
emotion-te-01560,en-Latn,brighter-eng,emotion,baseline,30,joy,fear|sadness|surprise,True,0.8750663247598504,
emotion-te-01561,en-Latn,brighter-eng,emotion,baseline,18,fear|sadness,fear|sadness|surprise,True,0.9390033143650324,
emotion-te-01562,en-Latn,brighter-eng,emotion,baseline,4,fear|sadness,fear|sadness,False,0.9064247837671495,
emotion-te-01563,en-Latn,brighter-eng,emotion,baseline,15,fear|sadness,fear|sadness,False,0.9470647852281507,
emotion-te-01564,en-Latn,brighter-eng,emotion,baseline,23,joy|surprise,fear|joy|surprise,True,0.9274427358351758,
emotion-te-01565,en-Latn,brighter-eng,emotion,baseline,5,anger|fear|sadness,fear|sadness|surprise,True,0.8904774637234444,
emotion-te-01566,en-Latn,brighter-eng,emotion,baseline,33,joy,fear|joy|sadness,True,0.6095678143752037,
emotion-te-01567,en-Latn,brighter-eng,emotion,baseline,26,fear|surprise,fear|joy|sadness,True,0.5584050087618354,
emotion-te-01568,en-Latn,brighter-eng,emotion,baseline,14,fear|surprise,fear|sadness,True,0.8943546565614049,
emotion-te-01569,en-Latn,brighter-eng,emotion,baseline,27,fear,fear|joy,True,0.9342312906554703,
emotion-te-01570,en-Latn,brighter-eng,emotion,baseline,5,fear|surprise,fear|sadness,True,0.6192213063658637,
emotion-te-01571,en-Latn,brighter-eng,emotion,baseline,18,fear|sadness,fear|sadness,False,0.7435008621071277,
emotion-te-01572,en-Latn,brighter-eng,emotion,baseline,34,fear|joy|surprise,fear,True,0.888024492972124,
emotion-te-01573,en-Latn,brighter-eng,emotion,baseline,32,anger|sadness,fear|sadness,True,0.7577327943112852,
emotion-te-01574,en-Latn,brighter-eng,emotion,baseline,7,anger|fear,anger|sadness,True,0.6125759787720182,
emotion-te-01575,en-Latn,brighter-eng,emotion,baseline,10,joy,fear|sadness,True,0.4073626407580135,
emotion-te-01576,en-Latn,brighter-eng,emotion,baseline,28,fear|surprise,fear|sadness|surprise,True,0.6725690897831352,
emotion-te-01577,en-Latn,brighter-eng,emotion,baseline,11,fear|sadness|surprise,fear|joy|sadness|surprise,True,0.9439882546027433,
emotion-te-01578,en-Latn,brighter-eng,emotion,baseline,24,joy,fear|joy|sadness,True,0.6704773760388371,
emotion-te-01579,en-Latn,brighter-eng,emotion,baseline,14,fear|sadness,fear,True,0.7851693236787088,
emotion-te-01580,en-Latn,brighter-eng,emotion,baseline,8,fear|surprise,fear|sadness|surprise,True,0.9215230004067931,
emotion-te-01581,en-Latn,brighter-eng,emotion,baseline,24,joy,fear|sadness|surprise,True,0.9614431160816775,
emotion-te-01582,en-Latn,brighter-eng,emotion,baseline,4,fear|sadness,fear,True,0.7314353150320674,
emotion-te-01583,en-Latn,brighter-eng,emotion,baseline,15,sadness,fear|sadness,True,0.9367097202557139,
emotion-te-01584,en-Latn,brighter-eng,emotion,baseline,3,none,sadness,True,0.5045798644784435,
emotion-te-01585,en-Latn,brighter-eng,emotion,baseline,23,fear|sadness|surprise,fear|joy|sadness|surprise,True,0.7602015661973323,
emotion-te-01586,en-Latn,brighter-eng,emotion,baseline,24,fear|surprise,fear|surprise,False,0.9568916222115325,
emotion-te-01587,en-Latn,brighter-eng,emotion,baseline,19,fear|joy,fear|joy|sadness|surprise,True,0.7403422074489906,
emotion-te-01588,en-Latn,brighter-eng,emotion,baseline,22,fear|sadness|surprise,fear|sadness|surprise,False,0.9670071167343023,
emotion-te-01589,en-Latn,brighter-eng,emotion,baseline,4,fear|sadness|surprise,fear|sadness|surprise,False,0.8026831582892718,
emotion-te-01590,en-Latn,brighter-eng,emotion,baseline,13,fear|sadness,fear,True,0.9789529359748219,
emotion-te-01591,en-Latn,brighter-eng,emotion,baseline,8,none,surprise,True,0.7176114806551674,
emotion-te-01592,en-Latn,brighter-eng,emotion,baseline,22,fear|sadness,sadness,True,0.5478156051393553,
emotion-te-01593,en-Latn,brighter-eng,emotion,baseline,4,fear|surprise,fear|surprise,False,0.763569607925436,
emotion-te-01594,en-Latn,brighter-eng,emotion,baseline,19,fear|sadness,fear|joy|sadness,True,0.8841263502414368,
emotion-te-01595,en-Latn,brighter-eng,emotion,baseline,10,sadness,fear|joy|surprise,True,0.7179238428893098,
emotion-te-01596,en-Latn,brighter-eng,emotion,baseline,40,fear,fear,False,0.8715795365671094,
emotion-te-01597,en-Latn,brighter-eng,emotion,baseline,18,joy,joy,False,0.7897278982894574,
emotion-te-01598,en-Latn,brighter-eng,emotion,baseline,10,fear|surprise,none,True,0.32819439409702994,
emotion-te-01599,en-Latn,brighter-eng,emotion,baseline,23,anger|fear,anger|fear|sadness|surprise,True,0.8875391181461558,
emotion-te-01600,en-Latn,brighter-eng,emotion,baseline,3,sadness,fear|sadness|surprise,True,0.8863928532035821,
emotion-te-01601,en-Latn,brighter-eng,emotion,baseline,10,joy,anger|sadness|surprise,True,0.7862933281752897,
emotion-te-01602,en-Latn,brighter-eng,emotion,baseline,12,fear|sadness|surprise,fear|sadness|surprise,False,0.9432281405654246,
emotion-te-01603,en-Latn,brighter-eng,emotion,baseline,38,joy,fear|sadness|surprise,True,0.7897994933439965,
emotion-te-01604,en-Latn,brighter-eng,emotion,baseline,7,surprise,fear|sadness,True,0.6170412000633286,
emotion-te-01605,en-Latn,brighter-eng,emotion,baseline,5,joy,anger|fear|sadness|surprise,True,0.9241787460074222,
emotion-te-01606,en-Latn,brighter-eng,emotion,baseline,7,fear|joy|surprise,fear,True,0.6582187041119085,
emotion-te-01607,en-Latn,brighter-eng,emotion,baseline,6,fear|surprise,anger|fear|surprise,True,0.8546492613062655,
emotion-te-01608,en-Latn,brighter-eng,emotion,baseline,4,joy,fear,True,0.42450242015789413,
emotion-te-01609,en-Latn,brighter-eng,emotion,baseline,13,fear,fear,False,0.7838431573838561,
emotion-te-01610,en-Latn,brighter-eng,emotion,baseline,7,fear|surprise,fear|joy|sadness|surprise,True,0.7099673136985861,
emotion-te-01611,en-Latn,brighter-eng,emotion,baseline,15,none,joy,True,0.6735358310361416,
emotion-te-01612,en-Latn,brighter-eng,emotion,baseline,12,fear|sadness,joy|sadness,True,0.3348708765752173,
emotion-te-01613,en-Latn,brighter-eng,emotion,baseline,5,fear,fear|sadness,True,0.8480660596325182,
emotion-te-01614,en-Latn,brighter-eng,emotion,baseline,23,anger|fear,anger|fear|joy|sadness,True,0.87007813466514,
emotion-te-01615,en-Latn,brighter-eng,emotion,baseline,8,joy,fear|sadness,True,0.5067820535611405,
emotion-te-01616,en-Latn,brighter-eng,emotion,baseline,7,anger|fear|sadness|surprise,fear|surprise,True,0.7154997948146993,
emotion-te-01617,en-Latn,brighter-eng,emotion,baseline,11,fear|sadness|surprise,fear|sadness|surprise,False,0.7941241104239369,
emotion-te-01618,en-Latn,brighter-eng,emotion,baseline,11,surprise,sadness|surprise,True,0.7679252342298104,
emotion-te-01619,en-Latn,brighter-eng,emotion,baseline,34,fear,fear|joy|sadness,True,0.7494324182925237,
emotion-te-01620,en-Latn,brighter-eng,emotion,baseline,4,joy|surprise,joy|surprise,False,0.7281463050085939,
emotion-te-01621,en-Latn,brighter-eng,emotion,baseline,21,joy,fear|joy|sadness,True,0.7564328703406582,
emotion-te-01622,en-Latn,brighter-eng,emotion,baseline,24,fear,fear|sadness,True,0.8173544249662973,
emotion-te-01623,en-Latn,brighter-eng,emotion,baseline,9,fear|sadness,sadness,True,0.3196627372649547,
emotion-te-01624,en-Latn,brighter-eng,emotion,baseline,16,fear|surprise,fear|sadness|surprise,True,0.9212520813768849,
emotion-te-01625,en-Latn,brighter-eng,emotion,baseline,7,surprise,joy,True,0.31551267543917044,
emotion-te-01626,en-Latn,brighter-eng,emotion,baseline,4,none,fear|sadness,True,0.5420222157531187,
emotion-te-01627,en-Latn,brighter-eng,emotion,baseline,24,fear|sadness,fear|joy|sadness,True,0.8288744293139084,
emotion-te-01628,en-Latn,brighter-eng,emotion,baseline,16,surprise,fear|surprise,True,0.8368466054856758,
emotion-te-01629,en-Latn,brighter-eng,emotion,baseline,20,fear|surprise,fear|joy|sadness|surprise,True,0.8864487261235503,
emotion-te-01630,en-Latn,brighter-eng,emotion,baseline,22,fear|surprise,fear|joy,True,0.7361894724709415,
emotion-te-01631,en-Latn,brighter-eng,emotion,baseline,4,sadness,joy|sadness,True,0.8641912509969543,
emotion-te-01632,en-Latn,brighter-eng,emotion,baseline,4,joy|surprise,anger|fear|sadness|surprise,True,0.8521576935296846,
emotion-te-01633,en-Latn,brighter-eng,emotion,baseline,4,joy,fear|sadness|surprise,True,0.7666933101522865,
emotion-te-01634,en-Latn,brighter-eng,emotion,baseline,5,none,joy|sadness,True,0.37136916827692346,
emotion-te-01635,en-Latn,brighter-eng,emotion,baseline,7,fear|surprise,fear|sadness,True,0.7822568759121846,
emotion-te-01636,en-Latn,brighter-eng,emotion,baseline,12,fear|sadness,sadness|surprise,True,0.8318387314763416,
emotion-te-01637,en-Latn,brighter-eng,emotion,baseline,6,anger|fear|sadness|surprise,fear|sadness|surprise,True,0.8897092310463253,
emotion-te-01638,en-Latn,brighter-eng,emotion,baseline,4,fear|sadness,anger|fear|sadness,True,0.7750614747427317,
emotion-te-01639,en-Latn,brighter-eng,emotion,baseline,8,fear|surprise,fear|sadness,True,0.9635282692871961,
emotion-te-01640,en-Latn,brighter-eng,emotion,baseline,18,fear|surprise,surprise,True,0.6471762289869747,
emotion-te-01641,en-Latn,brighter-eng,emotion,baseline,21,fear|surprise,joy|surprise,True,0.5996675102750765,
emotion-te-01642,en-Latn,brighter-eng,emotion,baseline,29,fear|sadness,fear|sadness,False,0.9158121033491688,
emotion-te-01643,en-Latn,brighter-eng,emotion,baseline,42,fear|joy|sadness,fear|sadness|surprise,True,0.9165545696144821,
emotion-te-01644,en-Latn,brighter-eng,emotion,baseline,7,joy|surprise,fear|sadness|surprise,True,0.9081518981400902,
emotion-te-01645,en-Latn,brighter-eng,emotion,baseline,9,joy|surprise,fear|sadness|surprise,True,0.8779420277223609,
emotion-te-01646,en-Latn,brighter-eng,emotion,baseline,14,fear|sadness,fear,True,0.6619865524938577,
emotion-te-01647,en-Latn,brighter-eng,emotion,baseline,40,fear|sadness,fear|sadness,False,0.9902952787065749,
emotion-te-01648,en-Latn,brighter-eng,emotion,baseline,14,fear|joy,fear|joy|sadness|surprise,True,0.9332143490085011,
emotion-te-01649,en-Latn,brighter-eng,emotion,baseline,9,none,fear|joy|sadness,True,0.483901762328166,
emotion-te-01650,en-Latn,brighter-eng,emotion,baseline,6,fear|sadness,fear|sadness,False,0.6403795997099503,
emotion-te-01651,en-Latn,brighter-eng,emotion,baseline,12,fear|surprise,fear|joy|sadness|surprise,True,0.5959924390649399,
emotion-te-01652,en-Latn,brighter-eng,emotion,baseline,18,none,joy|sadness,True,0.5971113758696014,
emotion-te-01653,en-Latn,brighter-eng,emotion,baseline,11,joy|surprise,fear|joy,True,0.5928732730814839,
emotion-te-01654,en-Latn,brighter-eng,emotion,baseline,18,joy,joy,False,0.4833089590473937,
emotion-te-01655,en-Latn,brighter-eng,emotion,baseline,19,joy,fear,True,0.5058325197287464,
emotion-te-01656,en-Latn,brighter-eng,emotion,baseline,16,fear|surprise,fear|joy|sadness|surprise,True,0.8663654607065999,
emotion-te-01657,en-Latn,brighter-eng,emotion,baseline,36,fear|sadness,fear|sadness,False,0.8790505503245524,
emotion-te-01658,en-Latn,brighter-eng,emotion,baseline,28,fear,fear|surprise,True,0.6370638792784975,
emotion-te-01659,en-Latn,brighter-eng,emotion,baseline,55,fear|sadness,fear,True,0.6598522990510711,
emotion-te-01660,en-Latn,brighter-eng,emotion,baseline,16,fear|sadness,fear|sadness|surprise,True,0.5726842494381614,
emotion-te-01661,en-Latn,brighter-eng,emotion,baseline,7,none,none,False,0.21146839973517734,
emotion-te-01662,en-Latn,brighter-eng,emotion,baseline,14,fear|sadness,fear|joy|sadness,True,0.667976253553105,
emotion-te-01663,en-Latn,brighter-eng,emotion,baseline,7,none,fear|sadness,True,0.4485964591820146,
emotion-te-01664,en-Latn,brighter-eng,emotion,baseline,4,fear,fear|sadness,True,0.9223671332661043,
emotion-te-01665,en-Latn,brighter-eng,emotion,baseline,13,anger|fear|sadness|surprise,fear|sadness|surprise,True,0.7774065682083494,
emotion-te-01666,en-Latn,brighter-eng,emotion,baseline,10,fear|sadness,fear|sadness|surprise,True,0.8508003603329324,
emotion-te-01667,en-Latn,brighter-eng,emotion,baseline,8,surprise,fear|joy|sadness|surprise,True,0.6816405047686646,
emotion-te-01668,en-Latn,brighter-eng,emotion,baseline,16,none,fear|joy|sadness|surprise,True,0.6766882404010024,
emotion-te-01669,en-Latn,brighter-eng,emotion,baseline,4,joy|surprise,joy,True,0.6217773691820302,
emotion-te-01670,en-Latn,brighter-eng,emotion,baseline,25,fear,fear|surprise,True,0.5556339925020115,
emotion-te-01671,en-Latn,brighter-eng,emotion,baseline,3,surprise,fear|joy|sadness,True,0.4318654797847933,
emotion-te-01672,en-Latn,brighter-eng,emotion,baseline,5,joy,joy,False,0.7435256482219721,
emotion-te-01673,en-Latn,brighter-eng,emotion,baseline,11,sadness,fear|sadness,True,0.8269674508824331,
emotion-te-01674,en-Latn,brighter-eng,emotion,baseline,9,anger|fear,fear|sadness,True,0.6547893090100618,
emotion-te-01675,en-Latn,brighter-eng,emotion,baseline,20,joy|surprise,fear|surprise,True,0.819872699540953,
emotion-te-01676,en-Latn,brighter-eng,emotion,baseline,13,fear,fear|surprise,True,0.8748639229287676,
emotion-te-01677,en-Latn,brighter-eng,emotion,baseline,8,joy|surprise,joy|surprise,False,0.8983832026951206,
emotion-te-01678,en-Latn,brighter-eng,emotion,baseline,8,anger|fear,fear|surprise,True,0.5109174742987396,
emotion-te-01679,en-Latn,brighter-eng,emotion,baseline,7,fear|sadness|surprise,fear|surprise,True,0.9252839610685735,
emotion-te-01680,en-Latn,brighter-eng,emotion,baseline,20,joy,fear|sadness,True,0.7153078632696407,
emotion-te-01681,en-Latn,brighter-eng,emotion,baseline,23,fear|sadness,fear|joy,True,0.9089330154112618,
emotion-te-01682,en-Latn,brighter-eng,emotion,baseline,16,fear|surprise,fear|joy|surprise,True,0.9624029585760296,
emotion-te-01683,en-Latn,brighter-eng,emotion,baseline,4,none,anger|fear|sadness,True,0.8226770506733394,
emotion-te-01684,en-Latn,brighter-eng,emotion,baseline,20,fear|surprise,fear|surprise,False,0.5904158099282775,
emotion-te-01685,en-Latn,brighter-eng,emotion,baseline,25,fear|sadness|surprise,anger|fear|sadness|surprise,True,0.5816765969577364,
emotion-te-01686,en-Latn,brighter-eng,emotion,baseline,7,anger|fear|sadness|surprise,sadness|surprise,True,0.7514264159860524,
emotion-te-01687,en-Latn,brighter-eng,emotion,baseline,10,joy,joy|sadness,True,0.9500598488961696,
emotion-te-01688,en-Latn,brighter-eng,emotion,baseline,8,fear|sadness|surprise,fear|sadness|surprise,False,0.9708003932490146,
emotion-te-01689,en-Latn,brighter-eng,emotion,baseline,24,anger,fear|joy,True,0.4718658255761888,
emotion-te-01690,en-Latn,brighter-eng,emotion,baseline,16,joy,joy|sadness,True,0.751837256759515,
emotion-te-01691,en-Latn,brighter-eng,emotion,baseline,12,fear|sadness,fear|sadness,False,0.8161286209118614,
emotion-te-01692,en-Latn,brighter-eng,emotion,baseline,32,fear|surprise,fear|surprise,False,0.8316412774385381,
emotion-te-01693,en-Latn,brighter-eng,emotion,baseline,28,fear|sadness,fear|joy|surprise,True,0.5837039709088718,
emotion-te-01694,en-Latn,brighter-eng,emotion,baseline,40,joy,fear|sadness,True,0.5543603048425718,
emotion-te-01695,en-Latn,brighter-eng,emotion,baseline,19,anger|fear,fear|sadness,True,0.5447169946183711,
emotion-te-01696,en-Latn,brighter-eng,emotion,baseline,4,anger|fear|sadness|surprise,joy|sadness,True,0.45706686603472624,
emotion-te-01697,en-Latn,brighter-eng,emotion,baseline,9,joy,fear|sadness,True,0.8492441429376187,
emotion-te-01698,en-Latn,brighter-eng,emotion,baseline,5,anger|fear,fear|sadness,True,0.48305229809704747,
emotion-te-01699,en-Latn,brighter-eng,emotion,baseline,28,fear|sadness,joy,True,0.3402544767883422,
emotion-te-01700,en-Latn,brighter-eng,emotion,baseline,15,none,fear|sadness,True,0.7233359434528133,
emotion-te-01701,en-Latn,brighter-eng,emotion,baseline,4,fear|sadness|surprise,fear|sadness|surprise,False,0.8306048901635368,
emotion-te-01702,en-Latn,brighter-eng,emotion,baseline,8,anger,fear|sadness|surprise,True,0.9015856928345067,
emotion-te-01703,en-Latn,brighter-eng,emotion,baseline,20,joy,joy,False,0.45363663772686946,
emotion-te-01704,en-Latn,brighter-eng,emotion,baseline,22,fear|surprise,fear|sadness|surprise,True,0.8480245159027541,
emotion-te-01705,en-Latn,brighter-eng,emotion,baseline,7,none,fear,True,0.5669623462745306,
emotion-te-01706,en-Latn,brighter-eng,emotion,baseline,11,fear|joy|sadness|surprise,joy|surprise,True,0.8572487170593457,
emotion-te-01707,en-Latn,brighter-eng,emotion,baseline,6,fear|sadness,fear|sadness,False,0.9280233135374077,
emotion-te-01708,en-Latn,brighter-eng,emotion,baseline,16,fear|sadness|surprise,fear|sadness|surprise,False,0.9300675173957349,
emotion-te-01709,en-Latn,brighter-eng,emotion,baseline,20,anger|fear|surprise,fear|joy|surprise,True,0.6277845404304314,
emotion-te-01710,en-Latn,brighter-eng,emotion,baseline,20,fear|surprise,fear|joy|surprise,True,0.9074035076078955,
emotion-te-01711,en-Latn,brighter-eng,emotion,baseline,26,joy,joy,False,0.35456453852377334,
emotion-te-01712,en-Latn,brighter-eng,emotion,baseline,33,joy,fear|sadness,True,0.7232429160785485,
emotion-te-01713,en-Latn,brighter-eng,emotion,baseline,8,fear|joy|surprise,fear|joy|surprise,False,0.8886441162615716,
emotion-te-01714,en-Latn,brighter-eng,emotion,baseline,11,fear|surprise,fear|joy|sadness,True,0.7667337510563883,
emotion-te-01715,en-Latn,brighter-eng,emotion,baseline,6,sadness,sadness,False,0.5893986625700378,
emotion-te-01716,en-Latn,brighter-eng,emotion,baseline,14,fear|surprise,fear|surprise,False,0.9355752811884598,
emotion-te-01717,en-Latn,brighter-eng,emotion,baseline,18,joy,joy,False,0.5603943791042615,
emotion-te-01718,en-Latn,brighter-eng,emotion,baseline,4,fear|surprise,fear|sadness,True,0.6048673119876417,
emotion-te-01719,en-Latn,brighter-eng,emotion,baseline,19,fear|sadness|surprise,fear|sadness,True,0.6177899458828326,
emotion-te-01720,en-Latn,brighter-eng,emotion,baseline,33,none,fear|joy|sadness,True,0.8811266694477878,
emotion-te-01721,en-Latn,brighter-eng,emotion,baseline,27,fear|sadness,fear|sadness,False,0.8822995059611947,
emotion-te-01722,en-Latn,brighter-eng,emotion,baseline,16,fear|surprise,fear|joy|sadness|surprise,True,0.831337048889991,
emotion-te-01723,en-Latn,brighter-eng,emotion,baseline,6,surprise,fear|joy|sadness|surprise,True,0.6488104352647337,
emotion-te-01724,en-Latn,brighter-eng,emotion,baseline,14,fear|joy|surprise,fear|surprise,True,0.7775931097412341,
emotion-te-01725,en-Latn,brighter-eng,emotion,baseline,5,joy|surprise,joy|surprise,False,0.8765596875107364,
emotion-te-01726,en-Latn,brighter-eng,emotion,baseline,7,fear|joy,fear|joy,False,0.7227762618806547,
emotion-te-01727,en-Latn,brighter-eng,emotion,baseline,6,sadness|surprise,fear|sadness|surprise,True,0.9015552094484324,
emotion-te-01728,en-Latn,brighter-eng,emotion,baseline,8,joy,joy|sadness,True,0.8404316607592798,
emotion-te-01729,en-Latn,brighter-eng,emotion,baseline,21,sadness,fear|sadness,True,0.9579524055258305,
emotion-te-01730,en-Latn,brighter-eng,emotion,baseline,19,anger|surprise,fear|joy|sadness|surprise,True,0.8430975968409572,
emotion-te-01731,en-Latn,brighter-eng,emotion,baseline,8,none,joy,True,0.39735330913465866,
emotion-te-01732,en-Latn,brighter-eng,emotion,baseline,7,none,fear|sadness,True,0.6703049677498434,
emotion-te-01733,en-Latn,brighter-eng,emotion,baseline,17,fear|sadness,fear|joy|sadness,True,0.9568355995739132,
emotion-te-01734,en-Latn,brighter-eng,emotion,baseline,22,fear|sadness,fear|joy|sadness,True,0.8435776709380253,
emotion-te-01735,en-Latn,brighter-eng,emotion,baseline,10,fear|surprise,surprise,True,0.6932611569619384,
emotion-te-01736,en-Latn,brighter-eng,emotion,baseline,8,surprise,fear|joy|surprise,True,0.5588665436798466,
emotion-te-01737,en-Latn,brighter-eng,emotion,baseline,16,fear,fear|joy|sadness,True,0.8509168109443882,
emotion-te-01738,en-Latn,brighter-eng,emotion,baseline,8,anger|sadness,anger|fear|sadness|surprise,True,0.642524453529212,
emotion-te-01739,en-Latn,brighter-eng,emotion,baseline,19,anger,joy|sadness,True,0.6766693022081706,
emotion-te-01740,en-Latn,brighter-eng,emotion,baseline,34,fear,fear|joy,True,0.44031676119757807,
emotion-te-01741,en-Latn,brighter-eng,emotion,baseline,54,fear|joy,fear|sadness,True,0.9120668984256128,
emotion-te-01742,en-Latn,brighter-eng,emotion,baseline,47,fear|sadness,fear|joy|sadness|surprise,True,0.7483351554147146,
emotion-te-01743,en-Latn,brighter-eng,emotion,baseline,4,fear|sadness,joy|sadness|surprise,True,0.6356482493054305,
emotion-te-01744,en-Latn,brighter-eng,emotion,baseline,4,fear|surprise,fear|sadness|surprise,True,0.9656531864755339,
emotion-te-01745,en-Latn,brighter-eng,emotion,baseline,13,joy,fear|joy,True,0.662124762337137,
emotion-te-01746,en-Latn,brighter-eng,emotion,baseline,16,fear|surprise,fear|sadness|surprise,True,0.9841101470286969,
emotion-te-01747,en-Latn,brighter-eng,emotion,baseline,41,fear|sadness,fear|sadness,False,0.7866349805949056,
emotion-te-01748,en-Latn,brighter-eng,emotion,baseline,24,fear|surprise,fear|surprise,False,0.6438045161054162,
emotion-te-01749,en-Latn,brighter-eng,emotion,baseline,8,joy,fear|sadness,True,0.71736616563805,
emotion-te-01750,en-Latn,brighter-eng,emotion,baseline,5,fear|joy|surprise,fear|surprise,True,0.8579908860268999,
emotion-te-01751,en-Latn,brighter-eng,emotion,baseline,46,anger|fear|sadness|surprise,fear|sadness,True,0.8678012528075768,
emotion-te-01752,en-Latn,brighter-eng,emotion,baseline,28,fear|sadness|surprise,fear|surprise,True,0.9314552255591722,
emotion-te-01753,en-Latn,brighter-eng,emotion,baseline,14,joy,joy,False,0.3724516697609578,
emotion-te-01754,en-Latn,brighter-eng,emotion,baseline,10,fear|surprise,fear|sadness|surprise,True,0.9163885807856075,
emotion-te-01755,en-Latn,brighter-eng,emotion,baseline,19,fear|sadness,fear|sadness,False,0.8362900092033125,
emotion-te-01756,en-Latn,brighter-eng,emotion,baseline,36,joy|surprise,fear|joy|sadness|surprise,True,0.9031904524823587,
emotion-te-01757,en-Latn,brighter-eng,emotion,baseline,11,anger|fear|sadness,fear|joy,True,0.8367277130402205,
emotion-te-01758,en-Latn,brighter-eng,emotion,baseline,7,fear|surprise,fear|joy|sadness|surprise,True,0.856032077046361,
emotion-te-01759,en-Latn,brighter-eng,emotion,baseline,17,anger|fear,fear|joy|sadness,True,0.6033454887267486,
emotion-te-01760,en-Latn,brighter-eng,emotion,baseline,6,anger,anger|fear|joy|sadness|surprise,True,0.6731386525392079,
emotion-te-01761,en-Latn,brighter-eng,emotion,baseline,6,fear|surprise,fear|sadness|surprise,True,0.5691761673997987,
emotion-te-01762,en-Latn,brighter-eng,emotion,baseline,8,fear,fear|sadness,True,0.8179475010975475,
emotion-te-01763,en-Latn,brighter-eng,emotion,baseline,10,joy,fear|sadness,True,0.7273349007843924,
emotion-te-01764,en-Latn,brighter-eng,emotion,baseline,32,joy|surprise,fear|joy|surprise,True,0.9011252392203472,
emotion-te-01765,en-Latn,brighter-eng,emotion,baseline,16,anger|fear|sadness|surprise,anger|fear|sadness,True,0.8803650697660587,
emotion-te-01766,en-Latn,brighter-eng,emotion,baseline,7,fear,fear,False,0.843623257315226,
emotion-te-01767,en-Latn,brighter-eng,emotion,baseline,16,fear|sadness,none,True,0.29850039294344893,
emotion-te-01768,en-Latn,brighter-eng,emotion,baseline,11,fear,fear|surprise,True,0.9666895532915853,
emotion-te-01769,en-Latn,brighter-eng,emotion,baseline,5,none,fear|sadness|surprise,True,0.8002373621269501,
emotion-te-01770,en-Latn,brighter-eng,emotion,baseline,20,fear|sadness,fear|sadness|surprise,True,0.9486125696389076,
emotion-te-01771,en-Latn,brighter-eng,emotion,baseline,18,fear|surprise,fear|joy|surprise,True,0.8018796211932249,
emotion-te-01772,en-Latn,brighter-eng,emotion,baseline,20,joy,fear|joy,True,0.7128460210269502,
emotion-te-01773,en-Latn,brighter-eng,emotion,baseline,4,fear|sadness,fear|sadness,False,0.9697425888515351,
emotion-te-01774,en-Latn,brighter-eng,emotion,baseline,3,fear,sadness,True,0.47399701240499836,
emotion-te-01775,en-Latn,brighter-eng,emotion,baseline,6,surprise,fear|joy|surprise,True,0.7076865402578044,
emotion-te-01776,en-Latn,brighter-eng,emotion,baseline,15,fear|sadness,fear|sadness,False,0.980516854626186,
emotion-te-01777,en-Latn,brighter-eng,emotion,baseline,14,joy|surprise,fear|joy|sadness,True,0.5060977987151117,
emotion-te-01778,en-Latn,brighter-eng,emotion,baseline,11,fear,fear|joy|sadness,True,0.7922192517716424,
emotion-te-01779,en-Latn,brighter-eng,emotion,baseline,16,fear,fear|sadness|surprise,True,0.5930619300329083,
emotion-te-01780,en-Latn,brighter-eng,emotion,baseline,14,fear|surprise,fear|sadness,True,0.6375580910154427,
emotion-te-01781,en-Latn,brighter-eng,emotion,baseline,31,anger|surprise,fear|surprise,True,0.8584058356253593,
emotion-te-01782,en-Latn,brighter-eng,emotion,baseline,15,anger|fear,fear|sadness,True,0.8658520186201282,
emotion-te-01783,en-Latn,brighter-eng,emotion,baseline,28,joy,fear|surprise,True,0.7559030386526502,
emotion-te-01784,en-Latn,brighter-eng,emotion,baseline,19,fear,fear|surprise,True,0.6447388800524397,
emotion-te-01785,en-Latn,brighter-eng,emotion,baseline,4,fear|sadness,surprise,True,0.5284996783484782,
emotion-te-01786,en-Latn,brighter-eng,emotion,baseline,6,fear|surprise,fear|surprise,False,0.8387986286983425,
emotion-te-01787,en-Latn,brighter-eng,emotion,baseline,4,joy,none,True,0.28978176669381617,
emotion-te-01788,en-Latn,brighter-eng,emotion,baseline,12,fear|sadness,fear|sadness|surprise,True,0.8658658304389975,
emotion-te-01789,en-Latn,brighter-eng,emotion,baseline,14,joy,fear|joy,True,0.48207012620814405,
emotion-te-01790,en-Latn,brighter-eng,emotion,baseline,36,joy,fear|joy|sadness,True,0.5784830183454338,
emotion-te-01791,en-Latn,brighter-eng,emotion,baseline,16,fear|joy,fear|joy,False,0.9454881556205691,
emotion-te-01792,en-Latn,brighter-eng,emotion,baseline,22,none,joy|sadness,True,0.7716227658311448,
emotion-te-01793,en-Latn,brighter-eng,emotion,baseline,20,joy,fear|joy|surprise,True,0.8367019685003757,
emotion-te-01794,en-Latn,brighter-eng,emotion,baseline,39,fear|sadness,fear|sadness,False,0.6255068359539475,
emotion-te-01795,en-Latn,brighter-eng,emotion,baseline,10,joy,fear|joy,True,0.7118596355657516,
emotion-te-01796,en-Latn,brighter-eng,emotion,baseline,21,anger,fear|joy|sadness,True,0.70599579915836,
emotion-te-01797,en-Latn,brighter-eng,emotion,baseline,7,joy,fear,True,0.7196349971899202,
emotion-te-01798,en-Latn,brighter-eng,emotion,baseline,4,fear|surprise,fear|joy|sadness|surprise,True,0.8647018888562863,
emotion-te-01799,en-Latn,brighter-eng,emotion,baseline,25,joy,fear|sadness,True,0.9252610188619513,
emotion-te-01800,en-Latn,brighter-eng,emotion,baseline,19,fear|joy|surprise,fear|surprise,True,0.9494325662019046,
emotion-te-01801,en-Latn,brighter-eng,emotion,baseline,11,fear|sadness,fear|joy|sadness,True,0.8551320638567577,
emotion-te-01802,en-Latn,brighter-eng,emotion,baseline,13,joy|sadness,fear|joy|sadness,True,0.9619667532204199,
emotion-te-01803,en-Latn,brighter-eng,emotion,baseline,8,fear|surprise,joy|surprise,True,0.762767511574695,
emotion-te-01804,en-Latn,brighter-eng,emotion,baseline,22,anger|fear|surprise,fear|joy|sadness,True,0.7299177780472411,
emotion-te-01805,en-Latn,brighter-eng,emotion,baseline,5,fear|surprise,fear|joy|surprise,True,0.9385016210605572,
emotion-te-01806,en-Latn,brighter-eng,emotion,baseline,12,fear,fear|sadness,True,0.614865351835703,
emotion-te-01807,en-Latn,brighter-eng,emotion,baseline,8,anger,anger|fear|sadness,True,0.7438832718737381,
emotion-te-01808,en-Latn,brighter-eng,emotion,baseline,34,joy|surprise,fear|joy|sadness|surprise,True,0.7940253341632556,
emotion-te-01809,en-Latn,brighter-eng,emotion,baseline,7,fear|sadness,fear|sadness,False,0.8789659718792341,
emotion-te-01810,en-Latn,brighter-eng,emotion,baseline,33,fear,fear|joy|sadness,True,0.6242584415313637,
emotion-te-01811,en-Latn,brighter-eng,emotion,baseline,14,fear,fear|joy|sadness,True,0.5649882659712958,
emotion-te-01812,en-Latn,brighter-eng,emotion,baseline,38,none,fear|joy|sadness,True,0.731073957859961,
emotion-te-01813,en-Latn,brighter-eng,emotion,baseline,40,fear|sadness,fear|sadness,False,0.5765896452000716,
emotion-te-01814,en-Latn,brighter-eng,emotion,baseline,11,none,fear|surprise,True,0.7663125835602073,
emotion-te-01815,en-Latn,brighter-eng,emotion,baseline,29,surprise,fear|joy,True,0.8005061062845585,
emotion-te-01816,en-Latn,brighter-eng,emotion,baseline,9,joy,joy|sadness,True,0.5276971354838418,
emotion-te-01817,en-Latn,brighter-eng,emotion,baseline,7,joy,joy|surprise,True,0.380483049680509,
emotion-te-01818,en-Latn,brighter-eng,emotion,baseline,5,fear|sadness,fear|sadness|surprise,True,0.9531115902848344,
emotion-te-01819,en-Latn,brighter-eng,emotion,baseline,11,surprise,fear|sadness|surprise,True,0.6901793534031802,
emotion-te-01820,en-Latn,brighter-eng,emotion,baseline,18,fear,fear|sadness,True,0.9753169537873266,
emotion-te-01821,en-Latn,brighter-eng,emotion,baseline,15,fear|surprise,none,True,0.3274345161178201,
emotion-te-01822,en-Latn,brighter-eng,emotion,baseline,7,joy|surprise,fear|joy|surprise,True,0.7295044855687091,
emotion-te-01823,en-Latn,brighter-eng,emotion,baseline,22,fear|surprise,fear|surprise,False,0.8775524007354449,
emotion-te-01824,en-Latn,brighter-eng,emotion,baseline,12,anger,fear|joy|surprise,True,0.7342761504731384,
emotion-te-01825,en-Latn,brighter-eng,emotion,baseline,9,joy,fear,True,0.9150187372957586,
emotion-te-01826,en-Latn,brighter-eng,emotion,baseline,39,fear,fear|surprise,True,0.8961718900253164,
emotion-te-01827,en-Latn,brighter-eng,emotion,baseline,24,fear,joy,True,0.7232601898875243,
emotion-te-01828,en-Latn,brighter-eng,emotion,baseline,6,fear|surprise,fear|sadness|surprise,True,0.9833368417223389,
emotion-te-01829,en-Latn,brighter-eng,emotion,baseline,20,fear|sadness,fear|sadness,False,0.9668121470420753,
emotion-te-01830,en-Latn,brighter-eng,emotion,baseline,15,fear|surprise,none,True,0.3980868025634681,
emotion-te-01831,en-Latn,brighter-eng,emotion,baseline,10,fear|sadness,fear|joy,True,0.660080004707389,
emotion-te-01832,en-Latn,brighter-eng,emotion,baseline,17,joy,fear|joy|sadness,True,0.8064389691867021,
emotion-te-01833,en-Latn,brighter-eng,emotion,baseline,15,fear|surprise,fear|sadness|surprise,True,0.8945176572543972,
emotion-te-01834,en-Latn,brighter-eng,emotion,baseline,11,fear|sadness,joy|sadness,True,0.8224569771347378,
emotion-te-01835,en-Latn,brighter-eng,emotion,baseline,19,surprise,fear|joy|surprise,True,0.7886225691583532,
emotion-te-01836,en-Latn,brighter-eng,emotion,baseline,26,none,fear,True,0.8599683249991759,
emotion-te-01837,en-Latn,brighter-eng,emotion,baseline,17,fear|sadness,fear|joy|sadness,True,0.7026239878848036,
emotion-te-01838,en-Latn,brighter-eng,emotion,baseline,7,fear|sadness|surprise,fear|sadness,True,0.9619815878240286,
emotion-te-01839,en-Latn,brighter-eng,emotion,baseline,12,fear,fear|surprise,True,0.7134616790519558,
emotion-te-01840,en-Latn,brighter-eng,emotion,baseline,21,joy,fear|sadness,True,0.8026721150372418,
emotion-te-01841,en-Latn,brighter-eng,emotion,baseline,5,fear|sadness|surprise,fear|sadness|surprise,False,0.9032082714870422,
emotion-te-01842,en-Latn,brighter-eng,emotion,baseline,19,fear,fear|sadness,True,0.8435079662571467,
emotion-te-01843,en-Latn,brighter-eng,emotion,baseline,6,fear|surprise,fear,True,0.8133420025238589,
emotion-te-01844,en-Latn,brighter-eng,emotion,baseline,24,fear,fear|sadness,True,0.9481719452931345,
emotion-te-01845,en-Latn,brighter-eng,emotion,baseline,21,none,fear|joy|surprise,True,0.6102328852232147,
emotion-te-01846,en-Latn,brighter-eng,emotion,baseline,14,joy,joy,False,0.6479549033287069,
emotion-te-01847,en-Latn,brighter-eng,emotion,baseline,11,none,fear|joy|sadness,True,0.6103597115767716,
emotion-te-01848,en-Latn,brighter-eng,emotion,baseline,11,surprise,fear|joy|surprise,True,0.7065304145731276,
emotion-te-01849,en-Latn,brighter-eng,emotion,baseline,8,joy|surprise,sadness|surprise,True,0.8936697546746021,
emotion-te-01850,en-Latn,brighter-eng,emotion,baseline,17,sadness,fear|sadness,True,0.7390424217536523,
emotion-te-01851,en-Latn,brighter-eng,emotion,baseline,12,anger|fear|sadness,anger|fear|sadness|surprise,True,0.6799371614263866,
emotion-te-01852,en-Latn,brighter-eng,emotion,baseline,7,anger|fear,fear|joy|sadness|surprise,True,0.8863256556002125,
emotion-te-01853,en-Latn,brighter-eng,emotion,baseline,6,surprise,joy|surprise,True,0.6750720623290889,
emotion-te-01854,en-Latn,brighter-eng,emotion,baseline,27,anger|fear,joy|surprise,True,0.4758819676564364,
emotion-te-01855,en-Latn,brighter-eng,emotion,baseline,18,joy,fear|joy|surprise,True,0.7073751165475706,
emotion-te-01856,en-Latn,brighter-eng,emotion,baseline,43,fear|sadness,fear|sadness|surprise,True,0.6614636614983274,
emotion-te-01857,en-Latn,brighter-eng,emotion,baseline,36,fear,fear|joy|sadness,True,0.6055153781161714,
emotion-te-01858,en-Latn,brighter-eng,emotion,baseline,17,fear|surprise,fear|sadness|surprise,True,0.5822044496436111,
emotion-te-01859,en-Latn,brighter-eng,emotion,baseline,5,joy,joy,False,0.9281142017354223,
emotion-te-01860,en-Latn,brighter-eng,emotion,baseline,40,joy,fear|surprise,True,0.7476833006416048,
emotion-te-01861,en-Latn,brighter-eng,emotion,baseline,6,fear|sadness|surprise,fear|sadness|surprise,False,0.5848327027651695,
emotion-te-01862,en-Latn,brighter-eng,emotion,baseline,41,fear|sadness,fear|sadness,False,0.9430223193131785,
emotion-te-01863,en-Latn,brighter-eng,emotion,baseline,5,fear,fear,False,0.5612471930065074,
emotion-te-01864,en-Latn,brighter-eng,emotion,baseline,21,fear,fear|sadness,True,0.9034990624726826,
emotion-te-01865,en-Latn,brighter-eng,emotion,baseline,11,fear|surprise,fear|sadness|surprise,True,0.7583819664907664,
emotion-te-01866,en-Latn,brighter-eng,emotion,baseline,4,surprise,joy,True,0.717714564777168,
emotion-te-01867,en-Latn,brighter-eng,emotion,baseline,20,joy,joy,False,0.8409731303868094,
emotion-te-01868,en-Latn,brighter-eng,emotion,baseline,15,anger|fear,fear|surprise,True,0.9399025611135928,
emotion-te-01869,en-Latn,brighter-eng,emotion,baseline,20,surprise,fear|surprise,True,0.754262655114701,
emotion-te-01870,en-Latn,brighter-eng,emotion,baseline,13,joy|surprise,fear|sadness|surprise,True,0.7759861687968929,
emotion-te-01871,en-Latn,brighter-eng,emotion,baseline,14,joy,joy|sadness,True,0.8832478649895101,
emotion-te-01872,en-Latn,brighter-eng,emotion,baseline,16,none,fear|sadness,True,0.9746275754848603,
emotion-te-01873,en-Latn,brighter-eng,emotion,baseline,38,joy,fear|joy,True,0.7049354553260363,
emotion-te-01874,en-Latn,brighter-eng,emotion,baseline,19,fear,fear|joy,True,0.5934550977532449,
emotion-te-01875,en-Latn,brighter-eng,emotion,baseline,21,anger|fear,anger|fear,False,0.6731551374523691,
emotion-te-01876,en-Latn,brighter-eng,emotion,baseline,12,fear|surprise,fear|joy|surprise,True,0.6814925074423268,
emotion-te-01877,en-Latn,brighter-eng,emotion,baseline,37,anger,joy|sadness|surprise,True,0.8613352521876299,
emotion-te-01878,en-Latn,brighter-eng,emotion,baseline,10,fear|surprise,fear|surprise,False,0.9894608237522428,
emotion-te-01879,en-Latn,brighter-eng,emotion,baseline,4,none,fear|sadness|surprise,True,0.9652093604594314,
emotion-te-01880,en-Latn,brighter-eng,emotion,baseline,13,fear|joy,anger|fear|sadness|surprise,True,0.7301029357747763,
emotion-te-01881,en-Latn,brighter-eng,emotion,baseline,11,fear|sadness,joy,True,0.6456627684573338,
emotion-te-01882,en-Latn,brighter-eng,emotion,baseline,6,fear|surprise,fear|sadness,True,0.7561819592134588,
emotion-te-01883,en-Latn,brighter-eng,emotion,baseline,26,none,anger|fear|joy|surprise,True,0.7981128667502715,
emotion-te-01884,en-Latn,brighter-eng,emotion,baseline,8,anger,anger|fear,True,0.8102199219509417,
emotion-te-01885,en-Latn,brighter-eng,emotion,baseline,9,joy,joy|surprise,True,0.8769671145846252,
emotion-te-01886,en-Latn,brighter-eng,emotion,baseline,4,fear|surprise,anger|fear|sadness|surprise,True,0.5519100288812604,
emotion-te-01887,en-Latn,brighter-eng,emotion,baseline,15,none,fear|sadness,True,0.9137219409329762,
emotion-te-01888,en-Latn,brighter-eng,emotion,baseline,40,joy,fear,True,0.6396148388807366,
emotion-te-01889,en-Latn,brighter-eng,emotion,baseline,14,fear|sadness,none,True,0.39400177162927036,
emotion-te-01890,en-Latn,brighter-eng,emotion,baseline,4,fear|surprise,fear|joy|surprise,True,0.8624205505715417,
emotion-te-01891,en-Latn,brighter-eng,emotion,baseline,7,none,none,False,0.2399921570349785,
emotion-te-01892,en-Latn,brighter-eng,emotion,baseline,8,surprise,fear|sadness|surprise,True,0.7623247143203018,
emotion-te-01893,en-Latn,brighter-eng,emotion,baseline,8,anger|surprise,anger|fear|sadness|surprise,True,0.6896839458322644,
emotion-te-01894,en-Latn,brighter-eng,emotion,baseline,6,joy,fear|sadness|surprise,True,0.4490017758885237,
emotion-te-01895,en-Latn,brighter-eng,emotion,baseline,10,fear|sadness,fear|sadness,False,0.901579511715557,
emotion-te-01896,en-Latn,brighter-eng,emotion,baseline,17,joy,fear|joy|sadness,True,0.618792661989396,
emotion-te-01897,en-Latn,brighter-eng,emotion,baseline,20,anger|fear|sadness|surprise,fear|sadness|surprise,True,0.7934020535194733,
emotion-te-01898,en-Latn,brighter-eng,emotion,baseline,18,surprise,fear|surprise,True,0.8825544194916111,
emotion-te-01899,en-Latn,brighter-eng,emotion,baseline,12,fear|sadness,joy|sadness,True,0.7690704065275256,
emotion-te-01900,en-Latn,brighter-eng,emotion,baseline,23,fear,fear|joy|sadness,True,0.6955147496226326,
emotion-te-01901,en-Latn,brighter-eng,emotion,baseline,21,joy,fear,True,0.9351914181305224,
emotion-te-01902,en-Latn,brighter-eng,emotion,baseline,22,none,joy,True,0.698216772720276,
emotion-te-01903,en-Latn,brighter-eng,emotion,baseline,12,fear|surprise,fear|sadness|surprise,True,0.9452077202618708,
emotion-te-01904,en-Latn,brighter-eng,emotion,baseline,16,fear,fear|sadness,True,0.8353177852141794,
emotion-te-01905,en-Latn,brighter-eng,emotion,baseline,4,anger|fear|sadness,fear|sadness|surprise,True,0.6715413749661554,
emotion-te-01906,en-Latn,brighter-eng,emotion,baseline,10,none,fear,True,0.48208736113467354,
emotion-te-01907,en-Latn,brighter-eng,emotion,baseline,11,fear|surprise,fear|sadness|surprise,True,0.9366845725402267,
emotion-te-01908,en-Latn,brighter-eng,emotion,baseline,8,fear,fear|joy|surprise,True,0.7504527000883839,
emotion-te-01909,en-Latn,brighter-eng,emotion,baseline,4,anger|joy,anger|fear|sadness|surprise,True,0.8479560086862072,
emotion-te-01910,en-Latn,brighter-eng,emotion,baseline,7,anger|fear|surprise,fear|surprise,True,0.7546828004266455,
emotion-te-01911,en-Latn,brighter-eng,emotion,baseline,4,anger,joy,True,0.5280541800706124,
emotion-te-01912,en-Latn,brighter-eng,emotion,baseline,4,joy|surprise,fear|surprise,True,0.5899070753235701,
emotion-te-01913,en-Latn,brighter-eng,emotion,baseline,2,surprise,joy|sadness,True,0.43237666131981106,
emotion-te-01914,en-Latn,brighter-eng,emotion,baseline,13,none,fear,True,0.5981615478459043,
emotion-te-01915,en-Latn,brighter-eng,emotion,baseline,8,fear|surprise,fear|sadness|surprise,True,0.838721239078003,
emotion-te-01916,en-Latn,brighter-eng,emotion,baseline,35,fear|joy|surprise,fear|joy|surprise,False,0.8573202254983691,
emotion-te-01917,en-Latn,brighter-eng,emotion,baseline,9,sadness,fear|sadness,True,0.8587673505033947,
emotion-te-01918,en-Latn,brighter-eng,emotion,baseline,13,joy|sadness,fear|sadness|surprise,True,0.8484708592061018,
emotion-te-01919,en-Latn,brighter-eng,emotion,baseline,39,none,fear|sadness,True,0.7039032358824,
emotion-te-01920,en-Latn,brighter-eng,emotion,baseline,47,fear,fear|sadness|surprise,True,0.9548762155788214,
emotion-te-01921,en-Latn,brighter-eng,emotion,baseline,12,fear|sadness|surprise,sadness|surprise,True,0.7098186535856307,
emotion-te-01922,en-Latn,brighter-eng,emotion,baseline,7,fear|sadness,fear|sadness,False,0.9126024584073708,
emotion-te-01923,en-Latn,brighter-eng,emotion,baseline,28,fear|sadness|surprise,fear|joy|surprise,True,0.9411839750361453,
emotion-te-01924,en-Latn,brighter-eng,emotion,baseline,28,joy,fear|sadness,True,0.8470337758860261,
emotion-te-01925,en-Latn,brighter-eng,emotion,baseline,5,none,fear|surprise,True,0.8839843257413781,
emotion-te-01926,en-Latn,brighter-eng,emotion,baseline,13,joy,anger|fear|sadness,True,0.8386751290809273,
emotion-te-01927,en-Latn,brighter-eng,emotion,baseline,8,surprise,fear|joy|surprise,True,0.6846610805178784,
emotion-te-01928,en-Latn,brighter-eng,emotion,baseline,54,fear|sadness,fear|sadness,False,0.9679136798909606,
emotion-te-01929,en-Latn,brighter-eng,emotion,baseline,19,anger|fear,fear,True,0.8016080905975224,
emotion-te-01930,en-Latn,brighter-eng,emotion,baseline,14,fear|sadness|surprise,fear|joy|sadness|surprise,True,0.8127365434737434,
emotion-te-01931,en-Latn,brighter-eng,emotion,baseline,20,joy,fear|joy,True,0.6940709820667289,
emotion-te-01932,en-Latn,brighter-eng,emotion,baseline,4,none,fear|joy,True,0.5350405716671269,
emotion-te-01933,en-Latn,brighter-eng,emotion,baseline,19,fear|sadness,fear|joy|sadness,True,0.7974971940360445,
emotion-te-01934,en-Latn,brighter-eng,emotion,baseline,11,fear|joy|sadness,surprise,True,0.365597895882068,
emotion-te-01935,en-Latn,brighter-eng,emotion,baseline,12,anger|fear|sadness,fear|sadness|surprise,True,0.7491145056917597,
emotion-te-01936,en-Latn,brighter-eng,emotion,baseline,4,fear|surprise,none,True,0.3037722367217689,
emotion-te-01937,en-Latn,brighter-eng,emotion,baseline,4,anger,fear|surprise,True,0.7767576615795203,
emotion-te-01938,en-Latn,brighter-eng,emotion,baseline,4,anger|fear|surprise,surprise,True,0.6069841758694196,
emotion-te-01939,en-Latn,brighter-eng,emotion,baseline,13,joy,fear|joy|sadness,True,0.627989185692436,
emotion-te-01940,en-Latn,brighter-eng,emotion,baseline,7,sadness|surprise,fear|joy,True,0.7564251112271739,
emotion-te-01941,en-Latn,brighter-eng,emotion,baseline,29,joy,fear|joy|sadness,True,0.7485301647069282,
emotion-te-01942,en-Latn,brighter-eng,emotion,baseline,9,fear|surprise,fear|sadness,True,0.6751227891171747,
emotion-te-01943,en-Latn,brighter-eng,emotion,baseline,5,none,fear|sadness|surprise,True,0.6998638756092165,
emotion-te-01944,en-Latn,brighter-eng,emotion,baseline,21,fear|joy,fear,True,0.9541512544649735,
emotion-te-01945,en-Latn,brighter-eng,emotion,baseline,8,fear,fear|sadness,True,0.46575601214806084,
emotion-te-01946,en-Latn,brighter-eng,emotion,baseline,5,fear|surprise,none,True,0.3949831183727971,
emotion-te-01947,en-Latn,brighter-eng,emotion,baseline,15,fear,fear|sadness,True,0.8822385285722448,
emotion-te-01948,en-Latn,brighter-eng,emotion,baseline,10,fear,joy,True,0.9291954581742418,
emotion-te-01949,en-Latn,brighter-eng,emotion,baseline,22,fear,fear|joy,True,0.684447527821545,
emotion-te-01950,en-Latn,brighter-eng,emotion,baseline,30,fear|sadness,fear|joy|sadness,True,0.7808711017820641,
emotion-te-01951,en-Latn,brighter-eng,emotion,baseline,30,fear|sadness,fear|sadness,False,0.8986915094027363,
emotion-te-01952,en-Latn,brighter-eng,emotion,baseline,13,joy|surprise,fear|joy|sadness,True,0.5973879515524715,
emotion-te-01953,en-Latn,brighter-eng,emotion,baseline,4,fear|surprise,fear|sadness|surprise,True,0.7726993978728773,
emotion-te-01954,en-Latn,brighter-eng,emotion,baseline,12,anger|fear|sadness|surprise,fear|joy|surprise,True,0.6178473322809984,
emotion-te-01955,en-Latn,brighter-eng,emotion,baseline,8,none,fear|sadness,True,0.6809562712821419,
emotion-te-01956,en-Latn,brighter-eng,emotion,baseline,7,fear|surprise,fear|surprise,False,0.9180642954376248,
emotion-te-01957,en-Latn,brighter-eng,emotion,baseline,13,surprise,joy|surprise,True,0.7542641540460719,
emotion-te-01958,en-Latn,brighter-eng,emotion,baseline,7,joy,fear,True,0.4518738955628852,
emotion-te-01959,en-Latn,brighter-eng,emotion,baseline,19,fear|sadness|surprise,fear|sadness,True,0.9218326337670353,
emotion-te-01960,en-Latn,brighter-eng,emotion,baseline,33,anger|fear|sadness,fear|joy,True,0.7510128358109273,
emotion-te-01961,en-Latn,brighter-eng,emotion,baseline,33,joy|surprise,fear|joy|surprise,True,0.7240183467428313,
emotion-te-01962,en-Latn,brighter-eng,emotion,baseline,16,fear|sadness,joy,True,0.710282268364114,
emotion-te-01963,en-Latn,brighter-eng,emotion,baseline,7,joy,joy,False,0.7361058691810272,
emotion-te-01964,en-Latn,brighter-eng,emotion,baseline,11,fear|sadness,fear|sadness,False,0.9796887602751333,
emotion-te-01965,en-Latn,brighter-eng,emotion,baseline,21,anger|fear,fear|sadness,True,0.8056106090155064,
emotion-te-01966,en-Latn,brighter-eng,emotion,baseline,26,none,fear|joy,True,0.7526408430595597,
emotion-te-01967,en-Latn,brighter-eng,emotion,baseline,4,none,fear|joy|surprise,True,0.6356621120370277,
emotion-te-01968,en-Latn,brighter-eng,emotion,baseline,39,anger|fear,fear|sadness|surprise,True,0.9751323136461498,
emotion-te-01969,en-Latn,brighter-eng,emotion,baseline,4,fear|surprise,fear|surprise,False,0.9732846039651668,
emotion-te-01970,en-Latn,brighter-eng,emotion,baseline,15,fear|sadness|surprise,fear|sadness|surprise,False,0.8748332036330082,
emotion-te-01971,en-Latn,brighter-eng,emotion,baseline,53,fear|sadness|surprise,fear|joy|sadness|surprise,True,0.9226268505397957,
emotion-te-01972,en-Latn,brighter-eng,emotion,baseline,20,fear|sadness,fear|sadness|surprise,True,0.8976646131530995,
emotion-te-01973,en-Latn,brighter-eng,emotion,baseline,18,sadness,fear|sadness,True,0.964187517588069,
emotion-te-01974,en-Latn,brighter-eng,emotion,baseline,4,fear|surprise,fear|surprise,False,0.5577273481722549,
emotion-te-01975,en-Latn,brighter-eng,emotion,baseline,7,fear|sadness,fear|joy|sadness,True,0.6168007699196325,
emotion-te-01976,en-Latn,brighter-eng,emotion,baseline,10,none,joy,True,0.6927835308807248,
emotion-te-01977,en-Latn,brighter-eng,emotion,baseline,9,anger|fear|surprise,fear|sadness|surprise,True,0.9247756593561507,
emotion-te-01978,en-Latn,brighter-eng,emotion,baseline,7,fear|sadness,anger|fear|sadness,True,0.8963240124645484,
emotion-te-01979,en-Latn,brighter-eng,emotion,baseline,7,joy,fear|sadness|surprise,True,0.8354044222434748,
emotion-te-01980,en-Latn,brighter-eng,emotion,baseline,12,joy,fear|joy,True,0.5077714464895206,
emotion-te-01981,en-Latn,brighter-eng,emotion,baseline,7,fear|sadness,fear|sadness|surprise,True,0.9208746616305926,
emotion-te-01982,en-Latn,brighter-eng,emotion,baseline,6,none,sadness,True,0.5995941077386348,
emotion-te-01983,en-Latn,brighter-eng,emotion,baseline,36,fear|sadness,fear,True,0.7575612364563153,
emotion-te-01984,en-Latn,brighter-eng,emotion,baseline,4,fear|surprise,surprise,True,0.4616176791919939,
emotion-te-01985,en-Latn,brighter-eng,emotion,baseline,32,fear|joy|surprise,fear|joy|sadness|surprise,True,0.9727955838180476,
emotion-te-01986,en-Latn,brighter-eng,emotion,baseline,12,anger|fear|surprise,fear|sadness,True,0.7897966749103031,
emotion-te-01987,en-Latn,brighter-eng,emotion,baseline,5,fear|surprise,anger|joy|sadness|surprise,True,0.6267223987414917,
emotion-te-01988,en-Latn,brighter-eng,emotion,baseline,7,anger|fear|sadness,fear|surprise,True,0.8525943114547492,
emotion-te-01989,en-Latn,brighter-eng,emotion,baseline,11,fear,fear|sadness,True,0.8978643557690542,
emotion-te-01990,en-Latn,brighter-eng,emotion,baseline,13,surprise,joy|sadness|surprise,True,0.5726663591647877,
emotion-te-01991,en-Latn,brighter-eng,emotion,baseline,22,fear|sadness,fear|sadness,False,0.9644219743781539,
emotion-te-01992,en-Latn,brighter-eng,emotion,baseline,7,anger|joy|surprise,anger|fear,True,0.9833684268434646,
emotion-te-01993,en-Latn,brighter-eng,emotion,baseline,30,joy,fear|joy,True,0.7805091678524604,
emotion-te-01994,en-Latn,brighter-eng,emotion,baseline,14,joy,fear|joy|surprise,True,0.6929462279219479,
emotion-te-01995,en-Latn,brighter-eng,emotion,baseline,10,fear|sadness,fear|surprise,True,0.6167901324345241,
emotion-te-01996,en-Latn,brighter-eng,emotion,baseline,12,fear,fear|joy,True,0.7213128592735649,
emotion-te-01997,en-Latn,brighter-eng,emotion,baseline,7,none,fear|sadness,True,0.6120758432164796,
emotion-te-01998,en-Latn,brighter-eng,emotion,baseline,11,fear|sadness,sadness,True,0.74475997301379,
emotion-te-01999,en-Latn,brighter-eng,emotion,baseline,36,joy|surprise,fear|sadness|surprise,True,0.9480220421987055,
emotion-te-02000,en-Latn,brighter-eng,emotion,baseline,4,joy,joy|surprise,True,0.9583539360736305,
emotion-te-02001,en-Latn,brighter-eng,emotion,baseline,4,fear|surprise,fear|sadness|surprise,True,0.9665009493008907,
emotion-te-02002,en-Latn,brighter-eng,emotion,baseline,6,fear,fear|sadness,True,0.7515517448356885,
emotion-te-02003,en-Latn,brighter-eng,emotion,baseline,20,fear|surprise,fear|sadness|surprise,True,0.8708517650034808,
emotion-te-02004,en-Latn,brighter-eng,emotion,baseline,23,none,fear|joy,True,0.6130492111454368,
emotion-te-02005,en-Latn,brighter-eng,emotion,baseline,6,fear|sadness,fear|surprise,True,0.8476758284684224,
emotion-te-02006,en-Latn,brighter-eng,emotion,baseline,16,fear|surprise,fear|joy|surprise,True,0.8301957488138777,
emotion-te-02007,en-Latn,brighter-eng,emotion,baseline,14,sadness,fear|sadness|surprise,True,0.9447719664102393,
emotion-te-02008,en-Latn,brighter-eng,emotion,baseline,44,anger|joy,fear|joy|sadness,True,0.8503714261380109,
emotion-te-02009,en-Latn,brighter-eng,emotion,baseline,38,none,fear|joy|sadness,True,0.5687602186799184,
emotion-te-02010,en-Latn,brighter-eng,emotion,baseline,48,fear,fear|joy|sadness,True,0.873982694321393,
emotion-te-02011,en-Latn,brighter-eng,emotion,baseline,13,anger|fear|sadness,anger|fear|sadness|surprise,True,0.8988337889120704,
emotion-te-02012,en-Latn,brighter-eng,emotion,baseline,20,joy|sadness,fear|joy|sadness,True,0.6097260013700723,
emotion-te-02013,en-Latn,brighter-eng,emotion,baseline,7,fear|surprise,fear|surprise,False,0.6072641999163382,
emotion-te-02014,en-Latn,brighter-eng,emotion,baseline,19,fear|sadness|surprise,fear|joy,True,0.790363553027296,
emotion-te-02015,en-Latn,brighter-eng,emotion,baseline,9,none,none,False,0.3394403302511808,
emotion-te-02016,en-Latn,brighter-eng,emotion,baseline,26,joy,fear|joy|sadness,True,0.4972033966671021,
emotion-te-02017,en-Latn,brighter-eng,emotion,baseline,7,none,none,False,0.33398557780208715,
emotion-te-02018,en-Latn,brighter-eng,emotion,baseline,5,fear|sadness,fear|sadness|surprise,True,0.9576979503167439,
emotion-te-02019,en-Latn,brighter-eng,emotion,baseline,11,fear,fear|joy,True,0.5785647011667215,
emotion-te-02020,en-Latn,brighter-eng,emotion,baseline,9,fear,fear,False,0.8172464105997997,
emotion-te-02021,en-Latn,brighter-eng,emotion,baseline,29,joy,fear|joy|sadness,True,0.7845437818148936,
emotion-te-02022,en-Latn,brighter-eng,emotion,baseline,5,none,fear|sadness,True,0.5971170347273556,
emotion-te-02023,en-Latn,brighter-eng,emotion,baseline,21,fear|sadness,joy|sadness,True,0.7352296009739168,
emotion-te-02024,en-Latn,brighter-eng,emotion,baseline,17,joy,fear|joy|surprise,True,0.7949062312756248,
emotion-te-02025,en-Latn,brighter-eng,emotion,baseline,17,anger,fear,True,0.8640731146248927,
emotion-te-02026,en-Latn,brighter-eng,emotion,baseline,30,fear|surprise,fear|sadness,True,0.7604547240680932,
emotion-te-02027,en-Latn,brighter-eng,emotion,baseline,18,anger|surprise,fear|joy|surprise,True,0.8836795710351686,
emotion-te-02028,en-Latn,brighter-eng,emotion,baseline,27,joy,fear|joy|surprise,True,0.5502272693131168,
emotion-te-02029,en-Latn,brighter-eng,emotion,baseline,15,joy,joy|surprise,True,0.767206080748231,
emotion-te-02030,en-Latn,brighter-eng,emotion,baseline,4,anger|fear|sadness,fear|surprise,True,0.8766115483444634,
emotion-te-02031,en-Latn,brighter-eng,emotion,baseline,4,fear|sadness|surprise,fear|joy|surprise,True,0.9145092375229384,
emotion-te-02032,en-Latn,brighter-eng,emotion,baseline,9,joy,none,True,0.39490771476442943,
emotion-te-02033,en-Latn,brighter-eng,emotion,baseline,16,joy|sadness,joy|sadness,False,0.8669329347091471,
emotion-te-02034,en-Latn,brighter-eng,emotion,baseline,21,fear|sadness,fear|sadness,False,0.9349946609408544,
emotion-te-02035,en-Latn,brighter-eng,emotion,baseline,9,joy,none,True,0.3884954046333325,
emotion-te-02036,en-Latn,brighter-eng,emotion,baseline,9,fear|sadness,joy,True,0.45702813432204553,
emotion-te-02037,en-Latn,brighter-eng,emotion,baseline,3,joy,fear|sadness|surprise,True,0.5335856999859392,
emotion-te-02038,en-Latn,brighter-eng,emotion,baseline,10,joy,joy|sadness|surprise,True,0.5465133982026563,
emotion-te-02039,en-Latn,brighter-eng,emotion,baseline,32,anger|fear|sadness,fear|joy,True,0.7781652321312188,
emotion-te-02040,en-Latn,brighter-eng,emotion,baseline,16,joy,joy|surprise,True,0.7922575214898974,
emotion-te-02041,en-Latn,brighter-eng,emotion,baseline,6,anger|fear|surprise,fear|surprise,True,0.9138016776364413,
emotion-te-02042,en-Latn,brighter-eng,emotion,baseline,30,anger,joy|sadness,True,0.568367253889344,
emotion-te-02043,en-Latn,brighter-eng,emotion,baseline,9,fear|sadness,fear,True,0.8229471798559312,
emotion-te-02044,en-Latn,brighter-eng,emotion,baseline,6,joy,joy|surprise,True,0.5964591243696163,
emotion-te-02045,en-Latn,brighter-eng,emotion,baseline,27,none,fear|joy,True,0.44271772231277745,
emotion-te-02046,en-Latn,brighter-eng,emotion,baseline,16,joy,joy,False,0.3847507935555963,
emotion-te-02047,en-Latn,brighter-eng,emotion,baseline,10,joy|surprise,fear|joy|sadness,True,0.8352882327979668,
emotion-te-02048,en-Latn,brighter-eng,emotion,baseline,27,joy,fear|joy|sadness,True,0.7134291176408875,
emotion-te-02049,en-Latn,brighter-eng,emotion,baseline,21,sadness,fear|sadness,True,0.9602036231288962,
emotion-te-02050,en-Latn,brighter-eng,emotion,baseline,72,fear|joy,fear|joy,False,0.8011108932362313,
emotion-te-02051,en-Latn,brighter-eng,emotion,baseline,10,fear|surprise,fear|sadness|surprise,True,0.9616960861648401,
emotion-te-02052,en-Latn,brighter-eng,emotion,baseline,12,joy,fear|joy,True,0.5478627071776692,
emotion-te-02053,en-Latn,brighter-eng,emotion,baseline,4,none,surprise,True,0.40857937528097865,
emotion-te-02054,en-Latn,brighter-eng,emotion,baseline,12,fear|surprise,fear|sadness,True,0.9441063921071133,
emotion-te-02055,en-Latn,brighter-eng,emotion,baseline,13,fear,fear,False,0.9491273946015322,
emotion-te-02056,en-Latn,brighter-eng,emotion,baseline,39,none,fear|sadness,True,0.780091020599829,
emotion-te-02057,en-Latn,brighter-eng,emotion,baseline,5,anger|fear|surprise,anger|fear|sadness|surprise,True,0.8872597454087096,
emotion-te-02058,en-Latn,brighter-eng,emotion,baseline,10,fear,fear|joy,True,0.7842256597698256,
emotion-te-02059,en-Latn,brighter-eng,emotion,baseline,5,none,fear|sadness,True,0.592821991029316,
emotion-te-02060,en-Latn,brighter-eng,emotion,baseline,4,anger,anger|fear|sadness,True,0.8099511754774168,
emotion-te-02061,en-Latn,brighter-eng,emotion,baseline,10,joy,joy|sadness,True,0.8699866058407387,
emotion-te-02062,en-Latn,brighter-eng,emotion,baseline,34,fear,joy,True,0.30997324071608934,
emotion-te-02063,en-Latn,brighter-eng,emotion,baseline,14,fear|sadness,joy|sadness,True,0.6962745123818777,
emotion-te-02064,en-Latn,brighter-eng,emotion,baseline,7,sadness,fear|sadness,True,0.8397244660586876,
emotion-te-02065,en-Latn,brighter-eng,emotion,baseline,9,fear|sadness,fear|joy|sadness,True,0.5695717729232727,
emotion-te-02066,en-Latn,brighter-eng,emotion,baseline,8,fear|sadness,fear|sadness,False,0.8184320027874533,
emotion-te-02067,en-Latn,brighter-eng,emotion,baseline,7,none,fear|joy,True,0.7789701343462992,
emotion-te-02068,en-Latn,brighter-eng,emotion,baseline,10,fear|surprise,fear|surprise,False,0.9636889778768714,
emotion-te-02069,en-Latn,brighter-eng,emotion,baseline,3,sadness,fear|surprise,True,0.6457778934279312,
emotion-te-02070,en-Latn,brighter-eng,emotion,baseline,26,fear|sadness|surprise,fear|sadness|surprise,False,0.9797609255625361,
emotion-te-02071,en-Latn,brighter-eng,emotion,baseline,13,fear,fear|sadness|surprise,True,0.8100371947016005,
emotion-te-02072,en-Latn,brighter-eng,emotion,baseline,7,fear,fear|sadness,True,0.8246361607491444,
emotion-te-02073,en-Latn,brighter-eng,emotion,baseline,4,fear|surprise,fear|surprise,False,0.8911098522966182,
emotion-te-02074,en-Latn,brighter-eng,emotion,baseline,19,fear,fear|joy|sadness,True,0.7761803693863844,
emotion-te-02075,en-Latn,brighter-eng,emotion,baseline,4,fear|surprise,fear|sadness|surprise,True,0.9660823555403765,
emotion-te-02076,en-Latn,brighter-eng,emotion,baseline,13,fear|sadness,fear|surprise,True,0.9124875435851807,
emotion-te-02077,en-Latn,brighter-eng,emotion,baseline,24,fear|sadness,fear|sadness,False,0.978310873152703,
emotion-te-02078,en-Latn,brighter-eng,emotion,baseline,28,fear|sadness,anger|joy|surprise,True,0.8054100040069284,
emotion-te-02079,en-Latn,brighter-eng,emotion,baseline,31,anger|fear,fear|sadness|surprise,True,0.921276296348832,
emotion-te-02080,en-Latn,brighter-eng,emotion,baseline,11,joy,fear|joy|sadness|surprise,True,0.5901235334786981,
emotion-te-02081,en-Latn,brighter-eng,emotion,baseline,16,fear|sadness,fear|joy,True,0.5341351586266129,
emotion-te-02082,en-Latn,brighter-eng,emotion,baseline,10,joy,joy|surprise,True,0.6009553387754991,
emotion-te-02083,en-Latn,brighter-eng,emotion,baseline,17,fear|sadness,fear|surprise,True,0.8877678590631153,
emotion-te-02084,en-Latn,brighter-eng,emotion,baseline,5,sadness,sadness|surprise,True,0.780558842761788,
emotion-te-02085,en-Latn,brighter-eng,emotion,baseline,7,fear|surprise,anger|fear|surprise,True,0.7822261836978782,
emotion-te-02086,en-Latn,brighter-eng,emotion,baseline,63,fear|sadness,fear|joy|surprise,True,0.688294809351195,
emotion-te-02087,en-Latn,brighter-eng,emotion,baseline,8,fear|sadness,fear|sadness|surprise,True,0.9717049415637359,
emotion-te-02088,en-Latn,brighter-eng,emotion,baseline,12,joy,fear|joy|sadness|surprise,True,0.556938204127455,
emotion-te-02089,en-Latn,brighter-eng,emotion,baseline,11,anger|fear|surprise,fear,True,0.731182221637906,
emotion-te-02090,en-Latn,brighter-eng,emotion,baseline,22,anger|fear|surprise,fear|sadness|surprise,True,0.7470234110862328,
emotion-te-02091,en-Latn,brighter-eng,emotion,baseline,31,fear,fear,False,0.9570307656645476,
emotion-te-02092,en-Latn,brighter-eng,emotion,baseline,17,joy,fear|sadness,True,0.7186074474073398,
emotion-te-02093,en-Latn,brighter-eng,emotion,baseline,10,sadness,sadness,False,0.9332823745849759,
emotion-te-02094,en-Latn,brighter-eng,emotion,baseline,8,anger,none,True,0.30135517947803525,
emotion-te-02095,en-Latn,brighter-eng,emotion,baseline,4,none,fear|sadness|surprise,True,0.4502351937805177,
emotion-te-02096,en-Latn,brighter-eng,emotion,baseline,9,fear|sadness|surprise,fear|surprise,True,0.7577249485278826,
emotion-te-02097,en-Latn,brighter-eng,emotion,baseline,19,anger|fear,fear|sadness,True,0.9272137989017033,
emotion-te-02098,en-Latn,brighter-eng,emotion,baseline,12,fear|sadness,fear|sadness|surprise,True,0.9691233409319853,
emotion-te-02099,en-Latn,brighter-eng,emotion,baseline,10,fear,fear,False,0.5054758135124366,
emotion-te-02100,en-Latn,brighter-eng,emotion,baseline,17,joy,fear,True,0.6093714630803575,
emotion-te-02101,en-Latn,brighter-eng,emotion,baseline,63,fear|sadness,fear|sadness,False,0.8707064651315415,
emotion-te-02102,en-Latn,brighter-eng,emotion,baseline,11,anger|fear|sadness|surprise,fear|sadness|surprise,True,0.9142626908072132,
emotion-te-02103,en-Latn,brighter-eng,emotion,baseline,7,joy,fear|joy|surprise,True,0.9234231548159907,
emotion-te-02104,en-Latn,brighter-eng,emotion,baseline,15,none,anger|fear|sadness|surprise,True,0.8670780771551462,
emotion-te-02105,en-Latn,brighter-eng,emotion,baseline,15,fear|sadness,fear|sadness|surprise,True,0.9787555191321117,
emotion-te-02106,en-Latn,brighter-eng,emotion,baseline,17,surprise,fear|sadness,True,0.7322111831077065,
emotion-te-02107,en-Latn,brighter-eng,emotion,baseline,7,surprise,surprise,False,0.41113398114820915,
emotion-te-02108,en-Latn,brighter-eng,emotion,baseline,15,fear|surprise,joy|surprise,True,0.806223880641519,
emotion-te-02109,en-Latn,brighter-eng,emotion,baseline,15,fear|sadness,fear|sadness|surprise,True,0.9926685787742171,
emotion-te-02110,en-Latn,brighter-eng,emotion,baseline,25,fear|sadness,fear|sadness,False,0.6422271148672789,
emotion-te-02111,en-Latn,brighter-eng,emotion,baseline,19,fear,fear|sadness,True,0.851133385937413,
emotion-te-02112,en-Latn,brighter-eng,emotion,baseline,6,fear|surprise,fear|surprise,False,0.940558047654641,
emotion-te-02113,en-Latn,brighter-eng,emotion,baseline,31,fear|sadness,fear|joy,True,0.8238876774489774,
emotion-te-02114,en-Latn,brighter-eng,emotion,baseline,14,fear|joy,joy|sadness|surprise,True,0.7889275580130174,
emotion-te-02115,en-Latn,brighter-eng,emotion,baseline,13,fear,fear|sadness,True,0.5887685617162327,
emotion-te-02116,en-Latn,brighter-eng,emotion,baseline,31,anger|fear|sadness,fear,True,0.9362709776344309,
emotion-te-02117,en-Latn,brighter-eng,emotion,baseline,17,fear|sadness,fear|surprise,True,0.6992991606083561,
emotion-te-02118,en-Latn,brighter-eng,emotion,baseline,12,none,fear|joy|surprise,True,0.917261377457003,
emotion-te-02119,en-Latn,brighter-eng,emotion,baseline,33,fear|sadness,fear|sadness,False,0.9366142285029116,
emotion-te-02120,en-Latn,brighter-eng,emotion,baseline,7,none,joy,True,0.5256086927760659,
emotion-te-02121,en-Latn,brighter-eng,emotion,baseline,10,joy,joy|surprise,True,0.7910508758360124,
emotion-te-02122,en-Latn,brighter-eng,emotion,baseline,13,fear|sadness,fear|sadness|surprise,True,0.9421471358176119,
emotion-te-02123,en-Latn,brighter-eng,emotion,baseline,7,none,fear|surprise,True,0.5244304376427378,
emotion-te-02124,en-Latn,brighter-eng,emotion,baseline,11,anger|fear|surprise,fear|joy|sadness|surprise,True,0.8364675645682812,
emotion-te-02125,en-Latn,brighter-eng,emotion,baseline,12,fear|surprise,fear|surprise,False,0.7619651930813636,
emotion-te-02126,en-Latn,brighter-eng,emotion,baseline,16,fear|sadness|surprise,fear|sadness|surprise,False,0.9294524757503972,
emotion-te-02127,en-Latn,brighter-eng,emotion,baseline,3,joy,joy,False,0.5903539281785222,
emotion-te-02128,en-Latn,brighter-eng,emotion,baseline,16,fear|surprise,fear|surprise,False,0.9537657091937418,
emotion-te-02129,en-Latn,brighter-eng,emotion,baseline,10,fear|sadness|surprise,fear|surprise,True,0.8548817542977137,
emotion-te-02130,en-Latn,brighter-eng,emotion,baseline,10,joy,fear|joy|sadness,True,0.7178789114242627,
emotion-te-02131,en-Latn,brighter-eng,emotion,baseline,4,none,fear|surprise,True,0.7131448046075375,
emotion-te-02132,en-Latn,brighter-eng,emotion,baseline,12,fear|sadness,fear|sadness,False,0.880556778461329,
emotion-te-02133,en-Latn,brighter-eng,emotion,baseline,8,none,fear|sadness|surprise,True,0.7184011173125643,
emotion-te-02134,en-Latn,brighter-eng,emotion,baseline,25,joy|sadness,fear|joy|sadness,True,0.7202198711981334,
emotion-te-02135,en-Latn,brighter-eng,emotion,baseline,11,sadness,joy|sadness,True,0.8027532634833562,
emotion-te-02136,en-Latn,brighter-eng,emotion,baseline,18,joy,fear|sadness|surprise,True,0.6320738960833603,
emotion-te-02137,en-Latn,brighter-eng,emotion,baseline,16,joy|surprise,fear|joy|surprise,True,0.7493482149125367,
emotion-te-02138,en-Latn,brighter-eng,emotion,baseline,68,joy,fear|joy|sadness|surprise,True,0.9063814476939738,
emotion-te-02139,en-Latn,brighter-eng,emotion,baseline,14,fear|sadness,fear|sadness,False,0.9551351618288315,
emotion-te-02140,en-Latn,brighter-eng,emotion,baseline,11,fear|sadness,fear|sadness|surprise,True,0.8683118495878888,
emotion-te-02141,en-Latn,brighter-eng,emotion,baseline,16,fear|sadness,fear|surprise,True,0.8169708891233285,
emotion-te-02142,en-Latn,brighter-eng,emotion,baseline,12,joy,fear|joy|surprise,True,0.5736747904679564,
emotion-te-02143,en-Latn,brighter-eng,emotion,baseline,22,joy,joy|surprise,True,0.8458031032526271,
emotion-te-02144,en-Latn,brighter-eng,emotion,baseline,4,joy|surprise,fear|joy|sadness|surprise,True,0.8198867440915443,
emotion-te-02145,en-Latn,brighter-eng,emotion,baseline,38,none,fear|joy|sadness,True,0.6123993286879468,
emotion-te-02146,en-Latn,brighter-eng,emotion,baseline,13,fear|sadness,fear|sadness|surprise,True,0.8056169835925511,
emotion-te-02147,en-Latn,brighter-eng,emotion,baseline,33,fear,fear|joy|sadness|surprise,True,0.7321216124960771,
emotion-te-02148,en-Latn,brighter-eng,emotion,baseline,12,fear|surprise,surprise,True,0.864154220056106,
emotion-te-02149,en-Latn,brighter-eng,emotion,baseline,18,fear|joy|surprise,fear|joy|surprise,False,0.9171230666697436,
emotion-te-02150,en-Latn,brighter-eng,emotion,baseline,15,fear,fear,False,0.8002997497945495,
emotion-te-02151,en-Latn,brighter-eng,emotion,baseline,16,sadness,fear|sadness|surprise,True,0.8781402907293904,
emotion-te-02152,en-Latn,brighter-eng,emotion,baseline,14,sadness,fear|sadness,True,0.9285866568939878,
emotion-te-02153,en-Latn,brighter-eng,emotion,baseline,5,fear|sadness,fear|sadness,False,0.9788394731452496,
emotion-te-02154,en-Latn,brighter-eng,emotion,baseline,12,surprise,fear|joy|sadness|surprise,True,0.6234421089367227,
emotion-te-02155,en-Latn,brighter-eng,emotion,baseline,9,surprise,fear|surprise,True,0.5595999296800053,
emotion-te-02156,en-Latn,brighter-eng,emotion,baseline,11,joy,joy,False,0.3792314286088914,
emotion-te-02157,en-Latn,brighter-eng,emotion,baseline,11,anger|fear,anger|fear|surprise,True,0.6049896632206672,
emotion-te-02158,en-Latn,brighter-eng,emotion,baseline,18,joy,joy|sadness,True,0.5350048139399135,
emotion-te-02159,en-Latn,brighter-eng,emotion,baseline,9,fear|surprise,fear|joy|sadness|surprise,True,0.9025218074680986,
emotion-te-02160,en-Latn,brighter-eng,emotion,baseline,8,fear|surprise,fear|sadness|surprise,True,0.7915427185412874,
emotion-te-02161,en-Latn,brighter-eng,emotion,baseline,17,joy,fear|joy,True,0.6652287740342926,
emotion-te-02162,en-Latn,brighter-eng,emotion,baseline,15,anger,fear|joy,True,0.7181162653713922,
emotion-te-02163,en-Latn,brighter-eng,emotion,baseline,7,fear|surprise,fear|surprise,False,0.7332307419523839,
emotion-te-02164,en-Latn,brighter-eng,emotion,baseline,18,fear|surprise,fear|surprise,False,0.8778315095222476,
emotion-te-02165,en-Latn,brighter-eng,emotion,baseline,7,fear|sadness,fear,True,0.4037195121868823,
emotion-te-02166,en-Latn,brighter-eng,emotion,baseline,9,surprise,fear|surprise,True,0.631742394313385,
emotion-te-02167,en-Latn,brighter-eng,emotion,baseline,7,fear|sadness|surprise,fear|joy|surprise,True,0.5747934242717677,
emotion-te-02168,en-Latn,brighter-eng,emotion,baseline,16,anger|fear,fear|sadness|surprise,True,0.6518487172040868,
emotion-te-02169,en-Latn,brighter-eng,emotion,baseline,16,fear|surprise,sadness|surprise,True,0.5494700092507184,
emotion-te-02170,en-Latn,brighter-eng,emotion,baseline,10,fear|sadness,fear|sadness,False,0.6356598784113356,
emotion-te-02171,en-Latn,brighter-eng,emotion,baseline,11,fear|sadness,fear|sadness,False,0.8876174391046938,
emotion-te-02172,en-Latn,brighter-eng,emotion,baseline,14,fear|surprise,fear|surprise,False,0.9353525681302974,
emotion-te-02173,en-Latn,brighter-eng,emotion,baseline,4,fear|sadness|surprise,fear|sadness|surprise,False,0.9654237291220917,
emotion-te-02174,en-Latn,brighter-eng,emotion,baseline,14,joy|surprise,fear|joy|surprise,True,0.7504700432765157,
emotion-te-02175,en-Latn,brighter-eng,emotion,baseline,8,surprise,sadness|surprise,True,0.505398954729217,
emotion-te-02176,en-Latn,brighter-eng,emotion,baseline,21,fear|surprise,fear|sadness|surprise,True,0.973038954054552,
emotion-te-02177,en-Latn,brighter-eng,emotion,baseline,4,fear|surprise,fear|surprise,False,0.9938574615584223,
emotion-te-02178,en-Latn,brighter-eng,emotion,baseline,16,fear|sadness|surprise,joy|sadness|surprise,True,0.7609711027099999,
emotion-te-02179,en-Latn,brighter-eng,emotion,baseline,15,none,none,False,0.2907311083300903,
emotion-te-02180,en-Latn,brighter-eng,emotion,baseline,12,joy,fear|joy|sadness,True,0.5012546254936586,
emotion-te-02181,en-Latn,brighter-eng,emotion,baseline,22,joy|surprise,fear|surprise,True,0.8517901129919775,
emotion-te-02182,en-Latn,brighter-eng,emotion,baseline,31,joy,fear|surprise,True,0.8058341132748874,
emotion-te-02183,en-Latn,brighter-eng,emotion,baseline,29,fear,joy|sadness|surprise,True,0.7107841194005299,
emotion-te-02184,en-Latn,brighter-eng,emotion,baseline,18,joy,fear|surprise,True,0.8974208595129777,
emotion-te-02185,en-Latn,brighter-eng,emotion,baseline,6,none,fear|surprise,True,0.7457789759964255,
emotion-te-02186,en-Latn,brighter-eng,emotion,baseline,7,fear,fear|surprise,True,0.893731884146043,
emotion-te-02187,en-Latn,brighter-eng,emotion,baseline,48,joy,fear|joy|sadness,True,0.7447990075451769,
emotion-te-02188,en-Latn,brighter-eng,emotion,baseline,9,fear,fear,False,0.930983916938208,
emotion-te-02189,en-Latn,brighter-eng,emotion,baseline,20,fear|sadness,fear|sadness,False,0.9266443894350858,
emotion-te-02190,en-Latn,brighter-eng,emotion,baseline,23,fear|sadness,fear|sadness,False,0.8768566760390143,
emotion-te-02191,en-Latn,brighter-eng,emotion,baseline,15,fear|sadness,fear|sadness|surprise,True,0.9043911581909045,
emotion-te-02192,en-Latn,brighter-eng,emotion,baseline,4,fear|surprise,fear|surprise,False,0.9938562863287232,
emotion-te-02193,en-Latn,brighter-eng,emotion,baseline,15,joy,fear|joy|sadness,True,0.6187121597528211,
emotion-te-02194,en-Latn,brighter-eng,emotion,baseline,4,fear|sadness,fear|surprise,True,0.8109500114258084,
emotion-te-02195,en-Latn,brighter-eng,emotion,baseline,61,fear,fear|joy|surprise,True,0.8266781926867427,
emotion-te-02196,en-Latn,brighter-eng,emotion,baseline,12,none,fear,True,0.570118116177688,
emotion-te-02197,en-Latn,brighter-eng,emotion,baseline,25,joy,joy,False,0.40328568483907345,
emotion-te-02198,en-Latn,brighter-eng,emotion,baseline,18,anger|fear|sadness|surprise,anger|fear|sadness|surprise,False,0.8654880598565835,
emotion-te-02199,en-Latn,brighter-eng,emotion,baseline,4,none,fear|sadness|surprise,True,0.8378516795707617,
emotion-te-02200,en-Latn,brighter-eng,emotion,baseline,19,fear|sadness,fear|sadness,False,0.9616344026690166,
emotion-te-02201,en-Latn,brighter-eng,emotion,baseline,6,fear|surprise,fear|surprise,False,0.6581704617252133,
emotion-te-02202,en-Latn,brighter-eng,emotion,baseline,12,fear|sadness|surprise,fear|joy,True,0.5910322128726316,
emotion-te-02203,en-Latn,brighter-eng,emotion,baseline,19,fear|surprise,fear|surprise,False,0.9213718712694252,
emotion-te-02204,en-Latn,brighter-eng,emotion,baseline,6,fear|joy,fear|sadness|surprise,True,0.7544036910670124,
emotion-te-02205,en-Latn,brighter-eng,emotion,baseline,12,none,fear,True,0.7880313802923646,
emotion-te-02206,en-Latn,brighter-eng,emotion,baseline,7,fear|sadness,fear|sadness|surprise,True,0.8141963290271872,
emotion-te-02207,en-Latn,brighter-eng,emotion,baseline,6,none,anger|fear|sadness,True,0.855305721262561,
emotion-te-02208,en-Latn,brighter-eng,emotion,baseline,15,fear,fear|sadness|surprise,True,0.9359469733591391,
emotion-te-02209,en-Latn,brighter-eng,emotion,baseline,4,none,surprise,True,0.5133512973336463,
emotion-te-02210,en-Latn,brighter-eng,emotion,baseline,21,joy,fear|sadness,True,0.6533971515902383,
emotion-te-02211,en-Latn,brighter-eng,emotion,baseline,8,sadness|surprise,sadness|surprise,False,0.6781110557441666,
emotion-te-02212,en-Latn,brighter-eng,emotion,baseline,6,joy,anger|fear|surprise,True,0.6385764045386677,
emotion-te-02213,en-Latn,brighter-eng,emotion,baseline,35,anger,fear|joy|surprise,True,0.7651581171673004,
emotion-te-02214,en-Latn,brighter-eng,emotion,baseline,26,none,fear,True,0.8551903722122752,
emotion-te-02215,en-Latn,brighter-eng,emotion,baseline,18,joy|surprise,fear|joy|surprise,True,0.8804945553086737,
emotion-te-02216,en-Latn,brighter-eng,emotion,baseline,8,sadness,fear|sadness|surprise,True,0.8707808826517845,
emotion-te-02217,en-Latn,brighter-eng,emotion,baseline,12,joy|surprise,joy,True,0.6824174217169838,
emotion-te-02218,en-Latn,brighter-eng,emotion,baseline,29,fear,fear|joy|sadness|surprise,True,0.8367721333837793,
emotion-te-02219,en-Latn,brighter-eng,emotion,baseline,8,none,joy,True,0.45337750504735086,
emotion-te-02220,en-Latn,brighter-eng,emotion,baseline,28,fear|surprise,fear|surprise,False,0.9207142423737165,
emotion-te-02221,en-Latn,brighter-eng,emotion,baseline,4,fear,fear|joy|surprise,True,0.7569271736759619,
emotion-te-02222,en-Latn,brighter-eng,emotion,baseline,5,fear|sadness|surprise,anger|fear|sadness,True,0.6573052803845083,
emotion-te-02223,en-Latn,brighter-eng,emotion,baseline,17,joy|surprise,fear|joy|surprise,True,0.5897022964649057,
emotion-te-02224,en-Latn,brighter-eng,emotion,baseline,31,fear|sadness,fear|sadness,False,0.9797897271166194,
emotion-te-02225,en-Latn,brighter-eng,emotion,baseline,13,fear|surprise,fear|sadness,True,0.8565998831880386,
emotion-te-02226,en-Latn,brighter-eng,emotion,baseline,10,fear,fear|joy|sadness,True,0.6490512882207168,
emotion-te-02227,en-Latn,brighter-eng,emotion,baseline,17,fear|sadness,fear|joy|sadness,True,0.8814874677948352,
emotion-te-02228,en-Latn,brighter-eng,emotion,baseline,16,none,fear|sadness,True,0.5980784553345581,
emotion-te-02229,en-Latn,brighter-eng,emotion,baseline,37,sadness,fear|joy|sadness,True,0.7430419700347656,
emotion-te-02230,en-Latn,brighter-eng,emotion,baseline,5,fear|surprise,fear|surprise,False,0.8961968569907399,
emotion-te-02231,en-Latn,brighter-eng,emotion,baseline,18,joy,joy|sadness,True,0.7649650847533765,
emotion-te-02232,en-Latn,brighter-eng,emotion,baseline,22,fear|surprise,fear,True,0.9085140239388954,
emotion-te-02233,en-Latn,brighter-eng,emotion,baseline,12,joy,joy|sadness|surprise,True,0.6449159341145438,
emotion-te-02234,en-Latn,brighter-eng,emotion,baseline,11,fear|joy|sadness,fear,True,0.8746803614270943,
emotion-te-02235,en-Latn,brighter-eng,emotion,baseline,8,joy,fear|joy|surprise,True,0.8902431613296792,
emotion-te-02236,en-Latn,brighter-eng,emotion,baseline,2,none,fear|sadness,True,0.9213565742953485,
emotion-te-02237,en-Latn,brighter-eng,emotion,baseline,16,anger|fear|surprise,fear|joy|surprise,True,0.6892595607263545,
emotion-te-02238,en-Latn,brighter-eng,emotion,baseline,34,fear,fear|joy,True,0.6674424364725864,
emotion-te-02239,en-Latn,brighter-eng,emotion,baseline,4,anger,fear|sadness|surprise,True,0.8750010262208393,
emotion-te-02240,en-Latn,brighter-eng,emotion,baseline,22,anger|fear|sadness,fear|joy|sadness,True,0.8887533225108969,
emotion-te-02241,en-Latn,brighter-eng,emotion,baseline,5,anger,fear|joy|surprise,True,0.7371213010184922,
emotion-te-02242,en-Latn,brighter-eng,emotion,baseline,49,fear,fear|joy|sadness,True,0.8934538429347484,
emotion-te-02243,en-Latn,brighter-eng,emotion,baseline,18,none,fear,True,0.42213176054789,
emotion-te-02244,en-Latn,brighter-eng,emotion,baseline,36,joy,fear|sadness,True,0.8931301900252056,
emotion-te-02245,en-Latn,brighter-eng,emotion,baseline,13,anger|fear|sadness|surprise,fear|joy|sadness|surprise,True,0.6351914969233201,
emotion-te-02246,en-Latn,brighter-eng,emotion,baseline,9,fear|sadness,fear|joy|sadness,True,0.7091840386114372,
emotion-te-02247,en-Latn,brighter-eng,emotion,baseline,15,fear|sadness,fear|sadness,False,0.9304507782679903,
emotion-te-02248,en-Latn,brighter-eng,emotion,baseline,5,fear|sadness,fear|sadness|surprise,True,0.9031878077883148,
emotion-te-02249,en-Latn,brighter-eng,emotion,baseline,23,fear|surprise,fear|joy|sadness,True,0.429292921280408,
emotion-te-02250,en-Latn,brighter-eng,emotion,baseline,30,none,fear,True,0.6975568042195676,
emotion-te-02251,en-Latn,brighter-eng,emotion,baseline,4,sadness,fear|sadness|surprise,True,0.6510735564785802,
emotion-te-02252,en-Latn,brighter-eng,emotion,baseline,4,joy,surprise,True,0.4470043874761704,
emotion-te-02253,en-Latn,brighter-eng,emotion,baseline,7,fear|sadness,fear|sadness|surprise,True,0.831532170266991,
emotion-te-02254,en-Latn,brighter-eng,emotion,baseline,12,anger,fear|sadness|surprise,True,0.8202891543785419,
emotion-te-02255,en-Latn,brighter-eng,emotion,baseline,19,joy,fear|joy|sadness,True,0.82650936879307,
emotion-te-02256,en-Latn,brighter-eng,emotion,baseline,13,fear|sadness|surprise,fear,True,0.9106890781810365,
emotion-te-02257,en-Latn,brighter-eng,emotion,baseline,5,sadness,sadness,False,0.49933084352002793,
emotion-te-02258,en-Latn,brighter-eng,emotion,baseline,13,fear,fear|sadness,True,0.9742931765253522,
emotion-te-02259,en-Latn,brighter-eng,emotion,baseline,18,joy,fear|sadness|surprise,True,0.758858973687818,
emotion-te-02260,en-Latn,brighter-eng,emotion,baseline,11,joy,fear|sadness,True,0.7143641884734642,
emotion-te-02261,en-Latn,brighter-eng,emotion,baseline,7,joy|surprise,fear|joy|sadness|surprise,True,0.6418661464197749,
emotion-te-02262,en-Latn,brighter-eng,emotion,baseline,40,fear|joy|surprise,fear|joy|sadness,True,0.8074982055922147,
emotion-te-02263,en-Latn,brighter-eng,emotion,baseline,17,anger|surprise,joy|sadness|surprise,True,0.7901674347496097,
emotion-te-02264,en-Latn,brighter-eng,emotion,baseline,4,none,joy|surprise,True,0.7555309748682965,
emotion-te-02265,en-Latn,brighter-eng,emotion,baseline,12,fear,fear|joy|surprise,True,0.6015900277060472,
emotion-te-02266,en-Latn,brighter-eng,emotion,baseline,6,anger|fear|surprise,anger|fear|surprise,False,0.8912104740418443,
emotion-te-02267,en-Latn,brighter-eng,emotion,baseline,16,fear|surprise,fear|surprise,False,0.9434801819337978,
emotion-te-02268,en-Latn,brighter-eng,emotion,baseline,17,joy|surprise,fear|surprise,True,0.7471531297971407,
emotion-te-02269,en-Latn,brighter-eng,emotion,baseline,8,fear|surprise,fear|surprise,False,0.9533412108403715,
emotion-te-02270,en-Latn,brighter-eng,emotion,baseline,16,joy,fear|joy|surprise,True,0.7380756307875749,
emotion-te-02271,en-Latn,brighter-eng,emotion,baseline,13,fear|sadness,fear|sadness,False,0.9250437612024515,
emotion-te-02272,en-Latn,brighter-eng,emotion,baseline,15,fear,fear|joy,True,0.8734021865858967,
emotion-te-02273,en-Latn,brighter-eng,emotion,baseline,26,joy,fear|sadness,True,0.6269497787060176,
emotion-te-02274,en-Latn,brighter-eng,emotion,baseline,4,sadness,fear|joy|sadness|surprise,True,0.8449071666173701,
emotion-te-02275,en-Latn,brighter-eng,emotion,baseline,10,fear|surprise,fear|surprise,False,0.9531591516614966,
emotion-te-02276,en-Latn,brighter-eng,emotion,baseline,15,anger|fear|sadness|surprise,fear|surprise,True,0.6705234674886991,
emotion-te-02277,en-Latn,brighter-eng,emotion,baseline,14,fear|sadness,fear,True,0.7398653985001153,
emotion-te-02278,en-Latn,brighter-eng,emotion,baseline,9,fear|surprise,fear|sadness|surprise,True,0.8957620551991152,
emotion-te-02279,en-Latn,brighter-eng,emotion,baseline,34,fear,fear|sadness|surprise,True,0.8677944543116392,
emotion-te-02280,en-Latn,brighter-eng,emotion,baseline,75,joy,fear|joy|sadness|surprise,True,0.7795195398283358,
emotion-te-02281,en-Latn,brighter-eng,emotion,baseline,13,anger|fear|sadness|surprise,fear|sadness,True,0.7551438750360467,
emotion-te-02282,en-Latn,brighter-eng,emotion,baseline,23,joy,joy|sadness,True,0.68080489356706,
emotion-te-02283,en-Latn,brighter-eng,emotion,baseline,11,fear,none,True,0.37667542816436944,
emotion-te-02284,en-Latn,brighter-eng,emotion,baseline,4,joy,joy,False,0.39182596426216526,
emotion-te-02285,en-Latn,brighter-eng,emotion,baseline,24,fear|sadness,fear|sadness|surprise,True,0.9002993004626213,
emotion-te-02286,en-Latn,brighter-eng,emotion,baseline,30,fear|sadness,fear|joy,True,0.8937702647491071,
emotion-te-02287,en-Latn,brighter-eng,emotion,baseline,3,fear|surprise,fear|surprise,False,0.7184800319898134,
emotion-te-02288,en-Latn,brighter-eng,emotion,baseline,8,joy,fear|joy|sadness,True,0.7731771400394946,
emotion-te-02289,en-Latn,brighter-eng,emotion,baseline,19,fear|sadness,fear|sadness,False,0.9464839097936075,
emotion-te-02290,en-Latn,brighter-eng,emotion,baseline,6,fear|sadness,fear|sadness,False,0.9144429383842457,
emotion-te-02291,en-Latn,brighter-eng,emotion,baseline,7,none,fear|sadness,True,0.616240510353008,
emotion-te-02292,en-Latn,brighter-eng,emotion,baseline,11,fear,fear|sadness|surprise,True,0.9617161660238247,
emotion-te-02293,en-Latn,brighter-eng,emotion,baseline,16,joy,joy|sadness,True,0.4178456210171404,
emotion-te-02294,en-Latn,brighter-eng,emotion,baseline,6,surprise,fear|surprise,True,0.6176118394773177,
emotion-te-02295,en-Latn,brighter-eng,emotion,baseline,21,none,fear|joy|sadness|surprise,True,0.7133528292470164,
emotion-te-02296,en-Latn,brighter-eng,emotion,baseline,16,fear|joy|sadness,fear|surprise,True,0.668156093458987,
emotion-te-02297,en-Latn,brighter-eng,emotion,baseline,4,anger|fear|sadness,fear|sadness|surprise,True,0.595577494656329,
emotion-te-02298,en-Latn,brighter-eng,emotion,baseline,19,fear|sadness,fear|sadness,False,0.9421472693583436,
emotion-te-02299,en-Latn,brighter-eng,emotion,baseline,7,anger,joy|sadness|surprise,True,0.43297205737005634,
emotion-te-02300,en-Latn,brighter-eng,emotion,baseline,10,fear,fear|joy|surprise,True,0.6609888079348447,
emotion-te-02301,en-Latn,brighter-eng,emotion,baseline,8,fear|sadness,fear|sadness,False,0.7921104347841904,
emotion-te-02302,en-Latn,brighter-eng,emotion,baseline,4,surprise,fear,True,0.44729487035074106,
emotion-te-02303,en-Latn,brighter-eng,emotion,baseline,4,surprise,joy|surprise,True,0.761679552494021,
emotion-te-02304,en-Latn,brighter-eng,emotion,baseline,27,sadness,fear|joy|sadness,True,0.8155766496566298,
emotion-te-02305,en-Latn,brighter-eng,emotion,baseline,50,anger|fear|sadness,fear|surprise,True,0.7879039019462476,
emotion-te-02306,en-Latn,brighter-eng,emotion,baseline,18,fear|sadness,fear|sadness,False,0.9263877796927701,
emotion-te-02307,en-Latn,brighter-eng,emotion,baseline,16,anger|fear,fear|joy|surprise,True,0.8733390448238009,
emotion-te-02308,en-Latn,brighter-eng,emotion,baseline,27,surprise,fear|surprise,True,0.9814250875148752,
emotion-te-02309,en-Latn,brighter-eng,emotion,baseline,6,fear|surprise,anger|fear|joy|sadness|surprise,True,0.698786711121018,
emotion-te-02310,en-Latn,brighter-eng,emotion,baseline,7,surprise,joy|surprise,True,0.7397600460623771,
emotion-te-02311,en-Latn,brighter-eng,emotion,baseline,24,fear,fear|joy|sadness,True,0.47651767285428154,
emotion-te-02312,en-Latn,brighter-eng,emotion,baseline,11,joy|surprise,joy|surprise,False,0.9332699031157915,
emotion-te-02313,en-Latn,brighter-eng,emotion,baseline,23,fear,fear|sadness,True,0.9297644715899148,
emotion-te-02314,en-Latn,brighter-eng,emotion,baseline,10,fear|joy|sadness,fear|surprise,True,0.9523111548690996,
emotion-te-02315,en-Latn,brighter-eng,emotion,baseline,11,fear|sadness|surprise,surprise,True,0.44850307965549324,
emotion-te-02316,en-Latn,brighter-eng,emotion,baseline,4,anger|fear|surprise,surprise,True,0.6726550128969147,
emotion-te-02317,en-Latn,brighter-eng,emotion,baseline,21,joy,fear|sadness|surprise,True,0.7960504377390965,
emotion-te-02318,en-Latn,brighter-eng,emotion,baseline,12,fear|sadness,fear|sadness|surprise,True,0.7980659930567406,
emotion-te-02319,en-Latn,brighter-eng,emotion,baseline,10,fear,fear|joy|sadness,True,0.7100620050686928,
emotion-te-02320,en-Latn,brighter-eng,emotion,baseline,19,joy,joy,False,0.7895035098238813,
emotion-te-02321,en-Latn,brighter-eng,emotion,baseline,18,fear,fear|sadness,True,0.7504432226467705,
emotion-te-02322,en-Latn,brighter-eng,emotion,baseline,13,joy,fear,True,0.7077751079027216,
emotion-te-02323,en-Latn,brighter-eng,emotion,baseline,4,fear,fear|surprise,True,0.6679374375884876,
emotion-te-02324,en-Latn,brighter-eng,emotion,baseline,26,joy,fear|joy,True,0.6707773079756594,
emotion-te-02325,en-Latn,brighter-eng,emotion,baseline,8,fear,fear,False,0.43791088611964013,
emotion-te-02326,en-Latn,brighter-eng,emotion,baseline,18,joy,fear|joy|sadness|surprise,True,0.6414358594864248,
emotion-te-02327,en-Latn,brighter-eng,emotion,baseline,12,anger|joy,fear|joy|surprise,True,0.6551573526446364,
emotion-te-02328,en-Latn,brighter-eng,emotion,baseline,15,fear|surprise,fear|surprise,False,0.9095521494548215,
emotion-te-02329,en-Latn,brighter-eng,emotion,baseline,36,joy,fear|joy,True,0.6730297404560794,
emotion-te-02330,en-Latn,brighter-eng,emotion,baseline,12,fear,joy|surprise,True,0.7128095416182981,
emotion-te-02331,en-Latn,brighter-eng,emotion,baseline,11,sadness,sadness,False,0.32914107781307,
emotion-te-02332,en-Latn,brighter-eng,emotion,baseline,10,fear|surprise,fear|surprise,False,0.955451428874214,
emotion-te-02333,en-Latn,brighter-eng,emotion,baseline,4,surprise,sadness,True,0.3834288339548488,
emotion-te-02334,en-Latn,brighter-eng,emotion,baseline,4,fear|surprise,fear|surprise,False,0.8946507900057221,
emotion-te-02335,en-Latn,brighter-eng,emotion,baseline,17,anger|sadness,sadness|surprise,True,0.4341392954776054,
emotion-te-02336,en-Latn,brighter-eng,emotion,baseline,19,fear|sadness,fear|sadness|surprise,True,0.9817414574189499,
emotion-te-02337,en-Latn,brighter-eng,emotion,baseline,5,fear,fear|surprise,True,0.9661258645393312,
emotion-te-02338,en-Latn,brighter-eng,emotion,baseline,52,fear|surprise,fear|surprise,False,0.8807899989991159,
emotion-te-02339,en-Latn,brighter-eng,emotion,baseline,4,fear|sadness|surprise,fear|joy|sadness|surprise,True,0.6388518321634189,
emotion-te-02340,en-Latn,brighter-eng,emotion,baseline,9,sadness,fear|sadness,True,0.6974023624509483,
emotion-te-02341,en-Latn,brighter-eng,emotion,baseline,9,joy,joy,False,0.544761705790646,
emotion-te-02342,en-Latn,brighter-eng,emotion,baseline,16,fear|surprise,fear|surprise,False,0.6979796941029587,
emotion-te-02343,en-Latn,brighter-eng,emotion,baseline,15,surprise,fear|surprise,True,0.8141289893185276,
emotion-te-02344,en-Latn,brighter-eng,emotion,baseline,12,joy,joy|surprise,True,0.9430472016183161,
emotion-te-02345,en-Latn,brighter-eng,emotion,baseline,21,fear|sadness,fear|sadness|surprise,True,0.9248932211030436,
emotion-te-02346,en-Latn,brighter-eng,emotion,baseline,29,joy,joy|surprise,True,0.9550083037336727,
emotion-te-02347,en-Latn,brighter-eng,emotion,baseline,8,fear|surprise,fear|joy|surprise,True,0.7040880070856644,
emotion-te-02348,en-Latn,brighter-eng,emotion,baseline,8,anger|surprise,fear|sadness|surprise,True,0.79482338283429,
emotion-te-02349,en-Latn,brighter-eng,emotion,baseline,6,fear|surprise,fear|sadness,True,0.9496291154679573,
emotion-te-02350,en-Latn,brighter-eng,emotion,baseline,17,fear|sadness,fear|joy|sadness,True,0.6619442135216403,
emotion-te-02351,en-Latn,brighter-eng,emotion,baseline,29,none,joy|surprise,True,0.8708623794329818,
emotion-te-02352,en-Latn,brighter-eng,emotion,baseline,28,fear,fear|sadness,True,0.9464283298101228,
emotion-te-02353,en-Latn,brighter-eng,emotion,baseline,16,fear,fear|sadness|surprise,True,0.8317166874575199,
emotion-te-02354,en-Latn,brighter-eng,emotion,baseline,6,joy,fear,True,0.46464426651289065,
emotion-te-02355,en-Latn,brighter-eng,emotion,baseline,16,anger|sadness|surprise,anger|surprise,True,0.7283058190715239,
emotion-te-02356,en-Latn,brighter-eng,emotion,baseline,7,none,fear|surprise,True,0.5286865994479529,
emotion-te-02357,en-Latn,brighter-eng,emotion,baseline,16,fear|joy,none,True,0.26668394472477447,
emotion-te-02358,en-Latn,brighter-eng,emotion,baseline,22,joy,fear|joy|sadness,True,0.636193288428447,
emotion-te-02359,en-Latn,brighter-eng,emotion,baseline,24,fear|surprise,fear|sadness|surprise,True,0.981404693241252,
emotion-te-02360,en-Latn,brighter-eng,emotion,baseline,9,joy|sadness|surprise,fear|sadness,True,0.8854137495343255,
emotion-te-02361,en-Latn,brighter-eng,emotion,baseline,6,none,joy,True,0.4491341988485883,
emotion-te-02362,en-Latn,brighter-eng,emotion,baseline,10,surprise,fear|surprise,True,0.845378103636421,
emotion-te-02363,en-Latn,brighter-eng,emotion,baseline,4,fear|surprise,fear|sadness|surprise,True,0.9121268847410438,
emotion-te-02364,en-Latn,brighter-eng,emotion,baseline,12,surprise,fear|joy|sadness|surprise,True,0.8850273184918223,
emotion-te-02365,en-Latn,brighter-eng,emotion,baseline,9,anger|fear|sadness,anger|fear|joy|sadness|surprise,True,0.8601250539291819,
emotion-te-02366,en-Latn,brighter-eng,emotion,baseline,30,fear|sadness,fear,True,0.835404054325981,
emotion-te-02367,en-Latn,brighter-eng,emotion,baseline,32,anger|surprise,joy|surprise,True,0.7250832585432149,
emotion-te-02368,en-Latn,brighter-eng,emotion,baseline,12,joy,fear|sadness|surprise,True,0.5021454165704633,
emotion-te-02369,en-Latn,brighter-eng,emotion,baseline,14,fear|sadness,fear|surprise,True,0.8945784350132872,
emotion-te-02370,en-Latn,brighter-eng,emotion,baseline,5,surprise,joy,True,0.3112188020249786,
emotion-te-02371,en-Latn,brighter-eng,emotion,baseline,15,fear|surprise,joy|sadness,True,0.58740989230441,
emotion-te-02372,en-Latn,brighter-eng,emotion,baseline,20,anger|fear,fear|sadness,True,0.7808976191494847,
emotion-te-02373,en-Latn,brighter-eng,emotion,baseline,23,fear|sadness,fear|sadness,False,0.8844916713061463,
emotion-te-02374,en-Latn,brighter-eng,emotion,baseline,21,anger|fear,fear|sadness|surprise,True,0.9794235665347628,
emotion-te-02375,en-Latn,brighter-eng,emotion,baseline,10,fear|sadness,fear|sadness,False,0.8126786947961608,
emotion-te-02376,en-Latn,brighter-eng,emotion,baseline,4,joy,joy|sadness,True,0.8203056261041856,
emotion-te-02377,en-Latn,brighter-eng,emotion,baseline,8,fear|surprise,fear|surprise,False,0.7729368855861204,
emotion-te-02378,en-Latn,brighter-eng,emotion,baseline,19,fear|sadness,fear|sadness,False,0.9385028284085379,
emotion-te-02379,en-Latn,brighter-eng,emotion,baseline,12,fear|sadness|surprise,fear|surprise,True,0.9672280407687743,
emotion-te-02380,en-Latn,brighter-eng,emotion,baseline,17,joy,fear,True,0.43960363458182106,
emotion-te-02381,en-Latn,brighter-eng,emotion,baseline,11,fear|sadness,fear|sadness|surprise,True,0.6465949504886438,
emotion-te-02382,en-Latn,brighter-eng,emotion,baseline,16,none,fear|surprise,True,0.8443832196408256,
emotion-te-02383,en-Latn,brighter-eng,emotion,baseline,10,fear,joy|sadness,True,0.5233414647589244,
emotion-te-02384,en-Latn,brighter-eng,emotion,baseline,16,fear|joy|surprise,fear|sadness|surprise,True,0.8766977991965328,
emotion-te-02385,en-Latn,brighter-eng,emotion,baseline,4,surprise,fear|joy|sadness|surprise,True,0.8064727499617531,
emotion-te-02386,en-Latn,brighter-eng,emotion,baseline,4,fear|surprise,fear|surprise,False,0.9923779610107186,
emotion-te-02387,en-Latn,brighter-eng,emotion,baseline,4,anger|fear|surprise,fear|sadness|surprise,True,0.7050452176074071,
emotion-te-02388,en-Latn,brighter-eng,emotion,baseline,7,fear|joy,fear|sadness,True,0.5024349090149425,
emotion-te-02389,en-Latn,brighter-eng,emotion,baseline,6,fear|surprise,fear,True,0.6972878654974012,
emotion-te-02390,en-Latn,brighter-eng,emotion,baseline,4,fear|sadness,fear|joy|sadness|surprise,True,0.5942836046364267,
emotion-te-02391,en-Latn,brighter-eng,emotion,baseline,15,none,joy|sadness,True,0.7363896672939988,
emotion-te-02392,en-Latn,brighter-eng,emotion,baseline,4,none,fear|sadness,True,0.4814615853860917,
emotion-te-02393,en-Latn,brighter-eng,emotion,baseline,11,fear|surprise,fear|sadness|surprise,True,0.9428166531304308,
emotion-te-02394,en-Latn,brighter-eng,emotion,baseline,24,fear|surprise,fear|surprise,False,0.9758207253816334,
emotion-te-02395,en-Latn,brighter-eng,emotion,baseline,4,none,sadness|surprise,True,0.7350244852882306,
emotion-te-02396,en-Latn,brighter-eng,emotion,baseline,8,fear,fear|joy|surprise,True,0.6471359933121651,
emotion-te-02397,en-Latn,brighter-eng,emotion,baseline,8,fear|sadness|surprise,fear|joy|sadness|surprise,True,0.7235409096977721,
emotion-te-02398,en-Latn,brighter-eng,emotion,baseline,20,joy,fear|sadness|surprise,True,0.9006104766922187,
emotion-te-02399,en-Latn,brighter-eng,emotion,baseline,26,fear,fear|sadness,True,0.9467533216743907,
emotion-te-02400,en-Latn,brighter-eng,emotion,baseline,11,sadness,fear|joy|sadness,True,0.48026414973113285,
emotion-te-02401,en-Latn,brighter-eng,emotion,baseline,20,joy|surprise,fear|joy|surprise,True,0.7674512800077026,
emotion-te-02402,en-Latn,brighter-eng,emotion,baseline,12,surprise,joy|surprise,True,0.8022512660232773,
emotion-te-02403,en-Latn,brighter-eng,emotion,baseline,19,joy|surprise,joy|surprise,False,0.8996779287844112,
emotion-te-02404,en-Latn,brighter-eng,emotion,baseline,4,fear|sadness,fear|sadness,False,0.8122700110407627,
emotion-te-02405,en-Latn,brighter-eng,emotion,baseline,16,fear|surprise,fear|sadness|surprise,True,0.9299460886016714,
emotion-te-02406,en-Latn,brighter-eng,emotion,baseline,38,joy,fear|joy|sadness,True,0.7257281138416737,
emotion-te-02407,en-Latn,brighter-eng,emotion,baseline,3,sadness,joy|sadness,True,0.6397421362813132,
emotion-te-02408,en-Latn,brighter-eng,emotion,baseline,6,fear|surprise,joy|sadness|surprise,True,0.4372632065148057,
emotion-te-02409,en-Latn,brighter-eng,emotion,baseline,4,fear,fear,False,0.9211013537032526,
emotion-te-02410,en-Latn,brighter-eng,emotion,baseline,7,fear|sadness|surprise,fear|surprise,True,0.8914421148439566,
emotion-te-02411,en-Latn,brighter-eng,emotion,baseline,4,surprise,fear|joy|sadness|surprise,True,0.6622554306715048,
emotion-te-02412,en-Latn,brighter-eng,emotion,baseline,18,fear|joy|sadness,fear|joy|surprise,True,0.6660784811604227,
emotion-te-02413,en-Latn,brighter-eng,emotion,baseline,5,joy,joy|sadness|surprise,True,0.5775863046592679,
emotion-te-02414,en-Latn,brighter-eng,emotion,baseline,13,fear,fear|sadness,True,0.9754695393156506,
emotion-te-02415,en-Latn,brighter-eng,emotion,baseline,28,joy|sadness,fear|joy|sadness,True,0.9309361119863503,
emotion-te-02416,en-Latn,brighter-eng,emotion,baseline,69,fear|sadness,fear|joy|sadness,True,0.7388571936233894,
emotion-te-02417,en-Latn,brighter-eng,emotion,baseline,38,joy,fear|surprise,True,0.8334632817690499,
emotion-te-02418,en-Latn,brighter-eng,emotion,baseline,14,none,anger|fear|sadness|surprise,True,0.9564255991747317,
emotion-te-02419,en-Latn,brighter-eng,emotion,baseline,14,fear|sadness,fear|sadness,False,0.9346944540678528,
emotion-te-02420,en-Latn,brighter-eng,emotion,baseline,12,fear|surprise,fear|joy|surprise,True,0.685904488524417,
emotion-te-02421,en-Latn,brighter-eng,emotion,baseline,8,surprise,fear|sadness|surprise,True,0.5339925857427793,
emotion-te-02422,en-Latn,brighter-eng,emotion,baseline,9,anger|fear,fear|sadness,True,0.84704443429659,
emotion-te-02423,en-Latn,brighter-eng,emotion,baseline,15,fear|sadness,fear,True,0.48122416475841445,
emotion-te-02424,en-Latn,brighter-eng,emotion,baseline,10,fear|sadness,fear|sadness|surprise,True,0.9086984962809994,
emotion-te-02425,en-Latn,brighter-eng,emotion,baseline,7,surprise,fear|surprise,True,0.6531885833833175,
emotion-te-02426,en-Latn,brighter-eng,emotion,baseline,16,joy|surprise,fear|joy|surprise,True,0.9170779458342937,
emotion-te-02427,en-Latn,brighter-eng,emotion,baseline,6,fear|surprise,fear,True,0.4422820776369629,
emotion-te-02428,en-Latn,brighter-eng,emotion,baseline,12,none,fear|joy|sadness|surprise,True,0.7574557413051001,
emotion-te-02429,en-Latn,brighter-eng,emotion,baseline,18,fear|sadness,fear|sadness,False,0.9572987792596305,
emotion-te-02430,en-Latn,brighter-eng,emotion,baseline,9,joy,fear|joy|surprise,True,0.5733579196116274,
emotion-te-02431,en-Latn,brighter-eng,emotion,baseline,6,joy,joy|sadness|surprise,True,0.6711401546162719,
emotion-te-02432,en-Latn,brighter-eng,emotion,baseline,5,joy,fear|joy|surprise,True,0.7398062267925989,
emotion-te-02433,en-Latn,brighter-eng,emotion,baseline,6,sadness,fear|sadness|surprise,True,0.888382563727386,
emotion-te-02434,en-Latn,brighter-eng,emotion,baseline,28,none,joy|sadness,True,0.341627683444628,
emotion-te-02435,en-Latn,brighter-eng,emotion,baseline,6,joy,fear|joy,True,0.5091528306005328,
emotion-te-02436,en-Latn,brighter-eng,emotion,baseline,29,joy,fear|sadness,True,0.8040779215694865,
emotion-te-02437,en-Latn,brighter-eng,emotion,baseline,26,fear|sadness,fear|sadness|surprise,True,0.9157625965923368,
emotion-te-02438,en-Latn,brighter-eng,emotion,baseline,7,sadness|surprise,fear|sadness|surprise,True,0.8624528537313187,
emotion-te-02439,en-Latn,brighter-eng,emotion,baseline,15,fear|surprise,fear|surprise,False,0.9696194418711087,
emotion-te-02440,en-Latn,brighter-eng,emotion,baseline,4,none,anger|fear|sadness|surprise,True,0.8991194056287612,
emotion-te-02441,en-Latn,brighter-eng,emotion,baseline,23,fear|sadness,joy,True,0.8241880464615492,
emotion-te-02442,en-Latn,brighter-eng,emotion,baseline,43,joy,fear|sadness,True,0.9222078452180681,
emotion-te-02443,en-Latn,brighter-eng,emotion,baseline,4,joy,joy|surprise,True,0.8891209494088452,
emotion-te-02444,en-Latn,brighter-eng,emotion,baseline,5,fear|sadness,fear|sadness,False,0.9172150853803372,
emotion-te-02445,en-Latn,brighter-eng,emotion,baseline,10,joy,fear|joy,True,0.8243054990971032,
emotion-te-02446,en-Latn,brighter-eng,emotion,baseline,24,fear|sadness,fear,True,0.9532217505203675,
emotion-te-02447,en-Latn,brighter-eng,emotion,baseline,41,fear|surprise,fear|surprise,False,0.9174271683241367,
emotion-te-02448,en-Latn,brighter-eng,emotion,baseline,11,anger|surprise,fear|sadness|surprise,True,0.7113264231462183,
emotion-te-02449,en-Latn,brighter-eng,emotion,baseline,9,none,fear,True,0.6824201094164423,
emotion-te-02450,en-Latn,brighter-eng,emotion,baseline,18,fear,fear|joy,True,0.6113618775770768,
emotion-te-02451,en-Latn,brighter-eng,emotion,baseline,23,joy,fear|joy|surprise,True,0.7482163318427789,
emotion-te-02452,en-Latn,brighter-eng,emotion,baseline,31,fear|sadness|surprise,fear|sadness|surprise,False,0.9466321576789786,
emotion-te-02453,en-Latn,brighter-eng,emotion,baseline,5,fear|sadness|surprise,fear|sadness,True,0.7111862588531224,
emotion-te-02454,en-Latn,brighter-eng,emotion,baseline,20,fear|sadness|surprise,fear|sadness,True,0.9880979051370655,
emotion-te-02455,en-Latn,brighter-eng,emotion,baseline,27,joy|surprise,joy,True,0.843764173400748,
emotion-te-02456,en-Latn,brighter-eng,emotion,baseline,13,none,fear|joy,True,0.5584678674670143,
emotion-te-02457,en-Latn,brighter-eng,emotion,baseline,28,joy,fear|joy|sadness,True,0.7988437219180601,
emotion-te-02458,en-Latn,brighter-eng,emotion,baseline,8,anger|sadness|surprise,fear|sadness,True,0.722870329651405,
emotion-te-02459,en-Latn,brighter-eng,emotion,baseline,25,joy,fear|sadness,True,0.5896939981060206,
emotion-te-02460,en-Latn,brighter-eng,emotion,baseline,48,fear|sadness,fear|joy,True,0.7707491502764442,
emotion-te-02461,en-Latn,brighter-eng,emotion,baseline,7,fear|surprise,joy|surprise,True,0.7533398867529243,
emotion-te-02462,en-Latn,brighter-eng,emotion,baseline,23,fear,fear|joy|sadness,True,0.8579127399409577,
emotion-te-02463,en-Latn,brighter-eng,emotion,baseline,6,fear|joy,fear|sadness,True,0.8083667750544277,
emotion-te-02464,en-Latn,brighter-eng,emotion,baseline,12,joy,fear|sadness,True,0.5895663434942331,
emotion-te-02465,en-Latn,brighter-eng,emotion,baseline,13,fear|sadness|surprise,fear|sadness|surprise,False,0.9731129891990873,
emotion-te-02466,en-Latn,brighter-eng,emotion,baseline,8,fear|surprise,fear|surprise,False,0.865045681358593,
emotion-te-02467,en-Latn,brighter-eng,emotion,baseline,35,fear|sadness,fear|sadness|surprise,True,0.8822629651792295,
emotion-te-02468,en-Latn,brighter-eng,emotion,baseline,23,fear|sadness,fear|joy|sadness,True,0.8015909858108754,
emotion-te-02469,en-Latn,brighter-eng,emotion,baseline,22,fear|surprise,fear|joy|surprise,True,0.8049289381088335,
emotion-te-02470,en-Latn,brighter-eng,emotion,baseline,7,anger|fear|sadness,fear|surprise,True,0.802900293732987,
emotion-te-02471,en-Latn,brighter-eng,emotion,baseline,26,joy|surprise,fear,True,0.9022748478332252,
emotion-te-02472,en-Latn,brighter-eng,emotion,baseline,17,none,fear,True,0.6876750749131233,
emotion-te-02473,en-Latn,brighter-eng,emotion,baseline,9,fear|surprise,fear|sadness|surprise,True,0.7392590109541548,
emotion-te-02474,en-Latn,brighter-eng,emotion,baseline,11,fear|sadness|surprise,fear|sadness|surprise,False,0.7499841339283253,
emotion-te-02475,en-Latn,brighter-eng,emotion,baseline,13,anger|fear|sadness,fear|sadness|surprise,True,0.9083865196098695,
emotion-te-02476,en-Latn,brighter-eng,emotion,baseline,7,anger|fear|sadness|surprise,fear|sadness|surprise,True,0.9106554764342433,
emotion-te-02477,en-Latn,brighter-eng,emotion,baseline,20,joy,fear|sadness,True,0.8534185635704483,
emotion-te-02478,en-Latn,brighter-eng,emotion,baseline,4,none,anger|fear,True,0.8526424920962123,
emotion-te-02479,en-Latn,brighter-eng,emotion,baseline,12,joy,fear|joy|sadness|surprise,True,0.8785319629294084,
emotion-te-02480,en-Latn,brighter-eng,emotion,baseline,4,fear,fear|surprise,True,0.7588195407244035,
emotion-te-02481,en-Latn,brighter-eng,emotion,baseline,31,joy,joy,False,0.45426556985750927,
emotion-te-02482,en-Latn,brighter-eng,emotion,baseline,19,fear|surprise,fear|sadness|surprise,True,0.9448835036243838,
emotion-te-02483,en-Latn,brighter-eng,emotion,baseline,8,joy|surprise,joy|surprise,False,0.6974132889296989,
emotion-te-02484,en-Latn,brighter-eng,emotion,baseline,16,none,fear,True,0.6904868526162732,
emotion-te-02485,en-Latn,brighter-eng,emotion,baseline,7,fear|sadness,fear|joy,True,0.5911986445753097,
emotion-te-02486,en-Latn,brighter-eng,emotion,baseline,13,sadness,fear|sadness,True,0.9399853726594897,
emotion-te-02487,en-Latn,brighter-eng,emotion,baseline,21,none,fear,True,0.4878491059782893,
emotion-te-02488,en-Latn,brighter-eng,emotion,baseline,10,none,sadness,True,0.5517306028237683,
emotion-te-02489,en-Latn,brighter-eng,emotion,baseline,11,sadness,fear|joy|sadness,True,0.6727326196714937,
emotion-te-02490,en-Latn,brighter-eng,emotion,baseline,15,anger|fear,anger|sadness,True,0.7560567194956257,
emotion-te-02491,en-Latn,brighter-eng,emotion,baseline,6,fear|sadness,fear|joy|sadness|surprise,True,0.6650683964031198,
emotion-te-02492,en-Latn,brighter-eng,emotion,baseline,27,fear|sadness,fear|sadness|surprise,True,0.6334702026477868,
emotion-te-02493,en-Latn,brighter-eng,emotion,baseline,6,fear|sadness,fear,True,0.8811121258695437,
emotion-te-02494,en-Latn,brighter-eng,emotion,baseline,14,surprise,fear|sadness|surprise,True,0.9745570554244531,
emotion-te-02495,en-Latn,brighter-eng,emotion,baseline,7,anger|fear,fear,True,0.4741683861624166,
emotion-te-02496,en-Latn,brighter-eng,emotion,baseline,14,fear|joy|surprise,fear,True,0.5681109004219602,
emotion-te-02497,en-Latn,brighter-eng,emotion,baseline,20,fear|sadness,fear|sadness,False,0.8780730106484792,
emotion-te-02498,en-Latn,brighter-eng,emotion,baseline,21,fear,fear|sadness|surprise,True,0.8233864640380034,
emotion-te-02499,en-Latn,brighter-eng,emotion,baseline,13,fear|sadness,fear|joy,True,0.930695854253754,
emotion-te-02500,en-Latn,brighter-eng,emotion,baseline,16,fear|sadness|surprise,fear|sadness,True,0.5254487125625312,
emotion-te-02501,en-Latn,brighter-eng,emotion,baseline,10,fear,none,True,0.2794785176874309,
emotion-te-02502,en-Latn,brighter-eng,emotion,baseline,4,fear|sadness|surprise,fear,True,0.8997605488995656,
emotion-te-02503,en-Latn,brighter-eng,emotion,baseline,27,fear|sadness,fear|sadness,False,0.7727048501644341,
emotion-te-02504,en-Latn,brighter-eng,emotion,baseline,13,sadness,fear|surprise,True,0.7384842163024229,
emotion-te-02505,en-Latn,brighter-eng,emotion,baseline,4,sadness|surprise,fear|sadness,True,0.8996413108281498,
emotion-te-02506,en-Latn,brighter-eng,emotion,baseline,29,none,fear,True,0.7443626974202169,
emotion-te-02507,en-Latn,brighter-eng,emotion,baseline,12,sadness,anger|fear|sadness,True,0.9713553438305959,
emotion-te-02508,en-Latn,brighter-eng,emotion,baseline,7,joy,fear|joy,True,0.543284570833826,
emotion-te-02509,en-Latn,brighter-eng,emotion,baseline,32,joy,fear|surprise,True,0.6128556723473421,
emotion-te-02510,en-Latn,brighter-eng,emotion,baseline,38,fear|sadness,fear|sadness|surprise,True,0.9961359943252718,
emotion-te-02511,en-Latn,brighter-eng,emotion,baseline,16,none,fear|sadness|surprise,True,0.8261124707953037,
emotion-te-02512,en-Latn,brighter-eng,emotion,baseline,24,fear,fear,False,0.9208153017751691,
emotion-te-02513,en-Latn,brighter-eng,emotion,baseline,18,fear|sadness,fear|sadness,False,0.9814990205387758,
emotion-te-02514,en-Latn,brighter-eng,emotion,baseline,44,fear|surprise,fear|sadness|surprise,True,0.7823544678148725,
emotion-te-02515,en-Latn,brighter-eng,emotion,baseline,7,fear|surprise,fear|surprise,False,0.8127224220666303,
emotion-te-02516,en-Latn,brighter-eng,emotion,baseline,15,surprise,fear|joy|sadness|surprise,True,0.7351014062610354,
emotion-te-02517,en-Latn,brighter-eng,emotion,baseline,73,joy,fear|joy|sadness|surprise,True,0.6639282257784652,
emotion-te-02518,en-Latn,brighter-eng,emotion,baseline,15,fear|surprise,fear|sadness|surprise,True,0.8479850304321824,
emotion-te-02519,en-Latn,brighter-eng,emotion,baseline,21,fear|sadness,fear|joy,True,0.7765981294130487,
emotion-te-02520,en-Latn,brighter-eng,emotion,baseline,17,fear,fear,False,0.833266213864062,
emotion-te-02521,en-Latn,brighter-eng,emotion,baseline,13,fear|sadness,fear|sadness|surprise,True,0.9043180098340392,
emotion-te-02522,en-Latn,brighter-eng,emotion,baseline,10,none,joy,True,0.5349991036539724,
emotion-te-02523,en-Latn,brighter-eng,emotion,baseline,7,sadness,sadness,False,0.3404787932466043,
emotion-te-02524,en-Latn,brighter-eng,emotion,baseline,4,fear|surprise,fear|joy|sadness|surprise,True,0.7928668283425397,
emotion-te-02525,en-Latn,brighter-eng,emotion,baseline,19,joy,fear|joy|surprise,True,0.6188930753082839,
emotion-te-02526,en-Latn,brighter-eng,emotion,baseline,16,joy,joy,False,0.8968926982419207,
emotion-te-02527,en-Latn,brighter-eng,emotion,baseline,4,joy|sadness,sadness|surprise,True,0.920130169699041,
emotion-te-02528,en-Latn,brighter-eng,emotion,baseline,15,none,joy,True,0.44952834749446674,
emotion-te-02529,en-Latn,brighter-eng,emotion,baseline,15,surprise,fear|sadness,True,0.7767003612057866,
emotion-te-02530,en-Latn,brighter-eng,emotion,baseline,7,joy,anger|fear|sadness,True,0.6851115247845669,
emotion-te-02531,en-Latn,brighter-eng,emotion,baseline,7,anger|fear|surprise,fear|sadness|surprise,True,0.892743470370332,
emotion-te-02532,en-Latn,brighter-eng,emotion,baseline,2,fear|surprise,fear|surprise,False,0.6429842489942167,
emotion-te-02533,en-Latn,brighter-eng,emotion,baseline,38,sadness,fear|sadness|surprise,True,0.7599813744314301,
emotion-te-02534,en-Latn,brighter-eng,emotion,baseline,8,joy,joy,False,0.5461541756800774,
emotion-te-02535,en-Latn,brighter-eng,emotion,baseline,9,joy,fear|joy|surprise,True,0.6894757878110379,
emotion-te-02536,en-Latn,brighter-eng,emotion,baseline,17,fear,fear|surprise,True,0.7351056858011806,
emotion-te-02537,en-Latn,brighter-eng,emotion,baseline,25,none,fear|sadness|surprise,True,0.871396300047641,
emotion-te-02538,en-Latn,brighter-eng,emotion,baseline,10,fear|surprise,fear|surprise,False,0.8723408745280565,
emotion-te-02539,en-Latn,brighter-eng,emotion,baseline,18,fear|sadness|surprise,fear|sadness|surprise,False,0.9260461732114799,
emotion-te-02540,en-Latn,brighter-eng,emotion,baseline,10,fear,fear|surprise,True,0.839465766500758,
emotion-te-02541,en-Latn,brighter-eng,emotion,baseline,5,fear,fear|sadness,True,0.7381570478453733,
emotion-te-02542,en-Latn,brighter-eng,emotion,baseline,9,none,fear|sadness,True,0.7119332557421644,
emotion-te-02543,en-Latn,brighter-eng,emotion,baseline,16,fear|sadness|surprise,fear|sadness|surprise,False,0.9056637382222116,
emotion-te-02544,en-Latn,brighter-eng,emotion,baseline,8,fear,fear|joy|sadness|surprise,True,0.7543611539765731,
emotion-te-02545,en-Latn,brighter-eng,emotion,baseline,32,none,sadness,True,0.4766822392937404,
emotion-te-02546,en-Latn,brighter-eng,emotion,baseline,6,anger,fear|sadness|surprise,True,0.8454654120072176,
emotion-te-02547,en-Latn,brighter-eng,emotion,baseline,17,anger|fear|surprise,fear|surprise,True,0.7396266517376124,
emotion-te-02548,en-Latn,brighter-eng,emotion,baseline,28,fear|surprise,fear|joy|surprise,True,0.8374189127345967,
emotion-te-02549,en-Latn,brighter-eng,emotion,baseline,14,fear|surprise,fear|sadness|surprise,True,0.553181081685648,
emotion-te-02550,en-Latn,brighter-eng,emotion,baseline,8,fear,fear|joy,True,0.8784928793550201,
emotion-te-02551,en-Latn,brighter-eng,emotion,baseline,4,surprise,anger|fear|surprise,True,0.6586470000009802,
emotion-te-02552,en-Latn,brighter-eng,emotion,baseline,9,fear|sadness,fear,True,0.9382985183603249,
emotion-te-02553,en-Latn,brighter-eng,emotion,baseline,22,joy,fear|joy|sadness,True,0.5253831189553465,
emotion-te-02554,en-Latn,brighter-eng,emotion,baseline,18,fear|surprise,fear|sadness,True,0.5501593462500118,
emotion-te-02555,en-Latn,brighter-eng,emotion,baseline,29,fear,fear|joy|sadness,True,0.7987990758865228,
emotion-te-02556,en-Latn,brighter-eng,emotion,baseline,7,fear|surprise,fear|sadness|surprise,True,0.9103119680265017,
emotion-te-02557,en-Latn,brighter-eng,emotion,baseline,23,fear|sadness|surprise,fear|sadness|surprise,False,0.9349584895452123,
emotion-te-02558,en-Latn,brighter-eng,emotion,baseline,9,joy|surprise,surprise,True,0.5673213473021387,
emotion-te-02559,en-Latn,brighter-eng,emotion,baseline,4,fear,fear|joy|surprise,True,0.5390579480355839,
emotion-te-02560,en-Latn,brighter-eng,emotion,baseline,51,fear|joy,fear|joy|sadness,True,0.8103440760066462,
emotion-te-02561,en-Latn,brighter-eng,emotion,baseline,4,sadness|surprise,fear|sadness,True,0.6829010435970999,
emotion-te-02562,en-Latn,brighter-eng,emotion,baseline,19,fear,fear|joy|sadness,True,0.8070398195778651,
emotion-te-02563,en-Latn,brighter-eng,emotion,baseline,7,anger,anger|fear|surprise,True,0.7283932741907445,
emotion-te-02564,en-Latn,brighter-eng,emotion,baseline,11,joy|surprise,fear|joy|sadness,True,0.8005747724903342,
emotion-te-02565,en-Latn,brighter-eng,emotion,baseline,14,joy,sadness|surprise,True,0.5001758472173122,
emotion-te-02566,en-Latn,brighter-eng,emotion,baseline,8,none,sadness|surprise,True,0.7118388891899302,
emotion-te-02567,en-Latn,brighter-eng,emotion,baseline,5,sadness,fear|sadness,True,0.8263237737171916,
emotion-te-02568,en-Latn,brighter-eng,emotion,baseline,13,fear,fear|joy,True,0.44139236108975,
emotion-te-02569,en-Latn,brighter-eng,emotion,baseline,15,anger|fear|sadness,fear,True,0.8525087121452817,
emotion-te-02570,en-Latn,brighter-eng,emotion,baseline,16,anger,fear|joy|sadness|surprise,True,0.6893815890476821,
emotion-te-02571,en-Latn,brighter-eng,emotion,baseline,11,joy|surprise,joy|surprise,False,0.9740707306945603,
emotion-te-02572,en-Latn,brighter-eng,emotion,baseline,33,fear|sadness|surprise,fear|sadness|surprise,False,0.9612059194084215,
emotion-te-02573,en-Latn,brighter-eng,emotion,baseline,14,fear|sadness,fear|sadness|surprise,True,0.7026866141924041,
emotion-te-02574,en-Latn,brighter-eng,emotion,baseline,19,anger|fear,fear,True,0.600101422016481,
emotion-te-02575,en-Latn,brighter-eng,emotion,baseline,11,anger|sadness,fear|sadness|surprise,True,0.8316508285240674,
emotion-te-02576,en-Latn,brighter-eng,emotion,baseline,22,fear|sadness,fear|sadness,False,0.8452089163351157,
emotion-te-02577,en-Latn,brighter-eng,emotion,baseline,13,fear|sadness,fear|sadness,False,0.9883547024426821,
emotion-te-02578,en-Latn,brighter-eng,emotion,baseline,8,fear|sadness,fear|sadness,False,0.6366020246306451,
emotion-te-02579,en-Latn,brighter-eng,emotion,baseline,3,surprise,fear|sadness|surprise,True,0.8442547898752739,
emotion-te-02580,en-Latn,brighter-eng,emotion,baseline,28,sadness,fear|joy|sadness|surprise,True,0.8307087585261185,
emotion-te-02581,en-Latn,brighter-eng,emotion,baseline,3,fear|surprise,fear|surprise,False,0.8019950163114933,
emotion-te-02582,en-Latn,brighter-eng,emotion,baseline,14,fear|surprise,fear|surprise,False,0.8966321855458662,
emotion-te-02583,en-Latn,brighter-eng,emotion,baseline,38,none,fear,True,0.7274156920512778,
emotion-te-02584,en-Latn,brighter-eng,emotion,baseline,4,fear|sadness|surprise,fear|sadness|surprise,False,0.9269119530341114,
emotion-te-02585,en-Latn,brighter-eng,emotion,baseline,4,none,fear|sadness,True,0.9139582540092284,
emotion-te-02586,en-Latn,brighter-eng,emotion,baseline,4,fear|joy|sadness,joy|surprise,True,0.38594407827128463,
emotion-te-02587,en-Latn,brighter-eng,emotion,baseline,28,fear|sadness,joy|sadness,True,0.7861146072226367,
emotion-te-02588,en-Latn,brighter-eng,emotion,baseline,35,joy,joy|sadness|surprise,True,0.765585856156395,
emotion-te-02589,en-Latn,brighter-eng,emotion,baseline,4,fear|sadness|surprise,fear|sadness|surprise,False,0.8669767626294119,
emotion-te-02590,en-Latn,brighter-eng,emotion,baseline,29,fear,fear|sadness,True,0.8704774564185206,
emotion-te-02591,en-Latn,brighter-eng,emotion,baseline,8,surprise,fear|sadness|surprise,True,0.8773273075187861,
emotion-te-02592,en-Latn,brighter-eng,emotion,baseline,38,fear|sadness,fear|sadness,False,0.9679749213287425,
emotion-te-02593,en-Latn,brighter-eng,emotion,baseline,30,joy,fear|joy|sadness|surprise,True,0.6386336043219704,
emotion-te-02594,en-Latn,brighter-eng,emotion,baseline,23,fear|surprise,fear|joy|surprise,True,0.6748251379045077,
emotion-te-02595,en-Latn,brighter-eng,emotion,baseline,8,fear|surprise,fear,True,0.5834580030644723,
emotion-te-02596,en-Latn,brighter-eng,emotion,baseline,14,fear|joy,fear|sadness,True,0.7967130570910956,
emotion-te-02597,en-Latn,brighter-eng,emotion,baseline,9,fear|surprise,fear|joy|surprise,True,0.7234741107215714,
emotion-te-02598,en-Latn,brighter-eng,emotion,baseline,39,fear|sadness|surprise,fear|surprise,True,0.7637107123493432,
emotion-te-02599,en-Latn,brighter-eng,emotion,baseline,10,fear,fear|sadness|surprise,True,0.9764913549310527,
emotion-te-02600,en-Latn,brighter-eng,emotion,baseline,23,fear,joy|sadness,True,0.6969189832930346,
emotion-te-02601,en-Latn,brighter-eng,emotion,baseline,28,fear,fear,False,0.9172740122609853,
emotion-te-02602,en-Latn,brighter-eng,emotion,baseline,11,surprise,fear|surprise,True,0.5935427716076459,
emotion-te-02603,en-Latn,brighter-eng,emotion,baseline,17,joy|surprise,fear|joy|sadness|surprise,True,0.7367971005803262,
emotion-te-02604,en-Latn,brighter-eng,emotion,baseline,17,sadness,fear|joy|sadness,True,0.7799361612602521,
emotion-te-02605,en-Latn,brighter-eng,emotion,baseline,64,anger|fear|sadness,anger|fear|sadness,False,0.9520504899159492,
emotion-te-02606,en-Latn,brighter-eng,emotion,baseline,17,fear|sadness,fear|surprise,True,0.9450410002570058,
emotion-te-02607,en-Latn,brighter-eng,emotion,baseline,12,fear|sadness,fear,True,0.8626020705436499,
emotion-te-02608,en-Latn,brighter-eng,emotion,baseline,20,fear|sadness,fear|joy|sadness,True,0.6468779140237588,
emotion-te-02609,en-Latn,brighter-eng,emotion,baseline,13,joy,fear,True,0.6029863587522286,
emotion-te-02610,en-Latn,brighter-eng,emotion,baseline,28,fear|joy,fear|joy|sadness,True,0.8154925937299353,
emotion-te-02611,en-Latn,brighter-eng,emotion,baseline,6,fear,fear|sadness,True,0.7668752161682684,
emotion-te-02612,en-Latn,brighter-eng,emotion,baseline,17,fear|joy,fear|joy|sadness,True,0.8075089478553453,
emotion-te-02613,en-Latn,brighter-eng,emotion,baseline,19,anger,fear,True,0.48848608254638826,
emotion-te-02614,en-Latn,brighter-eng,emotion,baseline,23,none,fear,True,0.6173155272780229,
emotion-te-02615,en-Latn,brighter-eng,emotion,baseline,18,fear,fear|sadness|surprise,True,0.8235922733331933,
emotion-te-02616,en-Latn,brighter-eng,emotion,baseline,16,fear,none,True,0.28304542532812876,
emotion-te-02617,en-Latn,brighter-eng,emotion,baseline,10,fear,none,True,0.38461618336309894,
emotion-te-02618,en-Latn,brighter-eng,emotion,baseline,31,none,fear|sadness|surprise,True,0.5625509869434904,
emotion-te-02619,en-Latn,brighter-eng,emotion,baseline,28,sadness,fear|joy|sadness,True,0.5865821053517597,
emotion-te-02620,en-Latn,brighter-eng,emotion,baseline,17,sadness,fear,True,0.826597015221744,
emotion-te-02621,en-Latn,brighter-eng,emotion,baseline,16,joy,joy|sadness,True,0.9528715587337795,
emotion-te-02622,en-Latn,brighter-eng,emotion,baseline,10,fear|sadness|surprise,fear|sadness,True,0.610854025645344,
emotion-te-02623,en-Latn,brighter-eng,emotion,baseline,13,fear,fear|sadness,True,0.9049518132995191,
emotion-te-02624,en-Latn,brighter-eng,emotion,baseline,10,none,fear|sadness,True,0.47222768219683825,
emotion-te-02625,en-Latn,brighter-eng,emotion,baseline,33,fear|sadness,fear|sadness,False,0.9051363244104281,
emotion-te-02626,en-Latn,brighter-eng,emotion,baseline,10,fear|surprise,fear,True,0.7744589336738632,
emotion-te-02627,en-Latn,brighter-eng,emotion,baseline,24,joy|surprise,surprise,True,0.44989968508148953,
emotion-te-02628,en-Latn,brighter-eng,emotion,baseline,6,sadness,joy,True,0.3335441629548263,
emotion-te-02629,en-Latn,brighter-eng,emotion,baseline,15,joy,joy,False,0.6084473515997245,
emotion-te-02630,en-Latn,brighter-eng,emotion,baseline,10,fear|sadness,fear|sadness,False,0.7451028531577598,
emotion-te-02631,en-Latn,brighter-eng,emotion,baseline,45,fear,fear,False,0.5559442658556033,
emotion-te-02632,en-Latn,brighter-eng,emotion,baseline,5,fear,fear|joy,True,0.8687803934612243,
emotion-te-02633,en-Latn,brighter-eng,emotion,baseline,12,sadness,joy|sadness,True,0.6165534463438164,
emotion-te-02634,en-Latn,brighter-eng,emotion,baseline,23,fear|sadness,fear|sadness,False,0.8565696796427249,
emotion-te-02635,en-Latn,brighter-eng,emotion,baseline,17,joy,joy,False,0.38308811219372396,
emotion-te-02636,en-Latn,brighter-eng,emotion,baseline,21,fear,fear|sadness,True,0.8862182228900671,
emotion-te-02637,en-Latn,brighter-eng,emotion,baseline,16,anger|fear|surprise,fear|surprise,True,0.8078296304795467,
emotion-te-02638,en-Latn,brighter-eng,emotion,baseline,31,fear|sadness,fear|joy,True,0.7825299228959097,
emotion-te-02639,en-Latn,brighter-eng,emotion,baseline,14,fear,fear|sadness,True,0.8360457484831062,
emotion-te-02640,en-Latn,brighter-eng,emotion,baseline,15,anger,fear|joy|sadness,True,0.6618916341179768,
emotion-te-02641,en-Latn,brighter-eng,emotion,baseline,19,joy|sadness,fear|sadness,True,0.9519040749790237,
emotion-te-02642,en-Latn,brighter-eng,emotion,baseline,56,sadness,fear|joy|sadness,True,0.7879691608710134,
emotion-te-02643,en-Latn,brighter-eng,emotion,baseline,28,fear|sadness,fear|joy|sadness|surprise,True,0.9263421652637527,
emotion-te-02644,en-Latn,brighter-eng,emotion,baseline,10,joy,fear|joy|sadness,True,0.7870071907074986,
emotion-te-02645,en-Latn,brighter-eng,emotion,baseline,30,fear,fear|joy|sadness|surprise,True,0.7740394243217803,
emotion-te-02646,en-Latn,brighter-eng,emotion,baseline,18,fear,fear|sadness,True,0.7541115726318626,
emotion-te-02647,en-Latn,brighter-eng,emotion,baseline,19,none,fear|sadness,True,0.5049058348643927,
emotion-te-02648,en-Latn,brighter-eng,emotion,baseline,3,none,sadness,True,0.4740049123100806,
emotion-te-02649,en-Latn,brighter-eng,emotion,baseline,21,joy,joy|sadness,True,0.9273757812537625,
emotion-te-02650,en-Latn,brighter-eng,emotion,baseline,15,fear,fear|sadness,True,0.6813007810327606,
emotion-te-02651,en-Latn,brighter-eng,emotion,baseline,12,anger|fear,anger|fear,False,0.8647665087343269,
emotion-te-02652,en-Latn,brighter-eng,emotion,baseline,27,joy,fear|sadness,True,0.6135884070093778,
emotion-te-02653,en-Latn,brighter-eng,emotion,baseline,10,sadness,sadness,False,0.3790562213751773,
emotion-te-02654,en-Latn,brighter-eng,emotion,baseline,19,fear,fear|sadness|surprise,True,0.9769016010402963,
emotion-te-02655,en-Latn,brighter-eng,emotion,baseline,22,joy,fear|surprise,True,0.8340816003050693,
emotion-te-02656,en-Latn,brighter-eng,emotion,baseline,20,fear,fear|sadness,True,0.7223154073952195,
emotion-te-02657,en-Latn,brighter-eng,emotion,baseline,11,fear|sadness,fear|sadness|surprise,True,0.6486001247917426,
emotion-te-02658,en-Latn,brighter-eng,emotion,baseline,26,anger|fear|sadness,fear|joy|sadness|surprise,True,0.7296365594990039,
emotion-te-02659,en-Latn,brighter-eng,emotion,baseline,11,none,fear|sadness|surprise,True,0.795530444633583,
emotion-te-02660,en-Latn,brighter-eng,emotion,baseline,64,sadness,fear|sadness|surprise,True,0.7229050912637361,
emotion-te-02661,en-Latn,brighter-eng,emotion,baseline,20,surprise,fear|surprise,True,0.6532537023968763,
emotion-te-02662,en-Latn,brighter-eng,emotion,baseline,14,sadness,fear|sadness,True,0.9217180336519117,
emotion-te-02663,en-Latn,brighter-eng,emotion,baseline,16,none,fear|sadness|surprise,True,0.6263622228948735,
emotion-te-02664,en-Latn,brighter-eng,emotion,baseline,4,none,fear,True,0.4976622261459239,
emotion-te-02665,en-Latn,brighter-eng,emotion,baseline,7,fear,joy,True,0.46240410401113086,
emotion-te-02666,en-Latn,brighter-eng,emotion,baseline,87,fear|sadness,fear|sadness,False,0.9534665756625781,
emotion-te-02667,en-Latn,brighter-eng,emotion,baseline,20,fear|sadness,fear|joy|sadness|surprise,True,0.4760741907411039,
emotion-te-02668,en-Latn,brighter-eng,emotion,baseline,17,joy,fear|joy|sadness,True,0.6685596856211421,
emotion-te-02669,en-Latn,brighter-eng,emotion,baseline,21,sadness,fear|sadness,True,0.7653624458592144,
emotion-te-02670,en-Latn,brighter-eng,emotion,baseline,8,anger|fear,fear|joy|surprise,True,0.7774180220428751,
emotion-te-02671,en-Latn,brighter-eng,emotion,baseline,24,fear|sadness,joy,True,0.8775516245313508,
emotion-te-02672,en-Latn,brighter-eng,emotion,baseline,22,fear|joy,fear|sadness,True,0.7079659818381836,
emotion-te-02673,en-Latn,brighter-eng,emotion,baseline,21,none,fear,True,0.4239156144823753,
emotion-te-02674,en-Latn,brighter-eng,emotion,baseline,14,fear|joy,fear|sadness,True,0.9287742385763776,
emotion-te-02675,en-Latn,brighter-eng,emotion,baseline,38,joy,fear|sadness|surprise,True,0.851393863744079,
emotion-te-02676,en-Latn,brighter-eng,emotion,baseline,19,fear|sadness,fear|sadness,False,0.9288124265315679,
emotion-te-02677,en-Latn,brighter-eng,emotion,baseline,25,fear,fear|joy|sadness,True,0.6964092940217276,
emotion-te-02678,en-Latn,brighter-eng,emotion,baseline,7,fear|sadness,fear|joy|sadness,True,0.6440319173746377,
emotion-te-02679,en-Latn,brighter-eng,emotion,baseline,8,surprise,fear|joy|sadness|surprise,True,0.6746668444697741,
emotion-te-02680,en-Latn,brighter-eng,emotion,baseline,18,fear|surprise,fear|surprise,False,0.9807233994372518,
emotion-te-02681,en-Latn,brighter-eng,emotion,baseline,19,fear|sadness,fear|sadness,False,0.4788394769224332,
emotion-te-02682,en-Latn,brighter-eng,emotion,baseline,11,joy,joy,False,0.8716669270197739,
emotion-te-02683,en-Latn,brighter-eng,emotion,baseline,20,joy,joy|surprise,True,0.8313932173360005,
emotion-te-02684,en-Latn,brighter-eng,emotion,baseline,12,joy,fear|sadness,True,0.46842028635585986,
emotion-te-02685,en-Latn,brighter-eng,emotion,baseline,8,fear|sadness,fear|sadness,False,0.9566425190226652,
emotion-te-02686,en-Latn,brighter-eng,emotion,baseline,25,surprise,fear|surprise,True,0.8637005729837619,
emotion-te-02687,en-Latn,brighter-eng,emotion,baseline,21,fear|sadness,fear|sadness,False,0.9381710836999889,
emotion-te-02688,en-Latn,brighter-eng,emotion,baseline,36,fear|sadness,joy,True,0.6380211666875921,
emotion-te-02689,en-Latn,brighter-eng,emotion,baseline,31,anger|fear,joy,True,0.7588246130226215,
emotion-te-02690,en-Latn,brighter-eng,emotion,baseline,9,joy,fear|joy,True,0.7810996835739095,
emotion-te-02691,en-Latn,brighter-eng,emotion,baseline,28,fear|sadness,fear|sadness,False,0.963517433691387,
emotion-te-02692,en-Latn,brighter-eng,emotion,baseline,24,fear|sadness|surprise,fear|sadness,True,0.8939829797680163,
emotion-te-02693,en-Latn,brighter-eng,emotion,baseline,13,none,joy,True,0.8029321114255676,
emotion-te-02694,en-Latn,brighter-eng,emotion,baseline,15,none,joy,True,0.6782010599951851,
emotion-te-02695,en-Latn,brighter-eng,emotion,baseline,44,fear,joy,True,0.5086656167034009,
emotion-te-02696,en-Latn,brighter-eng,emotion,baseline,19,fear|joy,fear|sadness,True,0.5536906932549981,
emotion-te-02697,en-Latn,brighter-eng,emotion,baseline,8,anger|fear|sadness,fear|sadness,True,0.9344360040889303,
emotion-te-02698,en-Latn,brighter-eng,emotion,baseline,15,fear|sadness,fear|sadness,False,0.8816144019222589,
emotion-te-02699,en-Latn,brighter-eng,emotion,baseline,13,fear|sadness|surprise,joy|sadness|surprise,True,0.4712623916561716,
emotion-te-02700,en-Latn,brighter-eng,emotion,baseline,22,joy,fear|sadness,True,0.9035148122502531,
emotion-te-02701,en-Latn,brighter-eng,emotion,baseline,11,joy,joy,False,0.6113757289347413,
emotion-te-02702,en-Latn,brighter-eng,emotion,baseline,24,fear|sadness,fear|sadness,False,0.8049392395752774,
emotion-te-02703,en-Latn,brighter-eng,emotion,baseline,16,sadness,fear|joy|sadness,True,0.6711877400595588,
emotion-te-02704,en-Latn,brighter-eng,emotion,baseline,14,fear|sadness,fear|sadness|surprise,True,0.8813284835257396,
emotion-te-02705,en-Latn,brighter-eng,emotion,baseline,19,joy,fear|joy|sadness,True,0.8374337344118443,
emotion-te-02706,en-Latn,brighter-eng,emotion,baseline,19,joy,fear|joy|sadness,True,0.7491406070256018,
emotion-te-02707,en-Latn,brighter-eng,emotion,baseline,13,joy|surprise,joy|surprise,False,0.7019591766536111,
emotion-te-02708,en-Latn,brighter-eng,emotion,baseline,20,fear,fear|sadness,True,0.4676684508620582,
emotion-te-02709,en-Latn,brighter-eng,emotion,baseline,21,fear,fear,False,0.5523915513514623,
emotion-te-02710,en-Latn,brighter-eng,emotion,baseline,43,joy,fear|joy|sadness,True,0.5569817904492733,
emotion-te-02711,en-Latn,brighter-eng,emotion,baseline,5,fear,fear|sadness,True,0.812418900699687,
emotion-te-02712,en-Latn,brighter-eng,emotion,baseline,8,joy,fear|joy|sadness|surprise,True,0.5548322454394473,
emotion-te-02713,en-Latn,brighter-eng,emotion,baseline,43,fear|sadness,fear|joy|sadness,True,0.7607409330118792,
emotion-te-02714,en-Latn,brighter-eng,emotion,baseline,2,none,fear,True,0.4028126166492205,
emotion-te-02715,en-Latn,brighter-eng,emotion,baseline,22,fear,fear|joy|surprise,True,0.85890215278032,
emotion-te-02716,en-Latn,brighter-eng,emotion,baseline,8,sadness,fear|joy|sadness,True,0.7845153410498152,
emotion-te-02717,en-Latn,brighter-eng,emotion,baseline,10,fear|sadness,fear|sadness,False,0.8644871515912378,
emotion-te-02718,en-Latn,brighter-eng,emotion,baseline,31,fear,fear|sadness|surprise,True,0.9827626208793824,
emotion-te-02719,en-Latn,brighter-eng,emotion,baseline,18,fear,fear|joy|surprise,True,0.5682607547667207,
emotion-te-02720,en-Latn,brighter-eng,emotion,baseline,7,fear,joy,True,0.596001201293071,
emotion-te-02721,en-Latn,brighter-eng,emotion,baseline,8,fear,fear|sadness,True,0.6545549445524497,
emotion-te-02722,en-Latn,brighter-eng,emotion,baseline,13,fear|sadness,fear|sadness,False,0.8958318068062797,
emotion-te-02723,en-Latn,brighter-eng,emotion,baseline,4,joy,fear|surprise,True,0.5788968389974424,
emotion-te-02724,en-Latn,brighter-eng,emotion,baseline,25,fear|sadness,fear|sadness,False,0.8157526849235678,
emotion-te-02725,en-Latn,brighter-eng,emotion,baseline,18,fear,fear,False,0.9292446605559639,
emotion-te-02726,en-Latn,brighter-eng,emotion,baseline,16,fear|sadness,fear|sadness,False,0.5405457793095477,
emotion-te-02727,en-Latn,brighter-eng,emotion,baseline,7,fear|sadness,joy|sadness,True,0.5603625675354097,
emotion-te-02728,en-Latn,brighter-eng,emotion,baseline,11,fear|joy|surprise,fear|joy|surprise,False,0.7187179037640319,
emotion-te-02729,en-Latn,brighter-eng,emotion,baseline,16,fear,fear|joy|sadness|surprise,True,0.896888731431021,
emotion-te-02730,en-Latn,brighter-eng,emotion,baseline,30,none,fear|joy|surprise,True,0.872090079942647,
emotion-te-02731,en-Latn,brighter-eng,emotion,baseline,25,fear,fear|joy|sadness,True,0.7827026448443632,
emotion-te-02732,en-Latn,brighter-eng,emotion,baseline,19,fear,fear|joy|sadness,True,0.941830045469798,
emotion-te-02733,en-Latn,brighter-eng,emotion,baseline,10,fear|sadness,fear|sadness,False,0.9415974516109171,
emotion-te-02734,en-Latn,brighter-eng,emotion,baseline,18,fear,fear,False,0.9627529004590649,
emotion-te-02735,en-Latn,brighter-eng,emotion,baseline,23,fear|surprise,fear|joy|sadness|surprise,True,0.8043159091310366,
emotion-te-02736,en-Latn,brighter-eng,emotion,baseline,9,fear,fear,False,0.7283012170094324,
emotion-te-02737,en-Latn,brighter-eng,emotion,baseline,10,sadness,fear|sadness,True,0.9220792602833857,
emotion-te-02738,en-Latn,brighter-eng,emotion,baseline,13,fear|sadness,fear|joy|surprise,True,0.8980681211806512,
emotion-te-02739,en-Latn,brighter-eng,emotion,baseline,12,fear,fear|joy,True,0.6137753196503728,
emotion-te-02740,en-Latn,brighter-eng,emotion,baseline,8,sadness,joy,True,0.3190169238798796,
emotion-te-02741,en-Latn,brighter-eng,emotion,baseline,25,none,fear|joy|sadness,True,0.7952845488456695,
emotion-te-02742,en-Latn,brighter-eng,emotion,baseline,24,fear|sadness,fear|sadness,False,0.9172220806207673,
emotion-te-02743,en-Latn,brighter-eng,emotion,baseline,9,fear|sadness,fear|sadness,False,0.6361708780770677,
emotion-te-02744,en-Latn,brighter-eng,emotion,baseline,15,fear|sadness,fear|sadness,False,0.8712682923626209,
emotion-te-02745,en-Latn,brighter-eng,emotion,baseline,22,sadness,sadness|surprise,True,0.7079856615534379,
emotion-te-02746,en-Latn,brighter-eng,emotion,baseline,9,joy,joy,False,0.9597525824257538,
emotion-te-02747,en-Latn,brighter-eng,emotion,baseline,54,joy,fear|joy|sadness,True,0.8151854250660103,
emotion-te-02748,en-Latn,brighter-eng,emotion,baseline,37,joy,fear|joy|sadness,True,0.7530021947522532,
emotion-te-02749,en-Latn,brighter-eng,emotion,baseline,21,fear|sadness,fear|sadness,False,0.9126378202019078,
emotion-te-02750,en-Latn,brighter-eng,emotion,baseline,34,fear|sadness,fear|joy,True,0.5799418400015177,
emotion-te-02751,en-Latn,brighter-eng,emotion,baseline,16,joy,fear|joy,True,0.683430428502838,
emotion-te-02752,en-Latn,brighter-eng,emotion,baseline,8,joy,sadness,True,0.6377000019364737,
emotion-te-02753,en-Latn,brighter-eng,emotion,baseline,12,fear|sadness,fear,True,0.9271137557421307,
emotion-te-02754,en-Latn,brighter-eng,emotion,baseline,14,fear,fear,False,0.7840935007007135,
emotion-te-02755,en-Latn,brighter-eng,emotion,baseline,26,none,fear|sadness|surprise,True,0.9627698605561358,
emotion-te-02756,en-Latn,brighter-eng,emotion,baseline,17,fear,fear|sadness,True,0.8481125119212102,
emotion-te-02757,en-Latn,brighter-eng,emotion,baseline,7,fear|sadness,fear|joy|sadness,True,0.6759398386431336,
emotion-te-02758,en-Latn,brighter-eng,emotion,baseline,17,fear,fear|sadness|surprise,True,0.9658800499056445,
emotion-te-02759,en-Latn,brighter-eng,emotion,baseline,22,sadness,fear|joy|sadness,True,0.8542425010856387,
emotion-te-02760,hi-Deva,brighter-hin,emotion,baseline,18,fear|sadness|surprise,none,True,0.22770492000754458,
emotion-te-02761,hi-Deva,brighter-hin,emotion,baseline,15,sadness,anger,True,0.6666987853007403,
emotion-te-02762,hi-Deva,brighter-hin,emotion,baseline,17,fear,fear,False,0.9539873206420253,
emotion-te-02763,hi-Deva,brighter-hin,emotion,baseline,25,surprise,anger,True,0.6878554627384608,
emotion-te-02764,hi-Deva,brighter-hin,emotion,baseline,13,anger,none,True,0.28818206744695285,
emotion-te-02765,hi-Deva,brighter-hin,emotion,baseline,12,anger,sadness,True,0.34408636041222673,
emotion-te-02766,hi-Deva,brighter-hin,emotion,baseline,11,none,none,False,0.31883717337525874,
emotion-te-02767,hi-Deva,brighter-hin,emotion,baseline,18,none,none,False,0.34075403959662476,
emotion-te-02768,hi-Deva,brighter-hin,emotion,baseline,17,anger|disgust,disgust|sadness,True,0.8748550708460261,
emotion-te-02769,hi-Deva,brighter-hin,emotion,baseline,15,none,none,False,0.25049015119329576,
emotion-te-02770,hi-Deva,brighter-hin,emotion,baseline,12,sadness,sadness,False,0.552619152564751,
emotion-te-02771,hi-Deva,brighter-hin,emotion,baseline,13,none,none,False,0.06524363175241396,
emotion-te-02772,hi-Deva,brighter-hin,emotion,baseline,13,surprise,none,True,0.18098155032688537,
emotion-te-02773,hi-Deva,brighter-hin,emotion,baseline,14,none,none,False,0.23321421132846198,
emotion-te-02774,hi-Deva,brighter-hin,emotion,baseline,19,surprise,surprise,False,0.8794489618991989,
emotion-te-02775,hi-Deva,brighter-hin,emotion,baseline,14,disgust,anger|disgust,True,0.9280284428855403,
emotion-te-02776,hi-Deva,brighter-hin,emotion,baseline,19,fear,anger,True,0.641938931644745,
emotion-te-02777,hi-Deva,brighter-hin,emotion,baseline,13,fear,sadness|surprise,True,0.5027481485409487,
emotion-te-02778,hi-Deva,brighter-hin,emotion,baseline,15,joy,joy,False,0.8948453127845599,
emotion-te-02779,hi-Deva,brighter-hin,emotion,baseline,18,none,fear,True,0.9081704954348027,
emotion-te-02780,hi-Deva,brighter-hin,emotion,baseline,16,anger,anger|sadness,True,0.6974565976653778,
emotion-te-02781,hi-Deva,brighter-hin,emotion,baseline,12,sadness,anger|sadness,True,0.7434391039979379,
emotion-te-02782,hi-Deva,brighter-hin,emotion,baseline,11,none,none,False,0.09398747454609722,
emotion-te-02783,hi-Deva,brighter-hin,emotion,baseline,7,none,none,False,0.40698556353783444,
emotion-te-02784,hi-Deva,brighter-hin,emotion,baseline,21,surprise,joy,True,0.5469250715635642,
emotion-te-02785,hi-Deva,brighter-hin,emotion,baseline,16,surprise,anger|surprise,True,0.6857081734328137,
emotion-te-02786,hi-Deva,brighter-hin,emotion,baseline,22,fear,fear,False,0.9971927206884303,
emotion-te-02787,hi-Deva,brighter-hin,emotion,baseline,18,disgust,anger|disgust,True,0.9591032781113207,
emotion-te-02788,hi-Deva,brighter-hin,emotion,baseline,20,fear,fear,False,0.9825258172741758,
emotion-te-02789,hi-Deva,brighter-hin,emotion,baseline,14,joy,sadness|surprise,True,0.4118429205670675,
emotion-te-02790,hi-Deva,brighter-hin,emotion,baseline,26,disgust,disgust,False,0.9536288905754129,
emotion-te-02791,hi-Deva,brighter-hin,emotion,baseline,11,fear,fear,False,0.9972345930443607,
emotion-te-02792,hi-Deva,brighter-hin,emotion,baseline,24,anger,anger,False,0.8562927908616433,
emotion-te-02793,hi-Deva,brighter-hin,emotion,baseline,19,anger,anger|surprise,True,0.6495682784077897,
emotion-te-02794,hi-Deva,brighter-hin,emotion,baseline,27,sadness,none,True,0.2699269349640984,
emotion-te-02795,hi-Deva,brighter-hin,emotion,baseline,13,sadness,anger,True,0.7246372108059819,
emotion-te-02796,hi-Deva,brighter-hin,emotion,baseline,9,fear,fear,False,0.9677820522866599,
emotion-te-02797,hi-Deva,brighter-hin,emotion,baseline,19,surprise,surprise,False,0.832532325989069,
emotion-te-02798,hi-Deva,brighter-hin,emotion,baseline,15,fear,joy,True,0.4151237113888749,
emotion-te-02799,hi-Deva,brighter-hin,emotion,baseline,17,surprise,surprise,False,0.9568248649770695,
emotion-te-02800,hi-Deva,brighter-hin,emotion,baseline,18,disgust|sadness,disgust|sadness,False,0.5832356221634362,
emotion-te-02801,hi-Deva,brighter-hin,emotion,baseline,22,sadness,sadness,False,0.8887577403143672,
emotion-te-02802,hi-Deva,brighter-hin,emotion,baseline,9,anger,anger|joy,True,0.8254740601798414,
emotion-te-02803,hi-Deva,brighter-hin,emotion,baseline,29,disgust,anger|disgust,True,0.9868294893620074,
emotion-te-02804,hi-Deva,brighter-hin,emotion,baseline,11,joy,joy,False,0.9585006611699018,
emotion-te-02805,hi-Deva,brighter-hin,emotion,baseline,10,none,none,False,0.17427070573395295,
emotion-te-02806,hi-Deva,brighter-hin,emotion,baseline,15,fear,fear,False,0.9967929635714247,
emotion-te-02807,hi-Deva,brighter-hin,emotion,baseline,10,joy,joy,False,0.46453120148264154,
emotion-te-02808,hi-Deva,brighter-hin,emotion,baseline,14,sadness,anger|sadness,True,0.7014022883790343,
emotion-te-02809,hi-Deva,brighter-hin,emotion,baseline,14,sadness,sadness|surprise,True,0.6887852287683034,
emotion-te-02810,hi-Deva,brighter-hin,emotion,baseline,14,fear,surprise,True,0.7819334106527079,
emotion-te-02811,hi-Deva,brighter-hin,emotion,baseline,21,fear,fear,False,0.9850045278872834,
emotion-te-02812,hi-Deva,brighter-hin,emotion,baseline,19,joy,joy|surprise,True,0.9712525763319666,
emotion-te-02813,hi-Deva,brighter-hin,emotion,baseline,16,fear,fear,False,0.9923241074498409,
emotion-te-02814,hi-Deva,brighter-hin,emotion,baseline,29,surprise,joy|surprise,True,0.9483597653365755,
emotion-te-02815,hi-Deva,brighter-hin,emotion,baseline,10,fear,fear,False,0.44697673214421685,
emotion-te-02816,hi-Deva,brighter-hin,emotion,baseline,16,anger,none,True,0.33531005488497573,
emotion-te-02817,hi-Deva,brighter-hin,emotion,baseline,16,joy|surprise,joy,True,0.941861155933923,
emotion-te-02818,hi-Deva,brighter-hin,emotion,baseline,10,none,none,False,0.2388339520022018,
emotion-te-02819,hi-Deva,brighter-hin,emotion,baseline,24,surprise,sadness,True,0.41681092824368243,
emotion-te-02820,hi-Deva,brighter-hin,emotion,baseline,15,fear,fear|sadness,True,0.9480771969262674,
emotion-te-02821,hi-Deva,brighter-hin,emotion,baseline,17,sadness,anger|sadness,True,0.5956772194162613,
emotion-te-02822,hi-Deva,brighter-hin,emotion,baseline,18,fear,fear,False,0.9570143050985316,
emotion-te-02823,hi-Deva,brighter-hin,emotion,baseline,14,joy,joy,False,0.48025954822379635,
emotion-te-02824,hi-Deva,brighter-hin,emotion,baseline,20,joy,joy,False,0.8931192245314793,
emotion-te-02825,hi-Deva,brighter-hin,emotion,baseline,16,fear,fear,False,0.9533479895816674,
emotion-te-02826,hi-Deva,brighter-hin,emotion,baseline,14,fear,fear,False,0.9762646799757009,
emotion-te-02827,hi-Deva,brighter-hin,emotion,baseline,14,joy,joy,False,0.9659488577504876,
emotion-te-02828,hi-Deva,brighter-hin,emotion,baseline,17,none,none,False,0.1863919420722727,
emotion-te-02829,hi-Deva,brighter-hin,emotion,baseline,18,joy,joy,False,0.4195523072346785,
emotion-te-02830,hi-Deva,brighter-hin,emotion,baseline,19,joy,joy,False,0.9051679788122104,
emotion-te-02831,hi-Deva,brighter-hin,emotion,baseline,14,none,sadness,True,0.31327513884311786,
emotion-te-02832,hi-Deva,brighter-hin,emotion,baseline,18,fear,fear,False,0.9569693109633923,
emotion-te-02833,hi-Deva,brighter-hin,emotion,baseline,11,none,none,False,0.4657214309921137,
emotion-te-02834,hi-Deva,brighter-hin,emotion,baseline,17,joy,joy,False,0.9572436369960643,
emotion-te-02835,hi-Deva,brighter-hin,emotion,baseline,15,fear,fear,False,0.6359995406753439,
emotion-te-02836,hi-Deva,brighter-hin,emotion,baseline,11,joy,joy,False,0.7067907628306238,
emotion-te-02837,hi-Deva,brighter-hin,emotion,baseline,30,anger|disgust,disgust,True,0.7131387170907145,
emotion-te-02838,hi-Deva,brighter-hin,emotion,baseline,16,fear,none,True,0.22467661953158755,
emotion-te-02839,hi-Deva,brighter-hin,emotion,baseline,25,anger,anger,False,0.9614254731517493,
emotion-te-02840,hi-Deva,brighter-hin,emotion,baseline,21,anger,anger,False,0.9735710545426204,
emotion-te-02841,hi-Deva,brighter-hin,emotion,baseline,18,joy,sadness,True,0.3792478656044524,
emotion-te-02842,hi-Deva,brighter-hin,emotion,baseline,10,joy,joy,False,0.9991248970237921,
emotion-te-02843,hi-Deva,brighter-hin,emotion,baseline,12,anger,anger,False,0.9001449986131833,
emotion-te-02844,hi-Deva,brighter-hin,emotion,baseline,24,disgust,disgust,False,0.9970658163926123,
emotion-te-02845,hi-Deva,brighter-hin,emotion,baseline,15,surprise,joy|surprise,True,0.9917976608468153,
emotion-te-02846,hi-Deva,brighter-hin,emotion,baseline,17,anger,sadness,True,0.44351000723326783,
emotion-te-02847,hi-Deva,brighter-hin,emotion,baseline,15,joy,joy,False,0.9610767899735695,
emotion-te-02848,hi-Deva,brighter-hin,emotion,baseline,30,surprise,joy|surprise,True,0.500133589214295,
emotion-te-02849,hi-Deva,brighter-hin,emotion,baseline,31,surprise,surprise,False,0.8377188385097528,
emotion-te-02850,hi-Deva,brighter-hin,emotion,baseline,18,joy,none,True,0.26604493370666105,
emotion-te-02851,hi-Deva,brighter-hin,emotion,baseline,11,anger,joy,True,0.5288106072740903,
emotion-te-02852,hi-Deva,brighter-hin,emotion,baseline,16,none,none,False,0.28759189333441165,
emotion-te-02853,hi-Deva,brighter-hin,emotion,baseline,12,fear,fear,False,0.9140361476490737,
emotion-te-02854,hi-Deva,brighter-hin,emotion,baseline,13,sadness,sadness,False,0.5432041662136545,
emotion-te-02855,hi-Deva,brighter-hin,emotion,baseline,14,joy,joy,False,0.7862656461145211,
emotion-te-02856,hi-Deva,brighter-hin,emotion,baseline,18,joy,joy,False,0.8697267887724417,
emotion-te-02857,hi-Deva,brighter-hin,emotion,baseline,17,none,none,False,0.2337317957888516,
emotion-te-02858,hi-Deva,brighter-hin,emotion,baseline,12,none,none,False,0.08158088055281575,
emotion-te-02859,hi-Deva,brighter-hin,emotion,baseline,16,fear,none,True,0.3219263364427826,
emotion-te-02860,hi-Deva,brighter-hin,emotion,baseline,21,none,joy,True,0.4457229619888079,
emotion-te-02861,hi-Deva,brighter-hin,emotion,baseline,10,joy,joy|sadness,True,0.6066217133630287,
emotion-te-02862,hi-Deva,brighter-hin,emotion,baseline,16,surprise,surprise,False,0.815688271419207,
emotion-te-02863,hi-Deva,brighter-hin,emotion,baseline,14,fear,fear,False,0.8581192553548577,
emotion-te-02864,hi-Deva,brighter-hin,emotion,baseline,16,sadness,none,True,0.3675245238151861,
emotion-te-02865,hi-Deva,brighter-hin,emotion,baseline,17,none,sadness,True,0.46400086171734517,
emotion-te-02866,hi-Deva,brighter-hin,emotion,baseline,17,sadness,sadness,False,0.8407665484397173,
emotion-te-02867,hi-Deva,brighter-hin,emotion,baseline,19,fear,anger|fear,True,0.9095746096833252,
emotion-te-02868,hi-Deva,brighter-hin,emotion,baseline,13,fear,fear,False,0.9269574124336315,
emotion-te-02869,hi-Deva,brighter-hin,emotion,baseline,15,fear,fear,False,0.9863371659800723,
emotion-te-02870,hi-Deva,brighter-hin,emotion,baseline,20,anger,none,True,0.5357987426311266,
emotion-te-02871,hi-Deva,brighter-hin,emotion,baseline,14,joy,none,True,0.2516117269011611,
emotion-te-02872,hi-Deva,brighter-hin,emotion,baseline,9,joy,joy,False,0.6635990305649357,
emotion-te-02873,hi-Deva,brighter-hin,emotion,baseline,18,none,joy,True,0.36310223365271727,
emotion-te-02874,hi-Deva,brighter-hin,emotion,baseline,14,fear,fear,False,0.8975075557068581,
emotion-te-02875,hi-Deva,brighter-hin,emotion,baseline,25,joy,joy,False,0.9621973431522372,
emotion-te-02876,hi-Deva,brighter-hin,emotion,baseline,12,sadness,sadness,False,0.5683735923144833,
emotion-te-02877,hi-Deva,brighter-hin,emotion,baseline,15,fear,sadness,True,0.45388339714765663,
emotion-te-02878,hi-Deva,brighter-hin,emotion,baseline,12,fear,fear,False,0.8260377908057044,
emotion-te-02879,hi-Deva,brighter-hin,emotion,baseline,13,surprise,surprise,False,0.6173473641302345,
emotion-te-02880,hi-Deva,brighter-hin,emotion,baseline,9,sadness,joy|surprise,True,0.6946200732850477,
emotion-te-02881,hi-Deva,brighter-hin,emotion,baseline,10,joy|surprise,joy|surprise,False,0.9014551773534596,
emotion-te-02882,hi-Deva,brighter-hin,emotion,baseline,15,anger|disgust,disgust|joy,True,0.8607389821173814,
emotion-te-02883,hi-Deva,brighter-hin,emotion,baseline,19,none,none,False,0.08954786900477082,
emotion-te-02884,hi-Deva,brighter-hin,emotion,baseline,24,anger|sadness,anger|disgust|sadness,True,0.7396500668334859,
emotion-te-02885,hi-Deva,brighter-hin,emotion,baseline,14,sadness,anger|sadness,True,0.6727349645022503,
emotion-te-02886,hi-Deva,brighter-hin,emotion,baseline,24,fear,fear,False,0.6226668832006375,
emotion-te-02887,hi-Deva,brighter-hin,emotion,baseline,12,fear,sadness,True,0.8359395063712146,
emotion-te-02888,hi-Deva,brighter-hin,emotion,baseline,15,none,none,False,0.07889146203581802,
emotion-te-02889,hi-Deva,brighter-hin,emotion,baseline,21,surprise,surprise,False,0.6003858171778748,
emotion-te-02890,hi-Deva,brighter-hin,emotion,baseline,14,joy,joy,False,0.6866995278008683,
emotion-te-02891,hi-Deva,brighter-hin,emotion,baseline,13,sadness,none,True,0.34450853626315936,
emotion-te-02892,hi-Deva,brighter-hin,emotion,baseline,14,none,none,False,0.3450120087229482,
emotion-te-02893,hi-Deva,brighter-hin,emotion,baseline,19,surprise,surprise,False,0.8239177258441228,
emotion-te-02894,hi-Deva,brighter-hin,emotion,baseline,21,anger,sadness,True,0.472910155971579,
emotion-te-02895,hi-Deva,brighter-hin,emotion,baseline,10,disgust,disgust,False,0.9921413525275338,
emotion-te-02896,hi-Deva,brighter-hin,emotion,baseline,12,joy,joy,False,0.8601980656581114,
emotion-te-02897,hi-Deva,brighter-hin,emotion,baseline,13,sadness,joy|sadness,True,0.5507680269314874,
emotion-te-02898,hi-Deva,brighter-hin,emotion,baseline,20,anger,anger,False,0.8396865929622325,
emotion-te-02899,hi-Deva,brighter-hin,emotion,baseline,14,surprise,joy|sadness|surprise,True,0.6174843874585706,
emotion-te-02900,hi-Deva,brighter-hin,emotion,baseline,17,fear,sadness,True,0.648845016832177,
emotion-te-02901,hi-Deva,brighter-hin,emotion,baseline,17,fear,fear|sadness,True,0.5048286780260971,
emotion-te-02902,hi-Deva,brighter-hin,emotion,baseline,11,joy,anger|joy,True,0.7949641207210982,
emotion-te-02903,hi-Deva,brighter-hin,emotion,baseline,13,sadness,sadness,False,0.9707861399791987,
emotion-te-02904,hi-Deva,brighter-hin,emotion,baseline,26,anger,anger|surprise,True,0.8295943499996934,
emotion-te-02905,hi-Deva,brighter-hin,emotion,baseline,20,disgust,disgust,False,0.7827289884646258,
emotion-te-02906,hi-Deva,brighter-hin,emotion,baseline,8,sadness,sadness|surprise,True,0.8638441209447438,
emotion-te-02907,hi-Deva,brighter-hin,emotion,baseline,21,surprise,surprise,False,0.9600357807495555,
emotion-te-02908,hi-Deva,brighter-hin,emotion,baseline,23,none,sadness,True,0.6909106165437119,
emotion-te-02909,hi-Deva,brighter-hin,emotion,baseline,28,none,fear|sadness,True,0.9422107873761519,
emotion-te-02910,hi-Deva,brighter-hin,emotion,baseline,18,sadness,joy|sadness,True,0.7265432417209807,
emotion-te-02911,hi-Deva,brighter-hin,emotion,baseline,22,joy|surprise,joy|surprise,False,0.8497169262650277,
emotion-te-02912,hi-Deva,brighter-hin,emotion,baseline,11,fear,fear,False,0.9775268038195579,
emotion-te-02913,hi-Deva,brighter-hin,emotion,baseline,18,disgust,disgust|sadness,True,0.7939615976931804,
emotion-te-02914,hi-Deva,brighter-hin,emotion,baseline,25,surprise,joy,True,0.42363254700965974,
emotion-te-02915,hi-Deva,brighter-hin,emotion,baseline,18,surprise,surprise,False,0.9679172273089646,
emotion-te-02916,hi-Deva,brighter-hin,emotion,baseline,18,joy,joy,False,0.9902179712169474,
emotion-te-02917,hi-Deva,brighter-hin,emotion,baseline,16,joy,joy,False,0.367820432893978,
emotion-te-02918,hi-Deva,brighter-hin,emotion,baseline,11,disgust,disgust,False,0.8021576620660792,
emotion-te-02919,hi-Deva,brighter-hin,emotion,baseline,21,anger,anger,False,0.6879015891453043,
emotion-te-02920,hi-Deva,brighter-hin,emotion,baseline,15,sadness,joy|sadness,True,0.7263940069068163,
emotion-te-02921,hi-Deva,brighter-hin,emotion,baseline,18,surprise,joy|sadness|surprise,True,0.8155709014606238,
emotion-te-02922,hi-Deva,brighter-hin,emotion,baseline,8,disgust|surprise,anger|disgust,True,0.6407177951945507,
emotion-te-02923,hi-Deva,brighter-hin,emotion,baseline,14,sadness,joy|sadness,True,0.7338348503381442,
emotion-te-02924,hi-Deva,brighter-hin,emotion,baseline,19,anger,anger,False,0.9936422652581091,
emotion-te-02925,hi-Deva,brighter-hin,emotion,baseline,16,anger,anger,False,0.9663051064459421,
emotion-te-02926,hi-Deva,brighter-hin,emotion,baseline,25,disgust,disgust,False,0.9865926421254338,
emotion-te-02927,hi-Deva,brighter-hin,emotion,baseline,22,joy,joy,False,0.9043044616901129,
emotion-te-02928,hi-Deva,brighter-hin,emotion,baseline,31,anger,anger,False,0.9705388478339394,
emotion-te-02929,hi-Deva,brighter-hin,emotion,baseline,23,sadness,joy|surprise,True,0.5002560946689211,
emotion-te-02930,hi-Deva,brighter-hin,emotion,baseline,13,none,none,False,0.15848747867433446,
emotion-te-02931,hi-Deva,brighter-hin,emotion,baseline,8,surprise,surprise,False,0.9342108917501594,
emotion-te-02932,hi-Deva,brighter-hin,emotion,baseline,10,anger,anger|surprise,True,0.7135125000726219,
emotion-te-02933,hi-Deva,brighter-hin,emotion,baseline,22,fear,none,True,0.151170138862826,
emotion-te-02934,hi-Deva,brighter-hin,emotion,baseline,14,fear,fear,False,0.9889708094863607,
emotion-te-02935,hi-Deva,brighter-hin,emotion,baseline,22,sadness,none,True,0.23070509045378554,
emotion-te-02936,hi-Deva,brighter-hin,emotion,baseline,16,fear,fear,False,0.9934007817246393,
emotion-te-02937,hi-Deva,brighter-hin,emotion,baseline,12,fear,fear,False,0.4039868496977751,
emotion-te-02938,hi-Deva,brighter-hin,emotion,baseline,14,joy,joy,False,0.4909528783284906,
emotion-te-02939,hi-Deva,brighter-hin,emotion,baseline,15,anger|disgust,none,True,0.17125860861541,
emotion-te-02940,hi-Deva,brighter-hin,emotion,baseline,12,none,none,False,0.10263202440598959,
emotion-te-02941,hi-Deva,brighter-hin,emotion,baseline,11,anger,anger,False,0.9075995591409891,
emotion-te-02942,hi-Deva,brighter-hin,emotion,baseline,16,joy,joy|sadness,True,0.5300094889407175,
emotion-te-02943,hi-Deva,brighter-hin,emotion,baseline,22,anger,none,True,0.40302319421480337,
emotion-te-02944,hi-Deva,brighter-hin,emotion,baseline,7,surprise,sadness|surprise,True,0.7811062823118279,
emotion-te-02945,hi-Deva,brighter-hin,emotion,baseline,16,none,joy,True,0.3826882444843038,
emotion-te-02946,hi-Deva,brighter-hin,emotion,baseline,18,anger|disgust,disgust,True,0.577791612863439,
emotion-te-02947,hi-Deva,brighter-hin,emotion,baseline,11,disgust,anger,True,0.5981873130514185,
emotion-te-02948,hi-Deva,brighter-hin,emotion,baseline,11,anger,joy|surprise,True,0.7736686243604433,
emotion-te-02949,hi-Deva,brighter-hin,emotion,baseline,11,none,joy,True,0.5210528451777835,
emotion-te-02950,hi-Deva,brighter-hin,emotion,baseline,18,disgust,none,True,0.49183604210874576,
emotion-te-02951,hi-Deva,brighter-hin,emotion,baseline,30,joy,joy|sadness,True,0.8819936548265671,
emotion-te-02952,hi-Deva,brighter-hin,emotion,baseline,18,none,none,False,0.08460565922378356,
emotion-te-02953,hi-Deva,brighter-hin,emotion,baseline,15,fear,fear,False,0.9041279513203134,
emotion-te-02954,hi-Deva,brighter-hin,emotion,baseline,15,sadness,none,True,0.21184156729526643,
emotion-te-02955,hi-Deva,brighter-hin,emotion,baseline,19,fear,fear,False,0.9324790966812974,
emotion-te-02956,hi-Deva,brighter-hin,emotion,baseline,14,none,none,False,0.0722897046214239,
emotion-te-02957,hi-Deva,brighter-hin,emotion,baseline,8,surprise,joy|surprise,True,0.9750217538998354,
emotion-te-02958,hi-Deva,brighter-hin,emotion,baseline,16,surprise,joy|surprise,True,0.9934827552791311,
emotion-te-02959,hi-Deva,brighter-hin,emotion,baseline,14,anger,anger|sadness,True,0.6132347916936918,
emotion-te-02960,hi-Deva,brighter-hin,emotion,baseline,26,anger,anger,False,0.6934388940185263,
emotion-te-02961,hi-Deva,brighter-hin,emotion,baseline,23,sadness,joy|sadness,True,0.8515179672777548,
emotion-te-02962,hi-Deva,brighter-hin,emotion,baseline,18,fear,fear,False,0.7778838207658756,
emotion-te-02963,hi-Deva,brighter-hin,emotion,baseline,14,anger|disgust,disgust,True,0.9004854214755754,
emotion-te-02964,hi-Deva,brighter-hin,emotion,baseline,18,fear,anger|fear,True,0.9596340540353624,
emotion-te-02965,hi-Deva,brighter-hin,emotion,baseline,17,joy,anger|joy|sadness,True,0.9205625307684062,
emotion-te-02966,hi-Deva,brighter-hin,emotion,baseline,20,none,none,False,0.16777317356966004,
emotion-te-02967,hi-Deva,brighter-hin,emotion,baseline,16,none,none,False,0.252184516357188,
emotion-te-02968,hi-Deva,brighter-hin,emotion,baseline,32,sadness,none,True,0.4485739913609888,
emotion-te-02969,hi-Deva,brighter-hin,emotion,baseline,14,none,none,False,0.1226611390270081,
emotion-te-02970,hi-Deva,brighter-hin,emotion,baseline,17,fear,none,True,0.2707133468099666,
emotion-te-02971,hi-Deva,brighter-hin,emotion,baseline,13,sadness,sadness,False,0.6965988231710746,
emotion-te-02972,hi-Deva,brighter-hin,emotion,baseline,12,none,none,False,0.20015342733744124,
emotion-te-02973,hi-Deva,brighter-hin,emotion,baseline,15,fear,anger,True,0.8668269453331311,
emotion-te-02974,hi-Deva,brighter-hin,emotion,baseline,18,surprise,sadness|surprise,True,0.3904455482650502,
emotion-te-02975,hi-Deva,brighter-hin,emotion,baseline,27,joy,none,True,0.24414916809801965,
emotion-te-02976,hi-Deva,brighter-hin,emotion,baseline,27,anger|disgust,anger|sadness,True,0.965233338726505,
emotion-te-02977,hi-Deva,brighter-hin,emotion,baseline,17,anger,anger,False,0.8741057438128779,
emotion-te-02978,hi-Deva,brighter-hin,emotion,baseline,18,surprise,anger,True,0.7258142581143499,
emotion-te-02979,hi-Deva,brighter-hin,emotion,baseline,16,joy,joy,False,0.9395414403935414,
emotion-te-02980,hi-Deva,brighter-hin,emotion,baseline,11,joy|surprise,joy|surprise,False,0.6321738156594393,
emotion-te-02981,hi-Deva,brighter-hin,emotion,baseline,14,disgust,disgust,False,0.9296894914901831,
emotion-te-02982,hi-Deva,brighter-hin,emotion,baseline,14,sadness,joy,True,0.5963401297107358,
emotion-te-02983,hi-Deva,brighter-hin,emotion,baseline,22,sadness,sadness,False,0.7162113817789073,
emotion-te-02984,hi-Deva,brighter-hin,emotion,baseline,13,sadness,sadness,False,0.782425493106627,
emotion-te-02985,hi-Deva,brighter-hin,emotion,baseline,19,sadness,sadness,False,0.9499630468275884,
emotion-te-02986,hi-Deva,brighter-hin,emotion,baseline,18,joy,joy,False,0.43736696894380567,
emotion-te-02987,hi-Deva,brighter-hin,emotion,baseline,15,anger,anger|sadness,True,0.8848432613723711,
emotion-te-02988,hi-Deva,brighter-hin,emotion,baseline,19,joy,joy,False,0.7939882157820649,
emotion-te-02989,hi-Deva,brighter-hin,emotion,baseline,20,joy,joy|surprise,True,0.9676996928512462,
emotion-te-02990,hi-Deva,brighter-hin,emotion,baseline,23,surprise,surprise,False,0.45981133530881957,
emotion-te-02991,hi-Deva,brighter-hin,emotion,baseline,20,anger,anger,False,0.8992399699247356,
emotion-te-02992,hi-Deva,brighter-hin,emotion,baseline,16,disgust,anger|disgust,True,0.9969845966276026,
emotion-te-02993,hi-Deva,brighter-hin,emotion,baseline,17,surprise,surprise,False,0.5052445182892643,
emotion-te-02994,hi-Deva,brighter-hin,emotion,baseline,18,sadness,joy,True,0.8900111336323745,
emotion-te-02995,hi-Deva,brighter-hin,emotion,baseline,10,anger|disgust,none,True,0.4561727176632593,
emotion-te-02996,hi-Deva,brighter-hin,emotion,baseline,12,sadness,none,True,0.40171569666424545,
emotion-te-02997,hi-Deva,brighter-hin,emotion,baseline,10,joy,sadness,True,0.4870012338386776,
emotion-te-02998,hi-Deva,brighter-hin,emotion,baseline,14,none,none,False,0.13842302964213654,
emotion-te-02999,hi-Deva,brighter-hin,emotion,baseline,32,anger,anger,False,0.9167341675897356,
emotion-te-03000,hi-Deva,brighter-hin,emotion,baseline,30,anger,anger|sadness,True,0.9307584641885359,
emotion-te-03001,hi-Deva,brighter-hin,emotion,baseline,18,surprise,joy|surprise,True,0.8887592380860269,
emotion-te-03002,hi-Deva,brighter-hin,emotion,baseline,17,fear,fear,False,0.6595653403068286,
emotion-te-03003,hi-Deva,brighter-hin,emotion,baseline,16,sadness,sadness,False,0.9032204507841403,
emotion-te-03004,hi-Deva,brighter-hin,emotion,baseline,16,none,joy,True,0.3761952394532552,
emotion-te-03005,hi-Deva,brighter-hin,emotion,baseline,15,none,none,False,0.08851771993369555,
emotion-te-03006,hi-Deva,brighter-hin,emotion,baseline,14,none,none,False,0.1453211126533584,
emotion-te-03007,hi-Deva,brighter-hin,emotion,baseline,11,disgust,disgust,False,0.9885295992701032,
emotion-te-03008,hi-Deva,brighter-hin,emotion,baseline,14,fear,fear,False,0.9113141511413841,
emotion-te-03009,hi-Deva,brighter-hin,emotion,baseline,20,none,sadness,True,0.5229131200181518,
emotion-te-03010,hi-Deva,brighter-hin,emotion,baseline,19,joy,sadness,True,0.42391569486697067,
emotion-te-03011,hi-Deva,brighter-hin,emotion,baseline,15,none,none,False,0.21208125752609108,
emotion-te-03012,hi-Deva,brighter-hin,emotion,baseline,22,fear,anger,True,0.8263365698356803,
emotion-te-03013,hi-Deva,brighter-hin,emotion,baseline,16,surprise,surprise,False,0.9640802672705441,
emotion-te-03014,hi-Deva,brighter-hin,emotion,baseline,16,anger,anger,False,0.9434708066662483,
emotion-te-03015,hi-Deva,brighter-hin,emotion,baseline,11,none,none,False,0.2853052042333262,
emotion-te-03016,hi-Deva,brighter-hin,emotion,baseline,14,sadness,sadness,False,0.9489115718682968,
emotion-te-03017,hi-Deva,brighter-hin,emotion,baseline,13,none,anger|fear|sadness,True,0.6939505536380429,
emotion-te-03018,hi-Deva,brighter-hin,emotion,baseline,19,joy,surprise,True,0.7185765531807915,
emotion-te-03019,hi-Deva,brighter-hin,emotion,baseline,31,joy,fear,True,0.7636497830741703,
emotion-te-03020,hi-Deva,brighter-hin,emotion,baseline,20,joy,fear,True,0.9615407158180469,
emotion-te-03021,hi-Deva,brighter-hin,emotion,baseline,18,sadness,none,True,0.13534576264039155,
emotion-te-03022,hi-Deva,brighter-hin,emotion,baseline,19,sadness,joy,True,0.5494152789048921,
emotion-te-03023,hi-Deva,brighter-hin,emotion,baseline,18,sadness,none,True,0.2974527968989053,
emotion-te-03024,hi-Deva,brighter-hin,emotion,baseline,17,sadness,sadness,False,0.6832684386681437,
emotion-te-03025,hi-Deva,brighter-hin,emotion,baseline,13,none,none,False,0.07984087777525946,
emotion-te-03026,hi-Deva,brighter-hin,emotion,baseline,12,surprise,anger,True,0.5865953065105481,
emotion-te-03027,hi-Deva,brighter-hin,emotion,baseline,20,anger,anger,False,0.643878017518291,
emotion-te-03028,hi-Deva,brighter-hin,emotion,baseline,14,none,none,False,0.10067932515412303,
emotion-te-03029,hi-Deva,brighter-hin,emotion,baseline,12,none,none,False,0.3121831358450775,
emotion-te-03030,hi-Deva,brighter-hin,emotion,baseline,16,fear,fear,False,0.8185095679677246,
emotion-te-03031,hi-Deva,brighter-hin,emotion,baseline,10,fear,fear,False,0.9916571760680385,
emotion-te-03032,hi-Deva,brighter-hin,emotion,baseline,11,sadness,sadness,False,0.7119628407875201,
emotion-te-03033,hi-Deva,brighter-hin,emotion,baseline,16,none,none,False,0.2487176999612519,
emotion-te-03034,hi-Deva,brighter-hin,emotion,baseline,7,disgust,anger|disgust,True,0.9876694494626591,
emotion-te-03035,hi-Deva,brighter-hin,emotion,baseline,14,fear,sadness,True,0.7047753496992493,
emotion-te-03036,hi-Deva,brighter-hin,emotion,baseline,33,anger,anger|disgust,True,0.9513513172399828,
emotion-te-03037,hi-Deva,brighter-hin,emotion,baseline,16,disgust,none,True,0.24795114768358406,
emotion-te-03038,hi-Deva,brighter-hin,emotion,baseline,19,none,anger,True,0.5868174696357916,
emotion-te-03039,hi-Deva,brighter-hin,emotion,baseline,12,disgust,disgust,False,0.8610249191266479,
emotion-te-03040,hi-Deva,brighter-hin,emotion,baseline,13,sadness,sadness,False,0.9912060810874362,
emotion-te-03041,hi-Deva,brighter-hin,emotion,baseline,15,surprise,surprise,False,0.7217916228841871,
emotion-te-03042,hi-Deva,brighter-hin,emotion,baseline,13,disgust,disgust,False,0.9063321120601446,
emotion-te-03043,hi-Deva,brighter-hin,emotion,baseline,19,sadness,sadness,False,0.5291718884930439,
emotion-te-03044,hi-Deva,brighter-hin,emotion,baseline,14,disgust,anger|disgust,True,0.989783361115376,
emotion-te-03045,hi-Deva,brighter-hin,emotion,baseline,17,joy|surprise,anger|disgust,True,0.8516745230831283,
emotion-te-03046,hi-Deva,brighter-hin,emotion,baseline,25,anger,anger,False,0.9615519174199489,
emotion-te-03047,hi-Deva,brighter-hin,emotion,baseline,13,sadness,none,True,0.2926581615413276,
emotion-te-03048,hi-Deva,brighter-hin,emotion,baseline,13,fear,fear,False,0.9988732217929974,
emotion-te-03049,hi-Deva,brighter-hin,emotion,baseline,16,joy,joy,False,0.6292542475805213,
emotion-te-03050,hi-Deva,brighter-hin,emotion,baseline,20,joy,joy,False,0.8586879330714798,
emotion-te-03051,hi-Deva,brighter-hin,emotion,baseline,21,joy,joy|sadness,True,0.7937905613126542,
emotion-te-03052,hi-Deva,brighter-hin,emotion,baseline,6,disgust,disgust,False,0.9154771898720575,
emotion-te-03053,hi-Deva,brighter-hin,emotion,baseline,17,disgust,disgust,False,0.8138869587239346,
emotion-te-03054,hi-Deva,brighter-hin,emotion,baseline,15,sadness,sadness,False,0.8117725717394471,
emotion-te-03055,hi-Deva,brighter-hin,emotion,baseline,22,surprise,disgust|joy|surprise,True,0.6842566885792928,
emotion-te-03056,hi-Deva,brighter-hin,emotion,baseline,8,none,none,False,0.09937365382070146,
emotion-te-03057,hi-Deva,brighter-hin,emotion,baseline,28,anger|sadness,anger|sadness,False,0.9228142262527188,
emotion-te-03058,hi-Deva,brighter-hin,emotion,baseline,16,sadness,sadness|surprise,True,0.7977204728561164,
emotion-te-03059,hi-Deva,brighter-hin,emotion,baseline,10,surprise,joy,True,0.3225069944599492,
emotion-te-03060,hi-Deva,brighter-hin,emotion,baseline,16,anger,anger|disgust|sadness,True,0.9718468609763959,
emotion-te-03061,hi-Deva,brighter-hin,emotion,baseline,12,none,none,False,0.22917422196937903,
emotion-te-03062,hi-Deva,brighter-hin,emotion,baseline,15,none,none,False,0.15839846680435213,
emotion-te-03063,hi-Deva,brighter-hin,emotion,baseline,12,fear,fear,False,0.9927180825222701,
emotion-te-03064,hi-Deva,brighter-hin,emotion,baseline,29,fear,fear,False,0.9181327367830073,
emotion-te-03065,hi-Deva,brighter-hin,emotion,baseline,14,anger,anger,False,0.881875368498436,
emotion-te-03066,hi-Deva,brighter-hin,emotion,baseline,14,joy,joy,False,0.9778927130950259,
emotion-te-03067,hi-Deva,brighter-hin,emotion,baseline,27,anger,none,True,0.4105694750018701,
emotion-te-03068,hi-Deva,brighter-hin,emotion,baseline,13,surprise,surprise,False,0.8350954021561381,
emotion-te-03069,hi-Deva,brighter-hin,emotion,baseline,16,fear,none,True,0.23133442629032785,
emotion-te-03070,hi-Deva,brighter-hin,emotion,baseline,10,none,none,False,0.10920175103680715,
emotion-te-03071,hi-Deva,brighter-hin,emotion,baseline,9,disgust,anger|disgust,True,0.892793576426728,
emotion-te-03072,hi-Deva,brighter-hin,emotion,baseline,16,joy,joy,False,0.9827902301543019,
emotion-te-03073,hi-Deva,brighter-hin,emotion,baseline,16,surprise,surprise,False,0.7060997841148713,
emotion-te-03074,hi-Deva,brighter-hin,emotion,baseline,12,anger,anger,False,0.7233565922764534,
emotion-te-03075,hi-Deva,brighter-hin,emotion,baseline,18,anger,anger,False,0.9938867994146269,
emotion-te-03076,hi-Deva,brighter-hin,emotion,baseline,19,none,none,False,0.16586516650871355,
emotion-te-03077,hi-Deva,brighter-hin,emotion,baseline,14,disgust,disgust,False,0.9516872086467468,
emotion-te-03078,hi-Deva,brighter-hin,emotion,baseline,14,sadness,sadness,False,0.9562483946281817,
emotion-te-03079,hi-Deva,brighter-hin,emotion,baseline,29,anger,anger|sadness,True,0.67747747377175,
emotion-te-03080,hi-Deva,brighter-hin,emotion,baseline,12,surprise,joy|surprise,True,0.9259377469190563,
emotion-te-03081,hi-Deva,brighter-hin,emotion,baseline,16,surprise,surprise,False,0.9555821041653347,
emotion-te-03082,hi-Deva,brighter-hin,emotion,baseline,15,joy,joy|surprise,True,0.9738947697595316,
emotion-te-03083,hi-Deva,brighter-hin,emotion,baseline,9,sadness,sadness,False,0.9888485877414694,
emotion-te-03084,hi-Deva,brighter-hin,emotion,baseline,18,disgust,disgust,False,0.981757570782358,
emotion-te-03085,hi-Deva,brighter-hin,emotion,baseline,12,surprise,joy|surprise,True,0.914580114716619,
emotion-te-03086,hi-Deva,brighter-hin,emotion,baseline,17,sadness,sadness,False,0.6579474687503244,
emotion-te-03087,hi-Deva,brighter-hin,emotion,baseline,18,joy,anger,True,0.692264720462033,
emotion-te-03088,hi-Deva,brighter-hin,emotion,baseline,18,none,none,False,0.08475578319935197,
emotion-te-03089,hi-Deva,brighter-hin,emotion,baseline,10,none,none,False,0.11585617303338158,
emotion-te-03090,hi-Deva,brighter-hin,emotion,baseline,17,anger,anger,False,0.874851974946362,
emotion-te-03091,hi-Deva,brighter-hin,emotion,baseline,8,disgust,anger|disgust,True,0.9168127890495996,
emotion-te-03092,hi-Deva,brighter-hin,emotion,baseline,16,sadness,joy|sadness,True,0.7717196972367155,
emotion-te-03093,hi-Deva,brighter-hin,emotion,baseline,26,anger,anger|sadness,True,0.8969621059234429,
emotion-te-03094,hi-Deva,brighter-hin,emotion,baseline,14,surprise,surprise,False,0.9021200684635636,
emotion-te-03095,hi-Deva,brighter-hin,emotion,baseline,13,disgust,disgust,False,0.7116603207954934,
emotion-te-03096,hi-Deva,brighter-hin,emotion,baseline,26,surprise,surprise,False,0.5256906287638335,
emotion-te-03097,hi-Deva,brighter-hin,emotion,baseline,10,anger,anger,False,0.9820922326565906,
emotion-te-03098,hi-Deva,brighter-hin,emotion,baseline,22,joy,sadness,True,0.41933733803623086,
emotion-te-03099,hi-Deva,brighter-hin,emotion,baseline,15,sadness,none,True,0.5355870964319116,
emotion-te-03100,hi-Deva,brighter-hin,emotion,baseline,16,anger,anger,False,0.9326190428358175,
emotion-te-03101,hi-Deva,brighter-hin,emotion,baseline,13,none,none,False,0.12681021405874152,
emotion-te-03102,hi-Deva,brighter-hin,emotion,baseline,12,sadness,none,True,0.25717119877994155,
emotion-te-03103,hi-Deva,brighter-hin,emotion,baseline,18,joy,joy,False,0.9589780404071702,
emotion-te-03104,hi-Deva,brighter-hin,emotion,baseline,23,fear,fear,False,0.9387954855243443,
emotion-te-03105,hi-Deva,brighter-hin,emotion,baseline,13,fear,fear,False,0.9895918744433392,
emotion-te-03106,hi-Deva,brighter-hin,emotion,baseline,20,sadness,anger,True,0.6126710840257151,
emotion-te-03107,hi-Deva,brighter-hin,emotion,baseline,13,joy,anger,True,0.5571161869241587,
emotion-te-03108,hi-Deva,brighter-hin,emotion,baseline,12,sadness,sadness,False,0.8473907539413216,
emotion-te-03109,hi-Deva,brighter-hin,emotion,baseline,26,anger,anger|disgust,True,0.8112843247508729,
emotion-te-03110,hi-Deva,brighter-hin,emotion,baseline,29,anger,anger,False,0.9050424860202038,
emotion-te-03111,hi-Deva,brighter-hin,emotion,baseline,16,none,none,False,0.14342070284786115,
emotion-te-03112,hi-Deva,brighter-hin,emotion,baseline,11,surprise,joy|surprise,True,0.8411484917449368,
emotion-te-03113,hi-Deva,brighter-hin,emotion,baseline,27,anger,anger,False,0.6504108482858784,
emotion-te-03114,hi-Deva,brighter-hin,emotion,baseline,15,none,none,False,0.1005664361356956,
emotion-te-03115,hi-Deva,brighter-hin,emotion,baseline,11,anger,none,True,0.2872871944153833,
emotion-te-03116,hi-Deva,brighter-hin,emotion,baseline,15,sadness,sadness,False,0.34696321127222807,
emotion-te-03117,hi-Deva,brighter-hin,emotion,baseline,10,disgust,disgust|sadness,True,0.791050154362824,
emotion-te-03118,hi-Deva,brighter-hin,emotion,baseline,12,none,surprise,True,0.5191444213138314,
emotion-te-03119,hi-Deva,brighter-hin,emotion,baseline,13,joy,joy,False,0.7493808139216603,
emotion-te-03120,hi-Deva,brighter-hin,emotion,baseline,14,joy,joy|sadness,True,0.6892225540406108,
emotion-te-03121,hi-Deva,brighter-hin,emotion,baseline,26,surprise,sadness,True,0.3061084771281328,
emotion-te-03122,hi-Deva,brighter-hin,emotion,baseline,19,sadness,sadness,False,0.32973253163152144,
emotion-te-03123,hi-Deva,brighter-hin,emotion,baseline,14,none,none,False,0.2553190553647933,
emotion-te-03124,hi-Deva,brighter-hin,emotion,baseline,14,sadness,joy|sadness,True,0.9176994956535475,
emotion-te-03125,hi-Deva,brighter-hin,emotion,baseline,17,sadness,sadness,False,0.9792570783438402,
emotion-te-03126,hi-Deva,brighter-hin,emotion,baseline,19,fear,fear,False,0.8656268382857146,
emotion-te-03127,hi-Deva,brighter-hin,emotion,baseline,12,joy|surprise,joy|surprise,False,0.9235393625803844,
emotion-te-03128,hi-Deva,brighter-hin,emotion,baseline,18,none,none,False,0.14278888139630333,
emotion-te-03129,hi-Deva,brighter-hin,emotion,baseline,16,surprise,none,True,0.14459165762877632,
emotion-te-03130,hi-Deva,brighter-hin,emotion,baseline,29,anger,anger,False,0.7200783937621645,
emotion-te-03131,hi-Deva,brighter-hin,emotion,baseline,17,anger,anger|fear|sadness,True,0.858600996368215,
emotion-te-03132,hi-Deva,brighter-hin,emotion,baseline,12,fear,none,True,0.24591415334347622,
emotion-te-03133,hi-Deva,brighter-hin,emotion,baseline,23,anger,anger,False,0.9996207998596823,
emotion-te-03134,hi-Deva,brighter-hin,emotion,baseline,10,none,sadness,True,0.6576522393092085,
emotion-te-03135,hi-Deva,brighter-hin,emotion,baseline,21,anger,anger,False,0.9855199871477636,
emotion-te-03136,hi-Deva,brighter-hin,emotion,baseline,10,joy|surprise,joy|surprise,False,0.8771136070089061,
emotion-te-03137,hi-Deva,brighter-hin,emotion,baseline,12,joy,fear|joy,True,0.8687077555268525,
emotion-te-03138,hi-Deva,brighter-hin,emotion,baseline,14,fear,fear,False,0.5776582731657542,
emotion-te-03139,hi-Deva,brighter-hin,emotion,baseline,14,none,none,False,0.25805305027715464,
emotion-te-03140,hi-Deva,brighter-hin,emotion,baseline,10,none,none,False,0.14567443288168186,
emotion-te-03141,hi-Deva,brighter-hin,emotion,baseline,15,fear,fear,False,0.5103840099418931,
emotion-te-03142,hi-Deva,brighter-hin,emotion,baseline,20,joy,joy,False,0.34072266771397525,
emotion-te-03143,hi-Deva,brighter-hin,emotion,baseline,13,sadness,anger|sadness,True,0.965041413171573,
emotion-te-03144,hi-Deva,brighter-hin,emotion,baseline,17,anger,anger,False,0.6645814460894645,
emotion-te-03145,hi-Deva,brighter-hin,emotion,baseline,11,anger,anger,False,0.9447118400467756,
emotion-te-03146,hi-Deva,brighter-hin,emotion,baseline,14,fear,fear,False,0.9961046719608572,
emotion-te-03147,hi-Deva,brighter-hin,emotion,baseline,15,anger,anger,False,0.8715204290080324,
emotion-te-03148,hi-Deva,brighter-hin,emotion,baseline,11,surprise,joy|surprise,True,0.9319589119335873,
emotion-te-03149,hi-Deva,brighter-hin,emotion,baseline,30,anger,anger|surprise,True,0.9034286863721929,
emotion-te-03150,hi-Deva,brighter-hin,emotion,baseline,11,sadness,sadness,False,0.6353838152353981,
emotion-te-03151,hi-Deva,brighter-hin,emotion,baseline,12,joy,joy,False,0.4160474163447071,
emotion-te-03152,hi-Deva,brighter-hin,emotion,baseline,15,surprise,none,True,0.16182322335448315,
emotion-te-03153,hi-Deva,brighter-hin,emotion,baseline,17,anger,anger,False,0.8713133263594982,
emotion-te-03154,hi-Deva,brighter-hin,emotion,baseline,32,joy|surprise,none,True,0.2708227341900835,
emotion-te-03155,hi-Deva,brighter-hin,emotion,baseline,16,none,none,False,0.06931606641035819,
emotion-te-03156,hi-Deva,brighter-hin,emotion,baseline,18,surprise,surprise,False,0.4484947561032973,
emotion-te-03157,hi-Deva,brighter-hin,emotion,baseline,11,none,none,False,0.20049800896556288,
emotion-te-03158,hi-Deva,brighter-hin,emotion,baseline,18,disgust,anger|disgust,True,0.9726002268482835,
emotion-te-03159,hi-Deva,brighter-hin,emotion,baseline,12,none,none,False,0.19437423470346793,
emotion-te-03160,hi-Deva,brighter-hin,emotion,baseline,14,joy,joy,False,0.8997182221159218,
emotion-te-03161,hi-Deva,brighter-hin,emotion,baseline,24,disgust,none,True,0.31122211765033725,
emotion-te-03162,hi-Deva,brighter-hin,emotion,baseline,15,joy,joy,False,0.9940981239501888,
emotion-te-03163,hi-Deva,brighter-hin,emotion,baseline,13,anger,none,True,0.16850851674552864,
emotion-te-03164,hi-Deva,brighter-hin,emotion,baseline,18,disgust,disgust,False,0.6629083972963017,
emotion-te-03165,hi-Deva,brighter-hin,emotion,baseline,14,joy,joy,False,0.3988058183587515,
emotion-te-03166,hi-Deva,brighter-hin,emotion,baseline,17,anger,anger|disgust,True,0.6295586570840587,
emotion-te-03167,hi-Deva,brighter-hin,emotion,baseline,20,disgust,anger|disgust,True,0.9817019894732595,
emotion-te-03168,hi-Deva,brighter-hin,emotion,baseline,20,sadness,sadness|surprise,True,0.8576303205410128,
emotion-te-03169,hi-Deva,brighter-hin,emotion,baseline,18,sadness,sadness,False,0.40970706113126343,
emotion-te-03170,hi-Deva,brighter-hin,emotion,baseline,22,fear,fear,False,0.6295416267601852,
emotion-te-03171,hi-Deva,brighter-hin,emotion,baseline,19,disgust,none,True,0.21794548204351769,
emotion-te-03172,hi-Deva,brighter-hin,emotion,baseline,11,joy|surprise,surprise,True,0.7049425343408401,
emotion-te-03173,hi-Deva,brighter-hin,emotion,baseline,13,none,none,False,0.18641071887849145,
emotion-te-03174,hi-Deva,brighter-hin,emotion,baseline,16,disgust,disgust,False,0.9893102826499954,
emotion-te-03175,hi-Deva,brighter-hin,emotion,baseline,16,anger,anger,False,0.9031707243830213,
emotion-te-03176,hi-Deva,brighter-hin,emotion,baseline,15,joy,joy,False,0.5743542664629069,
emotion-te-03177,hi-Deva,brighter-hin,emotion,baseline,6,surprise,joy|surprise,True,0.47470380475985247,
emotion-te-03178,hi-Deva,brighter-hin,emotion,baseline,15,fear,fear,False,0.9861595193525706,
emotion-te-03179,hi-Deva,brighter-hin,emotion,baseline,16,surprise,anger|surprise,True,0.587301358609503,
emotion-te-03180,hi-Deva,brighter-hin,emotion,baseline,13,joy,none,True,0.39619295737620475,
emotion-te-03181,hi-Deva,brighter-hin,emotion,baseline,22,anger,anger,False,0.9660606713190618,
emotion-te-03182,hi-Deva,brighter-hin,emotion,baseline,21,anger,anger|sadness,True,0.937601256068167,
emotion-te-03183,hi-Deva,brighter-hin,emotion,baseline,26,disgust,disgust,False,0.6860308665979917,
emotion-te-03184,hi-Deva,brighter-hin,emotion,baseline,9,fear,fear,False,0.9719393880608581,
emotion-te-03185,hi-Deva,brighter-hin,emotion,baseline,21,disgust,disgust,False,0.6843839731794271,
emotion-te-03186,hi-Deva,brighter-hin,emotion,baseline,14,fear,fear,False,0.8763242333296203,
emotion-te-03187,hi-Deva,brighter-hin,emotion,baseline,17,joy,none,True,0.18599133157364137,
emotion-te-03188,hi-Deva,brighter-hin,emotion,baseline,19,joy,joy,False,0.9154295306191215,
emotion-te-03189,hi-Deva,brighter-hin,emotion,baseline,12,joy,joy,False,0.9949855185087735,
emotion-te-03190,hi-Deva,brighter-hin,emotion,baseline,12,fear,fear,False,0.9909685274316165,
emotion-te-03191,hi-Deva,brighter-hin,emotion,baseline,13,joy,joy,False,0.8921912553255572,
emotion-te-03192,hi-Deva,brighter-hin,emotion,baseline,18,surprise,joy|surprise,True,0.9569660510813833,
emotion-te-03193,hi-Deva,brighter-hin,emotion,baseline,26,anger,anger|sadness,True,0.9951968581251405,
emotion-te-03194,hi-Deva,brighter-hin,emotion,baseline,11,sadness,joy,True,0.603872154665838,
emotion-te-03195,hi-Deva,brighter-hin,emotion,baseline,16,fear,fear,False,0.6357930185861668,
emotion-te-03196,hi-Deva,brighter-hin,emotion,baseline,20,none,none,False,0.2869898200231157,
emotion-te-03197,hi-Deva,brighter-hin,emotion,baseline,25,disgust,anger|sadness,True,0.9270036443766426,
emotion-te-03198,hi-Deva,brighter-hin,emotion,baseline,18,fear,fear,False,0.9385412099986877,
emotion-te-03199,hi-Deva,brighter-hin,emotion,baseline,19,surprise,joy|surprise,True,0.9838952301685095,
emotion-te-03200,hi-Deva,brighter-hin,emotion,baseline,13,none,joy|sadness,True,0.4288802619925586,
emotion-te-03201,hi-Deva,brighter-hin,emotion,baseline,16,none,none,False,0.08358113860671934,
emotion-te-03202,hi-Deva,brighter-hin,emotion,baseline,26,fear,fear|sadness,True,0.9050700374194289,
emotion-te-03203,hi-Deva,brighter-hin,emotion,baseline,9,sadness,sadness,False,0.8986274232718993,
emotion-te-03204,hi-Deva,brighter-hin,emotion,baseline,9,fear,fear|surprise,True,0.8632195957984344,
emotion-te-03205,hi-Deva,brighter-hin,emotion,baseline,11,sadness,sadness,False,0.87518793356105,
emotion-te-03206,hi-Deva,brighter-hin,emotion,baseline,8,sadness,joy|sadness,True,0.8499655997919988,
emotion-te-03207,hi-Deva,brighter-hin,emotion,baseline,11,none,joy,True,0.3863679376417578,
emotion-te-03208,hi-Deva,brighter-hin,emotion,baseline,19,none,sadness,True,0.5135071913521276,
emotion-te-03209,hi-Deva,brighter-hin,emotion,baseline,12,sadness,sadness,False,0.8635667414480445,
emotion-te-03210,hi-Deva,brighter-hin,emotion,baseline,15,fear,none,True,0.17998846232201532,
emotion-te-03211,hi-Deva,brighter-hin,emotion,baseline,17,sadness,sadness,False,0.9725679899721321,
emotion-te-03212,hi-Deva,brighter-hin,emotion,baseline,33,anger,anger,False,0.9274553539721689,
emotion-te-03213,hi-Deva,brighter-hin,emotion,baseline,20,none,none,False,0.25755157613024726,
emotion-te-03214,hi-Deva,brighter-hin,emotion,baseline,18,sadness,sadness,False,0.897138548519292,
emotion-te-03215,hi-Deva,brighter-hin,emotion,baseline,18,fear,surprise,True,0.4995943395816563,
emotion-te-03216,hi-Deva,brighter-hin,emotion,baseline,11,none,none,False,0.18810945333609833,
emotion-te-03217,hi-Deva,brighter-hin,emotion,baseline,11,none,none,False,0.2392809631443896,
emotion-te-03218,hi-Deva,brighter-hin,emotion,baseline,16,none,none,False,0.09713384699194132,
emotion-te-03219,hi-Deva,brighter-hin,emotion,baseline,18,joy,joy,False,0.3751627359729208,
emotion-te-03220,hi-Deva,brighter-hin,emotion,baseline,21,sadness,joy,True,0.6174778725286898,
emotion-te-03221,hi-Deva,brighter-hin,emotion,baseline,8,none,none,False,0.2650811966716643,
emotion-te-03222,hi-Deva,brighter-hin,emotion,baseline,17,joy,joy,False,0.8931759691121245,
emotion-te-03223,hi-Deva,brighter-hin,emotion,baseline,20,surprise,joy|surprise,True,0.7437684463894966,
emotion-te-03224,hi-Deva,brighter-hin,emotion,baseline,8,none,sadness,True,0.35054599105291573,
emotion-te-03225,hi-Deva,brighter-hin,emotion,baseline,11,surprise,joy|surprise,True,0.8392078721913937,
emotion-te-03226,hi-Deva,brighter-hin,emotion,baseline,16,disgust,anger|disgust,True,0.9128836267648343,
emotion-te-03227,hi-Deva,brighter-hin,emotion,baseline,10,fear,fear,False,0.9951829691392423,
emotion-te-03228,hi-Deva,brighter-hin,emotion,baseline,25,anger,anger,False,0.9811978797601021,
emotion-te-03229,hi-Deva,brighter-hin,emotion,baseline,12,none,none,False,0.4984577403171099,
emotion-te-03230,hi-Deva,brighter-hin,emotion,baseline,8,disgust,none,True,0.10000935857351682,
emotion-te-03231,hi-Deva,brighter-hin,emotion,baseline,30,anger,anger,False,0.8976448682229079,
emotion-te-03232,hi-Deva,brighter-hin,emotion,baseline,18,sadness,sadness,False,0.5918510968132418,
emotion-te-03233,hi-Deva,brighter-hin,emotion,baseline,18,none,none,False,0.23617408816757063,
emotion-te-03234,hi-Deva,brighter-hin,emotion,baseline,24,anger|disgust,anger|sadness,True,0.8778175618021381,
emotion-te-03235,hi-Deva,brighter-hin,emotion,baseline,13,surprise,surprise,False,0.8741421216515396,
emotion-te-03236,hi-Deva,brighter-hin,emotion,baseline,30,sadness,sadness,False,0.8726346218082539,
emotion-te-03237,hi-Deva,brighter-hin,emotion,baseline,12,disgust,sadness,True,0.6333313235887875,
emotion-te-03238,hi-Deva,brighter-hin,emotion,baseline,15,joy,joy,False,0.9737051066449931,
emotion-te-03239,hi-Deva,brighter-hin,emotion,baseline,26,sadness,anger,True,0.6004747945300032,
emotion-te-03240,hi-Deva,brighter-hin,emotion,baseline,22,surprise,surprise,False,0.834624648392171,
emotion-te-03241,hi-Deva,brighter-hin,emotion,baseline,23,disgust,disgust,False,0.8556989268327292,
emotion-te-03242,hi-Deva,brighter-hin,emotion,baseline,12,none,none,False,0.15937348324231915,
emotion-te-03243,hi-Deva,brighter-hin,emotion,baseline,14,fear,fear,False,0.9203521311015829,
emotion-te-03244,hi-Deva,brighter-hin,emotion,baseline,17,none,sadness,True,0.4385669308243366,
emotion-te-03245,hi-Deva,brighter-hin,emotion,baseline,11,fear,fear,False,0.8989946498936537,
emotion-te-03246,hi-Deva,brighter-hin,emotion,baseline,15,anger,anger,False,0.9941796697822207,
emotion-te-03247,hi-Deva,brighter-hin,emotion,baseline,14,surprise,surprise,False,0.6580259322151448,
emotion-te-03248,hi-Deva,brighter-hin,emotion,baseline,9,anger,joy,True,0.4465331388328706,
emotion-te-03249,hi-Deva,brighter-hin,emotion,baseline,10,joy,joy,False,0.4755986756637357,
emotion-te-03250,hi-Deva,brighter-hin,emotion,baseline,31,anger,anger,False,0.9659085176819687,
emotion-te-03251,hi-Deva,brighter-hin,emotion,baseline,14,sadness,joy|sadness,True,0.8789826713005426,
emotion-te-03252,hi-Deva,brighter-hin,emotion,baseline,15,disgust,sadness,True,0.8951315853107531,
emotion-te-03253,hi-Deva,brighter-hin,emotion,baseline,19,anger,anger,False,0.9656759082220361,
emotion-te-03254,hi-Deva,brighter-hin,emotion,baseline,24,surprise,none,True,0.2377541275082646,
emotion-te-03255,hi-Deva,brighter-hin,emotion,baseline,17,none,sadness,True,0.6264572372841148,
emotion-te-03256,hi-Deva,brighter-hin,emotion,baseline,16,sadness,joy,True,0.4213066303986465,
emotion-te-03257,hi-Deva,brighter-hin,emotion,baseline,17,surprise,surprise,False,0.518339648306296,
emotion-te-03258,hi-Deva,brighter-hin,emotion,baseline,25,anger,anger,False,0.9821478202952879,
emotion-te-03259,hi-Deva,brighter-hin,emotion,baseline,13,disgust,disgust,False,0.9965915151773879,
emotion-te-03260,hi-Deva,brighter-hin,emotion,baseline,15,disgust,disgust,False,0.846385803380408,
emotion-te-03261,hi-Deva,brighter-hin,emotion,baseline,16,disgust,disgust|joy,True,0.8441305533374575,
emotion-te-03262,hi-Deva,brighter-hin,emotion,baseline,21,anger,sadness,True,0.3508194969211719,
emotion-te-03263,hi-Deva,brighter-hin,emotion,baseline,14,anger,joy,True,0.5906514952336097,
emotion-te-03264,hi-Deva,brighter-hin,emotion,baseline,25,disgust,sadness,True,0.4345647422713601,
emotion-te-03265,hi-Deva,brighter-hin,emotion,baseline,18,none,joy,True,0.5540862062982848,
emotion-te-03266,hi-Deva,brighter-hin,emotion,baseline,18,joy,joy|sadness,True,0.5789008262842025,
emotion-te-03267,hi-Deva,brighter-hin,emotion,baseline,18,sadness,joy,True,0.6129158830063792,
emotion-te-03268,hi-Deva,brighter-hin,emotion,baseline,28,anger,anger,False,0.9551909223829868,
emotion-te-03269,hi-Deva,brighter-hin,emotion,baseline,17,none,none,False,0.24699177870202693,
emotion-te-03270,hi-Deva,brighter-hin,emotion,baseline,13,joy,joy|sadness,True,0.7271648017143711,
emotion-te-03271,hi-Deva,brighter-hin,emotion,baseline,11,none,joy|sadness,True,0.5237100619844884,
emotion-te-03272,hi-Deva,brighter-hin,emotion,baseline,33,disgust,none,True,0.4929821696046028,
emotion-te-03273,hi-Deva,brighter-hin,emotion,baseline,25,surprise,surprise,False,0.8150373171134581,
emotion-te-03274,hi-Deva,brighter-hin,emotion,baseline,17,fear|sadness,none,True,0.37504169643520524,
emotion-te-03275,hi-Deva,brighter-hin,emotion,baseline,22,fear|surprise,sadness,True,0.6205856879473901,
emotion-te-03276,hi-Deva,brighter-hin,emotion,baseline,22,joy,joy,False,0.8309488652173956,
emotion-te-03277,hi-Deva,brighter-hin,emotion,baseline,40,anger,anger,False,0.9071407301833172,
emotion-te-03278,hi-Deva,brighter-hin,emotion,baseline,11,fear,sadness,True,0.8747595687485584,
emotion-te-03279,hi-Deva,brighter-hin,emotion,baseline,17,joy|surprise,joy|surprise,False,0.6431461991178998,
emotion-te-03280,hi-Deva,brighter-hin,emotion,baseline,16,sadness,sadness,False,0.8584458710734344,
emotion-te-03281,hi-Deva,brighter-hin,emotion,baseline,15,joy|surprise,joy|surprise,False,0.8535432802601333,
emotion-te-03282,hi-Deva,brighter-hin,emotion,baseline,16,joy,joy,False,0.5702238552382716,
emotion-te-03283,hi-Deva,brighter-hin,emotion,baseline,16,none,none,False,0.1267512812693434,
emotion-te-03284,hi-Deva,brighter-hin,emotion,baseline,16,fear,none,True,0.3840489068732582,
emotion-te-03285,hi-Deva,brighter-hin,emotion,baseline,11,fear,none,True,0.22629111819917652,
emotion-te-03286,hi-Deva,brighter-hin,emotion,baseline,13,joy,joy,False,0.9925238121079848,
emotion-te-03287,hi-Deva,brighter-hin,emotion,baseline,18,anger,anger,False,0.968199324446915,
emotion-te-03288,hi-Deva,brighter-hin,emotion,baseline,19,anger,anger|disgust,True,0.9751814730674415,
emotion-te-03289,hi-Deva,brighter-hin,emotion,baseline,19,sadness,sadness,False,0.5265005495263088,
emotion-te-03290,hi-Deva,brighter-hin,emotion,baseline,18,joy,joy,False,0.915073687952442,
emotion-te-03291,hi-Deva,brighter-hin,emotion,baseline,29,sadness,sadness,False,0.5102599910969292,
emotion-te-03292,hi-Deva,brighter-hin,emotion,baseline,22,joy,joy|sadness,True,0.7202956816697038,
emotion-te-03293,hi-Deva,brighter-hin,emotion,baseline,17,sadness,sadness,False,0.9500547542935296,
emotion-te-03294,hi-Deva,brighter-hin,emotion,baseline,12,fear,fear,False,0.9457417231686357,
emotion-te-03295,hi-Deva,brighter-hin,emotion,baseline,15,none,none,False,0.3322989278515658,
emotion-te-03296,hi-Deva,brighter-hin,emotion,baseline,16,sadness,sadness,False,0.7257239916385891,
emotion-te-03297,hi-Deva,brighter-hin,emotion,baseline,17,joy,joy,False,0.56591050917713,
emotion-te-03298,hi-Deva,brighter-hin,emotion,baseline,11,joy,joy,False,0.4136344153791035,
emotion-te-03299,hi-Deva,brighter-hin,emotion,baseline,8,disgust,disgust|joy,True,0.9006140586425786,
emotion-te-03300,hi-Deva,brighter-hin,emotion,baseline,8,none,none,False,0.23390785251818672,
emotion-te-03301,hi-Deva,brighter-hin,emotion,baseline,18,surprise,surprise,False,0.379955544420609,
emotion-te-03302,hi-Deva,brighter-hin,emotion,baseline,16,joy,joy|sadness,True,0.9932961054963961,
emotion-te-03303,hi-Deva,brighter-hin,emotion,baseline,17,sadness,sadness,False,0.3698540760373227,
emotion-te-03304,hi-Deva,brighter-hin,emotion,baseline,11,sadness,anger|disgust,True,0.9726420811910754,
emotion-te-03305,hi-Deva,brighter-hin,emotion,baseline,19,anger,sadness,True,0.6927039393335225,
emotion-te-03306,hi-Deva,brighter-hin,emotion,baseline,22,surprise,none,True,0.1930680386485681,
emotion-te-03307,hi-Deva,brighter-hin,emotion,baseline,7,surprise,none,True,0.3369716478547403,
emotion-te-03308,hi-Deva,brighter-hin,emotion,baseline,12,disgust,disgust,False,0.9768075811420746,
emotion-te-03309,hi-Deva,brighter-hin,emotion,baseline,23,joy,joy,False,0.960909044132442,
emotion-te-03310,hi-Deva,brighter-hin,emotion,baseline,26,surprise,surprise,False,0.8807746457265374,
emotion-te-03311,hi-Deva,brighter-hin,emotion,baseline,22,fear,none,True,0.21228900335772793,
emotion-te-03312,hi-Deva,brighter-hin,emotion,baseline,14,anger|disgust,anger|disgust,False,0.7222875672375209,
emotion-te-03313,hi-Deva,brighter-hin,emotion,baseline,8,none,none,False,0.18656032707246362,
emotion-te-03314,hi-Deva,brighter-hin,emotion,baseline,14,disgust,disgust,False,0.9702031812742322,
emotion-te-03315,hi-Deva,brighter-hin,emotion,baseline,19,surprise,joy|surprise,True,0.9604461081921911,
emotion-te-03316,hi-Deva,brighter-hin,emotion,baseline,15,disgust,disgust,False,0.7452433206617205,
emotion-te-03317,hi-Deva,brighter-hin,emotion,baseline,22,sadness,sadness,False,0.31592024135333047,
emotion-te-03318,hi-Deva,brighter-hin,emotion,baseline,30,sadness,anger,True,0.8242869889200017,
emotion-te-03319,hi-Deva,brighter-hin,emotion,baseline,16,sadness,none,True,0.2041839550068727,
emotion-te-03320,hi-Deva,brighter-hin,emotion,baseline,13,joy,joy,False,0.5952108823608093,
emotion-te-03321,hi-Deva,brighter-hin,emotion,baseline,12,sadness,sadness,False,0.8426930041363587,
emotion-te-03322,hi-Deva,brighter-hin,emotion,baseline,12,surprise,surprise,False,0.9466155341758877,
emotion-te-03323,hi-Deva,brighter-hin,emotion,baseline,12,none,none,False,0.35594976677094464,
emotion-te-03324,hi-Deva,brighter-hin,emotion,baseline,13,joy,joy,False,0.6382047445883683,
emotion-te-03325,hi-Deva,brighter-hin,emotion,baseline,12,joy,joy,False,0.918091443952118,
emotion-te-03326,hi-Deva,brighter-hin,emotion,baseline,13,joy,joy|sadness,True,0.8448926206529311,
emotion-te-03327,hi-Deva,brighter-hin,emotion,baseline,15,sadness,sadness,False,0.45509726629087843,
emotion-te-03328,hi-Deva,brighter-hin,emotion,baseline,22,anger,none,True,0.22907632372663117,
emotion-te-03329,hi-Deva,brighter-hin,emotion,baseline,31,anger,none,True,0.3229914081567517,
emotion-te-03330,hi-Deva,brighter-hin,emotion,baseline,21,anger,anger|disgust,True,0.9769503594836714,
emotion-te-03331,hi-Deva,brighter-hin,emotion,baseline,14,none,none,False,0.13273739903895362,
emotion-te-03332,hi-Deva,brighter-hin,emotion,baseline,30,anger,anger,False,0.8771218327550431,
emotion-te-03333,hi-Deva,brighter-hin,emotion,baseline,12,sadness,sadness,False,0.7873018792481359,
emotion-te-03334,hi-Deva,brighter-hin,emotion,baseline,16,joy,joy|surprise,True,0.763434579895294,
emotion-te-03335,hi-Deva,brighter-hin,emotion,baseline,16,anger,anger,False,0.9565895737631605,
emotion-te-03336,hi-Deva,brighter-hin,emotion,baseline,12,fear|sadness,sadness,True,0.9510771896350496,
emotion-te-03337,hi-Deva,brighter-hin,emotion,baseline,11,disgust,disgust,False,0.8092688507181203,
emotion-te-03338,hi-Deva,brighter-hin,emotion,baseline,29,anger,fear,True,0.872304872345432,
emotion-te-03339,hi-Deva,brighter-hin,emotion,baseline,16,sadness,joy,True,0.47271520815000556,
emotion-te-03340,hi-Deva,brighter-hin,emotion,baseline,16,joy,joy,False,0.9951159001522444,
emotion-te-03341,hi-Deva,brighter-hin,emotion,baseline,15,anger,anger,False,0.8083512803277448,
emotion-te-03342,hi-Deva,brighter-hin,emotion,baseline,15,disgust,none,True,0.47493149185206823,
emotion-te-03343,hi-Deva,brighter-hin,emotion,baseline,15,joy,none,True,0.24034876478286826,
emotion-te-03344,hi-Deva,brighter-hin,emotion,baseline,24,anger,anger,False,0.6936453921873732,
emotion-te-03345,hi-Deva,brighter-hin,emotion,baseline,10,none,none,False,0.2770031236165654,
emotion-te-03346,hi-Deva,brighter-hin,emotion,baseline,19,disgust,disgust|sadness,True,0.9487896240400687,
emotion-te-03347,hi-Deva,brighter-hin,emotion,baseline,13,fear,fear,False,0.6684423976662874,
emotion-te-03348,hi-Deva,brighter-hin,emotion,baseline,27,joy,joy,False,0.8627152585370487,
emotion-te-03349,hi-Deva,brighter-hin,emotion,baseline,17,sadness,sadness,False,0.8488168258719844,
emotion-te-03350,hi-Deva,brighter-hin,emotion,baseline,19,anger,anger|disgust,True,0.9261848586780529,
emotion-te-03351,hi-Deva,brighter-hin,emotion,baseline,19,sadness,sadness,False,0.43016443603427285,
emotion-te-03352,hi-Deva,brighter-hin,emotion,baseline,18,surprise,joy|surprise,True,0.7080535990914271,
emotion-te-03353,hi-Deva,brighter-hin,emotion,baseline,15,joy,anger|sadness,True,0.5828959488040811,
emotion-te-03354,hi-Deva,brighter-hin,emotion,baseline,23,disgust,disgust,False,0.9956622673256477,
emotion-te-03355,hi-Deva,brighter-hin,emotion,baseline,25,joy,none,True,0.29588707759888183,
emotion-te-03356,hi-Deva,brighter-hin,emotion,baseline,16,anger,anger,False,0.9844500239311155,
emotion-te-03357,hi-Deva,brighter-hin,emotion,baseline,18,sadness,sadness,False,0.8219903901386912,
emotion-te-03358,hi-Deva,brighter-hin,emotion,baseline,7,fear,anger|surprise,True,0.8148460409023063,
emotion-te-03359,hi-Deva,brighter-hin,emotion,baseline,22,fear,fear,False,0.9845991772720917,
emotion-te-03360,hi-Deva,brighter-hin,emotion,baseline,14,fear,fear,False,0.5124548200212293,
emotion-te-03361,hi-Deva,brighter-hin,emotion,baseline,14,joy,disgust,True,0.7618577185806749,
emotion-te-03362,hi-Deva,brighter-hin,emotion,baseline,17,surprise,surprise,False,0.5408091084741187,
emotion-te-03363,hi-Deva,brighter-hin,emotion,baseline,11,sadness,joy|sadness,True,0.947866033916282,
emotion-te-03364,hi-Deva,brighter-hin,emotion,baseline,16,fear,fear|joy,True,0.9410363250660714,
emotion-te-03365,hi-Deva,brighter-hin,emotion,baseline,8,none,none,False,0.08604894982891201,
emotion-te-03366,hi-Deva,brighter-hin,emotion,baseline,16,sadness,joy|sadness,True,0.8120783023917042,
emotion-te-03367,hi-Deva,brighter-hin,emotion,baseline,14,sadness,none,True,0.24538548799385881,
emotion-te-03368,hi-Deva,brighter-hin,emotion,baseline,11,none,none,False,0.221632829763452,
emotion-te-03369,hi-Deva,brighter-hin,emotion,baseline,29,joy|surprise,none,True,0.23913670049245922,
emotion-te-03370,hi-Deva,brighter-hin,emotion,baseline,16,fear,fear,False,0.9246783677927846,
emotion-te-03371,hi-Deva,brighter-hin,emotion,baseline,28,anger,anger,False,0.7523110285731381,
emotion-te-03372,hi-Deva,brighter-hin,emotion,baseline,26,anger|fear,sadness,True,0.4251646625441489,
emotion-te-03373,hi-Deva,brighter-hin,emotion,baseline,17,joy,joy,False,0.8394062588169481,
emotion-te-03374,hi-Deva,brighter-hin,emotion,baseline,21,anger,anger,False,0.9497099169696811,
emotion-te-03375,hi-Deva,brighter-hin,emotion,baseline,18,disgust,disgust|sadness,True,0.800917316306023,
emotion-te-03376,hi-Deva,brighter-hin,emotion,baseline,11,none,none,False,0.14827806443092004,
emotion-te-03377,hi-Deva,brighter-hin,emotion,baseline,10,surprise,joy|surprise,True,0.9593275538737106,
emotion-te-03378,hi-Deva,brighter-hin,emotion,baseline,19,joy,joy,False,0.8725929458154162,
emotion-te-03379,hi-Deva,brighter-hin,emotion,baseline,20,disgust,disgust,False,0.9679850496626459,
emotion-te-03380,hi-Deva,brighter-hin,emotion,baseline,21,disgust,disgust,False,0.8933138320075882,
emotion-te-03381,hi-Deva,brighter-hin,emotion,baseline,13,joy,joy,False,0.973158812125748,
emotion-te-03382,hi-Deva,brighter-hin,emotion,baseline,19,anger,anger,False,0.9857855339210085,
emotion-te-03383,hi-Deva,brighter-hin,emotion,baseline,21,sadness,anger|sadness,True,0.9326562141846306,
emotion-te-03384,hi-Deva,brighter-hin,emotion,baseline,12,none,sadness,True,0.37379902960382716,
emotion-te-03385,hi-Deva,brighter-hin,emotion,baseline,21,joy,joy,False,0.6822989425867326,
emotion-te-03386,hi-Deva,brighter-hin,emotion,baseline,12,joy,none,True,0.22039756734435736,
emotion-te-03387,hi-Deva,brighter-hin,emotion,baseline,15,disgust|sadness,disgust,True,0.7752924886094563,
emotion-te-03388,hi-Deva,brighter-hin,emotion,baseline,14,surprise,surprise,False,0.8767152739001792,
emotion-te-03389,hi-Deva,brighter-hin,emotion,baseline,16,sadness,joy,True,0.3966096364614359,
emotion-te-03390,hi-Deva,brighter-hin,emotion,baseline,14,sadness,sadness,False,0.34762365664871675,
emotion-te-03391,hi-Deva,brighter-hin,emotion,baseline,16,fear,fear,False,0.9226563918336399,
emotion-te-03392,hi-Deva,brighter-hin,emotion,baseline,36,anger,anger|joy|surprise,True,0.9639033879913516,
emotion-te-03393,hi-Deva,brighter-hin,emotion,baseline,22,joy,joy,False,0.5796085738075158,
emotion-te-03394,hi-Deva,brighter-hin,emotion,baseline,11,joy,joy,False,0.9702844976461504,
emotion-te-03395,hi-Deva,brighter-hin,emotion,baseline,27,anger,anger,False,0.9397915161590956,
emotion-te-03396,hi-Deva,brighter-hin,emotion,baseline,31,fear,fear,False,0.71779612900091,
emotion-te-03397,hi-Deva,brighter-hin,emotion,baseline,12,fear,fear,False,0.9864446129928345,
emotion-te-03398,hi-Deva,brighter-hin,emotion,baseline,38,anger,anger|surprise,True,0.9548588351863956,
emotion-te-03399,hi-Deva,brighter-hin,emotion,baseline,23,sadness,sadness,False,0.9284371044979108,
emotion-te-03400,hi-Deva,brighter-hin,emotion,baseline,16,joy,joy,False,0.9873909634791592,
emotion-te-03401,hi-Deva,brighter-hin,emotion,baseline,13,joy,none,True,0.30759691166267206,
emotion-te-03402,hi-Deva,brighter-hin,emotion,baseline,13,joy|surprise,joy,True,0.9543835022902001,
emotion-te-03403,hi-Deva,brighter-hin,emotion,baseline,12,fear,fear,False,0.7460786105473526,
emotion-te-03404,hi-Deva,brighter-hin,emotion,baseline,11,sadness,sadness,False,0.8425099545957441,
emotion-te-03405,hi-Deva,brighter-hin,emotion,baseline,18,anger,anger,False,0.8678294171773636,
emotion-te-03406,hi-Deva,brighter-hin,emotion,baseline,27,fear,none,True,0.16195917938376833,
emotion-te-03407,hi-Deva,brighter-hin,emotion,baseline,9,fear,fear,False,0.6383711098583286,
emotion-te-03408,hi-Deva,brighter-hin,emotion,baseline,19,fear,none,True,0.17730716920840028,
emotion-te-03409,hi-Deva,brighter-hin,emotion,baseline,26,sadness,sadness,False,0.5712065222505066,
emotion-te-03410,hi-Deva,brighter-hin,emotion,baseline,13,joy,anger,True,0.6516721062439027,
emotion-te-03411,hi-Deva,brighter-hin,emotion,baseline,18,fear,surprise,True,0.6394324090345241,
emotion-te-03412,hi-Deva,brighter-hin,emotion,baseline,17,joy,joy,False,0.8175618296466741,
emotion-te-03413,hi-Deva,brighter-hin,emotion,baseline,19,none,none,False,0.27847280588328654,
emotion-te-03414,hi-Deva,brighter-hin,emotion,baseline,29,anger|sadness,sadness,True,0.7692950372675577,
emotion-te-03415,hi-Deva,brighter-hin,emotion,baseline,18,anger|disgust,none,True,0.4941891767598807,
emotion-te-03416,hi-Deva,brighter-hin,emotion,baseline,14,surprise,joy|surprise,True,0.6797245149055752,
emotion-te-03417,hi-Deva,brighter-hin,emotion,baseline,12,fear,fear,False,0.982685897694291,
emotion-te-03418,hi-Deva,brighter-hin,emotion,baseline,24,anger,anger,False,0.9651829781596156,
emotion-te-03419,hi-Deva,brighter-hin,emotion,baseline,20,joy,joy|surprise,True,0.8913987904585521,
emotion-te-03420,hi-Deva,brighter-hin,emotion,baseline,19,sadness,sadness,False,0.8053058077237716,
emotion-te-03421,hi-Deva,brighter-hin,emotion,baseline,13,fear,fear,False,0.8203298711610467,
emotion-te-03422,hi-Deva,brighter-hin,emotion,baseline,15,fear|sadness,sadness,True,0.427437158697743,
emotion-te-03423,hi-Deva,brighter-hin,emotion,baseline,16,fear,fear,False,0.8196010573039347,
emotion-te-03424,hi-Deva,brighter-hin,emotion,baseline,29,surprise,none,True,0.35661858736751423,
emotion-te-03425,hi-Deva,brighter-hin,emotion,baseline,26,joy|surprise,sadness|surprise,True,0.9543820412433173,
emotion-te-03426,hi-Deva,brighter-hin,emotion,baseline,9,none,none,False,0.18604302411173224,
emotion-te-03427,hi-Deva,brighter-hin,emotion,baseline,16,sadness|surprise,sadness|surprise,False,0.9505616379592418,
emotion-te-03428,hi-Deva,brighter-hin,emotion,baseline,17,sadness,sadness,False,0.7123839519112897,
emotion-te-03429,hi-Deva,brighter-hin,emotion,baseline,19,anger,anger,False,0.9095318336118424,
emotion-te-03430,hi-Deva,brighter-hin,emotion,baseline,18,surprise,surprise,False,0.9363601890164857,
emotion-te-03431,hi-Deva,brighter-hin,emotion,baseline,14,none,none,False,0.11761697431977151,
emotion-te-03432,hi-Deva,brighter-hin,emotion,baseline,14,surprise,joy|surprise,True,0.9888558729944308,
emotion-te-03433,hi-Deva,brighter-hin,emotion,baseline,24,anger,anger|sadness,True,0.9170915554602549,
emotion-te-03434,hi-Deva,brighter-hin,emotion,baseline,16,surprise,joy|surprise,True,0.9739625377165793,
emotion-te-03435,hi-Deva,brighter-hin,emotion,baseline,17,joy,joy,False,0.9766577780184508,
emotion-te-03436,hi-Deva,brighter-hin,emotion,baseline,19,joy,joy,False,0.31986277765593546,
emotion-te-03437,hi-Deva,brighter-hin,emotion,baseline,25,disgust,disgust,False,0.5925748969953041,
emotion-te-03438,hi-Deva,brighter-hin,emotion,baseline,16,joy,joy,False,0.8290778357288563,
emotion-te-03439,hi-Deva,brighter-hin,emotion,baseline,20,surprise,surprise,False,0.5119513496971784,
emotion-te-03440,hi-Deva,brighter-hin,emotion,baseline,12,sadness,none,True,0.19560939413608244,
emotion-te-03441,hi-Deva,brighter-hin,emotion,baseline,10,anger|disgust,anger|sadness,True,0.7254920553968214,
emotion-te-03442,hi-Deva,brighter-hin,emotion,baseline,27,none,anger,True,0.627585584714752,
emotion-te-03443,hi-Deva,brighter-hin,emotion,baseline,9,fear,surprise,True,0.9174878247301277,
emotion-te-03444,hi-Deva,brighter-hin,emotion,baseline,14,joy,joy,False,0.9904432551381408,
emotion-te-03445,hi-Deva,brighter-hin,emotion,baseline,11,sadness,joy,True,0.4100793830911224,
emotion-te-03446,hi-Deva,brighter-hin,emotion,baseline,15,disgust,disgust,False,0.8513044909575234,
emotion-te-03447,hi-Deva,brighter-hin,emotion,baseline,18,none,fear,True,0.9025428063957885,
emotion-te-03448,hi-Deva,brighter-hin,emotion,baseline,21,joy,sadness,True,0.5062692668849272,
emotion-te-03449,hi-Deva,brighter-hin,emotion,baseline,15,joy,surprise,True,0.5118687304995422,
emotion-te-03450,hi-Deva,brighter-hin,emotion,baseline,12,none,disgust,True,0.7192613256525985,
emotion-te-03451,hi-Deva,brighter-hin,emotion,baseline,12,fear,fear|sadness,True,0.9079267030310697,
emotion-te-03452,hi-Deva,brighter-hin,emotion,baseline,27,joy,joy,False,0.596271350564002,
emotion-te-03453,hi-Deva,brighter-hin,emotion,baseline,17,sadness,sadness,False,0.7824068277145544,
emotion-te-03454,hi-Deva,brighter-hin,emotion,baseline,17,anger,anger,False,0.5927682652379087,
emotion-te-03455,hi-Deva,brighter-hin,emotion,baseline,11,none,joy,True,0.3082179148351523,
emotion-te-03456,hi-Deva,brighter-hin,emotion,baseline,10,joy,joy,False,0.7251820056152442,
emotion-te-03457,hi-Deva,brighter-hin,emotion,baseline,9,joy,joy,False,0.9908524205403878,
emotion-te-03458,hi-Deva,brighter-hin,emotion,baseline,21,sadness,anger|sadness,True,0.635361660418553,
emotion-te-03459,hi-Deva,brighter-hin,emotion,baseline,22,joy,joy,False,0.6019232632170827,
emotion-te-03460,hi-Deva,brighter-hin,emotion,baseline,18,fear,fear,False,0.9334645552640044,
emotion-te-03461,hi-Deva,brighter-hin,emotion,baseline,12,disgust,disgust,False,0.8402329468938775,
emotion-te-03462,hi-Deva,brighter-hin,emotion,baseline,23,joy,joy,False,0.932874093284213,
emotion-te-03463,hi-Deva,brighter-hin,emotion,baseline,14,fear,fear,False,0.4468550559184989,
emotion-te-03464,hi-Deva,brighter-hin,emotion,baseline,13,surprise,joy|surprise,True,0.7917314742190953,
emotion-te-03465,hi-Deva,brighter-hin,emotion,baseline,21,surprise,joy|surprise,True,0.749703127331646,
emotion-te-03466,hi-Deva,brighter-hin,emotion,baseline,18,anger|disgust,disgust,True,0.8845176475542976,
emotion-te-03467,hi-Deva,brighter-hin,emotion,baseline,14,surprise,joy|surprise,True,0.9931045542742569,
emotion-te-03468,hi-Deva,brighter-hin,emotion,baseline,23,anger,anger,False,0.9907515952486335,
emotion-te-03469,hi-Deva,brighter-hin,emotion,baseline,23,fear,fear,False,0.9863750349063299,
emotion-te-03470,hi-Deva,brighter-hin,emotion,baseline,19,anger,anger,False,0.6320182532054005,
emotion-te-03471,hi-Deva,brighter-hin,emotion,baseline,14,sadness,fear,True,0.4751041576857607,
emotion-te-03472,hi-Deva,brighter-hin,emotion,baseline,9,none,none,False,0.24033040679585274,
emotion-te-03473,hi-Deva,brighter-hin,emotion,baseline,22,joy,none,True,0.17637647904032625,
emotion-te-03474,hi-Deva,brighter-hin,emotion,baseline,16,surprise,surprise,False,0.9385865470583677,
emotion-te-03475,hi-Deva,brighter-hin,emotion,baseline,22,fear,fear,False,0.8331296386877359,
emotion-te-03476,hi-Deva,brighter-hin,emotion,baseline,18,fear|sadness,none,True,0.3464535555663698,
emotion-te-03477,hi-Deva,brighter-hin,emotion,baseline,16,surprise,surprise,False,0.6867172796562068,
emotion-te-03478,hi-Deva,brighter-hin,emotion,baseline,9,joy,joy,False,0.601415562225514,
emotion-te-03479,hi-Deva,brighter-hin,emotion,baseline,24,anger,anger,False,0.978280072282496,
emotion-te-03480,hi-Deva,brighter-hin,emotion,baseline,15,none,none,False,0.12931850548630233,
emotion-te-03481,hi-Deva,brighter-hin,emotion,baseline,14,disgust,sadness,True,0.5907779302646732,
emotion-te-03482,hi-Deva,brighter-hin,emotion,baseline,16,surprise,joy|surprise,True,0.9648403372217846,
emotion-te-03483,hi-Deva,brighter-hin,emotion,baseline,13,sadness,sadness,False,0.9822352108605895,
emotion-te-03484,hi-Deva,brighter-hin,emotion,baseline,22,surprise,fear,True,0.65572219777573,
emotion-te-03485,hi-Deva,brighter-hin,emotion,baseline,18,disgust,anger|disgust|sadness,True,0.9580199252988724,
emotion-te-03486,hi-Deva,brighter-hin,emotion,baseline,21,sadness,none,True,0.4141562410949938,
emotion-te-03487,hi-Deva,brighter-hin,emotion,baseline,20,sadness,sadness,False,0.4930735902172103,
emotion-te-03488,hi-Deva,brighter-hin,emotion,baseline,15,disgust,disgust,False,0.9763079686893733,
emotion-te-03489,hi-Deva,brighter-hin,emotion,baseline,14,sadness,joy|sadness,True,0.9308285633409852,
emotion-te-03490,hi-Deva,brighter-hin,emotion,baseline,12,sadness,fear,True,0.45335379802457637,
emotion-te-03491,hi-Deva,brighter-hin,emotion,baseline,16,joy,joy,False,0.33447618353950476,
emotion-te-03492,hi-Deva,brighter-hin,emotion,baseline,13,sadness,sadness,False,0.3834764035564853,
emotion-te-03493,hi-Deva,brighter-hin,emotion,baseline,22,sadness,sadness,False,0.8756621735633664,
emotion-te-03494,hi-Deva,brighter-hin,emotion,baseline,32,joy|surprise,joy|surprise,False,0.9031674652030627,
emotion-te-03495,hi-Deva,brighter-hin,emotion,baseline,12,fear,anger|fear|joy,True,0.6819367331395356,
emotion-te-03496,hi-Deva,brighter-hin,emotion,baseline,15,joy|surprise,joy|surprise,False,0.9286852501353678,
emotion-te-03497,hi-Deva,brighter-hin,emotion,baseline,15,sadness,anger|sadness,True,0.876042683046594,
emotion-te-03498,hi-Deva,brighter-hin,emotion,baseline,22,fear,fear|sadness,True,0.5799610740447321,
emotion-te-03499,hi-Deva,brighter-hin,emotion,baseline,15,sadness,sadness,False,0.6870878681231758,
emotion-te-03500,hi-Deva,brighter-hin,emotion,baseline,30,sadness,anger,True,0.5544825307671807,
emotion-te-03501,hi-Deva,brighter-hin,emotion,baseline,25,anger,none,True,0.39260384559278044,
emotion-te-03502,hi-Deva,brighter-hin,emotion,baseline,22,sadness,none,True,0.16216914470408725,
emotion-te-03503,hi-Deva,brighter-hin,emotion,baseline,10,joy,joy,False,0.5183965448568988,
emotion-te-03504,hi-Deva,brighter-hin,emotion,baseline,16,surprise,anger|surprise,True,0.9428450823358238,
emotion-te-03505,hi-Deva,brighter-hin,emotion,baseline,16,fear,fear,False,0.9846905167527692,
emotion-te-03506,hi-Deva,brighter-hin,emotion,baseline,15,sadness,sadness|surprise,True,0.3915570277243514,
emotion-te-03507,hi-Deva,brighter-hin,emotion,baseline,15,disgust,none,True,0.13880303550355974,
emotion-te-03508,hi-Deva,brighter-hin,emotion,baseline,13,joy,none,True,0.42608305209127223,
emotion-te-03509,hi-Deva,brighter-hin,emotion,baseline,16,anger,anger,False,0.9856974023426042,
emotion-te-03510,hi-Deva,brighter-hin,emotion,baseline,18,surprise,surprise,False,0.901300479889804,
emotion-te-03511,hi-Deva,brighter-hin,emotion,baseline,10,surprise,surprise,False,0.9474457653325656,
emotion-te-03512,hi-Deva,brighter-hin,emotion,baseline,11,joy,none,True,0.15712642577007865,
emotion-te-03513,hi-Deva,brighter-hin,emotion,baseline,11,joy|surprise,surprise,True,0.6331681214468173,
emotion-te-03514,hi-Deva,brighter-hin,emotion,baseline,27,anger,anger,False,0.9334939916126838,
emotion-te-03515,hi-Deva,brighter-hin,emotion,baseline,15,anger|sadness,anger|sadness,False,0.6183632422201135,
emotion-te-03516,hi-Deva,brighter-hin,emotion,baseline,17,joy|surprise,joy|surprise,False,0.7936632344725514,
emotion-te-03517,hi-Deva,brighter-hin,emotion,baseline,23,sadness,sadness,False,0.8826374790764578,
emotion-te-03518,hi-Deva,brighter-hin,emotion,baseline,14,none,sadness,True,0.6026517088588546,
emotion-te-03519,hi-Deva,brighter-hin,emotion,baseline,15,none,anger,True,0.6040362842438574,
emotion-te-03520,hi-Deva,brighter-hin,emotion,baseline,18,none,none,False,0.142943795437488,
emotion-te-03521,hi-Deva,brighter-hin,emotion,baseline,21,joy,joy,False,0.8428051396958275,
emotion-te-03522,hi-Deva,brighter-hin,emotion,baseline,12,sadness,none,True,0.11323889622692297,
emotion-te-03523,hi-Deva,brighter-hin,emotion,baseline,13,none,none,False,0.10437762262447685,
emotion-te-03524,hi-Deva,brighter-hin,emotion,baseline,37,anger,anger,False,0.9968964040196041,
emotion-te-03525,hi-Deva,brighter-hin,emotion,baseline,22,surprise,surprise,False,0.9746189008048988,
emotion-te-03526,hi-Deva,brighter-hin,emotion,baseline,16,sadness,sadness,False,0.8022602838137473,
emotion-te-03527,hi-Deva,brighter-hin,emotion,baseline,19,joy,none,True,0.24239309283904067,
emotion-te-03528,hi-Deva,brighter-hin,emotion,baseline,15,joy,joy,False,0.9897519043913631,
emotion-te-03529,hi-Deva,brighter-hin,emotion,baseline,11,sadness,sadness,False,0.8610596618579784,
emotion-te-03530,hi-Deva,brighter-hin,emotion,baseline,8,disgust,disgust,False,0.6263436655782569,
emotion-te-03531,hi-Deva,brighter-hin,emotion,baseline,9,none,none,False,0.31856060994350943,
emotion-te-03532,hi-Deva,brighter-hin,emotion,baseline,15,none,anger,True,0.7045724371652062,
emotion-te-03533,hi-Deva,brighter-hin,emotion,baseline,20,joy|surprise,joy,True,0.7235581939567771,
emotion-te-03534,hi-Deva,brighter-hin,emotion,baseline,20,joy,joy,False,0.4821293279751917,
emotion-te-03535,hi-Deva,brighter-hin,emotion,baseline,18,anger,sadness,True,0.6544475011024581,
emotion-te-03536,hi-Deva,brighter-hin,emotion,baseline,12,surprise,surprise,False,0.7265962988771241,
emotion-te-03537,hi-Deva,brighter-hin,emotion,baseline,15,joy,sadness,True,0.7389057835916792,
emotion-te-03538,hi-Deva,brighter-hin,emotion,baseline,21,surprise,joy|surprise,True,0.9324190844086214,
emotion-te-03539,hi-Deva,brighter-hin,emotion,baseline,13,sadness,none,True,0.21741612306733307,
emotion-te-03540,hi-Deva,brighter-hin,emotion,baseline,24,anger,surprise,True,0.3887104243023082,
emotion-te-03541,hi-Deva,brighter-hin,emotion,baseline,20,disgust,disgust,False,0.8228993367921498,
emotion-te-03542,hi-Deva,brighter-hin,emotion,baseline,26,anger,none,True,0.1441388465844186,
emotion-te-03543,hi-Deva,brighter-hin,emotion,baseline,28,anger,none,True,0.47468358443084635,
emotion-te-03544,hi-Deva,brighter-hin,emotion,baseline,14,sadness,none,True,0.46766257063612676,
emotion-te-03545,hi-Deva,brighter-hin,emotion,baseline,13,none,none,False,0.030367787471996015,
emotion-te-03546,hi-Deva,brighter-hin,emotion,baseline,16,joy|surprise,joy,True,0.566276213243474,
emotion-te-03547,hi-Deva,brighter-hin,emotion,baseline,11,joy,joy,False,0.9288195494674092,
emotion-te-03548,hi-Deva,brighter-hin,emotion,baseline,9,none,none,False,0.3409664243870364,
emotion-te-03549,hi-Deva,brighter-hin,emotion,baseline,14,surprise,anger,True,0.7397052958371682,
emotion-te-03550,hi-Deva,brighter-hin,emotion,baseline,25,sadness,sadness,False,0.900832072984215,
emotion-te-03551,hi-Deva,brighter-hin,emotion,baseline,9,none,anger,True,0.566572816061532,
emotion-te-03552,hi-Deva,brighter-hin,emotion,baseline,10,joy,joy|sadness,True,0.4637524292876087,
emotion-te-03553,hi-Deva,brighter-hin,emotion,baseline,21,joy,joy,False,0.9889630895812599,
emotion-te-03554,hi-Deva,brighter-hin,emotion,baseline,14,joy,disgust|joy,True,0.6146955626826931,
emotion-te-03555,hi-Deva,brighter-hin,emotion,baseline,26,anger,anger,False,0.8967098999163838,
emotion-te-03556,hi-Deva,brighter-hin,emotion,baseline,19,surprise,surprise,False,0.9572824981305735,
emotion-te-03557,hi-Deva,brighter-hin,emotion,baseline,15,none,none,False,0.19726509670174933,
emotion-te-03558,hi-Deva,brighter-hin,emotion,baseline,13,disgust,disgust|sadness,True,0.7680785490484752,
emotion-te-03559,hi-Deva,brighter-hin,emotion,baseline,22,joy,joy,False,0.32257922719348736,
emotion-te-03560,hi-Deva,brighter-hin,emotion,baseline,10,none,none,False,0.22555925342855182,
emotion-te-03561,hi-Deva,brighter-hin,emotion,baseline,19,sadness,sadness,False,0.7212502067159146,
emotion-te-03562,hi-Deva,brighter-hin,emotion,baseline,25,disgust,anger|disgust|sadness,True,0.9803219417219103,
emotion-te-03563,hi-Deva,brighter-hin,emotion,baseline,19,none,none,False,0.21181951237510038,
emotion-te-03564,hi-Deva,brighter-hin,emotion,baseline,17,fear|surprise,surprise,True,0.8968279248030675,
emotion-te-03565,hi-Deva,brighter-hin,emotion,baseline,13,anger,anger,False,0.8094807380176727,
emotion-te-03566,hi-Deva,brighter-hin,emotion,baseline,22,disgust,disgust,False,0.9762835036303277,
emotion-te-03567,hi-Deva,brighter-hin,emotion,baseline,28,joy,joy|surprise,True,0.9865534462975037,
emotion-te-03568,hi-Deva,brighter-hin,emotion,baseline,19,joy,joy,False,0.9929484880447303,
emotion-te-03569,hi-Deva,brighter-hin,emotion,baseline,19,anger,anger,False,0.7011241997391855,
emotion-te-03570,hi-Deva,brighter-hin,emotion,baseline,25,surprise,fear|surprise,True,0.7056947390209131,
emotion-te-03571,hi-Deva,brighter-hin,emotion,baseline,21,none,none,False,0.07075516681074812,
emotion-te-03572,hi-Deva,brighter-hin,emotion,baseline,10,joy,joy,False,0.9357070669234723,
emotion-te-03573,hi-Deva,brighter-hin,emotion,baseline,15,disgust,anger|disgust,True,0.9626213611024045,
emotion-te-03574,hi-Deva,brighter-hin,emotion,baseline,17,anger,anger,False,0.8223109637069611,
emotion-te-03575,hi-Deva,brighter-hin,emotion,baseline,21,joy,joy,False,0.7370122503860365,
emotion-te-03576,hi-Deva,brighter-hin,emotion,baseline,15,fear,none,True,0.2631074647392995,
emotion-te-03577,hi-Deva,brighter-hin,emotion,baseline,14,fear,fear,False,0.44695853347132297,
emotion-te-03578,hi-Deva,brighter-hin,emotion,baseline,13,fear,none,True,0.22148426598583562,
emotion-te-03579,hi-Deva,brighter-hin,emotion,baseline,16,joy,joy,False,0.3751901820936778,
emotion-te-03580,hi-Deva,brighter-hin,emotion,baseline,21,fear,fear,False,0.6537546857505113,
emotion-te-03581,hi-Deva,brighter-hin,emotion,baseline,19,anger,anger,False,0.7903263401565204,
emotion-te-03582,hi-Deva,brighter-hin,emotion,baseline,14,anger,anger|sadness,True,0.6384112756677018,
emotion-te-03583,hi-Deva,brighter-hin,emotion,baseline,22,anger,anger,False,0.7534012590668788,
emotion-te-03584,hi-Deva,brighter-hin,emotion,baseline,13,none,sadness,True,0.6280343181578829,
emotion-te-03585,hi-Deva,brighter-hin,emotion,baseline,14,surprise,anger|joy|surprise,True,0.6817894808432243,
emotion-te-03586,hi-Deva,brighter-hin,emotion,baseline,13,joy,none,True,0.23181512156643624,
emotion-te-03587,hi-Deva,brighter-hin,emotion,baseline,10,fear,fear,False,0.9977313213088015,
emotion-te-03588,hi-Deva,brighter-hin,emotion,baseline,25,surprise,none,True,0.27892849619656074,
emotion-te-03589,hi-Deva,brighter-hin,emotion,baseline,16,sadness,sadness,False,0.5945254392780763,
emotion-te-03590,hi-Deva,brighter-hin,emotion,baseline,18,surprise,surprise,False,0.8855211977351677,
emotion-te-03591,hi-Deva,brighter-hin,emotion,baseline,14,fear,anger,True,0.5586570513685908,
emotion-te-03592,hi-Deva,brighter-hin,emotion,baseline,21,disgust,disgust,False,0.8623780934018754,
emotion-te-03593,hi-Deva,brighter-hin,emotion,baseline,11,joy,none,True,0.16477280849310919,
emotion-te-03594,hi-Deva,brighter-hin,emotion,baseline,20,joy,none,True,0.3600834344836383,
emotion-te-03595,hi-Deva,brighter-hin,emotion,baseline,17,none,anger,True,0.6324119906918021,
emotion-te-03596,hi-Deva,brighter-hin,emotion,baseline,12,none,none,False,0.09230302479240479,
emotion-te-03597,hi-Deva,brighter-hin,emotion,baseline,17,disgust,anger|disgust,True,0.9963326389504652,
emotion-te-03598,hi-Deva,brighter-hin,emotion,baseline,12,joy,joy,False,0.8034029200453153,
emotion-te-03599,hi-Deva,brighter-hin,emotion,baseline,18,surprise,surprise,False,0.6801885333396024,
emotion-te-03600,hi-Deva,brighter-hin,emotion,baseline,25,sadness,sadness,False,0.5431816816793121,
emotion-te-03601,hi-Deva,brighter-hin,emotion,baseline,15,disgust,anger|disgust,True,0.5823950985066808,
emotion-te-03602,hi-Deva,brighter-hin,emotion,baseline,21,anger|disgust,anger,True,0.5758238639400621,
emotion-te-03603,hi-Deva,brighter-hin,emotion,baseline,22,surprise,surprise,False,0.7440817679731111,
emotion-te-03604,hi-Deva,brighter-hin,emotion,baseline,17,none,joy,True,0.3177400928410306,
emotion-te-03605,hi-Deva,brighter-hin,emotion,baseline,26,anger,anger|joy|sadness,True,0.9007075344128456,
emotion-te-03606,hi-Deva,brighter-hin,emotion,baseline,24,sadness,joy|sadness,True,0.33864788030387666,
emotion-te-03607,hi-Deva,brighter-hin,emotion,baseline,12,surprise,surprise,False,0.8873063601633338,
emotion-te-03608,hi-Deva,brighter-hin,emotion,baseline,12,disgust,disgust,False,0.5883673875958787,
emotion-te-03609,hi-Deva,brighter-hin,emotion,baseline,18,joy,joy,False,0.9871349846690177,
emotion-te-03610,hi-Deva,brighter-hin,emotion,baseline,22,sadness,none,True,0.35791903110895235,
emotion-te-03611,hi-Deva,brighter-hin,emotion,baseline,27,disgust,none,True,0.3740393643375417,
emotion-te-03612,hi-Deva,brighter-hin,emotion,baseline,17,disgust,anger|disgust|sadness,True,0.7300043110967779,
emotion-te-03613,hi-Deva,brighter-hin,emotion,baseline,15,none,none,False,0.39422655468829354,
emotion-te-03614,hi-Deva,brighter-hin,emotion,baseline,13,none,none,False,0.1149806388659609,
emotion-te-03615,hi-Deva,brighter-hin,emotion,baseline,13,none,none,False,0.2567387676343448,
emotion-te-03616,hi-Deva,brighter-hin,emotion,baseline,17,fear,fear,False,0.961874696101929,
emotion-te-03617,hi-Deva,brighter-hin,emotion,baseline,18,fear,fear,False,0.9906315711238459,
emotion-te-03618,hi-Deva,brighter-hin,emotion,baseline,11,fear,fear,False,0.9786264925677951,
emotion-te-03619,hi-Deva,brighter-hin,emotion,baseline,7,none,none,False,0.12424116587378137,
emotion-te-03620,hi-Deva,brighter-hin,emotion,baseline,12,anger,anger,False,0.6901710088880628,
emotion-te-03621,hi-Deva,brighter-hin,emotion,baseline,19,disgust,disgust,False,0.7945075531470128,
emotion-te-03622,hi-Deva,brighter-hin,emotion,baseline,12,none,none,False,0.19643246642829842,
emotion-te-03623,hi-Deva,brighter-hin,emotion,baseline,13,none,none,False,0.41562657220150495,
emotion-te-03624,hi-Deva,brighter-hin,emotion,baseline,12,none,none,False,0.25211660322070967,
emotion-te-03625,hi-Deva,brighter-hin,emotion,baseline,22,fear,none,True,0.31761047767480965,
emotion-te-03626,hi-Deva,brighter-hin,emotion,baseline,15,disgust,disgust,False,0.8928146631558683,
emotion-te-03627,hi-Deva,brighter-hin,emotion,baseline,18,fear,fear,False,0.9617358955687081,
emotion-te-03628,hi-Deva,brighter-hin,emotion,baseline,16,sadness,anger|disgust,True,0.8907542889912231,
emotion-te-03629,hi-Deva,brighter-hin,emotion,baseline,10,joy,joy,False,0.5337061631763629,
emotion-te-03630,hi-Deva,brighter-hin,emotion,baseline,23,sadness,sadness,False,0.8936702995745598,
emotion-te-03631,hi-Deva,brighter-hin,emotion,baseline,18,joy,joy,False,0.4252051150413622,
emotion-te-03632,hi-Deva,brighter-hin,emotion,baseline,13,sadness,anger|sadness,True,0.867567090253223,
emotion-te-03633,hi-Deva,brighter-hin,emotion,baseline,23,joy,joy,False,0.8986574838652054,
emotion-te-03634,hi-Deva,brighter-hin,emotion,baseline,15,none,none,False,0.15206829012823878,
emotion-te-03635,hi-Deva,brighter-hin,emotion,baseline,13,disgust,sadness,True,0.4560417190129659,
emotion-te-03636,hi-Deva,brighter-hin,emotion,baseline,15,anger,disgust,True,0.9584976847041922,
emotion-te-03637,hi-Deva,brighter-hin,emotion,baseline,19,fear,none,True,0.29926887519400336,
emotion-te-03638,hi-Deva,brighter-hin,emotion,baseline,14,sadness,joy,True,0.7386904309332818,
emotion-te-03639,hi-Deva,brighter-hin,emotion,baseline,14,none,none,False,0.15550172307059199,
emotion-te-03640,hi-Deva,brighter-hin,emotion,baseline,16,anger,none,True,0.5419467837013145,
emotion-te-03641,hi-Deva,brighter-hin,emotion,baseline,21,surprise,none,True,0.29535450193972623,
emotion-te-03642,hi-Deva,brighter-hin,emotion,baseline,27,anger,anger,False,0.9876940219679005,
emotion-te-03643,hi-Deva,brighter-hin,emotion,baseline,13,surprise,surprise,False,0.3536019825798758,
emotion-te-03644,hi-Deva,brighter-hin,emotion,baseline,17,sadness,joy|sadness,True,0.3849152907321209,
emotion-te-03645,hi-Deva,brighter-hin,emotion,baseline,12,none,none,False,0.2792948921482038,
emotion-te-03646,hi-Deva,brighter-hin,emotion,baseline,10,disgust,disgust,False,0.9916994952529716,
emotion-te-03647,hi-Deva,brighter-hin,emotion,baseline,19,sadness,sadness,False,0.5702254369366788,
emotion-te-03648,hi-Deva,brighter-hin,emotion,baseline,19,anger,anger,False,0.6267459191545571,
emotion-te-03649,hi-Deva,brighter-hin,emotion,baseline,19,none,fear,True,0.4975951964775531,
emotion-te-03650,hi-Deva,brighter-hin,emotion,baseline,14,fear,fear,False,0.952792151852541,
emotion-te-03651,hi-Deva,brighter-hin,emotion,baseline,14,fear,fear,False,0.8807307213309932,
emotion-te-03652,hi-Deva,brighter-hin,emotion,baseline,19,joy,joy,False,0.9336300630717801,
emotion-te-03653,hi-Deva,brighter-hin,emotion,baseline,15,disgust,disgust|surprise,True,0.5528562583872739,
emotion-te-03654,hi-Deva,brighter-hin,emotion,baseline,10,none,sadness,True,0.4144396871727127,
emotion-te-03655,hi-Deva,brighter-hin,emotion,baseline,16,joy,joy,False,0.8876523074397672,
emotion-te-03656,hi-Deva,brighter-hin,emotion,baseline,22,fear,fear,False,0.5108334384282832,
emotion-te-03657,hi-Deva,brighter-hin,emotion,baseline,28,anger,anger|joy,True,0.8889003747115152,
emotion-te-03658,hi-Deva,brighter-hin,emotion,baseline,21,disgust|surprise,sadness|surprise,True,0.8332584283456661,
emotion-te-03659,hi-Deva,brighter-hin,emotion,baseline,34,anger,anger,False,0.9827658444321793,
emotion-te-03660,hi-Deva,brighter-hin,emotion,baseline,21,disgust,anger|disgust|sadness,True,0.8252872886449022,
emotion-te-03661,hi-Deva,brighter-hin,emotion,baseline,27,sadness,anger|sadness,True,0.5651347390221422,
emotion-te-03662,hi-Deva,brighter-hin,emotion,baseline,13,surprise,surprise,False,0.8406766069946462,
emotion-te-03663,hi-Deva,brighter-hin,emotion,baseline,30,joy,joy,False,0.659656726570965,
emotion-te-03664,hi-Deva,brighter-hin,emotion,baseline,14,anger|sadness,sadness,True,0.657371779015178,
emotion-te-03665,hi-Deva,brighter-hin,emotion,baseline,19,joy,joy|sadness,True,0.5248053216003582,
emotion-te-03666,hi-Deva,brighter-hin,emotion,baseline,15,none,none,False,0.13562200054593354,
emotion-te-03667,hi-Deva,brighter-hin,emotion,baseline,19,fear,fear,False,0.9944122324709075,
emotion-te-03668,hi-Deva,brighter-hin,emotion,baseline,11,sadness,none,True,0.1546448771539757,
emotion-te-03669,hi-Deva,brighter-hin,emotion,baseline,11,surprise,anger|surprise,True,0.7272785748778123,
emotion-te-03670,hi-Deva,brighter-hin,emotion,baseline,23,fear,fear,False,0.9904866010555906,
emotion-te-03671,hi-Deva,brighter-hin,emotion,baseline,10,none,none,False,0.13574862557123854,
emotion-te-03672,hi-Deva,brighter-hin,emotion,baseline,26,fear,fear,False,0.9974683524206154,
emotion-te-03673,hi-Deva,brighter-hin,emotion,baseline,13,none,none,False,0.207300973503322,
emotion-te-03674,hi-Deva,brighter-hin,emotion,baseline,20,anger,anger|sadness,True,0.9005640920178806,
emotion-te-03675,hi-Deva,brighter-hin,emotion,baseline,14,anger,anger|disgust,True,0.9334768369074821,
emotion-te-03676,hi-Deva,brighter-hin,emotion,baseline,11,fear,fear,False,0.9873516260286052,
emotion-te-03677,hi-Deva,brighter-hin,emotion,baseline,16,anger,anger|sadness,True,0.6870735010803984,
emotion-te-03678,hi-Deva,brighter-hin,emotion,baseline,13,joy,joy|surprise,True,0.6350830925176058,
emotion-te-03679,hi-Deva,brighter-hin,emotion,baseline,19,fear,fear,False,0.888530075578788,
emotion-te-03680,hi-Deva,brighter-hin,emotion,baseline,28,joy,joy,False,0.554286232230666,
emotion-te-03681,hi-Deva,brighter-hin,emotion,baseline,12,joy,joy,False,0.9544289738357183,
emotion-te-03682,hi-Deva,brighter-hin,emotion,baseline,13,sadness,sadness,False,0.621242937665274,
emotion-te-03683,hi-Deva,brighter-hin,emotion,baseline,13,sadness,sadness,False,0.8950014352386292,
emotion-te-03684,hi-Deva,brighter-hin,emotion,baseline,10,disgust,disgust,False,0.9961269848564893,
emotion-te-03685,hi-Deva,brighter-hin,emotion,baseline,12,none,none,False,0.3242185679238634,
emotion-te-03686,hi-Deva,brighter-hin,emotion,baseline,12,fear,fear,False,0.9541092382934848,
emotion-te-03687,hi-Deva,brighter-hin,emotion,baseline,25,anger,anger,False,0.7361048660830327,
emotion-te-03688,hi-Deva,brighter-hin,emotion,baseline,27,joy,none,True,0.30581039963640444,
emotion-te-03689,hi-Deva,brighter-hin,emotion,baseline,12,joy,joy,False,0.852275210633397,
emotion-te-03690,hi-Deva,brighter-hin,emotion,baseline,13,anger,anger,False,0.6540278780520614,
emotion-te-03691,hi-Deva,brighter-hin,emotion,baseline,13,joy,joy,False,0.7404926614176112,
emotion-te-03692,hi-Deva,brighter-hin,emotion,baseline,24,anger|sadness,anger,True,0.6813876435996904,
emotion-te-03693,hi-Deva,brighter-hin,emotion,baseline,18,anger,anger|joy|surprise,True,0.5970028876595189,
emotion-te-03694,hi-Deva,brighter-hin,emotion,baseline,14,joy,joy,False,0.47885356122757816,
emotion-te-03695,hi-Deva,brighter-hin,emotion,baseline,23,surprise,surprise,False,0.9877555430664112,
emotion-te-03696,hi-Deva,brighter-hin,emotion,baseline,14,fear,fear,False,0.9875071232283124,
emotion-te-03697,hi-Deva,brighter-hin,emotion,baseline,14,disgust,disgust|sadness,True,0.7442620329762325,
emotion-te-03698,hi-Deva,brighter-hin,emotion,baseline,20,sadness,joy|sadness,True,0.7504448427271448,
emotion-te-03699,hi-Deva,brighter-hin,emotion,baseline,15,joy,joy,False,0.7642228790231326,
emotion-te-03700,hi-Deva,brighter-hin,emotion,baseline,20,joy,joy,False,0.4230338069560011,
emotion-te-03701,hi-Deva,brighter-hin,emotion,baseline,13,surprise,surprise,False,0.8354109811434827,
emotion-te-03702,hi-Deva,brighter-hin,emotion,baseline,14,joy,joy,False,0.5780193227077891,
emotion-te-03703,hi-Deva,brighter-hin,emotion,baseline,23,joy,joy,False,0.9970660780861293,
emotion-te-03704,hi-Deva,brighter-hin,emotion,baseline,18,joy,surprise,True,0.4503103029286917,
emotion-te-03705,hi-Deva,brighter-hin,emotion,baseline,18,disgust,disgust|sadness,True,0.7143165745145377,
emotion-te-03706,hi-Deva,brighter-hin,emotion,baseline,12,sadness,joy,True,0.7639132046537029,
emotion-te-03707,hi-Deva,brighter-hin,emotion,baseline,15,fear,fear|sadness,True,0.9939448832105625,
emotion-te-03708,hi-Deva,brighter-hin,emotion,baseline,20,surprise,surprise,False,0.9497254225684565,
emotion-te-03709,hi-Deva,brighter-hin,emotion,baseline,20,surprise,surprise,False,0.5933780475550386,
emotion-te-03710,hi-Deva,brighter-hin,emotion,baseline,20,anger|disgust,disgust,True,0.736595227356266,
emotion-te-03711,hi-Deva,brighter-hin,emotion,baseline,10,disgust,disgust,False,0.9807636410586545,
emotion-te-03712,hi-Deva,brighter-hin,emotion,baseline,33,anger,anger|sadness,True,0.6793495659607858,
emotion-te-03713,hi-Deva,brighter-hin,emotion,baseline,12,joy,none,True,0.11586711931868114,
emotion-te-03714,hi-Deva,brighter-hin,emotion,baseline,25,fear,fear,False,0.947245051707543,
emotion-te-03715,hi-Deva,brighter-hin,emotion,baseline,10,none,none,False,0.07669889461193638,
emotion-te-03716,hi-Deva,brighter-hin,emotion,baseline,21,surprise,sadness|surprise,True,0.6194614656947529,
emotion-te-03717,hi-Deva,brighter-hin,emotion,baseline,30,anger|disgust,anger,True,0.9866147608434618,
emotion-te-03718,hi-Deva,brighter-hin,emotion,baseline,10,fear,joy,True,0.3415414370121724,
emotion-te-03719,hi-Deva,brighter-hin,emotion,baseline,13,sadness,surprise,True,0.6462666419692121,
emotion-te-03720,hi-Deva,brighter-hin,emotion,baseline,9,none,none,False,0.2309985050385221,
emotion-te-03721,hi-Deva,brighter-hin,emotion,baseline,17,joy,joy,False,0.4120770633080993,
emotion-te-03722,hi-Deva,brighter-hin,emotion,baseline,14,fear,none,True,0.35441742365002127,
emotion-te-03723,hi-Deva,brighter-hin,emotion,baseline,25,anger,anger,False,0.8586911780389316,
emotion-te-03724,hi-Deva,brighter-hin,emotion,baseline,14,surprise,surprise,False,0.993600551934947,
emotion-te-03725,hi-Deva,brighter-hin,emotion,baseline,14,sadness,sadness,False,0.46279515408936744,
emotion-te-03726,hi-Deva,brighter-hin,emotion,baseline,18,surprise,surprise,False,0.8700641517031006,
emotion-te-03727,hi-Deva,brighter-hin,emotion,baseline,8,none,none,False,0.23611162166554092,
emotion-te-03728,hi-Deva,brighter-hin,emotion,baseline,14,sadness|surprise,fear|surprise,True,0.4469404894353911,
emotion-te-03729,hi-Deva,brighter-hin,emotion,baseline,10,fear,fear,False,0.6747792965851639,
emotion-te-03730,hi-Deva,brighter-hin,emotion,baseline,9,disgust,disgust,False,0.5583786471039006,
emotion-te-03731,hi-Deva,brighter-hin,emotion,baseline,16,joy,joy|surprise,True,0.8282634341752209,
emotion-te-03732,hi-Deva,brighter-hin,emotion,baseline,14,surprise,surprise,False,0.9467033066311296,
emotion-te-03733,hi-Deva,brighter-hin,emotion,baseline,12,surprise,none,True,0.3344332466811706,
emotion-te-03734,hi-Deva,brighter-hin,emotion,baseline,20,sadness,sadness,False,0.8801080050784952,
emotion-te-03735,hi-Deva,brighter-hin,emotion,baseline,16,sadness,none,True,0.5094150351992914,
emotion-te-03736,hi-Deva,brighter-hin,emotion,baseline,23,fear,sadness,True,0.49346031718864486,
emotion-te-03737,hi-Deva,brighter-hin,emotion,baseline,13,joy,none,True,0.28862131049279083,
emotion-te-03738,hi-Deva,brighter-hin,emotion,baseline,23,joy,sadness,True,0.30723349175164405,
emotion-te-03739,hi-Deva,brighter-hin,emotion,baseline,15,joy|surprise,joy|surprise,False,0.7296094596634005,
emotion-te-03740,hi-Deva,brighter-hin,emotion,baseline,13,fear,fear|sadness,True,0.46908661922488915,
emotion-te-03741,hi-Deva,brighter-hin,emotion,baseline,14,sadness,sadness,False,0.6514517801658773,
emotion-te-03742,hi-Deva,brighter-hin,emotion,baseline,9,joy,joy,False,0.9524654637427543,
emotion-te-03743,hi-Deva,brighter-hin,emotion,baseline,24,surprise,surprise,False,0.9243661897604385,
emotion-te-03744,hi-Deva,brighter-hin,emotion,baseline,16,joy,joy,False,0.8500921859934758,
emotion-te-03745,hi-Deva,brighter-hin,emotion,baseline,29,anger,anger,False,0.9977405230251988,
emotion-te-03746,hi-Deva,brighter-hin,emotion,baseline,16,disgust,sadness,True,0.5265197604837968,
emotion-te-03747,hi-Deva,brighter-hin,emotion,baseline,22,sadness,sadness,False,0.7581866442017577,
emotion-te-03748,hi-Deva,brighter-hin,emotion,baseline,16,fear,fear,False,0.9940520500389783,
emotion-te-03749,hi-Deva,brighter-hin,emotion,baseline,17,joy,joy|surprise,True,0.8820603114762435,
emotion-te-03750,hi-Deva,brighter-hin,emotion,baseline,12,none,none,False,0.21530548643583639,
emotion-te-03751,hi-Deva,brighter-hin,emotion,baseline,21,surprise,surprise,False,0.8106637012969082,
emotion-te-03752,hi-Deva,brighter-hin,emotion,baseline,18,joy|surprise,sadness|surprise,True,0.7438164123315396,
emotion-te-03753,hi-Deva,brighter-hin,emotion,baseline,15,surprise,surprise,False,0.8618690960746893,
emotion-te-03754,hi-Deva,brighter-hin,emotion,baseline,21,sadness,disgust|sadness,True,0.6531410147037879,
emotion-te-03755,hi-Deva,brighter-hin,emotion,baseline,24,anger,anger,False,0.6919404045635498,
emotion-te-03756,hi-Deva,brighter-hin,emotion,baseline,15,anger,anger,False,0.9958053380210405,
emotion-te-03757,hi-Deva,brighter-hin,emotion,baseline,19,joy,joy,False,0.5563072273186149,
emotion-te-03758,hi-Deva,brighter-hin,emotion,baseline,18,surprise,sadness|surprise,True,0.5180081159232284,
emotion-te-03759,hi-Deva,brighter-hin,emotion,baseline,12,surprise,surprise,False,0.9568618376607325,
emotion-te-03760,hi-Deva,brighter-hin,emotion,baseline,16,none,fear,True,0.4537782781719951,
emotion-te-03761,hi-Deva,brighter-hin,emotion,baseline,26,surprise,none,True,0.33711919375272964,
emotion-te-03762,hi-Deva,brighter-hin,emotion,baseline,17,surprise,sadness|surprise,True,0.6531244867309547,
emotion-te-03763,hi-Deva,brighter-hin,emotion,baseline,17,none,none,False,0.2604909768290002,
emotion-te-03764,hi-Deva,brighter-hin,emotion,baseline,18,fear,fear,False,0.9288905373835818,
emotion-te-03765,hi-Deva,brighter-hin,emotion,baseline,16,sadness,sadness,False,0.9445878117092087,
emotion-te-03766,hi-Deva,brighter-hin,emotion,baseline,15,disgust|sadness,disgust|sadness,False,0.9121687584205995,
emotion-te-03767,hi-Deva,brighter-hin,emotion,baseline,14,fear,none,True,0.3676290970937367,
emotion-te-03768,hi-Deva,brighter-hin,emotion,baseline,12,disgust,sadness,True,0.5277683583348644,
emotion-te-03769,hi-Deva,brighter-hin,emotion,baseline,33,anger,anger,False,0.7953917966387419,
risk-te-00001,en-Latn,dreaddit,risk,baseline,55,non_stress,non_stress,False,0.8094034688661765,0.1905965311338235
risk-te-00002,en-Latn,dreaddit,risk,baseline,71,non_stress,non_stress,False,0.770617815455164,0.2293821845448361
risk-te-00003,en-Latn,dreaddit,risk,baseline,147,stress,stress,False,0.5049302516816112,0.5049302516816112
risk-te-00004,en-Latn,dreaddit,risk,baseline,100,stress,stress,False,0.8020237054067942,0.8020237054067942
risk-te-00005,en-Latn,dreaddit,risk,baseline,77,non_stress,stress,True,0.7786567211091933,0.7786567211091933
risk-te-00006,en-Latn,dreaddit,risk,baseline,58,non_stress,non_stress,False,0.8664501617361984,0.13354983826380173
risk-te-00007,en-Latn,dreaddit,risk,baseline,105,non_stress,non_stress,False,0.7213732731641781,0.27862672683582185
risk-te-00008,en-Latn,dreaddit,risk,baseline,130,stress,stress,False,0.7997029746286363,0.7997029746286363
risk-te-00009,en-Latn,dreaddit,risk,baseline,78,stress,stress,False,0.9353147253790556,0.9353147253790556
risk-te-00010,en-Latn,dreaddit,risk,baseline,105,non_stress,non_stress,False,0.877806061140312,0.12219393885968802
risk-te-00011,en-Latn,dreaddit,risk,baseline,35,stress,stress,False,0.5569036203797201,0.5569036203797201
risk-te-00012,en-Latn,dreaddit,risk,baseline,147,stress,stress,False,0.5163729367823476,0.5163729367823476
risk-te-00013,en-Latn,dreaddit,risk,baseline,65,stress,non_stress,True,0.5187873240648531,0.481212675935147
risk-te-00014,en-Latn,dreaddit,risk,baseline,90,stress,stress,False,0.9352715442546029,0.9352715442546029
risk-te-00015,en-Latn,dreaddit,risk,baseline,63,stress,stress,False,0.7720321797860662,0.7720321797860662
risk-te-00016,en-Latn,dreaddit,risk,baseline,81,non_stress,non_stress,False,0.8112208595162311,0.18877914048376893
risk-te-00017,en-Latn,dreaddit,risk,baseline,85,stress,stress,False,0.7991200672837829,0.7991200672837829
risk-te-00018,en-Latn,dreaddit,risk,baseline,77,stress,stress,False,0.772139322555789,0.772139322555789
risk-te-00019,en-Latn,dreaddit,risk,baseline,115,non_stress,non_stress,False,0.5114876740881852,0.48851232591181487
risk-te-00020,en-Latn,dreaddit,risk,baseline,56,non_stress,stress,True,0.5161486109700112,0.5161486109700112
risk-te-00021,en-Latn,dreaddit,risk,baseline,101,non_stress,non_stress,False,0.5200857798240826,0.4799142201759174
risk-te-00022,en-Latn,dreaddit,risk,baseline,117,non_stress,stress,True,0.5437781109045752,0.5437781109045752
risk-te-00023,en-Latn,dreaddit,risk,baseline,86,non_stress,stress,True,0.6505776207573064,0.6505776207573064
risk-te-00024,en-Latn,dreaddit,risk,baseline,56,stress,stress,False,0.89139566800678,0.89139566800678
risk-te-00025,en-Latn,dreaddit,risk,baseline,70,stress,stress,False,0.5910516556077193,0.5910516556077193
risk-te-00026,en-Latn,dreaddit,risk,baseline,68,non_stress,non_stress,False,0.6419832733827198,0.35801672661728035
risk-te-00027,en-Latn,dreaddit,risk,baseline,88,non_stress,stress,True,0.6964845757448569,0.6964845757448569
risk-te-00028,en-Latn,dreaddit,risk,baseline,85,non_stress,non_stress,False,0.7793134810897461,0.2206865189102539
risk-te-00029,en-Latn,dreaddit,risk,baseline,67,non_stress,non_stress,False,0.6324933781212513,0.36750662187874866
risk-te-00030,en-Latn,dreaddit,risk,baseline,74,non_stress,non_stress,False,0.7585106174800788,0.24148938251992116
risk-te-00031,en-Latn,dreaddit,risk,baseline,104,stress,stress,False,0.908763586697354,0.908763586697354
risk-te-00032,en-Latn,dreaddit,risk,baseline,101,non_stress,non_stress,False,0.7262742024952726,0.2737257975047275
risk-te-00033,en-Latn,dreaddit,risk,baseline,86,stress,stress,False,0.970756483435907,0.970756483435907
risk-te-00034,en-Latn,dreaddit,risk,baseline,64,stress,non_stress,True,0.6223427633926172,0.3776572366073829
risk-te-00035,en-Latn,dreaddit,risk,baseline,69,non_stress,non_stress,False,0.88974221118792,0.11025778881208005
risk-te-00036,en-Latn,dreaddit,risk,baseline,65,non_stress,non_stress,False,0.8581455092859055,0.14185449071409456
risk-te-00037,en-Latn,dreaddit,risk,baseline,90,non_stress,non_stress,False,0.6620446674937187,0.33795533250628135
risk-te-00038,en-Latn,dreaddit,risk,baseline,33,stress,stress,False,0.7529908347469298,0.7529908347469298
risk-te-00039,en-Latn,dreaddit,risk,baseline,86,stress,stress,False,0.6683431807132095,0.6683431807132095
risk-te-00040,en-Latn,dreaddit,risk,baseline,70,non_stress,non_stress,False,0.9324595029962248,0.06754049700377521
risk-te-00041,en-Latn,dreaddit,risk,baseline,82,non_stress,stress,True,0.5605239036936602,0.5605239036936602
risk-te-00042,en-Latn,dreaddit,risk,baseline,74,stress,stress,False,0.9533353450704344,0.9533353450704344
risk-te-00043,en-Latn,dreaddit,risk,baseline,50,stress,stress,False,0.9615332983940268,0.9615332983940268
risk-te-00044,en-Latn,dreaddit,risk,baseline,86,stress,stress,False,0.9725640427743758,0.9725640427743758
risk-te-00045,en-Latn,dreaddit,risk,baseline,155,stress,stress,False,0.9363618589718954,0.9363618589718954
risk-te-00046,en-Latn,dreaddit,risk,baseline,147,non_stress,non_stress,False,0.622780188225839,0.377219811774161
risk-te-00047,en-Latn,dreaddit,risk,baseline,123,stress,stress,False,0.7760981446001084,0.7760981446001084
risk-te-00048,en-Latn,dreaddit,risk,baseline,86,non_stress,stress,True,0.7885483240806057,0.7885483240806057
risk-te-00049,en-Latn,dreaddit,risk,baseline,58,non_stress,stress,True,0.6264309675738269,0.6264309675738269
risk-te-00050,en-Latn,dreaddit,risk,baseline,52,stress,non_stress,True,0.5878432371256654,0.41215676287433456
risk-te-00051,en-Latn,dreaddit,risk,baseline,74,non_stress,stress,True,0.9053112772348081,0.9053112772348081
risk-te-00052,en-Latn,dreaddit,risk,baseline,60,stress,stress,False,0.84545681271532,0.84545681271532
risk-te-00053,en-Latn,dreaddit,risk,baseline,65,non_stress,non_stress,False,0.6964560277643105,0.30354397223568946
risk-te-00054,en-Latn,dreaddit,risk,baseline,59,stress,non_stress,True,0.6889882250802938,0.31101177491970616
risk-te-00055,en-Latn,dreaddit,risk,baseline,127,stress,stress,False,0.7475489503036457,0.7475489503036457
risk-te-00056,en-Latn,dreaddit,risk,baseline,73,stress,stress,False,0.8685068479017044,0.8685068479017044
risk-te-00057,en-Latn,dreaddit,risk,baseline,114,non_stress,stress,True,0.8185276766216052,0.8185276766216052
risk-te-00058,en-Latn,dreaddit,risk,baseline,60,non_stress,non_stress,False,0.9562912822340335,0.04370871776596654
risk-te-00059,en-Latn,dreaddit,risk,baseline,66,stress,stress,False,0.8252295813877204,0.8252295813877204
risk-te-00060,en-Latn,dreaddit,risk,baseline,171,non_stress,non_stress,False,0.7272912783629727,0.27270872163702736
risk-te-00061,en-Latn,dreaddit,risk,baseline,65,non_stress,stress,True,0.9314355678175007,0.9314355678175007
risk-te-00062,en-Latn,dreaddit,risk,baseline,65,non_stress,stress,True,0.5128367284021053,0.5128367284021053
risk-te-00063,en-Latn,dreaddit,risk,baseline,31,stress,stress,False,0.797130944800425,0.797130944800425
risk-te-00064,en-Latn,dreaddit,risk,baseline,61,non_stress,non_stress,False,0.6220100015345692,0.3779899984654309
risk-te-00065,en-Latn,dreaddit,risk,baseline,78,stress,stress,False,0.7881786956107831,0.7881786956107831
risk-te-00066,en-Latn,dreaddit,risk,baseline,125,non_stress,stress,True,0.5576607871853774,0.5576607871853774
risk-te-00067,en-Latn,dreaddit,risk,baseline,92,stress,non_stress,True,0.6742500363453309,0.3257499636546691
risk-te-00068,en-Latn,dreaddit,risk,baseline,55,non_stress,non_stress,False,0.9050615970907351,0.09493840290926492
risk-te-00069,en-Latn,dreaddit,risk,baseline,70,non_stress,non_stress,False,0.94047921225971,0.05952078774029006
risk-te-00070,en-Latn,dreaddit,risk,baseline,104,stress,stress,False,0.919346731164099,0.919346731164099
risk-te-00071,en-Latn,dreaddit,risk,baseline,86,stress,stress,False,0.5543389959854296,0.5543389959854296
risk-te-00072,en-Latn,dreaddit,risk,baseline,80,stress,stress,False,0.7057912050634982,0.7057912050634982
risk-te-00073,en-Latn,dreaddit,risk,baseline,46,stress,stress,False,0.7972901023580281,0.7972901023580281
risk-te-00074,en-Latn,dreaddit,risk,baseline,126,stress,stress,False,0.9467819958194241,0.9467819958194241
risk-te-00075,en-Latn,dreaddit,risk,baseline,67,non_stress,non_stress,False,0.6534612365579694,0.34653876344203066
risk-te-00076,en-Latn,dreaddit,risk,baseline,125,non_stress,non_stress,False,0.6363594635527949,0.363640536447205
risk-te-00077,en-Latn,dreaddit,risk,baseline,108,non_stress,non_stress,False,0.9122110102822286,0.08778898971777149
risk-te-00078,en-Latn,dreaddit,risk,baseline,112,non_stress,non_stress,False,0.6407155166568946,0.3592844833431055
risk-te-00079,en-Latn,dreaddit,risk,baseline,81,stress,stress,False,0.9441337656677724,0.9441337656677724
risk-te-00080,en-Latn,dreaddit,risk,baseline,70,non_stress,stress,True,0.6314359604083766,0.6314359604083766
risk-te-00081,en-Latn,dreaddit,risk,baseline,70,stress,stress,False,0.8918447415975939,0.8918447415975939
risk-te-00082,en-Latn,dreaddit,risk,baseline,51,non_stress,stress,True,0.636537686976893,0.636537686976893
risk-te-00083,en-Latn,dreaddit,risk,baseline,130,stress,stress,False,0.872485729300504,0.872485729300504
risk-te-00084,en-Latn,dreaddit,risk,baseline,83,non_stress,stress,True,0.5307772134162618,0.5307772134162618
risk-te-00085,en-Latn,dreaddit,risk,baseline,209,stress,stress,False,0.6540483183172452,0.6540483183172452
risk-te-00086,en-Latn,dreaddit,risk,baseline,91,non_stress,non_stress,False,0.5719200393181115,0.4280799606818884
risk-te-00087,en-Latn,dreaddit,risk,baseline,115,non_stress,stress,True,0.5152856471949907,0.5152856471949907
risk-te-00088,en-Latn,dreaddit,risk,baseline,112,stress,stress,False,0.6769053308117834,0.6769053308117834
risk-te-00089,en-Latn,dreaddit,risk,baseline,95,stress,stress,False,0.8929390206434502,0.8929390206434502
risk-te-00090,en-Latn,dreaddit,risk,baseline,67,non_stress,stress,True,0.7834335986697349,0.7834335986697349
risk-te-00091,en-Latn,dreaddit,risk,baseline,69,stress,non_stress,True,0.7784326921898936,0.22156730781010628
risk-te-00092,en-Latn,dreaddit,risk,baseline,80,non_stress,non_stress,False,0.588051828540266,0.411948171459734
risk-te-00093,en-Latn,dreaddit,risk,baseline,122,stress,stress,False,0.8169646040935374,0.8169646040935374
risk-te-00094,en-Latn,dreaddit,risk,baseline,121,stress,stress,False,0.9295338818913466,0.9295338818913466
risk-te-00095,en-Latn,dreaddit,risk,baseline,85,stress,stress,False,0.582639817099687,0.582639817099687
risk-te-00096,en-Latn,dreaddit,risk,baseline,89,non_stress,stress,True,0.5580281145151641,0.5580281145151641
risk-te-00097,en-Latn,dreaddit,risk,baseline,102,non_stress,non_stress,False,0.6782998804013425,0.3217001195986575
risk-te-00098,en-Latn,dreaddit,risk,baseline,94,stress,stress,False,0.5389464177378106,0.5389464177378106
risk-te-00099,en-Latn,dreaddit,risk,baseline,62,stress,stress,False,0.8504223417580132,0.8504223417580132
risk-te-00100,en-Latn,dreaddit,risk,baseline,48,non_stress,non_stress,False,0.8549213856699915,0.14507861433000852
risk-te-00101,en-Latn,dreaddit,risk,baseline,56,stress,stress,False,0.7777329952884031,0.7777329952884031
risk-te-00102,en-Latn,dreaddit,risk,baseline,93,non_stress,stress,True,0.6918499421790677,0.6918499421790677
risk-te-00103,en-Latn,dreaddit,risk,baseline,74,stress,stress,False,0.7268517188019502,0.7268517188019502
risk-te-00104,en-Latn,dreaddit,risk,baseline,51,non_stress,non_stress,False,0.7081918045349251,0.29180819546507497
risk-te-00105,en-Latn,dreaddit,risk,baseline,92,non_stress,stress,True,0.5086106850435519,0.5086106850435519
risk-te-00106,en-Latn,dreaddit,risk,baseline,77,stress,non_stress,True,0.6148286264148111,0.385171373585189
risk-te-00107,en-Latn,dreaddit,risk,baseline,103,stress,stress,False,0.5118797655803146,0.5118797655803146
risk-te-00108,en-Latn,dreaddit,risk,baseline,61,stress,stress,False,0.5781889185247862,0.5781889185247862
risk-te-00109,en-Latn,dreaddit,risk,baseline,124,stress,stress,False,0.6030449167411988,0.6030449167411988
risk-te-00110,en-Latn,dreaddit,risk,baseline,147,non_stress,non_stress,False,0.8780014758505846,0.12199852414941532
risk-te-00111,en-Latn,dreaddit,risk,baseline,56,stress,stress,False,0.7292744445766399,0.7292744445766399
risk-te-00112,en-Latn,dreaddit,risk,baseline,69,non_stress,non_stress,False,0.6489766979372223,0.35102330206277765
risk-te-00113,en-Latn,dreaddit,risk,baseline,163,non_stress,non_stress,False,0.7543009250225222,0.24569907497747775
risk-te-00114,en-Latn,dreaddit,risk,baseline,93,stress,stress,False,0.6325812790631318,0.6325812790631318
risk-te-00115,en-Latn,dreaddit,risk,baseline,71,stress,stress,False,0.9810736991808984,0.9810736991808984
risk-te-00116,en-Latn,dreaddit,risk,baseline,67,non_stress,non_stress,False,0.662493274182935,0.337506725817065
risk-te-00117,en-Latn,dreaddit,risk,baseline,61,non_stress,non_stress,False,0.7077387090213006,0.29226129097869935
risk-te-00118,en-Latn,dreaddit,risk,baseline,63,non_stress,non_stress,False,0.875085102858991,0.1249148971410089
risk-te-00119,en-Latn,dreaddit,risk,baseline,98,stress,stress,False,0.5177437572013198,0.5177437572013198
risk-te-00120,en-Latn,dreaddit,risk,baseline,107,stress,stress,False,0.9302352261259982,0.9302352261259982
risk-te-00121,en-Latn,dreaddit,risk,baseline,51,non_stress,non_stress,False,0.8336683881566492,0.16633161184335082
risk-te-00122,en-Latn,dreaddit,risk,baseline,69,stress,stress,False,0.7865824007124521,0.7865824007124521
risk-te-00123,en-Latn,dreaddit,risk,baseline,44,stress,stress,False,0.7651068082878519,0.7651068082878519
risk-te-00124,en-Latn,dreaddit,risk,baseline,74,non_stress,non_stress,False,0.586295599512416,0.41370440048758395
risk-te-00125,en-Latn,dreaddit,risk,baseline,204,non_stress,non_stress,False,0.5543405565223511,0.44565944347764885
risk-te-00126,en-Latn,dreaddit,risk,baseline,118,non_stress,non_stress,False,0.7274184543326958,0.2725815456673043
risk-te-00127,en-Latn,dreaddit,risk,baseline,139,stress,stress,False,0.8753039072070566,0.8753039072070566
risk-te-00128,en-Latn,dreaddit,risk,baseline,109,non_stress,stress,True,0.8329175451848362,0.8329175451848362
risk-te-00129,en-Latn,dreaddit,risk,baseline,76,stress,stress,False,0.6358968062323237,0.6358968062323237
risk-te-00130,en-Latn,dreaddit,risk,baseline,80,non_stress,stress,True,0.5326761282359714,0.5326761282359714
risk-te-00131,en-Latn,dreaddit,risk,baseline,31,stress,stress,False,0.6853657093276394,0.6853657093276394
risk-te-00132,en-Latn,dreaddit,risk,baseline,67,stress,stress,False,0.8553758597426526,0.8553758597426526
risk-te-00133,en-Latn,dreaddit,risk,baseline,69,stress,stress,False,0.802584674139944,0.802584674139944
risk-te-00134,en-Latn,dreaddit,risk,baseline,84,stress,stress,False,0.7093665987351309,0.7093665987351309
risk-te-00135,en-Latn,dreaddit,risk,baseline,119,stress,stress,False,0.9825257206469511,0.9825257206469511
risk-te-00136,en-Latn,dreaddit,risk,baseline,68,stress,stress,False,0.9969275598613543,0.9969275598613543
risk-te-00137,en-Latn,dreaddit,risk,baseline,70,stress,stress,False,0.6123487389314812,0.6123487389314812
risk-te-00138,en-Latn,dreaddit,risk,baseline,77,stress,stress,False,0.954582165408682,0.954582165408682
risk-te-00139,en-Latn,dreaddit,risk,baseline,57,non_stress,non_stress,False,0.6161133722719329,0.38388662772806714
risk-te-00140,en-Latn,dreaddit,risk,baseline,102,stress,non_stress,True,0.5341331285626751,0.4658668714373249
risk-te-00141,en-Latn,dreaddit,risk,baseline,60,non_stress,non_stress,False,0.5720395559311703,0.4279604440688298
risk-te-00142,en-Latn,dreaddit,risk,baseline,97,stress,stress,False,0.9401547116430492,0.9401547116430492
risk-te-00143,en-Latn,dreaddit,risk,baseline,82,stress,stress,False,0.8499941470576705,0.8499941470576705
risk-te-00144,en-Latn,dreaddit,risk,baseline,93,stress,stress,False,0.7938619453344151,0.7938619453344151
risk-te-00145,en-Latn,dreaddit,risk,baseline,53,non_stress,non_stress,False,0.6462132052599038,0.3537867947400963
risk-te-00146,en-Latn,dreaddit,risk,baseline,63,non_stress,non_stress,False,0.9816125784932739,0.018387421506726127
risk-te-00147,en-Latn,dreaddit,risk,baseline,123,non_stress,stress,True,0.5308600852304909,0.5308600852304909
risk-te-00148,en-Latn,dreaddit,risk,baseline,83,stress,stress,False,0.9156544856353601,0.9156544856353601
risk-te-00149,en-Latn,dreaddit,risk,baseline,183,non_stress,stress,True,0.6151745489605679,0.6151745489605679
risk-te-00150,en-Latn,dreaddit,risk,baseline,122,stress,stress,False,0.8405651708729958,0.8405651708729958
risk-te-00151,en-Latn,dreaddit,risk,baseline,96,non_stress,stress,True,0.8360442082174218,0.8360442082174218
risk-te-00152,en-Latn,dreaddit,risk,baseline,53,stress,stress,False,0.5021704192952591,0.5021704192952591
risk-te-00153,en-Latn,dreaddit,risk,baseline,74,stress,stress,False,0.792817650193717,0.792817650193717
risk-te-00154,en-Latn,dreaddit,risk,baseline,53,non_stress,non_stress,False,0.7157100289077735,0.2842899710922266
risk-te-00155,en-Latn,dreaddit,risk,baseline,82,stress,stress,False,0.9791504611071127,0.9791504611071127
risk-te-00156,en-Latn,dreaddit,risk,baseline,64,stress,stress,False,0.8697204901108259,0.8697204901108259
risk-te-00157,en-Latn,dreaddit,risk,baseline,162,stress,stress,False,0.9587296075688153,0.9587296075688153
risk-te-00158,en-Latn,dreaddit,risk,baseline,60,non_stress,non_stress,False,0.9604677134189035,0.039532286581096546
risk-te-00159,en-Latn,dreaddit,risk,baseline,79,non_stress,non_stress,False,0.6694719237648903,0.3305280762351096
risk-te-00160,en-Latn,dreaddit,risk,baseline,68,stress,non_stress,True,0.5016540357174056,0.49834596428259437
risk-te-00161,en-Latn,dreaddit,risk,baseline,91,stress,stress,False,0.5435474642424238,0.5435474642424238
risk-te-00162,en-Latn,dreaddit,risk,baseline,57,stress,stress,False,0.8778563694595601,0.8778563694595601
risk-te-00163,en-Latn,dreaddit,risk,baseline,67,non_stress,non_stress,False,0.7923580444317845,0.2076419555682154
risk-te-00164,en-Latn,dreaddit,risk,baseline,87,stress,stress,False,0.5765801079705627,0.5765801079705627
risk-te-00165,en-Latn,dreaddit,risk,baseline,123,stress,stress,False,0.7547129316459615,0.7547129316459615
risk-te-00166,en-Latn,dreaddit,risk,baseline,73,non_stress,stress,True,0.5042254800471413,0.5042254800471413
risk-te-00167,en-Latn,dreaddit,risk,baseline,113,non_stress,non_stress,False,0.7097963650549944,0.29020363494500556
risk-te-00168,en-Latn,dreaddit,risk,baseline,93,non_stress,stress,True,0.7267148454550431,0.7267148454550431
risk-te-00169,en-Latn,dreaddit,risk,baseline,86,stress,non_stress,True,0.7063288894948953,0.2936711105051047
risk-te-00170,en-Latn,dreaddit,risk,baseline,77,non_stress,non_stress,False,0.8470840797794721,0.15291592022052797
risk-te-00171,en-Latn,dreaddit,risk,baseline,86,non_stress,stress,True,0.8758950938500225,0.8758950938500225
risk-te-00172,en-Latn,dreaddit,risk,baseline,84,non_stress,stress,True,0.6555686868673568,0.6555686868673568
risk-te-00173,en-Latn,dreaddit,risk,baseline,119,non_stress,stress,True,0.5423739441450984,0.5423739441450984
risk-te-00174,en-Latn,dreaddit,risk,baseline,72,stress,non_stress,True,0.7771907982807493,0.22280920171925053
risk-te-00175,en-Latn,dreaddit,risk,baseline,131,stress,non_stress,True,0.9232866300910652,0.07671336990893482
risk-te-00176,en-Latn,dreaddit,risk,baseline,105,stress,non_stress,True,0.9765602645570884,0.023439735442911686
risk-te-00177,en-Latn,dreaddit,risk,baseline,76,non_stress,non_stress,False,0.838040115170215,0.16195988482978488
risk-te-00178,en-Latn,dreaddit,risk,baseline,88,stress,stress,False,0.8115823100151748,0.8115823100151748
risk-te-00179,en-Latn,dreaddit,risk,baseline,127,non_stress,stress,True,0.7315250663780766,0.7315250663780766
risk-te-00180,en-Latn,dreaddit,risk,baseline,176,stress,stress,False,0.86493457870547,0.86493457870547
risk-te-00181,en-Latn,dreaddit,risk,baseline,134,stress,stress,False,0.57665981654792,0.57665981654792
risk-te-00182,en-Latn,dreaddit,risk,baseline,117,stress,stress,False,0.5318338582118308,0.5318338582118308
risk-te-00183,en-Latn,dreaddit,risk,baseline,136,stress,stress,False,0.8926911637983166,0.8926911637983166
risk-te-00184,en-Latn,dreaddit,risk,baseline,74,stress,non_stress,True,0.7204733487990592,0.2795266512009409
risk-te-00185,en-Latn,dreaddit,risk,baseline,127,non_stress,non_stress,False,0.551120343269149,0.448879656730851
risk-te-00186,en-Latn,dreaddit,risk,baseline,81,non_stress,non_stress,False,0.6069645464435064,0.39303545355649366
risk-te-00187,en-Latn,dreaddit,risk,baseline,119,stress,stress,False,0.7571394702318986,0.7571394702318986
risk-te-00188,en-Latn,dreaddit,risk,baseline,80,non_stress,non_stress,False,0.7880453168097731,0.211954683190227
risk-te-00189,en-Latn,dreaddit,risk,baseline,47,stress,stress,False,0.7747365774164201,0.7747365774164201
risk-te-00190,en-Latn,dreaddit,risk,baseline,66,non_stress,non_stress,False,0.6147239049365683,0.38527609506343174
risk-te-00191,en-Latn,dreaddit,risk,baseline,111,stress,stress,False,0.6659846008360875,0.6659846008360875
risk-te-00192,en-Latn,dreaddit,risk,baseline,150,stress,stress,False,0.6217299469898193,0.6217299469898193
risk-te-00193,en-Latn,dreaddit,risk,baseline,106,stress,stress,False,0.8746794608399753,0.8746794608399753
risk-te-00194,en-Latn,dreaddit,risk,baseline,174,stress,stress,False,0.7378005634876798,0.7378005634876798
risk-te-00195,en-Latn,dreaddit,risk,baseline,133,non_stress,stress,True,0.70819374916934,0.70819374916934
risk-te-00196,en-Latn,dreaddit,risk,baseline,82,stress,non_stress,True,0.7318567136954168,0.26814328630458306
risk-te-00197,en-Latn,dreaddit,risk,baseline,89,stress,stress,False,0.6966001656946256,0.6966001656946256
risk-te-00198,en-Latn,dreaddit,risk,baseline,70,non_stress,stress,True,0.8814630974597073,0.8814630974597073
risk-te-00199,en-Latn,dreaddit,risk,baseline,77,non_stress,stress,True,0.5364303247779909,0.5364303247779909
risk-te-00200,en-Latn,dreaddit,risk,baseline,90,non_stress,stress,True,0.5212184331291626,0.5212184331291626
risk-te-00201,en-Latn,dreaddit,risk,baseline,44,stress,non_stress,True,0.6346128943212791,0.3653871056787209
risk-te-00202,en-Latn,dreaddit,risk,baseline,75,stress,stress,False,0.9348959247425054,0.9348959247425054
risk-te-00203,en-Latn,dreaddit,risk,baseline,83,stress,stress,False,0.9478634647810767,0.9478634647810767
risk-te-00204,en-Latn,dreaddit,risk,baseline,71,non_stress,non_stress,False,0.9628512411821741,0.037148758817825735
risk-te-00205,en-Latn,dreaddit,risk,baseline,39,non_stress,stress,True,0.5003803375931513,0.5003803375931513
risk-te-00206,en-Latn,dreaddit,risk,baseline,31,non_stress,non_stress,False,0.5331399513785546,0.46686004862144537
risk-te-00207,en-Latn,dreaddit,risk,baseline,72,stress,stress,False,0.6593672482803203,0.6593672482803203
risk-te-00208,en-Latn,dreaddit,risk,baseline,75,stress,non_stress,True,0.7154508315297018,0.28454916847029815
risk-te-00209,en-Latn,dreaddit,risk,baseline,94,non_stress,non_stress,False,0.7971925968427679,0.20280740315723209
risk-te-00210,en-Latn,dreaddit,risk,baseline,54,stress,stress,False,0.676083496268364,0.676083496268364
risk-te-00211,en-Latn,dreaddit,risk,baseline,87,stress,stress,False,0.6892832361333394,0.6892832361333394
risk-te-00212,en-Latn,dreaddit,risk,baseline,61,stress,non_stress,True,0.5619175317531442,0.4380824682468558
risk-te-00213,en-Latn,dreaddit,risk,baseline,86,non_stress,non_stress,False,0.584260991303546,0.4157390086964539
risk-te-00214,en-Latn,dreaddit,risk,baseline,89,stress,stress,False,0.6632218439884539,0.6632218439884539
risk-te-00215,en-Latn,dreaddit,risk,baseline,95,stress,stress,False,0.8575496493234386,0.8575496493234386
risk-te-00216,en-Latn,dreaddit,risk,baseline,78,stress,stress,False,0.9628974842182884,0.9628974842182884
risk-te-00217,en-Latn,dreaddit,risk,baseline,59,non_stress,stress,True,0.8449864288978357,0.8449864288978357
risk-te-00218,en-Latn,dreaddit,risk,baseline,110,non_stress,stress,True,0.7154894107064238,0.7154894107064238
risk-te-00219,en-Latn,dreaddit,risk,baseline,67,stress,stress,False,0.5765593654801622,0.5765593654801622
risk-te-00220,en-Latn,dreaddit,risk,baseline,58,non_stress,non_stress,False,0.7561205569969514,0.24387944300304873
risk-te-00221,en-Latn,dreaddit,risk,baseline,75,stress,stress,False,0.8655421166711122,0.8655421166711122
risk-te-00222,en-Latn,dreaddit,risk,baseline,93,stress,stress,False,0.9237489413954773,0.9237489413954773
risk-te-00223,en-Latn,dreaddit,risk,baseline,66,stress,stress,False,0.7928628132191433,0.7928628132191433
risk-te-00224,en-Latn,dreaddit,risk,baseline,69,stress,stress,False,0.8506570298609489,0.8506570298609489
risk-te-00225,en-Latn,dreaddit,risk,baseline,61,non_stress,non_stress,False,0.8173170420868303,0.18268295791316966
risk-te-00226,en-Latn,dreaddit,risk,baseline,48,stress,non_stress,True,0.6367608631732957,0.36323913682670433
risk-te-00227,en-Latn,dreaddit,risk,baseline,68,non_stress,stress,True,0.559625826532138,0.559625826532138
risk-te-00228,en-Latn,dreaddit,risk,baseline,93,non_stress,non_stress,False,0.7953548848017948,0.20464511519820514
risk-te-00229,en-Latn,dreaddit,risk,baseline,75,stress,stress,False,0.9545368469130842,0.9545368469130842
risk-te-00230,en-Latn,dreaddit,risk,baseline,80,stress,stress,False,0.9343792753747727,0.9343792753747727
risk-te-00231,en-Latn,dreaddit,risk,baseline,67,non_stress,non_stress,False,0.952936030140433,0.04706396985956698
risk-te-00232,en-Latn,dreaddit,risk,baseline,91,stress,stress,False,0.9868627326907868,0.9868627326907868
risk-te-00233,en-Latn,dreaddit,risk,baseline,55,non_stress,non_stress,False,0.8158740546547595,0.1841259453452406
risk-te-00234,en-Latn,dreaddit,risk,baseline,53,non_stress,non_stress,False,0.9063805015513625,0.09361949844863757
risk-te-00235,en-Latn,dreaddit,risk,baseline,104,stress,stress,False,0.9782206806255573,0.9782206806255573
risk-te-00236,en-Latn,dreaddit,risk,baseline,63,stress,stress,False,0.9409817595367624,0.9409817595367624
risk-te-00237,en-Latn,dreaddit,risk,baseline,53,stress,stress,False,0.6162819544209583,0.6162819544209583
risk-te-00238,en-Latn,dreaddit,risk,baseline,49,non_stress,stress,True,0.5263477807669958,0.5263477807669958
risk-te-00239,en-Latn,dreaddit,risk,baseline,126,stress,stress,False,0.9698097602644707,0.9698097602644707
risk-te-00240,en-Latn,dreaddit,risk,baseline,56,stress,non_stress,True,0.7406129787310667,0.25938702126893337
risk-te-00241,en-Latn,dreaddit,risk,baseline,81,non_stress,non_stress,False,0.9139970650292124,0.0860029349707877
risk-te-00242,en-Latn,dreaddit,risk,baseline,88,non_stress,stress,True,0.9095474030417848,0.9095474030417848
risk-te-00243,en-Latn,dreaddit,risk,baseline,134,non_stress,stress,True,0.7463068896037477,0.7463068896037477
risk-te-00244,en-Latn,dreaddit,risk,baseline,68,non_stress,non_stress,False,0.9316731887979381,0.06832681120206192
risk-te-00245,en-Latn,dreaddit,risk,baseline,87,non_stress,non_stress,False,0.981501225464859,0.01849877453514095
risk-te-00246,en-Latn,dreaddit,risk,baseline,70,stress,stress,False,0.9887018025495151,0.9887018025495151
risk-te-00247,en-Latn,dreaddit,risk,baseline,108,non_stress,stress,True,0.5117040315770393,0.5117040315770393
risk-te-00248,en-Latn,dreaddit,risk,baseline,52,non_stress,stress,True,0.5741909223485914,0.5741909223485914
risk-te-00249,en-Latn,dreaddit,risk,baseline,51,non_stress,non_stress,False,0.8251198552572941,0.17488014474270588
risk-te-00250,en-Latn,dreaddit,risk,baseline,68,stress,non_stress,True,0.6153732982393858,0.3846267017606142
risk-te-00251,en-Latn,dreaddit,risk,baseline,26,non_stress,non_stress,False,0.9052329007303338,0.09476709926966626
risk-te-00252,en-Latn,dreaddit,risk,baseline,12,non_stress,non_stress,False,0.7696397211354566,0.23036027886454324
risk-te-00253,en-Latn,dreaddit,risk,baseline,86,stress,stress,False,0.838137175119082,0.838137175119082
risk-te-00254,en-Latn,dreaddit,risk,baseline,68,stress,stress,False,0.627382010576507,0.627382010576507
risk-te-00255,en-Latn,dreaddit,risk,baseline,139,non_stress,stress,True,0.7024005863273124,0.7024005863273124
risk-te-00256,en-Latn,dreaddit,risk,baseline,80,non_stress,non_stress,False,0.746765099910264,0.25323490008973604
risk-te-00257,en-Latn,dreaddit,risk,baseline,84,non_stress,stress,True,0.6806641109334609,0.6806641109334609
risk-te-00258,en-Latn,dreaddit,risk,baseline,102,stress,stress,False,0.543454083162077,0.543454083162077
risk-te-00259,en-Latn,dreaddit,risk,baseline,62,stress,stress,False,0.5425409796527019,0.5425409796527019
risk-te-00260,en-Latn,dreaddit,risk,baseline,56,non_stress,non_stress,False,0.6363935855198137,0.3636064144801862
risk-te-00261,en-Latn,dreaddit,risk,baseline,21,non_stress,non_stress,False,0.9644824051410283,0.03551759485897162
risk-te-00262,en-Latn,dreaddit,risk,baseline,76,non_stress,non_stress,False,0.8509880745652143,0.14901192543478578
risk-te-00263,en-Latn,dreaddit,risk,baseline,96,stress,non_stress,True,0.5638971295153803,0.4361028704846198
risk-te-00264,en-Latn,dreaddit,risk,baseline,110,stress,stress,False,0.9476182618813692,0.9476182618813692
risk-te-00265,en-Latn,dreaddit,risk,baseline,54,non_stress,non_stress,False,0.8465903944061322,0.1534096055938678
risk-te-00266,en-Latn,dreaddit,risk,baseline,57,stress,stress,False,0.9399058451366158,0.9399058451366158
risk-te-00267,en-Latn,dreaddit,risk,baseline,53,non_stress,non_stress,False,0.6313210016209763,0.3686789983790236
risk-te-00268,en-Latn,dreaddit,risk,baseline,268,stress,stress,False,0.7589912000781657,0.7589912000781657
risk-te-00269,en-Latn,dreaddit,risk,baseline,88,stress,stress,False,0.9708920733197968,0.9708920733197968
risk-te-00270,en-Latn,dreaddit,risk,baseline,63,non_stress,stress,True,0.8513538312692588,0.8513538312692588
risk-te-00271,en-Latn,dreaddit,risk,baseline,106,stress,stress,False,0.9021768878897344,0.9021768878897344
risk-te-00272,en-Latn,dreaddit,risk,baseline,24,stress,non_stress,True,0.7313281892355389,0.268671810764461
risk-te-00273,en-Latn,dreaddit,risk,baseline,63,stress,non_stress,True,0.5261104830556689,0.4738895169443312
risk-te-00274,en-Latn,dreaddit,risk,baseline,97,stress,stress,False,0.5453654143812241,0.5453654143812241
risk-te-00275,en-Latn,dreaddit,risk,baseline,35,non_stress,non_stress,False,0.5216920249149597,0.4783079750850403
risk-te-00276,en-Latn,dreaddit,risk,baseline,84,non_stress,non_stress,False,0.7162331175395235,0.2837668824604765
risk-te-00277,en-Latn,dreaddit,risk,baseline,64,non_stress,stress,True,0.8370932445084311,0.8370932445084311
risk-te-00278,en-Latn,dreaddit,risk,baseline,88,non_stress,non_stress,False,0.8549722328120973,0.14502776718790272
risk-te-00279,en-Latn,dreaddit,risk,baseline,29,non_stress,non_stress,False,0.9661555319000033,0.03384446809999672
risk-te-00280,en-Latn,dreaddit,risk,baseline,69,non_stress,non_stress,False,0.9771620277761182,0.022837972223881897
risk-te-00281,en-Latn,dreaddit,risk,baseline,97,stress,non_stress,True,0.5022940837877373,0.4977059162122627
risk-te-00282,en-Latn,dreaddit,risk,baseline,77,stress,stress,False,0.7578422583107864,0.7578422583107864
risk-te-00283,en-Latn,dreaddit,risk,baseline,42,stress,stress,False,0.6006458366053407,0.6006458366053407
risk-te-00284,en-Latn,dreaddit,risk,baseline,76,non_stress,non_stress,False,0.611564242960158,0.38843575703984196
risk-te-00285,en-Latn,dreaddit,risk,baseline,40,stress,stress,False,0.5884373479770644,0.5884373479770644
risk-te-00286,en-Latn,dreaddit,risk,baseline,18,stress,non_stress,True,0.7708257878987171,0.22917421210128291
risk-te-00287,en-Latn,dreaddit,risk,baseline,127,non_stress,non_stress,False,0.8626506971407981,0.1373493028592019
risk-te-00288,en-Latn,dreaddit,risk,baseline,111,non_stress,non_stress,False,0.743925343382925,0.256074656617075
risk-te-00289,en-Latn,dreaddit,risk,baseline,127,non_stress,stress,True,0.5830875304222527,0.5830875304222527
risk-te-00290,en-Latn,dreaddit,risk,baseline,43,non_stress,non_stress,False,0.8442490004338984,0.15575099956610156
risk-te-00291,en-Latn,dreaddit,risk,baseline,88,non_stress,stress,True,0.6057695411597075,0.6057695411597075
risk-te-00292,en-Latn,dreaddit,risk,baseline,164,stress,non_stress,True,0.8346652551109838,0.16533474488901628
risk-te-00293,en-Latn,dreaddit,risk,baseline,98,non_stress,stress,True,0.7572651506466541,0.7572651506466541
risk-te-00294,en-Latn,dreaddit,risk,baseline,94,non_stress,stress,True,0.5737044126663841,0.5737044126663841
risk-te-00295,en-Latn,dreaddit,risk,baseline,106,stress,stress,False,0.6764488936097274,0.6764488936097274
risk-te-00296,en-Latn,dreaddit,risk,baseline,52,stress,stress,False,0.7307663963900752,0.7307663963900752
risk-te-00297,en-Latn,dreaddit,risk,baseline,113,non_stress,non_stress,False,0.7826948429971532,0.21730515700284686
risk-te-00298,en-Latn,dreaddit,risk,baseline,85,stress,stress,False,0.8279648636168591,0.8279648636168591
risk-te-00299,en-Latn,dreaddit,risk,baseline,43,non_stress,non_stress,False,0.9153098336947225,0.08469016630527745
risk-te-00300,en-Latn,dreaddit,risk,baseline,109,stress,stress,False,0.9581653046617018,0.9581653046617018
risk-te-00301,en-Latn,dreaddit,risk,baseline,84,non_stress,non_stress,False,0.5843600785665567,0.4156399214334433
risk-te-00302,en-Latn,dreaddit,risk,baseline,58,non_stress,non_stress,False,0.7789035912640901,0.2210964087359098
risk-te-00303,en-Latn,dreaddit,risk,baseline,97,non_stress,non_stress,False,0.9120189867565042,0.08798101324349589
risk-te-00304,en-Latn,dreaddit,risk,baseline,68,non_stress,non_stress,False,0.8602421186337226,0.13975788136627754
risk-te-00305,en-Latn,dreaddit,risk,baseline,109,non_stress,non_stress,False,0.876860923841692,0.12313907615830799
risk-te-00306,en-Latn,dreaddit,risk,baseline,68,non_stress,non_stress,False,0.5849443348720633,0.4150556651279367
risk-te-00307,en-Latn,dreaddit,risk,baseline,64,stress,stress,False,0.7982666652845203,0.7982666652845203
risk-te-00308,en-Latn,dreaddit,risk,baseline,83,stress,stress,False,0.7454506972461017,0.7454506972461017
risk-te-00309,en-Latn,dreaddit,risk,baseline,92,stress,stress,False,0.8424508791643602,0.8424508791643602
risk-te-00310,en-Latn,dreaddit,risk,baseline,98,stress,stress,False,0.5171999337742251,0.5171999337742251
risk-te-00311,en-Latn,dreaddit,risk,baseline,85,stress,stress,False,0.7764451856487734,0.7764451856487734
risk-te-00312,en-Latn,dreaddit,risk,baseline,68,non_stress,non_stress,False,0.5128799976584313,0.48712000234156877
risk-te-00313,en-Latn,dreaddit,risk,baseline,100,stress,stress,False,0.8072140751110172,0.8072140751110172
risk-te-00314,en-Latn,dreaddit,risk,baseline,81,stress,stress,False,0.8377105979537474,0.8377105979537474
risk-te-00315,en-Latn,dreaddit,risk,baseline,78,non_stress,non_stress,False,0.5725214849597109,0.42747851504028916
risk-te-00316,en-Latn,dreaddit,risk,baseline,43,stress,stress,False,0.8514503626789235,0.8514503626789235
risk-te-00317,en-Latn,dreaddit,risk,baseline,108,stress,stress,False,0.8795227660781453,0.8795227660781453
risk-te-00318,en-Latn,dreaddit,risk,baseline,60,non_stress,stress,True,0.8174366778496535,0.8174366778496535
risk-te-00319,en-Latn,dreaddit,risk,baseline,72,non_stress,non_stress,False,0.5739507386264998,0.4260492613735003
risk-te-00320,en-Latn,dreaddit,risk,baseline,75,stress,non_stress,True,0.5115888747320911,0.48841112526790886
risk-te-00321,en-Latn,dreaddit,risk,baseline,118,stress,non_stress,True,0.5018382082727023,0.4981617917272977
risk-te-00322,en-Latn,dreaddit,risk,baseline,143,stress,stress,False,0.9165971874188366,0.9165971874188366
risk-te-00323,en-Latn,dreaddit,risk,baseline,85,stress,stress,False,0.5965290489573842,0.5965290489573842
risk-te-00324,en-Latn,dreaddit,risk,baseline,164,stress,stress,False,0.7234680045218418,0.7234680045218418
risk-te-00325,en-Latn,dreaddit,risk,baseline,94,stress,non_stress,True,0.8770346861735399,0.12296531382646016
risk-te-00326,en-Latn,dreaddit,risk,baseline,59,stress,stress,False,0.5731303205134487,0.5731303205134487
risk-te-00327,en-Latn,dreaddit,risk,baseline,100,stress,stress,False,0.8508534033414497,0.8508534033414497
risk-te-00328,en-Latn,dreaddit,risk,baseline,106,stress,stress,False,0.7327243745623927,0.7327243745623927
risk-te-00329,en-Latn,dreaddit,risk,baseline,47,non_stress,non_stress,False,0.8786520749424029,0.12134792505759706
risk-te-00330,en-Latn,dreaddit,risk,baseline,34,non_stress,non_stress,False,0.7706835195843029,0.22931648041569716
risk-te-00331,en-Latn,dreaddit,risk,baseline,106,non_stress,non_stress,False,0.8004300620356067,0.19956993796439326
risk-te-00332,en-Latn,dreaddit,risk,baseline,71,stress,stress,False,0.9636237570181363,0.9636237570181363
risk-te-00333,en-Latn,dreaddit,risk,baseline,95,stress,non_stress,True,0.769034712233916,0.23096528776608416
risk-te-00334,en-Latn,dreaddit,risk,baseline,65,non_stress,non_stress,False,0.8019957607497433,0.19800423925025665
risk-te-00335,en-Latn,dreaddit,risk,baseline,47,stress,stress,False,0.8462592074566471,0.8462592074566471
risk-te-00336,en-Latn,dreaddit,risk,baseline,93,stress,non_stress,True,0.6277139866898788,0.37228601331012123
risk-te-00337,en-Latn,dreaddit,risk,baseline,95,non_stress,non_stress,False,0.5057660214493401,0.49423397855065987
risk-te-00338,en-Latn,dreaddit,risk,baseline,91,stress,stress,False,0.8033430713342653,0.8033430713342653
risk-te-00339,en-Latn,dreaddit,risk,baseline,96,non_stress,non_stress,False,0.8101095171815708,0.18989048281842918
risk-te-00340,en-Latn,dreaddit,risk,baseline,42,stress,stress,False,0.8898279984065808,0.8898279984065808
risk-te-00341,en-Latn,dreaddit,risk,baseline,134,stress,stress,False,0.5155207428929615,0.5155207428929615
risk-te-00342,en-Latn,dreaddit,risk,baseline,65,non_stress,non_stress,False,0.9119315574311763,0.0880684425688238
risk-te-00343,en-Latn,dreaddit,risk,baseline,48,non_stress,non_stress,False,0.8437264549554534,0.15627354504454674
risk-te-00344,en-Latn,dreaddit,risk,baseline,58,non_stress,non_stress,False,0.7472943116355241,0.25270568836447593
risk-te-00345,en-Latn,dreaddit,risk,baseline,85,stress,non_stress,True,0.5327582074136349,0.46724179258636506
risk-te-00346,en-Latn,dreaddit,risk,baseline,103,non_stress,non_stress,False,0.8383988044532787,0.16160119554672134
risk-te-00347,en-Latn,dreaddit,risk,baseline,66,non_stress,non_stress,False,0.6578522532215876,0.34214774677841236
risk-te-00348,en-Latn,dreaddit,risk,baseline,121,non_stress,non_stress,False,0.6368588948158745,0.36314110518412557
risk-te-00349,en-Latn,dreaddit,risk,baseline,96,stress,non_stress,True,0.5141150271856726,0.4858849728143274
risk-te-00350,en-Latn,dreaddit,risk,baseline,48,non_stress,stress,True,0.6583052713271245,0.6583052713271245
risk-te-00351,en-Latn,dreaddit,risk,baseline,78,non_stress,non_stress,False,0.7144870145324443,0.2855129854675556
risk-te-00352,en-Latn,dreaddit,risk,baseline,76,non_stress,non_stress,False,0.8983229298744544,0.10167707012554562
risk-te-00353,en-Latn,dreaddit,risk,baseline,58,non_stress,non_stress,False,0.9464470683367591,0.05355293166324095
risk-te-00354,en-Latn,dreaddit,risk,baseline,66,stress,stress,False,0.9621519342458289,0.9621519342458289
risk-te-00355,en-Latn,dreaddit,risk,baseline,57,non_stress,non_stress,False,0.8952195574186834,0.10478044258131662
risk-te-00356,en-Latn,dreaddit,risk,baseline,86,non_stress,non_stress,False,0.5134684846635964,0.4865315153364037
risk-te-00357,en-Latn,dreaddit,risk,baseline,62,non_stress,stress,True,0.7187783111388818,0.7187783111388818
risk-te-00358,en-Latn,dreaddit,risk,baseline,75,non_stress,non_stress,False,0.685713618677303,0.31428638132269704
risk-te-00359,en-Latn,dreaddit,risk,baseline,86,stress,stress,False,0.7968506221507622,0.7968506221507622
risk-te-00360,en-Latn,dreaddit,risk,baseline,91,stress,stress,False,0.5623891784914539,0.5623891784914539
risk-te-00361,en-Latn,dreaddit,risk,baseline,166,stress,stress,False,0.8358886395697703,0.8358886395697703
risk-te-00362,en-Latn,dreaddit,risk,baseline,90,non_stress,stress,True,0.6199515168711169,0.6199515168711169
risk-te-00363,en-Latn,dreaddit,risk,baseline,73,non_stress,non_stress,False,0.7127934290869234,0.2872065709130765
risk-te-00364,en-Latn,dreaddit,risk,baseline,77,stress,stress,False,0.9231734772674979,0.9231734772674979
risk-te-00365,en-Latn,dreaddit,risk,baseline,58,stress,stress,False,0.5456733502332676,0.5456733502332676
risk-te-00366,en-Latn,dreaddit,risk,baseline,50,stress,stress,False,0.5606862245598285,0.5606862245598285
risk-te-00367,en-Latn,dreaddit,risk,baseline,44,stress,stress,False,0.9494975790021283,0.9494975790021283
risk-te-00368,en-Latn,dreaddit,risk,baseline,65,stress,stress,False,0.976615166028542,0.976615166028542
risk-te-00369,en-Latn,dreaddit,risk,baseline,46,non_stress,non_stress,False,0.7116528023852642,0.2883471976147358
risk-te-00370,en-Latn,dreaddit,risk,baseline,115,non_stress,stress,True,0.6454968009845634,0.6454968009845634
risk-te-00371,en-Latn,dreaddit,risk,baseline,115,stress,stress,False,0.8651904263792534,0.8651904263792534
risk-te-00372,en-Latn,dreaddit,risk,baseline,93,stress,stress,False,0.6485343161920519,0.6485343161920519
risk-te-00373,en-Latn,dreaddit,risk,baseline,168,stress,stress,False,0.8295318504901932,0.8295318504901932
risk-te-00374,en-Latn,dreaddit,risk,baseline,125,stress,non_stress,True,0.5136499779415342,0.48635002205846567
risk-te-00375,en-Latn,dreaddit,risk,baseline,80,stress,stress,False,0.6053795070719491,0.6053795070719491
risk-te-00376,en-Latn,dreaddit,risk,baseline,83,stress,stress,False,0.7104948817088187,0.7104948817088187
risk-te-00377,en-Latn,dreaddit,risk,baseline,65,non_stress,non_stress,False,0.777630485923032,0.22236951407696798
risk-te-00378,en-Latn,dreaddit,risk,baseline,120,non_stress,non_stress,False,0.7466194452245958,0.2533805547754042
risk-te-00379,en-Latn,dreaddit,risk,baseline,96,stress,stress,False,0.8072366164648002,0.8072366164648002
risk-te-00380,en-Latn,dreaddit,risk,baseline,79,stress,non_stress,True,0.607363145958615,0.39263685404138504
risk-te-00381,en-Latn,dreaddit,risk,baseline,105,non_stress,non_stress,False,0.6973310084053371,0.3026689915946629
risk-te-00382,en-Latn,dreaddit,risk,baseline,103,non_stress,non_stress,False,0.567360939027045,0.4326390609729551
risk-te-00383,en-Latn,dreaddit,risk,baseline,90,stress,stress,False,0.9288956880569289,0.9288956880569289
risk-te-00384,en-Latn,dreaddit,risk,baseline,50,stress,stress,False,0.9414653807589748,0.9414653807589748
risk-te-00385,en-Latn,dreaddit,risk,baseline,74,non_stress,non_stress,False,0.9496991162648003,0.050300883735199774
risk-te-00386,en-Latn,dreaddit,risk,baseline,85,stress,stress,False,0.8667082739246335,0.8667082739246335
risk-te-00387,en-Latn,dreaddit,risk,baseline,74,non_stress,non_stress,False,0.5915150738807358,0.40848492611926435
risk-te-00388,en-Latn,dreaddit,risk,baseline,73,non_stress,non_stress,False,0.8204980815608197,0.1795019184391802
risk-te-00389,en-Latn,dreaddit,risk,baseline,105,non_stress,non_stress,False,0.6479101223491823,0.3520898776508177
risk-te-00390,en-Latn,dreaddit,risk,baseline,50,stress,non_stress,True,0.6355054786548529,0.36449452134514726
risk-te-00391,en-Latn,dreaddit,risk,baseline,113,stress,stress,False,0.8802787478108226,0.8802787478108226
risk-te-00392,en-Latn,dreaddit,risk,baseline,43,non_stress,non_stress,False,0.600813359645723,0.39918664035427703
risk-te-00393,en-Latn,dreaddit,risk,baseline,79,non_stress,stress,True,0.6216757025432323,0.6216757025432323
risk-te-00394,en-Latn,dreaddit,risk,baseline,42,non_stress,non_stress,False,0.7326935353721832,0.2673064646278169
risk-te-00395,en-Latn,dreaddit,risk,baseline,35,stress,stress,False,0.9278275331703955,0.9278275331703955
risk-te-00396,en-Latn,dreaddit,risk,baseline,145,stress,stress,False,0.8672148965390595,0.8672148965390595
risk-te-00397,en-Latn,dreaddit,risk,baseline,79,non_stress,non_stress,False,0.9862620159976666,0.013737984002333477
risk-te-00398,en-Latn,dreaddit,risk,baseline,81,stress,stress,False,0.5874800201634607,0.5874800201634607
risk-te-00399,en-Latn,dreaddit,risk,baseline,51,stress,stress,False,0.9466780152039366,0.9466780152039366
risk-te-00400,en-Latn,dreaddit,risk,baseline,88,stress,stress,False,0.8952810974971265,0.8952810974971265
risk-te-00401,en-Latn,dreaddit,risk,baseline,69,non_stress,non_stress,False,0.9309923921424463,0.06900760785755361
risk-te-00402,en-Latn,dreaddit,risk,baseline,96,non_stress,stress,True,0.8935746640580992,0.8935746640580992
risk-te-00403,en-Latn,dreaddit,risk,baseline,69,stress,stress,False,0.9218514789071628,0.9218514789071628
risk-te-00404,en-Latn,dreaddit,risk,baseline,67,non_stress,non_stress,False,0.8701094487292835,0.12989055127071653
risk-te-00405,en-Latn,dreaddit,risk,baseline,53,non_stress,non_stress,False,0.5288100475878604,0.4711899524121395
risk-te-00406,en-Latn,dreaddit,risk,baseline,57,non_stress,non_stress,False,0.9021553303898023,0.09784466961019775
risk-te-00407,en-Latn,dreaddit,risk,baseline,95,non_stress,stress,True,0.555990199179561,0.555990199179561
risk-te-00408,en-Latn,dreaddit,risk,baseline,91,non_stress,stress,True,0.5893825532715061,0.5893825532715061
risk-te-00409,en-Latn,dreaddit,risk,baseline,90,non_stress,non_stress,False,0.9399651088066173,0.060034891193382574
risk-te-00410,en-Latn,dreaddit,risk,baseline,69,non_stress,non_stress,False,0.8627464256138822,0.13725357438611788
risk-te-00411,en-Latn,dreaddit,risk,baseline,127,stress,stress,False,0.9245613865066089,0.9245613865066089
risk-te-00412,en-Latn,dreaddit,risk,baseline,137,stress,stress,False,0.6668373908593126,0.6668373908593126
risk-te-00413,en-Latn,dreaddit,risk,baseline,155,non_stress,stress,True,0.7381148820897251,0.7381148820897251
risk-te-00414,en-Latn,dreaddit,risk,baseline,87,non_stress,non_stress,False,0.9711831419181768,0.02881685808182321
risk-te-00415,en-Latn,dreaddit,risk,baseline,70,stress,stress,False,0.9508955373893135,0.9508955373893135
risk-te-00416,en-Latn,dreaddit,risk,baseline,89,stress,stress,False,0.5895008666533976,0.5895008666533976
risk-te-00417,en-Latn,dreaddit,risk,baseline,71,non_stress,non_stress,False,0.5824627931533873,0.41753720684661266
risk-te-00418,en-Latn,dreaddit,risk,baseline,119,stress,stress,False,0.8098386992773099,0.8098386992773099
risk-te-00419,en-Latn,dreaddit,risk,baseline,108,stress,stress,False,0.6361629143835518,0.6361629143835518
risk-te-00420,en-Latn,dreaddit,risk,baseline,60,non_stress,non_stress,False,0.6847612949660113,0.3152387050339886
risk-te-00421,en-Latn,dreaddit,risk,baseline,75,stress,non_stress,True,0.6624114350734887,0.33758856492651135
risk-te-00422,en-Latn,dreaddit,risk,baseline,81,stress,stress,False,0.5229022504176241,0.5229022504176241
risk-te-00423,en-Latn,dreaddit,risk,baseline,67,stress,non_stress,True,0.7591842549257634,0.24081574507423664
risk-te-00424,en-Latn,dreaddit,risk,baseline,80,stress,non_stress,True,0.7643027704156863,0.23569722958431374
risk-te-00425,en-Latn,dreaddit,risk,baseline,114,non_stress,stress,True,0.6373115313156152,0.6373115313156152
risk-te-00426,en-Latn,dreaddit,risk,baseline,86,non_stress,stress,True,0.7097426773819109,0.7097426773819109
risk-te-00427,en-Latn,dreaddit,risk,baseline,30,non_stress,stress,True,0.6749176393262285,0.6749176393262285
risk-te-00428,en-Latn,dreaddit,risk,baseline,75,stress,stress,False,0.9178830393666384,0.9178830393666384
risk-te-00429,en-Latn,dreaddit,risk,baseline,105,non_stress,non_stress,False,0.6111550137120746,0.38884498628792535
risk-te-00430,en-Latn,dreaddit,risk,baseline,167,non_stress,non_stress,False,0.6034594577422001,0.3965405422577999
risk-te-00431,en-Latn,dreaddit,risk,baseline,49,non_stress,non_stress,False,0.8435909039596687,0.1564090960403313
risk-te-00432,en-Latn,dreaddit,risk,baseline,103,non_stress,non_stress,False,0.6594344374884312,0.3405655625115687
risk-te-00433,en-Latn,dreaddit,risk,baseline,50,stress,stress,False,0.9066741024890742,0.9066741024890742
risk-te-00434,en-Latn,dreaddit,risk,baseline,74,non_stress,stress,True,0.6656928997007586,0.6656928997007586
risk-te-00435,en-Latn,dreaddit,risk,baseline,95,stress,stress,False,0.7259916603755441,0.7259916603755441
risk-te-00436,en-Latn,dreaddit,risk,baseline,84,stress,stress,False,0.5170415170134156,0.5170415170134156
risk-te-00437,en-Latn,dreaddit,risk,baseline,99,stress,stress,False,0.8221059104599536,0.8221059104599536
risk-te-00438,en-Latn,dreaddit,risk,baseline,45,stress,stress,False,0.6947722101669216,0.6947722101669216
risk-te-00439,en-Latn,dreaddit,risk,baseline,81,stress,stress,False,0.6722661993102438,0.6722661993102438
risk-te-00440,en-Latn,dreaddit,risk,baseline,43,non_stress,non_stress,False,0.5657029365449252,0.43429706345507474
risk-te-00441,en-Latn,dreaddit,risk,baseline,54,non_stress,non_stress,False,0.6196344340189248,0.38036556598107524
risk-te-00442,en-Latn,dreaddit,risk,baseline,72,stress,stress,False,0.5218889256936998,0.5218889256936998
risk-te-00443,en-Latn,dreaddit,risk,baseline,57,non_stress,non_stress,False,0.85477029892245,0.14522970107754984
risk-te-00444,en-Latn,dreaddit,risk,baseline,59,stress,stress,False,0.8754533833701585,0.8754533833701585
risk-te-00445,en-Latn,dreaddit,risk,baseline,57,stress,stress,False,0.9870482580958808,0.9870482580958808
risk-te-00446,en-Latn,dreaddit,risk,baseline,94,non_stress,non_stress,False,0.5970335854545372,0.4029664145454627
risk-te-00447,en-Latn,dreaddit,risk,baseline,55,non_stress,non_stress,False,0.9067028133090292,0.0932971866909707
risk-te-00448,en-Latn,dreaddit,risk,baseline,135,non_stress,stress,True,0.6810771052757976,0.6810771052757976
risk-te-00449,en-Latn,dreaddit,risk,baseline,96,non_stress,non_stress,False,0.7512398525137739,0.24876014748622613
risk-te-00450,en-Latn,dreaddit,risk,baseline,86,stress,stress,False,0.9246683539062688,0.9246683539062688
risk-te-00451,en-Latn,dreaddit,risk,baseline,62,stress,non_stress,True,0.5080322612935465,0.49196773870645344
risk-te-00452,en-Latn,dreaddit,risk,baseline,88,stress,non_stress,True,0.6689007638919527,0.3310992361080473
risk-te-00453,en-Latn,dreaddit,risk,baseline,65,non_stress,non_stress,False,0.9411769607293187,0.05882303927068137
risk-te-00454,en-Latn,dreaddit,risk,baseline,111,non_stress,non_stress,False,0.6269049385722444,0.37309506142775556
risk-te-00455,en-Latn,dreaddit,risk,baseline,84,stress,stress,False,0.9492036736603239,0.9492036736603239
risk-te-00456,en-Latn,dreaddit,risk,baseline,60,stress,stress,False,0.5958145803561917,0.5958145803561917
risk-te-00457,en-Latn,dreaddit,risk,baseline,97,non_stress,stress,True,0.6126410146426202,0.6126410146426202
risk-te-00458,en-Latn,dreaddit,risk,baseline,70,non_stress,non_stress,False,0.8426484793204442,0.15735152067955577
risk-te-00459,en-Latn,dreaddit,risk,baseline,111,non_stress,non_stress,False,0.5911272283477271,0.40887277165227287
risk-te-00460,en-Latn,dreaddit,risk,baseline,125,non_stress,non_stress,False,0.9497696043755037,0.05023039562449637
risk-te-00461,en-Latn,dreaddit,risk,baseline,53,non_stress,non_stress,False,0.9234080075389385,0.07659199246106146
risk-te-00462,en-Latn,dreaddit,risk,baseline,135,stress,stress,False,0.5948582537308996,0.5948582537308996
risk-te-00463,en-Latn,dreaddit,risk,baseline,78,non_stress,non_stress,False,0.9450157745313308,0.05498422546866925
risk-te-00464,en-Latn,dreaddit,risk,baseline,82,stress,stress,False,0.5251633370874766,0.5251633370874766
risk-te-00465,en-Latn,dreaddit,risk,baseline,96,non_stress,stress,True,0.7306292535798765,0.7306292535798765
risk-te-00466,en-Latn,dreaddit,risk,baseline,73,stress,stress,False,0.5684250903053879,0.5684250903053879
risk-te-00467,en-Latn,dreaddit,risk,baseline,75,stress,stress,False,0.748450118861896,0.748450118861896
risk-te-00468,en-Latn,dreaddit,risk,baseline,71,stress,stress,False,0.8270243398235443,0.8270243398235443
risk-te-00469,en-Latn,dreaddit,risk,baseline,106,stress,non_stress,True,0.5076400734532053,0.4923599265467947
risk-te-00470,en-Latn,dreaddit,risk,baseline,150,stress,stress,False,0.9708946055397544,0.9708946055397544
risk-te-00471,en-Latn,dreaddit,risk,baseline,66,non_stress,non_stress,False,0.5615992092668693,0.43840079073313065
risk-te-00472,en-Latn,dreaddit,risk,baseline,116,non_stress,non_stress,False,0.5468259841826801,0.45317401581731975
risk-te-00473,en-Latn,dreaddit,risk,baseline,110,non_stress,non_stress,False,0.8365798555924746,0.16342014440752528
risk-te-00474,en-Latn,dreaddit,risk,baseline,55,non_stress,non_stress,False,0.8089185150438103,0.19108148495618962
risk-te-00475,en-Latn,dreaddit,risk,baseline,41,non_stress,non_stress,False,0.508404863899789,0.49159513610021105
risk-te-00476,en-Latn,dreaddit,risk,baseline,113,stress,non_stress,True,0.5982745706788593,0.4017254293211408
risk-te-00477,en-Latn,dreaddit,risk,baseline,80,non_stress,non_stress,False,0.599896451585079,0.40010354841492113
risk-te-00478,en-Latn,dreaddit,risk,baseline,102,stress,non_stress,True,0.5626314892678626,0.43736851073213745
risk-te-00479,en-Latn,dreaddit,risk,baseline,127,stress,stress,False,0.959163727595837,0.959163727595837
risk-te-00480,en-Latn,dreaddit,risk,baseline,90,stress,stress,False,0.9578282416279922,0.9578282416279922
risk-te-00481,en-Latn,dreaddit,risk,baseline,144,non_stress,stress,True,0.7794155313244674,0.7794155313244674
risk-te-00482,en-Latn,dreaddit,risk,baseline,69,non_stress,non_stress,False,0.8129942380311942,0.18700576196880578
risk-te-00483,en-Latn,dreaddit,risk,baseline,83,stress,stress,False,0.6103758864191878,0.6103758864191878
risk-te-00484,en-Latn,dreaddit,risk,baseline,65,stress,non_stress,True,0.616321642562941,0.3836783574370591
risk-te-00485,en-Latn,dreaddit,risk,baseline,31,non_stress,non_stress,False,0.5177063657442934,0.4822936342557066
risk-te-00486,en-Latn,dreaddit,risk,baseline,151,stress,stress,False,0.9724639210303353,0.9724639210303353
risk-te-00487,en-Latn,dreaddit,risk,baseline,101,stress,stress,False,0.5480180390288523,0.5480180390288523
risk-te-00488,en-Latn,dreaddit,risk,baseline,88,non_stress,non_stress,False,0.8372389542183037,0.16276104578169637
risk-te-00489,en-Latn,dreaddit,risk,baseline,80,stress,stress,False,0.7776778769500519,0.7776778769500519
risk-te-00490,en-Latn,dreaddit,risk,baseline,107,non_stress,stress,True,0.511826135623421,0.511826135623421
risk-te-00491,en-Latn,dreaddit,risk,baseline,112,non_stress,non_stress,False,0.5520909635497679,0.447909036450232
risk-te-00492,en-Latn,dreaddit,risk,baseline,138,stress,stress,False,0.8369999916412565,0.8369999916412565
risk-te-00493,en-Latn,dreaddit,risk,baseline,75,non_stress,non_stress,False,0.6141897877253916,0.3858102122746084
risk-te-00494,en-Latn,dreaddit,risk,baseline,54,stress,non_stress,True,0.5871693973987192,0.4128306026012807
risk-te-00495,en-Latn,dreaddit,risk,baseline,94,non_stress,stress,True,0.6706335057330378,0.6706335057330378
risk-te-00496,en-Latn,dreaddit,risk,baseline,45,stress,stress,False,0.6184945294488403,0.6184945294488403
risk-te-00497,en-Latn,dreaddit,risk,baseline,74,stress,stress,False,0.777114286120615,0.777114286120615
risk-te-00498,en-Latn,dreaddit,risk,baseline,87,stress,stress,False,0.7198993072288306,0.7198993072288306
risk-te-00499,en-Latn,dreaddit,risk,baseline,82,stress,stress,False,0.60190946206684,0.60190946206684
risk-te-00500,en-Latn,dreaddit,risk,baseline,94,stress,stress,False,0.8560866450368868,0.8560866450368868
risk-te-00501,en-Latn,dreaddit,risk,baseline,69,non_stress,non_stress,False,0.8485863863806511,0.15141361361934894
risk-te-00502,en-Latn,dreaddit,risk,baseline,156,non_stress,stress,True,0.7624625531947874,0.7624625531947874
risk-te-00503,en-Latn,dreaddit,risk,baseline,96,non_stress,non_stress,False,0.8678561142571252,0.13214388574287492
risk-te-00504,en-Latn,dreaddit,risk,baseline,195,stress,stress,False,0.8861982627228253,0.8861982627228253
risk-te-00505,en-Latn,dreaddit,risk,baseline,102,non_stress,stress,True,0.601014101860635,0.601014101860635
risk-te-00506,en-Latn,dreaddit,risk,baseline,84,non_stress,non_stress,False,0.7081743433265668,0.29182565667343313
risk-te-00507,en-Latn,dreaddit,risk,baseline,149,stress,stress,False,0.8010532878470912,0.8010532878470912
risk-te-00508,en-Latn,dreaddit,risk,baseline,40,stress,non_stress,True,0.7772935670270138,0.22270643297298617
risk-te-00509,en-Latn,dreaddit,risk,baseline,74,non_stress,non_stress,False,0.5252173130342317,0.4747826869657683
risk-te-00510,en-Latn,dreaddit,risk,baseline,52,stress,stress,False,0.6838576323573099,0.6838576323573099
risk-te-00511,en-Latn,dreaddit,risk,baseline,169,stress,non_stress,True,0.6873883572049925,0.3126116427950076
risk-te-00512,en-Latn,dreaddit,risk,baseline,96,stress,stress,False,0.6159308845888604,0.6159308845888604
risk-te-00513,en-Latn,dreaddit,risk,baseline,79,stress,stress,False,0.7730120162330507,0.7730120162330507
risk-te-00514,en-Latn,dreaddit,risk,baseline,91,non_stress,non_stress,False,0.762826278981776,0.237173721018224
risk-te-00515,en-Latn,dreaddit,risk,baseline,67,stress,non_stress,True,0.522327164819391,0.47767283518060905
risk-te-00516,en-Latn,dreaddit,risk,baseline,111,non_stress,stress,True,0.6205828721692078,0.6205828721692078
risk-te-00517,en-Latn,dreaddit,risk,baseline,108,stress,non_stress,True,0.8719352383004543,0.12806476169954573
risk-te-00518,en-Latn,dreaddit,risk,baseline,71,stress,stress,False,0.9709542817355701,0.9709542817355701
risk-te-00519,en-Latn,dreaddit,risk,baseline,121,stress,stress,False,0.9288180977425046,0.9288180977425046
risk-te-00520,en-Latn,dreaddit,risk,baseline,83,stress,non_stress,True,0.6044747801476915,0.39552521985230843
risk-te-00521,en-Latn,dreaddit,risk,baseline,128,stress,stress,False,0.9337084991899033,0.9337084991899033
risk-te-00522,en-Latn,dreaddit,risk,baseline,91,stress,stress,False,0.8277902044314063,0.8277902044314063
risk-te-00523,en-Latn,dreaddit,risk,baseline,93,stress,stress,False,0.8549054788886166,0.8549054788886166
risk-te-00524,en-Latn,dreaddit,risk,baseline,63,non_stress,non_stress,False,0.8405249363343431,0.1594750636656569
risk-te-00525,en-Latn,dreaddit,risk,baseline,89,stress,stress,False,0.9022231400900965,0.9022231400900965
risk-te-00526,en-Latn,dreaddit,risk,baseline,101,non_stress,non_stress,False,0.6999129765467808,0.3000870234532192
risk-te-00527,en-Latn,dreaddit,risk,baseline,54,non_stress,stress,True,0.7955682490458733,0.7955682490458733
risk-te-00528,en-Latn,dreaddit,risk,baseline,91,stress,non_stress,True,0.5543968820307158,0.44560311796928426
risk-te-00529,en-Latn,dreaddit,risk,baseline,46,non_stress,stress,True,0.7257045758787036,0.7257045758787036
risk-te-00530,en-Latn,dreaddit,risk,baseline,90,stress,stress,False,0.927609338683833,0.927609338683833
risk-te-00531,en-Latn,dreaddit,risk,baseline,104,non_stress,non_stress,False,0.9509182759093993,0.049081724090600826
risk-te-00532,en-Latn,dreaddit,risk,baseline,156,stress,stress,False,0.6103184333565889,0.6103184333565889
risk-te-00533,en-Latn,dreaddit,risk,baseline,91,stress,non_stress,True,0.6194003928929845,0.38059960710701535
risk-te-00534,en-Latn,dreaddit,risk,baseline,71,stress,non_stress,True,0.5930542950523344,0.40694570494766547
risk-te-00535,en-Latn,dreaddit,risk,baseline,53,stress,stress,False,0.6102093667289983,0.6102093667289983
risk-te-00536,en-Latn,dreaddit,risk,baseline,78,non_stress,stress,True,0.6689511655981005,0.6689511655981005
risk-te-00537,en-Latn,dreaddit,risk,baseline,81,non_stress,non_stress,False,0.6913642415082746,0.3086357584917254
risk-te-00538,en-Latn,dreaddit,risk,baseline,126,stress,stress,False,0.9051479910267917,0.9051479910267917
risk-te-00539,en-Latn,dreaddit,risk,baseline,89,stress,stress,False,0.7224726783095996,0.7224726783095996
risk-te-00540,en-Latn,dreaddit,risk,baseline,72,stress,stress,False,0.8674736189631029,0.8674736189631029
risk-te-00541,en-Latn,dreaddit,risk,baseline,57,non_stress,stress,True,0.5487275318008241,0.5487275318008241
risk-te-00542,en-Latn,dreaddit,risk,baseline,133,stress,stress,False,0.5832618343395756,0.5832618343395756
risk-te-00543,en-Latn,dreaddit,risk,baseline,66,non_stress,stress,True,0.7708502425831684,0.7708502425831684
risk-te-00544,en-Latn,dreaddit,risk,baseline,90,non_stress,non_stress,False,0.5065588330043785,0.4934411669956215
risk-te-00545,en-Latn,dreaddit,risk,baseline,60,stress,stress,False,0.8280227796122814,0.8280227796122814
risk-te-00546,en-Latn,dreaddit,risk,baseline,132,non_stress,stress,True,0.6367587559374399,0.6367587559374399
risk-te-00547,en-Latn,dreaddit,risk,baseline,78,non_stress,non_stress,False,0.8628165765010675,0.13718342349893256
risk-te-00548,en-Latn,dreaddit,risk,baseline,63,non_stress,non_stress,False,0.5648236081290665,0.4351763918709335
risk-te-00549,en-Latn,dreaddit,risk,baseline,175,non_stress,non_stress,False,0.5728402886889762,0.42715971131102376
risk-te-00550,en-Latn,dreaddit,risk,baseline,54,non_stress,stress,True,0.8072065581431536,0.8072065581431536
risk-te-00551,en-Latn,dreaddit,risk,baseline,119,non_stress,non_stress,False,0.8988154332262557,0.10118456677374435
risk-te-00552,en-Latn,dreaddit,risk,baseline,74,non_stress,non_stress,False,0.8537961897066697,0.14620381029333024
risk-te-00553,en-Latn,dreaddit,risk,baseline,46,stress,non_stress,True,0.6140454922052342,0.38595450779476587
risk-te-00554,en-Latn,dreaddit,risk,baseline,77,non_stress,stress,True,0.7031962928481647,0.7031962928481647
risk-te-00555,en-Latn,dreaddit,risk,baseline,91,stress,stress,False,0.5623544810208068,0.5623544810208068
risk-te-00556,en-Latn,dreaddit,risk,baseline,108,stress,stress,False,0.9616547938247952,0.9616547938247952
risk-te-00557,en-Latn,dreaddit,risk,baseline,94,stress,stress,False,0.8699572502447114,0.8699572502447114
risk-te-00558,en-Latn,dreaddit,risk,baseline,100,stress,stress,False,0.8694968290607623,0.8694968290607623
risk-te-00559,en-Latn,dreaddit,risk,baseline,76,stress,non_stress,True,0.727941920144695,0.27205807985530495
risk-te-00560,en-Latn,dreaddit,risk,baseline,73,stress,stress,False,0.6190945066587409,0.6190945066587409
risk-te-00561,en-Latn,dreaddit,risk,baseline,65,stress,stress,False,0.872125438341272,0.872125438341272
risk-te-00562,en-Latn,dreaddit,risk,baseline,104,non_stress,stress,True,0.5784637610288873,0.5784637610288873
risk-te-00563,en-Latn,dreaddit,risk,baseline,65,non_stress,non_stress,False,0.7921003799478824,0.2078996200521177
risk-te-00564,en-Latn,dreaddit,risk,baseline,59,stress,non_stress,True,0.8149997662561481,0.18500023374385188
risk-te-00565,en-Latn,dreaddit,risk,baseline,45,non_stress,stress,True,0.5249502209885246,0.5249502209885246
risk-te-00566,en-Latn,dreaddit,risk,baseline,89,stress,non_stress,True,0.6761042950679151,0.32389570493208475
risk-te-00567,en-Latn,dreaddit,risk,baseline,91,stress,non_stress,True,0.8738920318227678,0.12610796817723227
risk-te-00568,en-Latn,dreaddit,risk,baseline,92,stress,stress,False,0.6721025773309393,0.6721025773309393
risk-te-00569,en-Latn,dreaddit,risk,baseline,95,stress,stress,False,0.9852883980174337,0.9852883980174337
risk-te-00570,en-Latn,dreaddit,risk,baseline,141,stress,stress,False,0.7336557550453555,0.7336557550453555
risk-te-00571,en-Latn,dreaddit,risk,baseline,80,stress,stress,False,0.8876851002459275,0.8876851002459275
risk-te-00572,en-Latn,dreaddit,risk,baseline,98,non_stress,non_stress,False,0.8405761236793395,0.15942387632066038
risk-te-00573,en-Latn,dreaddit,risk,baseline,76,non_stress,non_stress,False,0.9649924786987718,0.035007521301228264
risk-te-00574,en-Latn,dreaddit,risk,baseline,77,stress,stress,False,0.9029911399299906,0.9029911399299906
risk-te-00575,en-Latn,dreaddit,risk,baseline,61,non_stress,stress,True,0.5599605688503252,0.5599605688503252
risk-te-00576,en-Latn,dreaddit,risk,baseline,83,non_stress,non_stress,False,0.7041074991053212,0.2958925008946788
risk-te-00577,en-Latn,dreaddit,risk,baseline,107,non_stress,non_stress,False,0.590065463275588,0.4099345367244121
risk-te-00578,en-Latn,dreaddit,risk,baseline,58,non_stress,stress,True,0.6031724494687419,0.6031724494687419
risk-te-00579,en-Latn,dreaddit,risk,baseline,58,non_stress,stress,True,0.5781780186381391,0.5781780186381391
risk-te-00580,en-Latn,dreaddit,risk,baseline,158,stress,stress,False,0.8780100131588962,0.8780100131588962
risk-te-00581,en-Latn,dreaddit,risk,baseline,95,stress,non_stress,True,0.5150080189163854,0.48499198108361463
risk-te-00582,en-Latn,dreaddit,risk,baseline,82,non_stress,non_stress,False,0.8672382564264648,0.1327617435735352
risk-te-00583,en-Latn,dreaddit,risk,baseline,80,non_stress,non_stress,False,0.7888161567429943,0.21118384325700568
risk-te-00584,en-Latn,dreaddit,risk,baseline,91,non_stress,non_stress,False,0.5125775415213182,0.4874224584786819
risk-te-00585,en-Latn,dreaddit,risk,baseline,113,non_stress,non_stress,False,0.6851314275201488,0.31486857247985117
risk-te-00586,en-Latn,dreaddit,risk,baseline,81,non_stress,non_stress,False,0.7572372224839217,0.2427627775160784
risk-te-00587,en-Latn,dreaddit,risk,baseline,74,non_stress,stress,True,0.5437830987438367,0.5437830987438367
risk-te-00588,en-Latn,dreaddit,risk,baseline,22,non_stress,non_stress,False,0.8815119213598733,0.11848807864012662
risk-te-00589,en-Latn,dreaddit,risk,baseline,121,non_stress,non_stress,False,0.5602478831988712,0.43975211680112875
risk-te-00590,en-Latn,dreaddit,risk,baseline,78,non_stress,stress,True,0.6795035484713274,0.6795035484713274
risk-te-00591,en-Latn,dreaddit,risk,baseline,92,stress,stress,False,0.7746673319315615,0.7746673319315615
risk-te-00592,en-Latn,dreaddit,risk,baseline,107,stress,stress,False,0.5929276719410042,0.5929276719410042
risk-te-00593,en-Latn,dreaddit,risk,baseline,100,non_stress,non_stress,False,0.76669382960197,0.23330617039803003
risk-te-00594,en-Latn,dreaddit,risk,baseline,80,stress,stress,False,0.8659109241022589,0.8659109241022589
risk-te-00595,en-Latn,dreaddit,risk,baseline,77,stress,non_stress,True,0.7470517404732243,0.25294825952677574
risk-te-00596,en-Latn,dreaddit,risk,baseline,50,stress,stress,False,0.7405456528217867,0.7405456528217867
risk-te-00597,en-Latn,dreaddit,risk,baseline,75,stress,stress,False,0.628334393224956,0.628334393224956
risk-te-00598,en-Latn,dreaddit,risk,baseline,88,non_stress,stress,True,0.6647831901268461,0.6647831901268461
risk-te-00599,en-Latn,dreaddit,risk,baseline,101,non_stress,stress,True,0.786778507634448,0.786778507634448
risk-te-00600,en-Latn,dreaddit,risk,baseline,131,stress,stress,False,0.9940454485021466,0.9940454485021466
risk-te-00601,en-Latn,dreaddit,risk,baseline,92,non_stress,non_stress,False,0.8642016393616231,0.13579836063837683
risk-te-00602,en-Latn,dreaddit,risk,baseline,61,non_stress,non_stress,False,0.6408593856637943,0.35914061433620575
risk-te-00603,en-Latn,dreaddit,risk,baseline,123,non_stress,non_stress,False,0.5764563325924736,0.4235436674075264
risk-te-00604,en-Latn,dreaddit,risk,baseline,43,non_stress,non_stress,False,0.5364040244480635,0.46359597555193655
risk-te-00605,en-Latn,dreaddit,risk,baseline,75,non_stress,stress,True,0.8252439997901895,0.8252439997901895
risk-te-00606,en-Latn,dreaddit,risk,baseline,70,stress,stress,False,0.7334640964162581,0.7334640964162581
risk-te-00607,en-Latn,dreaddit,risk,baseline,99,stress,stress,False,0.7999584779602857,0.7999584779602857
risk-te-00608,en-Latn,dreaddit,risk,baseline,78,stress,non_stress,True,0.7406712356180544,0.2593287643819457
risk-te-00609,en-Latn,dreaddit,risk,baseline,119,stress,stress,False,0.9859619019108915,0.9859619019108915
risk-te-00610,en-Latn,dreaddit,risk,baseline,72,stress,stress,False,0.6251192128904447,0.6251192128904447
risk-te-00611,en-Latn,dreaddit,risk,baseline,54,stress,stress,False,0.9163416969750203,0.9163416969750203
risk-te-00612,en-Latn,dreaddit,risk,baseline,176,stress,stress,False,0.7316835255489931,0.7316835255489931
risk-te-00613,en-Latn,dreaddit,risk,baseline,77,stress,stress,False,0.8876636558175562,0.8876636558175562
risk-te-00614,en-Latn,dreaddit,risk,baseline,44,stress,non_stress,True,0.5027203145034286,0.49727968549657137
risk-te-00615,en-Latn,dreaddit,risk,baseline,59,non_stress,non_stress,False,0.7818704907242386,0.21812950927576139
risk-te-00616,en-Latn,dreaddit,risk,baseline,95,stress,non_stress,True,0.7073525939700437,0.2926474060299563
risk-te-00617,en-Latn,dreaddit,risk,baseline,68,non_stress,non_stress,False,0.7770582251439201,0.22294177485607983
risk-te-00618,en-Latn,dreaddit,risk,baseline,64,stress,stress,False,0.6991482088407228,0.6991482088407228
risk-te-00619,en-Latn,dreaddit,risk,baseline,107,stress,stress,False,0.7407858202498097,0.7407858202498097
risk-te-00620,en-Latn,dreaddit,risk,baseline,59,stress,stress,False,0.7979182250036243,0.7979182250036243
risk-te-00621,en-Latn,dreaddit,risk,baseline,68,stress,stress,False,0.6853911908507276,0.6853911908507276
risk-te-00622,en-Latn,dreaddit,risk,baseline,77,non_stress,non_stress,False,0.5812276310303827,0.4187723689696173
risk-te-00623,en-Latn,dreaddit,risk,baseline,56,non_stress,stress,True,0.53711456181452,0.53711456181452
risk-te-00624,en-Latn,dreaddit,risk,baseline,37,stress,stress,False,0.8272470588609839,0.8272470588609839
risk-te-00625,en-Latn,dreaddit,risk,baseline,36,non_stress,non_stress,False,0.9357931768838941,0.06420682311610607
risk-te-00626,en-Latn,dreaddit,risk,baseline,33,non_stress,non_stress,False,0.8600558073634492,0.13994419263655083
risk-te-00627,en-Latn,dreaddit,risk,baseline,68,stress,non_stress,True,0.6597358676977509,0.34026413230224906
risk-te-00628,en-Latn,dreaddit,risk,baseline,63,non_stress,non_stress,False,0.6119709189850544,0.3880290810149456
risk-te-00629,en-Latn,dreaddit,risk,baseline,172,non_stress,non_stress,False,0.6455317607475626,0.35446823925243737
risk-te-00630,en-Latn,dreaddit,risk,baseline,140,non_stress,non_stress,False,0.6327113077201902,0.36728869227980976
risk-te-00631,en-Latn,dreaddit,risk,baseline,98,non_stress,non_stress,False,0.7314616583283341,0.26853834167166585
risk-te-00632,en-Latn,dreaddit,risk,baseline,63,non_stress,stress,True,0.8524639055308941,0.8524639055308941
risk-te-00633,en-Latn,dreaddit,risk,baseline,59,non_stress,non_stress,False,0.7403177529386641,0.25968224706133586
risk-te-00634,en-Latn,dreaddit,risk,baseline,121,non_stress,stress,True,0.9133772571491524,0.9133772571491524
risk-te-00635,en-Latn,dreaddit,risk,baseline,103,non_stress,non_stress,False,0.8267507390261608,0.17324926097383925
risk-te-00636,en-Latn,dreaddit,risk,baseline,108,non_stress,non_stress,False,0.6280250762822598,0.37197492371774027
risk-te-00637,en-Latn,dreaddit,risk,baseline,68,non_stress,non_stress,False,0.6494476249243476,0.35055237507565246
risk-te-00638,en-Latn,dreaddit,risk,baseline,55,non_stress,stress,True,0.508515823806376,0.508515823806376
risk-te-00639,en-Latn,dreaddit,risk,baseline,65,non_stress,non_stress,False,0.6554088521460932,0.3445911478539067
risk-te-00640,en-Latn,dreaddit,risk,baseline,65,stress,stress,False,0.5044281890882648,0.5044281890882648
risk-te-00641,en-Latn,dreaddit,risk,baseline,110,stress,stress,False,0.786927726264246,0.786927726264246
risk-te-00642,en-Latn,dreaddit,risk,baseline,83,stress,stress,False,0.9461065301512901,0.9461065301512901
risk-te-00643,en-Latn,dreaddit,risk,baseline,96,non_stress,non_stress,False,0.9582962744324931,0.04170372556750699
risk-te-00644,en-Latn,dreaddit,risk,baseline,65,stress,stress,False,0.918033959493595,0.918033959493595
risk-te-00645,en-Latn,dreaddit,risk,baseline,147,non_stress,non_stress,False,0.6567645193510709,0.34323548064892895
risk-te-00646,en-Latn,dreaddit,risk,baseline,76,stress,stress,False,0.9819993968296061,0.9819993968296061
risk-te-00647,en-Latn,dreaddit,risk,baseline,73,stress,stress,False,0.576985428157661,0.576985428157661
risk-te-00648,en-Latn,dreaddit,risk,baseline,88,stress,stress,False,0.6459679514228263,0.6459679514228263
risk-te-00649,en-Latn,dreaddit,risk,baseline,75,stress,stress,False,0.9268396608873686,0.9268396608873686
risk-te-00650,en-Latn,dreaddit,risk,baseline,130,non_stress,stress,True,0.5646610671035935,0.5646610671035935
risk-te-00651,en-Latn,dreaddit,risk,baseline,48,non_stress,non_stress,False,0.620405324181403,0.379594675818597
risk-te-00652,en-Latn,dreaddit,risk,baseline,68,non_stress,non_stress,False,0.5771092025939379,0.422890797406062
risk-te-00653,en-Latn,dreaddit,risk,baseline,88,stress,stress,False,0.6003342988290966,0.6003342988290966
risk-te-00654,en-Latn,dreaddit,risk,baseline,74,non_stress,non_stress,False,0.9216728461767886,0.07832715382321143
risk-te-00655,en-Latn,dreaddit,risk,baseline,84,non_stress,stress,True,0.8888334943992848,0.8888334943992848
risk-te-00656,en-Latn,dreaddit,risk,baseline,87,non_stress,non_stress,False,0.7574259265120934,0.2425740734879066
risk-te-00657,en-Latn,dreaddit,risk,baseline,65,non_stress,stress,True,0.5098528773694668,0.5098528773694668
risk-te-00658,en-Latn,dreaddit,risk,baseline,56,stress,non_stress,True,0.5153409648427669,0.484659035157233
risk-te-00659,en-Latn,dreaddit,risk,baseline,92,non_stress,non_stress,False,0.8974502777121002,0.10254972228789981
risk-te-00660,en-Latn,dreaddit,risk,baseline,99,non_stress,stress,True,0.537696378168003,0.537696378168003
risk-te-00661,en-Latn,dreaddit,risk,baseline,72,stress,stress,False,0.6081706552379288,0.6081706552379288
risk-te-00662,en-Latn,dreaddit,risk,baseline,101,stress,non_stress,True,0.6459279179947056,0.3540720820052944
risk-te-00663,en-Latn,dreaddit,risk,baseline,70,non_stress,stress,True,0.5674178076140283,0.5674178076140283
risk-te-00664,en-Latn,dreaddit,risk,baseline,107,stress,non_stress,True,0.6614915880368835,0.3385084119631165
risk-te-00665,en-Latn,dreaddit,risk,baseline,79,non_stress,non_stress,False,0.8024370550567064,0.19756294494329357
risk-te-00666,en-Latn,dreaddit,risk,baseline,89,stress,stress,False,0.9637567353666363,0.9637567353666363
risk-te-00667,en-Latn,dreaddit,risk,baseline,73,stress,stress,False,0.9608429986229171,0.9608429986229171
risk-te-00668,en-Latn,dreaddit,risk,baseline,49,stress,stress,False,0.9088631789386418,0.9088631789386418
risk-te-00669,en-Latn,dreaddit,risk,baseline,57,non_stress,non_stress,False,0.9165281431284268,0.08347185687157319
risk-te-00670,en-Latn,dreaddit,risk,baseline,37,stress,non_stress,True,0.5974676642439322,0.40253233575606784
risk-te-00671,en-Latn,dreaddit,risk,baseline,140,stress,stress,False,0.9660501147837143,0.9660501147837143
risk-te-00672,en-Latn,dreaddit,risk,baseline,141,non_stress,stress,True,0.7155808597227451,0.7155808597227451
risk-te-00673,en-Latn,dreaddit,risk,baseline,62,non_stress,non_stress,False,0.620064569309856,0.379935430690144
risk-te-00674,en-Latn,dreaddit,risk,baseline,133,stress,stress,False,0.8931253678481809,0.8931253678481809
risk-te-00675,en-Latn,dreaddit,risk,baseline,94,non_stress,non_stress,False,0.7134602864125152,0.28653971358748487
risk-te-00676,en-Latn,dreaddit,risk,baseline,98,stress,stress,False,0.5974210244613151,0.5974210244613151
risk-te-00677,en-Latn,dreaddit,risk,baseline,112,stress,stress,False,0.5088655476719086,0.5088655476719086
risk-te-00678,en-Latn,dreaddit,risk,baseline,89,stress,stress,False,0.9295598582973893,0.9295598582973893
risk-te-00679,en-Latn,dreaddit,risk,baseline,141,non_stress,non_stress,False,0.6244074662032492,0.3755925337967508
risk-te-00680,en-Latn,dreaddit,risk,baseline,66,non_stress,non_stress,False,0.6525606220798719,0.34743937792012813
risk-te-00681,en-Latn,dreaddit,risk,baseline,80,stress,non_stress,True,0.6883863697676821,0.31161363023231786
risk-te-00682,en-Latn,dreaddit,risk,baseline,110,stress,stress,False,0.8753792385924816,0.8753792385924816
risk-te-00683,en-Latn,dreaddit,risk,baseline,67,stress,non_stress,True,0.6523647610021983,0.3476352389978017
risk-te-00684,en-Latn,dreaddit,risk,baseline,60,stress,non_stress,True,0.6791704195196272,0.3208295804803729
risk-te-00685,en-Latn,dreaddit,risk,baseline,93,non_stress,stress,True,0.7511494651723412,0.7511494651723412
risk-te-00686,en-Latn,dreaddit,risk,baseline,66,non_stress,non_stress,False,0.667621706402903,0.332378293597097
risk-te-00687,en-Latn,dreaddit,risk,baseline,103,stress,stress,False,0.8596415650367818,0.8596415650367818
risk-te-00688,en-Latn,dreaddit,risk,baseline,75,non_stress,non_stress,False,0.8133722230839072,0.18662777691609275
risk-te-00689,en-Latn,dreaddit,risk,baseline,105,stress,non_stress,True,0.6586504485904424,0.34134955140955764
risk-te-00690,en-Latn,dreaddit,risk,baseline,112,stress,stress,False,0.9644483136509734,0.9644483136509734
risk-te-00691,en-Latn,dreaddit,risk,baseline,65,stress,stress,False,0.6458194377473818,0.6458194377473818
risk-te-00692,en-Latn,dreaddit,risk,baseline,99,stress,stress,False,0.6222825037859837,0.6222825037859837
risk-te-00693,en-Latn,dreaddit,risk,baseline,58,non_stress,non_stress,False,0.8035590942143765,0.19644090578562345
risk-te-00694,en-Latn,dreaddit,risk,baseline,54,non_stress,stress,True,0.5950534780024457,0.5950534780024457
risk-te-00695,en-Latn,dreaddit,risk,baseline,84,non_stress,non_stress,False,0.8087354886232179,0.19126451137678213
risk-te-00696,en-Latn,dreaddit,risk,baseline,78,stress,stress,False,0.9181355975776772,0.9181355975776772
risk-te-00697,en-Latn,dreaddit,risk,baseline,87,stress,stress,False,0.7896356972966365,0.7896356972966365
risk-te-00698,en-Latn,dreaddit,risk,baseline,87,non_stress,non_stress,False,0.883455791698511,0.11654420830148901
risk-te-00699,en-Latn,dreaddit,risk,baseline,154,stress,stress,False,0.9593036742053512,0.9593036742053512
risk-te-00700,en-Latn,dreaddit,risk,baseline,54,stress,non_stress,True,0.7336466122189857,0.2663533877810143
risk-te-00701,en-Latn,dreaddit,risk,baseline,104,stress,stress,False,0.6576464180934312,0.6576464180934312
risk-te-00702,en-Latn,dreaddit,risk,baseline,95,non_stress,stress,True,0.5712748487694077,0.5712748487694077
risk-te-00703,en-Latn,dreaddit,risk,baseline,56,non_stress,stress,True,0.5493092543389778,0.5493092543389778
risk-te-00704,en-Latn,dreaddit,risk,baseline,81,non_stress,non_stress,False,0.6380772376843666,0.36192276231563336
risk-te-00705,en-Latn,dreaddit,risk,baseline,60,non_stress,non_stress,False,0.575077279392249,0.424922720607751
risk-te-00706,en-Latn,dreaddit,risk,baseline,86,non_stress,stress,True,0.6416353134925347,0.6416353134925347
risk-te-00707,en-Latn,dreaddit,risk,baseline,114,stress,stress,False,0.5555441695474277,0.5555441695474277
risk-te-00708,en-Latn,dreaddit,risk,baseline,96,non_stress,non_stress,False,0.7218825369803061,0.2781174630196938
risk-te-00709,en-Latn,dreaddit,risk,baseline,115,non_stress,non_stress,False,0.5912079774004104,0.4087920225995896
risk-te-00710,en-Latn,dreaddit,risk,baseline,231,stress,stress,False,0.7340080807938781,0.7340080807938781
risk-te-00711,en-Latn,dreaddit,risk,baseline,53,stress,stress,False,0.9446964861544875,0.9446964861544875
risk-te-00712,en-Latn,dreaddit,risk,baseline,71,stress,non_stress,True,0.6419529048654359,0.3580470951345641
risk-te-00713,en-Latn,dreaddit,risk,baseline,71,stress,stress,False,0.8728007067538345,0.8728007067538345
risk-te-00714,en-Latn,dreaddit,risk,baseline,60,non_stress,non_stress,False,0.9505931507876599,0.04940684921234001
risk-te-00715,en-Latn,dreaddit,risk,baseline,62,stress,stress,False,0.6798698062053323,0.6798698062053323
