text_id,language,true_sentiment,predicted_sentiment,true_emotion,predicted_emotion,true_risk,predicted_risk,risk_probability,task,model,source,length_bucket,confidence,error_type
sentiment-te-00001,en-Latn,negative,neutral,,,,,,sentiment,baseline,tweets-english,medium(8-39),0.3465,misclassified
sentiment-te-00002,en-Latn,neutral,negative,,,,,,sentiment,baseline,tweets-english,medium(8-39),0.4649,misclassified
sentiment-te-00003,en-Latn,positive,neutral,,,,,,sentiment,baseline,tweets-english,medium(8-39),0.416,misclassified
sentiment-te-00005,en-Latn,neutral,positive,,,,,,sentiment,baseline,tweets-english,medium(8-39),0.4157,misclassified
sentiment-te-00006,en-Latn,positive,negative,,,,,,sentiment,baseline,tweets-english,medium(8-39),0.5561,misclassified
sentiment-te-00008,en-Latn,neutral,negative,,,,,,sentiment,baseline,tweets-english,medium(8-39),0.4134,misclassified
sentiment-te-00009,en-Latn,positive,negative,,,,,,sentiment,baseline,tweets-english,medium(8-39),0.3903,misclassified
sentiment-te-00010,en-Latn,negative,positive,,,,,,sentiment,baseline,tweets-english,medium(8-39),0.3836,misclassified
sentiment-te-00017,en-Latn,neutral,negative,,,,,,sentiment,baseline,tweets-english,medium(8-39),0.3493,misclassified
sentiment-te-00018,en-Latn,positive,neutral,,,,,,sentiment,baseline,tweets-english,medium(8-39),0.6058,misclassified
sentiment-te-00023,en-Latn,neutral,negative,,,,,,sentiment,baseline,tweets-english,medium(8-39),0.39,misclassified
sentiment-te-00027,en-Latn,positive,negative,,,,,,sentiment,baseline,tweets-english,medium(8-39),0.4994,misclassified
sentiment-te-00028,en-Latn,negative,neutral,,,,,,sentiment,baseline,tweets-english,medium(8-39),0.4354,misclassified
sentiment-te-00032,en-Latn,neutral,negative,,,,,,sentiment,baseline,tweets-english,short(<8),0.3903,misclassified
sentiment-te-00033,en-Latn,positive,negative,,,,,,sentiment,baseline,tweets-english,medium(8-39),0.3758,misclassified
sentiment-te-00036,en-Latn,positive,neutral,,,,,,sentiment,baseline,tweets-english,medium(8-39),0.4249,misclassified
sentiment-te-00039,en-Latn,positive,negative,,,,,,sentiment,baseline,tweets-english,medium(8-39),0.4738,misclassified
sentiment-te-00044,en-Latn,neutral,positive,,,,,,sentiment,baseline,tweets-english,medium(8-39),0.4195,misclassified
sentiment-te-00047,en-Latn,neutral,negative,,,,,,sentiment,baseline,tweets-english,medium(8-39),0.4731,misclassified
sentiment-te-00048,en-Latn,positive,negative,,,,,,sentiment,baseline,tweets-english,short(<8),0.3615,misclassified
sentiment-te-00051,en-Latn,positive,neutral,,,,,,sentiment,baseline,tweets-english,medium(8-39),0.3804,misclassified
sentiment-te-00053,en-Latn,neutral,negative,,,,,,sentiment,baseline,tweets-english,medium(8-39),0.466,misclassified
sentiment-te-00054,en-Latn,positive,neutral,,,,,,sentiment,baseline,tweets-english,medium(8-39),0.4171,misclassified
sentiment-te-00056,en-Latn,neutral,positive,,,,,,sentiment,baseline,tweets-english,short(<8),0.3634,misclassified
sentiment-te-00060,en-Latn,positive,neutral,,,,,,sentiment,baseline,tweets-english,medium(8-39),0.3858,misclassified
sentiment-te-00063,en-Latn,positive,neutral,,,,,,sentiment,baseline,tweets-english,medium(8-39),0.4582,misclassified
sentiment-te-00064,en-Latn,negative,neutral,,,,,,sentiment,baseline,tweets-english,medium(8-39),0.4366,misclassified
sentiment-te-00065,en-Latn,neutral,positive,,,,,,sentiment,baseline,tweets-english,medium(8-39),0.4945,misclassified
sentiment-te-00066,en-Latn,positive,negative,,,,,,sentiment,baseline,tweets-english,medium(8-39),0.5821,misclassified
sentiment-te-00068,en-Latn,neutral,negative,,,,,,sentiment,baseline,tweets-english,medium(8-39),0.4596,misclassified
sentiment-te-00069,en-Latn,positive,neutral,,,,,,sentiment,baseline,tweets-english,medium(8-39),0.417,misclassified
sentiment-te-00075,en-Latn,positive,negative,,,,,,sentiment,baseline,tweets-english,medium(8-39),0.3909,misclassified
sentiment-te-00077,en-Latn,neutral,negative,,,,,,sentiment,baseline,tweets-english,medium(8-39),0.6271,misclassified
sentiment-te-00082,en-Latn,negative,neutral,,,,,,sentiment,baseline,tweets-english,medium(8-39),0.3518,misclassified
sentiment-te-00086,en-Latn,neutral,negative,,,,,,sentiment,baseline,tweets-english,short(<8),0.4426,misclassified
sentiment-te-00088,en-Latn,negative,neutral,,,,,,sentiment,baseline,tweets-english,medium(8-39),0.4851,misclassified
sentiment-te-00089,en-Latn,neutral,negative,,,,,,sentiment,baseline,tweets-english,medium(8-39),0.354,misclassified
sentiment-te-00090,en-Latn,positive,neutral,,,,,,sentiment,baseline,tweets-english,medium(8-39),0.3934,misclassified
sentiment-te-00091,en-Latn,negative,neutral,,,,,,sentiment,baseline,tweets-english,medium(8-39),0.4391,misclassified
sentiment-te-00092,en-Latn,neutral,negative,,,,,,sentiment,baseline,tweets-english,medium(8-39),0.4843,misclassified
sentiment-te-00094,en-Latn,negative,positive,,,,,,sentiment,baseline,tweets-english,medium(8-39),0.4736,misclassified
sentiment-te-00095,en-Latn,neutral,positive,,,,,,sentiment,baseline,tweets-english,medium(8-39),0.4018,misclassified
sentiment-te-00096,en-Latn,positive,negative,,,,,,sentiment,baseline,tweets-english,short(<8),0.4528,misclassified
sentiment-te-00098,en-Latn,neutral,negative,,,,,,sentiment,baseline,tweets-english,medium(8-39),0.6532,misclassified
sentiment-te-00101,en-Latn,neutral,negative,,,,,,sentiment,baseline,tweets-english,medium(8-39),0.5105,misclassified
sentiment-te-00102,en-Latn,positive,negative,,,,,,sentiment,baseline,tweets-english,short(<8),0.4387,misclassified
sentiment-te-00105,en-Latn,positive,neutral,,,,,,sentiment,baseline,tweets-english,medium(8-39),0.3728,misclassified
sentiment-te-00107,en-Latn,neutral,negative,,,,,,sentiment,baseline,tweets-english,medium(8-39),0.4079,misclassified
sentiment-te-00111,en-Latn,positive,negative,,,,,,sentiment,baseline,tweets-english,medium(8-39),0.4483,misclassified
sentiment-te-00113,en-Latn,neutral,positive,,,,,,sentiment,baseline,tweets-english,medium(8-39),0.3784,misclassified
sentiment-te-00115,en-Latn,negative,positive,,,,,,sentiment,baseline,tweets-english,medium(8-39),0.4735,misclassified
sentiment-te-00118,en-Latn,negative,neutral,,,,,,sentiment,baseline,tweets-english,medium(8-39),0.4255,misclassified
sentiment-te-00121,en-Latn,negative,neutral,,,,,,sentiment,baseline,tweets-english,medium(8-39),0.4865,misclassified
sentiment-te-00123,en-Latn,positive,neutral,,,,,,sentiment,baseline,tweets-english,medium(8-39),0.3823,misclassified
sentiment-te-00125,en-Latn,neutral,positive,,,,,,sentiment,baseline,tweets-english,medium(8-39),0.3965,misclassified
sentiment-te-00127,en-Latn,negative,positive,,,,,,sentiment,baseline,tweets-english,medium(8-39),0.3943,misclassified
sentiment-te-00128,en-Latn,neutral,positive,,,,,,sentiment,baseline,tweets-english,short(<8),0.3719,misclassified
sentiment-te-00132,en-Latn,positive,negative,,,,,,sentiment,baseline,tweets-english,medium(8-39),0.4082,misclassified
sentiment-te-00133,en-Latn,negative,positive,,,,,,sentiment,baseline,tweets-english,medium(8-39),0.3539,misclassified
sentiment-te-00134,en-Latn,neutral,negative,,,,,,sentiment,baseline,tweets-english,medium(8-39),0.4168,misclassified
sentiment-te-00135,en-Latn,positive,negative,,,,,,sentiment,baseline,tweets-english,medium(8-39),0.4178,misclassified
sentiment-te-00138,en-Latn,positive,neutral,,,,,,sentiment,baseline,tweets-english,medium(8-39),0.4019,misclassified
sentiment-te-00139,en-Latn,negative,positive,,,,,,sentiment,baseline,tweets-english,medium(8-39),0.3534,misclassified
sentiment-te-00140,en-Latn,neutral,negative,,,,,,sentiment,baseline,tweets-english,medium(8-39),0.4498,misclassified
sentiment-te-00143,en-Latn,neutral,negative,,,,,,sentiment,baseline,tweets-english,medium(8-39),0.5024,misclassified
sentiment-te-00146,en-Latn,neutral,negative,,,,,,sentiment,baseline,tweets-english,medium(8-39),0.4073,misclassified
sentiment-te-00149,en-Latn,neutral,negative,,,,,,sentiment,baseline,tweets-english,medium(8-39),0.3794,misclassified
sentiment-te-00150,en-Latn,positive,negative,,,,,,sentiment,baseline,tweets-english,medium(8-39),0.3587,misclassified
sentiment-te-00152,en-Latn,neutral,negative,,,,,,sentiment,baseline,tweets-english,medium(8-39),0.5659,misclassified
sentiment-te-00153,en-Latn,positive,neutral,,,,,,sentiment,baseline,tweets-english,medium(8-39),0.3858,misclassified
sentiment-te-00154,en-Latn,negative,neutral,,,,,,sentiment,baseline,tweets-english,medium(8-39),0.4016,misclassified
sentiment-te-00155,en-Latn,neutral,positive,,,,,,sentiment,baseline,tweets-english,medium(8-39),0.5846,misclassified
sentiment-te-00157,en-Latn,negative,neutral,,,,,,sentiment,baseline,tweets-english,medium(8-39),0.3786,misclassified
sentiment-te-00160,en-Latn,negative,positive,,,,,,sentiment,baseline,tweets-english,medium(8-39),0.3584,misclassified
sentiment-te-00161,en-Latn,neutral,negative,,,,,,sentiment,baseline,tweets-english,medium(8-39),0.3763,misclassified
sentiment-te-00162,en-Latn,positive,neutral,,,,,,sentiment,baseline,tweets-english,medium(8-39),0.6452,misclassified
sentiment-te-00163,en-Latn,negative,positive,,,,,,sentiment,baseline,tweets-english,medium(8-39),0.4527,misclassified
sentiment-te-00166,en-Latn,negative,positive,,,,,,sentiment,baseline,tweets-english,medium(8-39),0.4959,misclassified
sentiment-te-00167,en-Latn,neutral,negative,,,,,,sentiment,baseline,tweets-english,medium(8-39),0.3968,misclassified
sentiment-te-00168,en-Latn,positive,negative,,,,,,sentiment,baseline,tweets-english,medium(8-39),0.4319,misclassified
sentiment-te-00170,en-Latn,neutral,negative,,,,,,sentiment,baseline,tweets-english,medium(8-39),0.4977,misclassified
sentiment-te-00173,en-Latn,neutral,positive,,,,,,sentiment,baseline,tweets-english,medium(8-39),0.534,misclassified
sentiment-te-00174,en-Latn,positive,negative,,,,,,sentiment,baseline,tweets-english,medium(8-39),0.3611,misclassified
sentiment-te-00175,en-Latn,negative,neutral,,,,,,sentiment,baseline,tweets-english,medium(8-39),0.4407,misclassified
sentiment-te-00176,en-Latn,neutral,positive,,,,,,sentiment,baseline,tweets-english,medium(8-39),0.3564,misclassified
sentiment-te-00177,en-Latn,positive,neutral,,,,,,sentiment,baseline,tweets-english,medium(8-39),0.3958,misclassified
sentiment-te-00179,en-Latn,neutral,positive,,,,,,sentiment,baseline,tweets-english,medium(8-39),0.4418,misclassified
sentiment-te-00181,en-Latn,negative,neutral,,,,,,sentiment,baseline,tweets-english,medium(8-39),0.3471,misclassified
sentiment-te-00182,en-Latn,neutral,negative,,,,,,sentiment,baseline,tweets-english,medium(8-39),0.3767,misclassified
sentiment-te-00183,en-Latn,positive,neutral,,,,,,sentiment,baseline,tweets-english,medium(8-39),0.3878,misclassified
sentiment-te-00186,en-Latn,positive,negative,,,,,,sentiment,baseline,tweets-english,medium(8-39),0.4718,misclassified
sentiment-te-00188,en-Latn,neutral,positive,,,,,,sentiment,baseline,tweets-english,short(<8),0.55,misclassified
sentiment-te-00190,en-Latn,negative,positive,,,,,,sentiment,baseline,tweets-english,medium(8-39),0.392,misclassified
sentiment-te-00191,en-Latn,neutral,negative,,,,,,sentiment,baseline,tweets-english,medium(8-39),0.3805,misclassified
sentiment-te-00193,en-Latn,negative,positive,,,,,,sentiment,baseline,tweets-english,medium(8-39),0.397,misclassified
sentiment-te-00194,en-Latn,neutral,negative,,,,,,sentiment,baseline,tweets-english,medium(8-39),0.5027,misclassified
sentiment-te-00196,en-Latn,negative,neutral,,,,,,sentiment,baseline,tweets-english,medium(8-39),0.4764,misclassified
sentiment-te-00204,en-Latn,positive,negative,,,,,,sentiment,baseline,tweets-english,medium(8-39),0.5466,misclassified
sentiment-te-00206,en-Latn,neutral,negative,,,,,,sentiment,baseline,tweets-english,medium(8-39),0.4421,misclassified
sentiment-te-00207,en-Latn,positive,negative,,,,,,sentiment,baseline,tweets-english,short(<8),0.4842,misclassified
sentiment-te-00208,en-Latn,negative,neutral,,,,,,sentiment,baseline,tweets-english,medium(8-39),0.3824,misclassified
sentiment-te-00209,en-Latn,neutral,positive,,,,,,sentiment,baseline,tweets-english,medium(8-39),0.4259,misclassified
sentiment-te-00210,en-Latn,positive,neutral,,,,,,sentiment,baseline,tweets-english,medium(8-39),0.4278,misclassified
sentiment-te-00211,en-Latn,negative,neutral,,,,,,sentiment,baseline,tweets-english,medium(8-39),0.4518,misclassified
sentiment-te-00212,en-Latn,neutral,positive,,,,,,sentiment,baseline,tweets-english,medium(8-39),0.403,misclassified
sentiment-te-00215,en-Latn,neutral,negative,,,,,,sentiment,baseline,tweets-english,medium(8-39),0.4547,misclassified
sentiment-te-00218,en-Latn,neutral,positive,,,,,,sentiment,baseline,tweets-english,short(<8),0.3762,misclassified
sentiment-te-00219,en-Latn,positive,negative,,,,,,sentiment,baseline,tweets-english,short(<8),0.4394,misclassified
sentiment-te-00224,en-Latn,neutral,positive,,,,,,sentiment,baseline,tweets-english,medium(8-39),0.5895,misclassified
sentiment-te-00225,en-Latn,positive,neutral,,,,,,sentiment,baseline,tweets-english,short(<8),0.3521,misclassified
sentiment-te-00227,en-Latn,neutral,negative,,,,,,sentiment,baseline,tweets-english,medium(8-39),0.4602,misclassified
sentiment-te-00231,en-Latn,positive,negative,,,,,,sentiment,baseline,tweets-english,medium(8-39),0.5218,misclassified
sentiment-te-00233,en-Latn,neutral,negative,,,,,,sentiment,baseline,tweets-english,medium(8-39),0.4605,misclassified
sentiment-te-00234,en-Latn,positive,negative,,,,,,sentiment,baseline,tweets-english,medium(8-39),0.422,misclassified
sentiment-te-00236,en-Latn,neutral,positive,,,,,,sentiment,baseline,tweets-english,medium(8-39),0.4239,misclassified
sentiment-te-00237,en-Latn,positive,negative,,,,,,sentiment,baseline,tweets-english,medium(8-39),0.391,misclassified
sentiment-te-00239,en-Latn,neutral,negative,,,,,,sentiment,baseline,tweets-english,medium(8-39),0.4493,misclassified
sentiment-te-00240,en-Latn,positive,neutral,,,,,,sentiment,baseline,tweets-english,medium(8-39),0.374,misclassified
sentiment-te-00242,en-Latn,neutral,negative,,,,,,sentiment,baseline,tweets-english,medium(8-39),0.3962,misclassified
sentiment-te-00243,en-Latn,positive,neutral,,,,,,sentiment,baseline,tweets-english,medium(8-39),0.4719,misclassified
sentiment-te-00245,en-Latn,neutral,positive,,,,,,sentiment,baseline,tweets-english,short(<8),0.3801,misclassified
sentiment-te-00247,en-Latn,negative,positive,,,,,,sentiment,baseline,tweets-english,medium(8-39),0.4578,misclassified
sentiment-te-00248,en-Latn,neutral,positive,,,,,,sentiment,baseline,tweets-english,short(<8),0.6153,misclassified
sentiment-te-00249,en-Latn,positive,negative,,,,,,sentiment,baseline,tweets-english,medium(8-39),0.5538,misclassified
sentiment-te-00251,en-Latn,neutral,negative,,,,,,sentiment,baseline,tweets-english,medium(8-39),0.4996,misclassified
sentiment-te-00252,en-Latn,positive,neutral,,,,,,sentiment,baseline,tweets-english,medium(8-39),0.454,misclassified
sentiment-te-00254,en-Latn,neutral,negative,,,,,,sentiment,baseline,tweets-english,medium(8-39),0.3795,misclassified
sentiment-te-00255,en-Latn,positive,negative,,,,,,sentiment,baseline,tweets-english,medium(8-39),0.3557,misclassified
sentiment-te-00256,en-Latn,negative,neutral,,,,,,sentiment,baseline,tweets-english,medium(8-39),0.3809,misclassified
sentiment-te-00257,en-Latn,neutral,negative,,,,,,sentiment,baseline,tweets-english,medium(8-39),0.4755,misclassified
sentiment-te-00258,en-Latn,positive,neutral,,,,,,sentiment,baseline,tweets-english,medium(8-39),0.4488,misclassified
sentiment-te-00259,en-Latn,negative,neutral,,,,,,sentiment,baseline,tweets-english,medium(8-39),0.3803,misclassified
sentiment-te-00260,en-Latn,neutral,negative,,,,,,sentiment,baseline,tweets-english,medium(8-39),0.3598,misclassified
sentiment-te-00261,en-Latn,positive,neutral,,,,,,sentiment,baseline,tweets-english,medium(8-39),0.3997,misclassified
sentiment-te-00266,en-Latn,neutral,negative,,,,,,sentiment,baseline,tweets-english,medium(8-39),0.4496,misclassified
sentiment-te-00267,en-Latn,positive,neutral,,,,,,sentiment,baseline,tweets-english,medium(8-39),0.5521,misclassified
sentiment-te-00271,en-Latn,negative,neutral,,,,,,sentiment,baseline,tweets-english,medium(8-39),0.4377,misclassified
sentiment-te-00274,en-Latn,negative,neutral,,,,,,sentiment,baseline,tweets-english,medium(8-39),0.4318,misclassified
sentiment-te-00275,en-Latn,neutral,negative,,,,,,sentiment,baseline,tweets-english,medium(8-39),0.3941,misclassified
sentiment-te-00276,en-Latn,positive,negative,,,,,,sentiment,baseline,tweets-english,medium(8-39),0.4515,misclassified
sentiment-te-00278,en-Latn,neutral,negative,,,,,,sentiment,baseline,tweets-english,medium(8-39),0.3715,misclassified
sentiment-te-00281,en-Latn,neutral,negative,,,,,,sentiment,baseline,tweets-english,medium(8-39),0.4662,misclassified
sentiment-te-00282,en-Latn,positive,neutral,,,,,,sentiment,baseline,tweets-english,medium(8-39),0.3841,misclassified
sentiment-te-00284,en-Latn,neutral,positive,,,,,,sentiment,baseline,tweets-english,medium(8-39),0.4128,misclassified
sentiment-te-00285,en-Latn,positive,negative,,,,,,sentiment,baseline,tweets-english,medium(8-39),0.4858,misclassified
sentiment-te-00286,en-Latn,negative,neutral,,,,,,sentiment,baseline,tweets-english,medium(8-39),0.3858,misclassified
sentiment-te-00287,en-Latn,neutral,negative,,,,,,sentiment,baseline,tweets-english,medium(8-39),0.3853,misclassified
sentiment-te-00288,en-Latn,positive,negative,,,,,,sentiment,baseline,tweets-english,medium(8-39),0.4717,misclassified
sentiment-te-00290,en-Latn,neutral,negative,,,,,,sentiment,baseline,tweets-english,medium(8-39),0.4225,misclassified
sentiment-te-00292,en-Latn,negative,positive,,,,,,sentiment,baseline,tweets-english,medium(8-39),0.4706,misclassified
sentiment-te-00294,en-Latn,positive,neutral,,,,,,sentiment,baseline,tweets-english,short(<8),0.3821,misclassified
sentiment-te-00298,en-Latn,negative,neutral,,,,,,sentiment,baseline,tweets-english,medium(8-39),0.4395,misclassified
sentiment-te-00299,en-Latn,neutral,negative,,,,,,sentiment,baseline,tweets-english,medium(8-39),0.3843,misclassified
sentiment-te-00301,en-Latn,negative,neutral,,,,,,sentiment,baseline,tweets-english,medium(8-39),0.39,misclassified
sentiment-te-00302,en-Latn,neutral,positive,,,,,,sentiment,baseline,tweets-english,medium(8-39),0.3379,misclassified
sentiment-te-00303,en-Latn,positive,neutral,,,,,,sentiment,baseline,tweets-english,medium(8-39),0.423,misclassified
sentiment-te-00304,en-Latn,negative,neutral,,,,,,sentiment,baseline,tweets-english,medium(8-39),0.3945,misclassified
sentiment-te-00305,en-Latn,neutral,negative,,,,,,sentiment,baseline,tweets-english,medium(8-39),0.4645,misclassified
sentiment-te-00307,en-Latn,negative,neutral,,,,,,sentiment,baseline,tweets-english,medium(8-39),0.3658,misclassified
sentiment-te-00308,en-Latn,neutral,negative,,,,,,sentiment,baseline,tweets-english,medium(8-39),0.4865,misclassified
sentiment-te-00310,en-Latn,negative,positive,,,,,,sentiment,baseline,tweets-english,medium(8-39),0.3403,misclassified
sentiment-te-00312,en-Latn,positive,negative,,,,,,sentiment,baseline,tweets-english,short(<8),0.5249,misclassified
sentiment-te-00315,en-Latn,positive,negative,,,,,,sentiment,baseline,tweets-english,medium(8-39),0.524,misclassified
sentiment-te-00320,en-Latn,neutral,positive,,,,,,sentiment,baseline,tweets-english,medium(8-39),0.3437,misclassified
sentiment-te-00324,en-Latn,positive,neutral,,,,,,sentiment,baseline,tweets-english,medium(8-39),0.4042,misclassified
sentiment-te-00325,en-Latn,negative,positive,,,,,,sentiment,baseline,tweets-english,medium(8-39),0.4818,misclassified
sentiment-te-00327,en-Latn,positive,negative,,,,,,sentiment,baseline,tweets-english,medium(8-39),0.3473,misclassified
sentiment-te-00329,en-Latn,neutral,negative,,,,,,sentiment,baseline,tweets-english,medium(8-39),0.3624,misclassified
sentiment-te-00330,en-Latn,positive,negative,,,,,,sentiment,baseline,tweets-english,medium(8-39),0.4066,misclassified
sentiment-te-00331,en-Latn,negative,positive,,,,,,sentiment,baseline,tweets-english,medium(8-39),0.3958,misclassified
sentiment-te-00332,en-Latn,neutral,negative,,,,,,sentiment,baseline,tweets-english,short(<8),0.4332,misclassified
sentiment-te-00335,en-Latn,neutral,negative,,,,,,sentiment,baseline,tweets-english,medium(8-39),0.604,misclassified
sentiment-te-00339,en-Latn,positive,neutral,,,,,,sentiment,baseline,tweets-english,short(<8),0.425,misclassified
sentiment-te-00341,en-Latn,neutral,negative,,,,,,sentiment,baseline,tweets-english,medium(8-39),0.4246,misclassified
sentiment-te-00342,en-Latn,positive,negative,,,,,,sentiment,baseline,tweets-english,medium(8-39),0.4756,misclassified
sentiment-te-00343,en-Latn,negative,neutral,,,,,,sentiment,baseline,tweets-english,medium(8-39),0.3525,misclassified
sentiment-te-00345,en-Latn,positive,neutral,,,,,,sentiment,baseline,tweets-english,medium(8-39),0.4413,misclassified
sentiment-te-00347,en-Latn,neutral,negative,,,,,,sentiment,baseline,tweets-english,medium(8-39),0.3749,misclassified
sentiment-te-00349,en-Latn,negative,neutral,,,,,,sentiment,baseline,tweets-english,medium(8-39),0.4026,misclassified
sentiment-te-00350,en-Latn,neutral,negative,,,,,,sentiment,baseline,tweets-english,medium(8-39),0.644,misclassified
sentiment-te-00354,en-Latn,positive,neutral,,,,,,sentiment,baseline,tweets-english,medium(8-39),0.3364,misclassified
sentiment-te-00356,en-Latn,neutral,negative,,,,,,sentiment,baseline,tweets-english,medium(8-39),0.4196,misclassified
sentiment-te-00360,en-Latn,positive,negative,,,,,,sentiment,baseline,tweets-english,medium(8-39),0.4835,misclassified
sentiment-te-00362,en-Latn,neutral,negative,,,,,,sentiment,baseline,tweets-english,medium(8-39),0.344,misclassified
sentiment-te-00365,en-Latn,neutral,negative,,,,,,sentiment,baseline,tweets-english,medium(8-39),0.5811,misclassified
sentiment-te-00366,en-Latn,positive,negative,,,,,,sentiment,baseline,tweets-english,medium(8-39),0.3634,misclassified
sentiment-te-00368,en-Latn,neutral,positive,,,,,,sentiment,baseline,tweets-english,medium(8-39),0.387,misclassified
sentiment-te-00369,en-Latn,positive,negative,,,,,,sentiment,baseline,tweets-english,medium(8-39),0.493,misclassified
sentiment-te-00371,en-Latn,neutral,negative,,,,,,sentiment,baseline,tweets-english,medium(8-39),0.5222,misclassified
sentiment-te-00379,en-Latn,negative,positive,,,,,,sentiment,baseline,tweets-english,medium(8-39),0.4143,misclassified
sentiment-te-00380,en-Latn,neutral,positive,,,,,,sentiment,baseline,tweets-english,medium(8-39),0.3935,misclassified
sentiment-te-00383,en-Latn,neutral,negative,,,,,,sentiment,baseline,tweets-english,medium(8-39),0.4947,misclassified
sentiment-te-00388,en-Latn,negative,neutral,,,,,,sentiment,baseline,tweets-english,medium(8-39),0.4613,misclassified
sentiment-te-00389,en-Latn,neutral,positive,,,,,,sentiment,baseline,tweets-english,medium(8-39),0.4431,misclassified
sentiment-te-00392,en-Latn,neutral,negative,,,,,,sentiment,baseline,tweets-english,medium(8-39),0.3856,misclassified
sentiment-te-00393,en-Latn,positive,negative,,,,,,sentiment,baseline,tweets-english,medium(8-39),0.41,misclassified
sentiment-te-00396,en-Latn,positive,negative,,,,,,sentiment,baseline,tweets-english,medium(8-39),0.3525,misclassified
sentiment-te-00397,en-Latn,negative,neutral,,,,,,sentiment,baseline,tweets-english,medium(8-39),0.4315,misclassified
sentiment-te-00398,en-Latn,neutral,negative,,,,,,sentiment,baseline,tweets-english,medium(8-39),0.5267,misclassified
sentiment-te-00401,en-Latn,neutral,negative,,,,,,sentiment,baseline,tweets-english,medium(8-39),0.4352,misclassified
sentiment-te-00402,en-Latn,positive,negative,,,,,,sentiment,baseline,tweets-english,medium(8-39),0.6002,misclassified
sentiment-te-00409,en-Latn,negative,positive,,,,,,sentiment,baseline,tweets-english,medium(8-39),0.4024,misclassified
sentiment-te-00410,en-Latn,neutral,positive,,,,,,sentiment,baseline,tweets-english,medium(8-39),0.4039,misclassified
sentiment-te-00416,en-Latn,neutral,negative,,,,,,sentiment,baseline,tweets-english,medium(8-39),0.4004,misclassified
sentiment-te-00419,en-Latn,neutral,positive,,,,,,sentiment,baseline,tweets-english,medium(8-39),0.4299,misclassified
sentiment-te-00422,en-Latn,neutral,negative,,,,,,sentiment,baseline,tweets-english,medium(8-39),0.5682,misclassified
sentiment-te-00428,en-Latn,neutral,negative,,,,,,sentiment,baseline,tweets-english,short(<8),0.4278,misclassified
sentiment-te-00429,en-Latn,positive,negative,,,,,,sentiment,baseline,tweets-english,medium(8-39),0.4359,misclassified
sentiment-te-00431,en-Latn,neutral,negative,,,,,,sentiment,baseline,tweets-english,medium(8-39),0.379,misclassified
sentiment-te-00434,en-Latn,neutral,negative,,,,,,sentiment,baseline,tweets-english,medium(8-39),0.4854,misclassified
sentiment-te-00436,en-Latn,negative,neutral,,,,,,sentiment,baseline,tweets-english,medium(8-39),0.4508,misclassified
sentiment-te-00437,en-Latn,neutral,positive,,,,,,sentiment,baseline,tweets-english,medium(8-39),0.3567,misclassified
sentiment-te-00438,en-Latn,positive,negative,,,,,,sentiment,baseline,tweets-english,medium(8-39),0.4084,misclassified
sentiment-te-00440,en-Latn,neutral,negative,,,,,,sentiment,baseline,tweets-english,medium(8-39),0.4447,misclassified
sentiment-te-00443,en-Latn,neutral,negative,,,,,,sentiment,baseline,tweets-english,medium(8-39),0.544,misclassified
sentiment-te-00444,en-Latn,positive,neutral,,,,,,sentiment,baseline,tweets-english,medium(8-39),0.471,misclassified
sentiment-te-00446,en-Latn,neutral,negative,,,,,,sentiment,baseline,tweets-english,medium(8-39),0.398,misclassified
sentiment-te-00447,en-Latn,positive,neutral,,,,,,sentiment,baseline,tweets-english,short(<8),0.5704,misclassified
sentiment-te-00448,en-Latn,negative,neutral,,,,,,sentiment,baseline,tweets-english,medium(8-39),0.4821,misclassified
sentiment-te-00449,en-Latn,neutral,negative,,,,,,sentiment,baseline,tweets-english,medium(8-39),0.4023,misclassified
sentiment-te-00453,en-Latn,positive,negative,,,,,,sentiment,baseline,tweets-english,short(<8),0.3805,misclassified
sentiment-te-00454,en-Latn,negative,neutral,,,,,,sentiment,baseline,tweets-english,short(<8),0.3594,misclassified
sentiment-te-00455,en-Latn,neutral,negative,,,,,,sentiment,baseline,tweets-english,medium(8-39),0.4834,misclassified
sentiment-te-00458,en-Latn,neutral,positive,,,,,,sentiment,baseline,tweets-english,medium(8-39),0.4943,misclassified
sentiment-te-00459,en-Latn,positive,negative,,,,,,sentiment,baseline,tweets-english,medium(8-39),0.3834,misclassified
sentiment-te-00461,en-Latn,neutral,positive,,,,,,sentiment,baseline,tweets-english,medium(8-39),0.394,misclassified
sentiment-te-00463,en-Latn,negative,neutral,,,,,,sentiment,baseline,tweets-english,medium(8-39),0.4092,misclassified
sentiment-te-00464,en-Latn,neutral,negative,,,,,,sentiment,baseline,tweets-english,medium(8-39),0.4445,misclassified
sentiment-te-00467,en-Latn,neutral,negative,,,,,,sentiment,baseline,tweets-english,medium(8-39),0.4084,misclassified
sentiment-te-00468,en-Latn,positive,neutral,,,,,,sentiment,baseline,tweets-english,medium(8-39),0.4952,misclassified
sentiment-te-00469,en-Latn,negative,neutral,,,,,,sentiment,baseline,tweets-english,medium(8-39),0.4402,misclassified
sentiment-te-00470,en-Latn,neutral,negative,,,,,,sentiment,baseline,tweets-english,medium(8-39),0.3833,misclassified
sentiment-te-00472,en-Latn,negative,neutral,,,,,,sentiment,baseline,tweets-english,medium(8-39),0.4547,misclassified
sentiment-te-00473,en-Latn,neutral,negative,,,,,,sentiment,baseline,tweets-english,short(<8),0.4673,misclassified
sentiment-te-00479,en-Latn,neutral,negative,,,,,,sentiment,baseline,tweets-english,medium(8-39),0.672,misclassified
sentiment-te-00480,en-Latn,positive,neutral,,,,,,sentiment,baseline,tweets-english,medium(8-39),0.4152,misclassified
sentiment-te-00482,en-Latn,neutral,negative,,,,,,sentiment,baseline,tweets-english,medium(8-39),0.5723,misclassified
sentiment-te-00484,en-Latn,negative,neutral,,,,,,sentiment,baseline,tweets-english,medium(8-39),0.4255,misclassified
sentiment-te-00485,en-Latn,neutral,negative,,,,,,sentiment,baseline,tweets-english,medium(8-39),0.4342,misclassified
sentiment-te-00486,en-Latn,positive,neutral,,,,,,sentiment,baseline,tweets-english,medium(8-39),0.3647,misclassified
sentiment-te-00487,en-Latn,negative,neutral,,,,,,sentiment,baseline,tweets-english,medium(8-39),0.3692,misclassified
sentiment-te-00489,en-Latn,positive,neutral,,,,,,sentiment,baseline,tweets-english,medium(8-39),0.4255,misclassified
sentiment-te-00491,en-Latn,neutral,negative,,,,,,sentiment,baseline,tweets-english,medium(8-39),0.3892,misclassified
sentiment-te-00492,en-Latn,positive,negative,,,,,,sentiment,baseline,tweets-english,medium(8-39),0.4579,misclassified
sentiment-te-00495,en-Latn,positive,negative,,,,,,sentiment,baseline,tweets-english,medium(8-39),0.4524,misclassified
sentiment-te-00498,en-Latn,positive,neutral,,,,,,sentiment,baseline,tweets-english,medium(8-39),0.4799,misclassified
sentiment-te-00500,en-Latn,neutral,positive,,,,,,sentiment,baseline,tweets-english,medium(8-39),0.4393,misclassified
sentiment-te-00501,en-Latn,positive,negative,,,,,,sentiment,baseline,tweets-english,medium(8-39),0.4543,misclassified
sentiment-te-00503,en-Latn,neutral,negative,,,,,,sentiment,baseline,tweets-english,medium(8-39),0.5419,misclassified
sentiment-te-00504,en-Latn,positive,neutral,,,,,,sentiment,baseline,tweets-english,medium(8-39),0.4015,misclassified
sentiment-te-00505,en-Latn,negative,neutral,,,,,,sentiment,baseline,tweets-english,medium(8-39),0.4241,misclassified
sentiment-te-00506,en-Latn,neutral,positive,,,,,,sentiment,baseline,tweets-english,short(<8),0.4319,misclassified
sentiment-te-00509,en-Latn,neutral,negative,,,,,,sentiment,baseline,tweets-english,medium(8-39),0.6404,misclassified
sentiment-te-00511,en-Latn,negative,neutral,,,,,,sentiment,baseline,tweets-english,medium(8-39),0.4777,misclassified
sentiment-te-00512,en-Latn,neutral,negative,,,,,,sentiment,baseline,tweets-english,medium(8-39),0.4259,misclassified
sentiment-te-00515,en-Latn,neutral,negative,,,,,,sentiment,baseline,tweets-english,medium(8-39),0.4407,misclassified
sentiment-te-00516,en-Latn,positive,neutral,,,,,,sentiment,baseline,tweets-english,medium(8-39),0.4094,misclassified
sentiment-te-00518,en-Latn,neutral,negative,,,,,,sentiment,baseline,tweets-english,medium(8-39),0.4582,misclassified
sentiment-te-00522,en-Latn,positive,negative,,,,,,sentiment,baseline,tweets-english,medium(8-39),0.5306,misclassified
sentiment-te-00523,en-Latn,negative,neutral,,,,,,sentiment,baseline,tweets-english,medium(8-39),0.4107,misclassified
sentiment-te-00524,en-Latn,neutral,positive,,,,,,sentiment,baseline,tweets-english,medium(8-39),0.4971,misclassified
sentiment-te-00525,en-Latn,positive,neutral,,,,,,sentiment,baseline,tweets-english,medium(8-39),0.364,misclassified
sentiment-te-00530,en-Latn,neutral,negative,,,,,,sentiment,baseline,tweets-english,medium(8-39),0.4259,misclassified
sentiment-te-00531,en-Latn,positive,neutral,,,,,,sentiment,baseline,tweets-english,medium(8-39),0.5931,misclassified
sentiment-te-00532,en-Latn,negative,positive,,,,,,sentiment,baseline,tweets-english,medium(8-39),0.5195,misclassified
sentiment-te-00535,en-Latn,negative,positive,,,,,,sentiment,baseline,tweets-english,medium(8-39),0.3978,misclassified
sentiment-te-00537,en-Latn,positive,neutral,,,,,,sentiment,baseline,tweets-english,medium(8-39),0.4161,misclassified
sentiment-te-00538,en-Latn,negative,neutral,,,,,,sentiment,baseline,tweets-english,medium(8-39),0.3982,misclassified
sentiment-te-00539,en-Latn,neutral,negative,,,,,,sentiment,baseline,tweets-english,medium(8-39),0.4304,misclassified
sentiment-te-00542,en-Latn,neutral,positive,,,,,,sentiment,baseline,tweets-english,medium(8-39),0.3994,misclassified
sentiment-te-00548,en-Latn,neutral,negative,,,,,,sentiment,baseline,tweets-english,short(<8),0.3812,misclassified
sentiment-te-00549,en-Latn,positive,neutral,,,,,,sentiment,baseline,tweets-english,medium(8-39),0.3743,misclassified
sentiment-te-00551,en-Latn,neutral,positive,,,,,,sentiment,baseline,tweets-english,medium(8-39),0.4932,misclassified
sentiment-te-00553,en-Latn,negative,positive,,,,,,sentiment,baseline,tweets-english,medium(8-39),0.3798,misclassified
sentiment-te-00554,en-Latn,neutral,negative,,,,,,sentiment,baseline,tweets-english,medium(8-39),0.3972,misclassified
sentiment-te-00560,en-Latn,neutral,negative,,,,,,sentiment,baseline,tweets-english,medium(8-39),0.5413,misclassified
sentiment-te-00561,en-Latn,positive,negative,,,,,,sentiment,baseline,tweets-english,medium(8-39),0.439,misclassified
sentiment-te-00563,en-Latn,neutral,negative,,,,,,sentiment,baseline,tweets-english,medium(8-39),0.4759,misclassified
sentiment-te-00564,en-Latn,positive,neutral,,,,,,sentiment,baseline,tweets-english,medium(8-39),0.4896,misclassified
sentiment-te-00566,en-Latn,neutral,negative,,,,,,sentiment,baseline,tweets-english,medium(8-39),0.5984,misclassified
sentiment-te-00570,en-Latn,positive,neutral,,,,,,sentiment,baseline,tweets-english,short(<8),0.4431,misclassified
sentiment-te-00572,en-Latn,neutral,negative,,,,,,sentiment,baseline,tweets-english,medium(8-39),0.3985,misclassified
sentiment-te-00574,en-Latn,negative,neutral,,,,,,sentiment,baseline,tweets-english,medium(8-39),0.4075,misclassified
sentiment-te-00575,en-Latn,neutral,negative,,,,,,sentiment,baseline,tweets-english,medium(8-39),0.4019,misclassified
sentiment-te-00578,en-Latn,neutral,positive,,,,,,sentiment,baseline,tweets-english,short(<8),0.3815,misclassified
sentiment-te-00580,en-Latn,negative,positive,,,,,,sentiment,baseline,tweets-english,medium(8-39),0.4109,misclassified
sentiment-te-00582,en-Latn,positive,negative,,,,,,sentiment,baseline,tweets-english,medium(8-39),0.5162,misclassified
sentiment-te-00584,en-Latn,neutral,negative,,,,,,sentiment,baseline,tweets-english,medium(8-39),0.4581,misclassified
sentiment-te-00585,en-Latn,positive,negative,,,,,,sentiment,baseline,tweets-english,medium(8-39),0.4546,misclassified
sentiment-te-00588,en-Latn,positive,neutral,,,,,,sentiment,baseline,tweets-english,medium(8-39),0.5209,misclassified
sentiment-te-00589,en-Latn,negative,neutral,,,,,,sentiment,baseline,tweets-english,medium(8-39),0.4407,misclassified
sentiment-te-00590,en-Latn,neutral,negative,,,,,,sentiment,baseline,tweets-english,medium(8-39),0.5084,misclassified
sentiment-te-00591,en-Latn,positive,neutral,,,,,,sentiment,baseline,tweets-english,short(<8),0.4178,misclassified
sentiment-te-00593,en-Latn,neutral,negative,,,,,,sentiment,baseline,tweets-english,medium(8-39),0.5857,misclassified
sentiment-te-00594,en-Latn,positive,negative,,,,,,sentiment,baseline,tweets-english,medium(8-39),0.3664,misclassified
sentiment-te-00596,en-Latn,neutral,negative,,,,,,sentiment,baseline,tweets-english,short(<8),0.4638,misclassified
sentiment-te-00597,en-Latn,positive,neutral,,,,,,sentiment,baseline,tweets-english,medium(8-39),0.4114,misclassified
sentiment-te-00599,en-Latn,neutral,negative,,,,,,sentiment,baseline,tweets-english,medium(8-39),0.4259,misclassified
sentiment-te-00600,en-Latn,positive,neutral,,,,,,sentiment,baseline,tweets-english,medium(8-39),0.4143,misclassified
sentiment-te-00602,en-Latn,neutral,negative,,,,,,sentiment,baseline,tweets-english,medium(8-39),0.4279,misclassified
sentiment-te-00603,en-Latn,positive,negative,,,,,,sentiment,baseline,tweets-english,short(<8),0.3872,misclassified
sentiment-te-00607,en-Latn,negative,neutral,,,,,,sentiment,baseline,tweets-english,medium(8-39),0.4345,misclassified
sentiment-te-00614,en-Latn,neutral,negative,,,,,,sentiment,baseline,tweets-english,medium(8-39),0.4265,misclassified
sentiment-te-00619,en-Latn,negative,neutral,,,,,,sentiment,baseline,tweets-english,medium(8-39),0.385,misclassified
sentiment-te-00623,en-Latn,neutral,negative,,,,,,sentiment,baseline,tweets-english,medium(8-39),0.4184,misclassified
sentiment-te-00629,en-Latn,neutral,negative,,,,,,sentiment,baseline,tweets-english,short(<8),0.356,misclassified
sentiment-te-00632,en-Latn,neutral,negative,,,,,,sentiment,baseline,tweets-english,medium(8-39),0.415,misclassified
sentiment-te-00635,en-Latn,neutral,negative,,,,,,sentiment,baseline,tweets-english,medium(8-39),0.3453,misclassified
sentiment-te-00638,en-Latn,neutral,negative,,,,,,sentiment,baseline,tweets-english,medium(8-39),0.5182,misclassified
sentiment-te-00639,en-Latn,positive,negative,,,,,,sentiment,baseline,tweets-english,medium(8-39),0.3665,misclassified
sentiment-te-00642,en-Latn,positive,negative,,,,,,sentiment,baseline,tweets-english,medium(8-39),0.4978,misclassified
sentiment-te-00643,en-Latn,negative,neutral,,,,,,sentiment,baseline,tweets-english,medium(8-39),0.342,misclassified
sentiment-te-00647,en-Latn,neutral,positive,,,,,,sentiment,baseline,tweets-english,short(<8),0.3609,misclassified
sentiment-te-00648,en-Latn,positive,neutral,,,,,,sentiment,baseline,tweets-english,short(<8),0.4196,misclassified
sentiment-te-00653,en-Latn,neutral,negative,,,,,,sentiment,baseline,tweets-english,medium(8-39),0.4781,misclassified
sentiment-te-00658,en-Latn,negative,neutral,,,,,,sentiment,baseline,tweets-english,medium(8-39),0.4257,misclassified
sentiment-te-00659,en-Latn,neutral,negative,,,,,,sentiment,baseline,tweets-english,medium(8-39),0.4043,misclassified
sentiment-te-00660,en-Latn,positive,neutral,,,,,,sentiment,baseline,tweets-english,medium(8-39),0.3998,misclassified
sentiment-te-00662,en-Latn,neutral,negative,,,,,,sentiment,baseline,tweets-english,medium(8-39),0.3756,misclassified
sentiment-te-00665,en-Latn,neutral,negative,,,,,,sentiment,baseline,tweets-english,medium(8-39),0.4093,misclassified
sentiment-te-00671,en-Latn,neutral,positive,,,,,,sentiment,baseline,tweets-english,medium(8-39),0.4679,misclassified
sentiment-te-00674,en-Latn,neutral,negative,,,,,,sentiment,baseline,tweets-english,medium(8-39),0.4989,misclassified
sentiment-te-00676,en-Latn,negative,neutral,,,,,,sentiment,baseline,tweets-english,medium(8-39),0.4757,misclassified
sentiment-te-00677,en-Latn,neutral,negative,,,,,,sentiment,baseline,tweets-english,medium(8-39),0.5658,misclassified
sentiment-te-00678,en-Latn,positive,neutral,,,,,,sentiment,baseline,tweets-english,medium(8-39),0.4775,misclassified
sentiment-te-00680,en-Latn,neutral,positive,,,,,,sentiment,baseline,tweets-english,medium(8-39),0.3667,misclassified
sentiment-te-00685,en-Latn,negative,neutral,,,,,,sentiment,baseline,tweets-english,medium(8-39),0.4227,misclassified
sentiment-te-00686,en-Latn,neutral,negative,,,,,,sentiment,baseline,tweets-english,medium(8-39),0.4927,misclassified
sentiment-te-00690,en-Latn,positive,neutral,,,,,,sentiment,baseline,tweets-english,short(<8),0.4136,misclassified
sentiment-te-00692,en-Latn,neutral,negative,,,,,,sentiment,baseline,tweets-english,medium(8-39),0.4594,misclassified
sentiment-te-00693,en-Latn,positive,neutral,,,,,,sentiment,baseline,tweets-english,medium(8-39),0.3464,misclassified
sentiment-te-00698,en-Latn,neutral,positive,,,,,,sentiment,baseline,tweets-english,medium(8-39),0.6655,misclassified
sentiment-te-00699,en-Latn,positive,negative,,,,,,sentiment,baseline,tweets-english,medium(8-39),0.4238,misclassified
sentiment-te-00702,en-Latn,positive,negative,,,,,,sentiment,baseline,tweets-english,medium(8-39),0.3534,misclassified
sentiment-te-00704,en-Latn,neutral,negative,,,,,,sentiment,baseline,tweets-english,medium(8-39),0.4599,misclassified
sentiment-te-00705,en-Latn,positive,neutral,,,,,,sentiment,baseline,tweets-english,short(<8),0.3612,misclassified
sentiment-te-00706,en-Latn,negative,positive,,,,,,sentiment,baseline,tweets-english,medium(8-39),0.4006,misclassified
sentiment-te-00707,en-Latn,neutral,positive,,,,,,sentiment,baseline,tweets-english,medium(8-39),0.4914,misclassified
sentiment-te-00708,en-Latn,positive,neutral,,,,,,sentiment,baseline,tweets-english,medium(8-39),0.3745,misclassified
sentiment-te-00713,en-Latn,neutral,negative,,,,,,sentiment,baseline,tweets-english,medium(8-39),0.4342,misclassified
sentiment-te-00714,en-Latn,positive,negative,,,,,,sentiment,baseline,tweets-english,medium(8-39),0.3699,misclassified
sentiment-te-00716,en-Latn,neutral,negative,,,,,,sentiment,baseline,tweets-english,medium(8-39),0.488,misclassified
sentiment-te-00717,en-Latn,positive,negative,,,,,,sentiment,baseline,tweets-english,short(<8),0.5054,misclassified
sentiment-te-00718,en-Latn,negative,neutral,,,,,,sentiment,baseline,tweets-english,medium(8-39),0.5035,misclassified
sentiment-te-00719,en-Latn,neutral,negative,,,,,,sentiment,baseline,tweets-english,medium(8-39),0.4211,misclassified
sentiment-te-00722,en-Latn,neutral,negative,,,,,,sentiment,baseline,tweets-english,medium(8-39),0.4244,misclassified
sentiment-te-00724,en-Latn,negative,neutral,,,,,,sentiment,baseline,tweets-english,short(<8),0.3809,misclassified
sentiment-te-00728,en-Latn,neutral,negative,,,,,,sentiment,baseline,tweets-english,medium(8-39),0.5084,misclassified
sentiment-te-00729,en-Latn,positive,negative,,,,,,sentiment,baseline,tweets-english,medium(8-39),0.4186,misclassified
sentiment-te-00731,en-Latn,neutral,negative,,,,,,sentiment,baseline,tweets-english,medium(8-39),0.4487,misclassified
sentiment-te-00734,en-Latn,neutral,negative,,,,,,sentiment,baseline,tweets-english,medium(8-39),0.5275,misclassified
sentiment-te-00740,en-Latn,neutral,positive,,,,,,sentiment,baseline,tweets-english,medium(8-39),0.3716,misclassified
sentiment-te-00742,en-Latn,negative,neutral,,,,,,sentiment,baseline,tweets-english,medium(8-39),0.3884,misclassified
sentiment-te-00743,en-Latn,neutral,positive,,,,,,sentiment,baseline,tweets-english,medium(8-39),0.3888,misclassified
sentiment-te-00744,en-Latn,positive,neutral,,,,,,sentiment,baseline,tweets-english,short(<8),0.4268,misclassified
sentiment-te-00746,en-Latn,neutral,negative,,,,,,sentiment,baseline,tweets-english,medium(8-39),0.4551,misclassified
sentiment-te-00747,en-Latn,positive,negative,,,,,,sentiment,baseline,tweets-english,medium(8-39),0.3376,misclassified
sentiment-te-00750,en-Latn,positive,negative,,,,,,sentiment,baseline,tweets-english,medium(8-39),0.4185,misclassified
sentiment-te-00752,en-Latn,neutral,negative,,,,,,sentiment,baseline,tweets-english,medium(8-39),0.4596,misclassified
sentiment-te-00754,en-Latn,negative,neutral,,,,,,sentiment,baseline,tweets-english,medium(8-39),0.4201,misclassified
sentiment-te-00755,en-Latn,neutral,positive,,,,,,sentiment,baseline,tweets-english,medium(8-39),0.4896,misclassified
sentiment-te-00756,en-Latn,positive,neutral,,,,,,sentiment,baseline,tweets-english,medium(8-39),0.3848,misclassified
sentiment-te-00758,en-Latn,neutral,negative,,,,,,sentiment,baseline,tweets-english,medium(8-39),0.5234,misclassified
sentiment-te-00759,en-Latn,positive,neutral,,,,,,sentiment,baseline,tweets-english,medium(8-39),0.3705,misclassified
sentiment-te-00760,en-Latn,negative,neutral,,,,,,sentiment,baseline,tweets-english,medium(8-39),0.4453,misclassified
sentiment-te-00764,en-Latn,neutral,negative,,,,,,sentiment,baseline,tweets-english,medium(8-39),0.4161,misclassified
sentiment-te-00768,en-Latn,positive,neutral,,,,,,sentiment,baseline,tweets-english,medium(8-39),0.3559,misclassified
sentiment-te-00770,en-Latn,neutral,positive,,,,,,sentiment,baseline,tweets-english,medium(8-39),0.3537,misclassified
sentiment-te-00772,en-Latn,negative,neutral,,,,,,sentiment,baseline,tweets-english,medium(8-39),0.378,misclassified
sentiment-te-00774,en-Latn,positive,neutral,,,,,,sentiment,baseline,tweets-english,medium(8-39),0.6103,misclassified
sentiment-te-00776,en-Latn,neutral,positive,,,,,,sentiment,baseline,tweets-english,medium(8-39),0.4377,misclassified
sentiment-te-00777,en-Latn,positive,neutral,,,,,,sentiment,baseline,tweets-english,medium(8-39),0.3493,misclassified
sentiment-te-00779,en-Latn,neutral,negative,,,,,,sentiment,baseline,tweets-english,short(<8),0.4033,misclassified
sentiment-te-00780,en-Latn,positive,neutral,,,,,,sentiment,baseline,tweets-english,medium(8-39),0.4139,misclassified
sentiment-te-00782,en-Latn,neutral,positive,,,,,,sentiment,baseline,tweets-english,medium(8-39),0.4122,misclassified
sentiment-te-00783,en-Latn,positive,neutral,,,,,,sentiment,baseline,tweets-english,short(<8),0.3777,misclassified
sentiment-te-00784,en-Latn,negative,positive,,,,,,sentiment,baseline,tweets-english,medium(8-39),0.3825,misclassified
sentiment-te-00785,en-Latn,neutral,negative,,,,,,sentiment,baseline,tweets-english,short(<8),0.5116,misclassified
sentiment-te-00786,en-Latn,positive,negative,,,,,,sentiment,baseline,tweets-english,medium(8-39),0.4717,misclassified
sentiment-te-00787,en-Latn,negative,neutral,,,,,,sentiment,baseline,tweets-english,medium(8-39),0.4833,misclassified
sentiment-te-00788,en-Latn,neutral,negative,,,,,,sentiment,baseline,tweets-english,medium(8-39),0.4252,misclassified
sentiment-te-00789,en-Latn,positive,neutral,,,,,,sentiment,baseline,tweets-english,medium(8-39),0.3609,misclassified
sentiment-te-00791,en-Latn,neutral,positive,,,,,,sentiment,baseline,tweets-english,short(<8),0.4273,misclassified
sentiment-te-00792,en-Latn,positive,neutral,,,,,,sentiment,baseline,tweets-english,medium(8-39),0.4277,misclassified
sentiment-te-00794,en-Latn,neutral,negative,,,,,,sentiment,baseline,tweets-english,short(<8),0.4476,misclassified
sentiment-te-00798,en-Latn,positive,neutral,,,,,,sentiment,baseline,tweets-english,medium(8-39),0.5126,misclassified
sentiment-te-00801,en-Latn,positive,neutral,,,,,,sentiment,baseline,tweets-english,short(<8),0.3915,misclassified
sentiment-te-00802,en-Latn,negative,neutral,,,,,,sentiment,baseline,tweets-english,short(<8),0.4794,misclassified
sentiment-te-00803,en-Latn,neutral,negative,,,,,,sentiment,baseline,tweets-english,medium(8-39),0.4597,misclassified
sentiment-te-00809,en-Latn,neutral,positive,,,,,,sentiment,baseline,tweets-english,medium(8-39),0.3717,misclassified
sentiment-te-00810,en-Latn,positive,neutral,,,,,,sentiment,baseline,tweets-english,medium(8-39),0.408,misclassified
sentiment-te-00811,en-Latn,negative,positive,,,,,,sentiment,baseline,tweets-english,medium(8-39),0.4061,misclassified
sentiment-te-00813,en-Latn,positive,negative,,,,,,sentiment,baseline,tweets-english,medium(8-39),0.4122,misclassified
sentiment-te-00815,en-Latn,neutral,negative,,,,,,sentiment,baseline,tweets-english,medium(8-39),0.4125,misclassified
sentiment-te-00816,en-Latn,positive,negative,,,,,,sentiment,baseline,tweets-english,medium(8-39),0.3548,misclassified
sentiment-te-00821,en-Latn,neutral,negative,,,,,,sentiment,baseline,tweets-english,medium(8-39),0.492,misclassified
sentiment-te-00822,en-Latn,positive,neutral,,,,,,sentiment,baseline,tweets-english,medium(8-39),0.3388,misclassified
sentiment-te-00823,en-Latn,negative,positive,,,,,,sentiment,baseline,tweets-english,medium(8-39),0.4341,misclassified
sentiment-te-00824,en-Latn,neutral,negative,,,,,,sentiment,baseline,tweets-english,medium(8-39),0.4634,misclassified
sentiment-te-00826,en-Latn,negative,neutral,,,,,,sentiment,baseline,tweets-english,medium(8-39),0.4296,misclassified
sentiment-te-00827,en-Latn,neutral,positive,,,,,,sentiment,baseline,tweets-english,medium(8-39),0.4524,misclassified
sentiment-te-00828,en-Latn,positive,neutral,,,,,,sentiment,baseline,tweets-english,medium(8-39),0.4498,misclassified
sentiment-te-00830,en-Latn,neutral,negative,,,,,,sentiment,baseline,tweets-english,medium(8-39),0.4542,misclassified
sentiment-te-00831,en-Latn,positive,neutral,,,,,,sentiment,baseline,tweets-english,medium(8-39),0.3726,misclassified
sentiment-te-00833,en-Latn,neutral,negative,,,,,,sentiment,baseline,tweets-english,medium(8-39),0.4878,misclassified
sentiment-te-00835,en-Latn,negative,positive,,,,,,sentiment,baseline,tweets-english,medium(8-39),0.49,misclassified
sentiment-te-00842,en-Latn,neutral,negative,,,,,,sentiment,baseline,tweets-english,short(<8),0.452,misclassified
sentiment-te-00843,en-Latn,positive,neutral,,,,,,sentiment,baseline,tweets-english,medium(8-39),0.5434,misclassified
sentiment-te-00844,en-Latn,negative,neutral,,,,,,sentiment,baseline,tweets-english,medium(8-39),0.4029,misclassified
sentiment-te-00845,en-Latn,neutral,negative,,,,,,sentiment,baseline,tweets-english,medium(8-39),0.4929,misclassified
sentiment-te-00846,en-Latn,positive,negative,,,,,,sentiment,baseline,tweets-english,medium(8-39),0.4988,misclassified
sentiment-te-00850,en-Latn,negative,neutral,,,,,,sentiment,baseline,tweets-english,medium(8-39),0.3537,misclassified
sentiment-te-00851,en-Latn,neutral,positive,,,,,,sentiment,baseline,tweets-english,short(<8),0.4568,misclassified
sentiment-te-00852,en-Latn,positive,negative,,,,,,sentiment,baseline,tweets-english,medium(8-39),0.4265,misclassified
sentiment-te-00854,en-Latn,neutral,negative,,,,,,sentiment,baseline,tweets-english,medium(8-39),0.3836,misclassified
sentiment-te-00856,en-Latn,negative,positive,,,,,,sentiment,baseline,tweets-english,medium(8-39),0.4465,misclassified
sentiment-te-00857,en-Latn,neutral,negative,,,,,,sentiment,baseline,tweets-english,medium(8-39),0.3917,misclassified
sentiment-te-00860,en-Latn,neutral,positive,,,,,,sentiment,baseline,tweets-english,medium(8-39),0.6275,misclassified
sentiment-te-00861,en-Latn,positive,negative,,,,,,sentiment,baseline,tweets-english,medium(8-39),0.4091,misclassified
sentiment-te-00867,en-Latn,positive,neutral,,,,,,sentiment,baseline,tweets-english,short(<8),0.493,misclassified
sentiment-te-00870,en-Latn,positive,negative,,,,,,sentiment,baseline,tweets-english,medium(8-39),0.4717,misclassified
sentiment-te-00875,hi-Latn,neutral,positive,,,,,,sentiment,baseline,tweets-hindi,medium(8-39),0.3977,misclassified
sentiment-te-00878,hi-Latn,neutral,negative,,,,,,sentiment,baseline,tweets-hindi,short(<8),0.5099,misclassified
sentiment-te-00879,hi-Latn,positive,negative,,,,,,sentiment,baseline,tweets-hindi,medium(8-39),0.4562,misclassified
sentiment-te-00882,hi-Latn,positive,negative,,,,,,sentiment,baseline,tweets-hindi,medium(8-39),0.5042,misclassified
sentiment-te-00884,hi-Latn,neutral,negative,,,,,,sentiment,baseline,tweets-hindi,medium(8-39),0.3801,misclassified
sentiment-te-00887,hi-Latn,neutral,positive,,,,,,sentiment,baseline,tweets-hindi,medium(8-39),0.4186,misclassified
sentiment-te-00888,hi-Latn,positive,negative,,,,,,sentiment,baseline,tweets-hindi,medium(8-39),0.5673,misclassified
sentiment-te-00889,hi-Latn,negative,positive,,,,,,sentiment,baseline,tweets-hindi,medium(8-39),0.4086,misclassified
sentiment-te-00890,hi-Latn,neutral,positive,,,,,,sentiment,baseline,tweets-hindi,short(<8),0.421,misclassified
sentiment-te-00891,hi-Latn,positive,negative,,,,,,sentiment,baseline,tweets-hindi,medium(8-39),0.3761,misclassified
sentiment-te-00893,hi-Latn,neutral,negative,,,,,,sentiment,baseline,tweets-hindi,short(<8),0.4522,misclassified
sentiment-te-00894,hi-Latn,positive,negative,,,,,,sentiment,baseline,tweets-hindi,medium(8-39),0.3679,misclassified
sentiment-te-00896,hi-Latn,positive,neutral,,,,,,sentiment,baseline,tweets-hindi,medium(8-39),0.4143,misclassified
sentiment-te-00898,hi-Latn,neutral,positive,,,,,,sentiment,baseline,tweets-hindi,medium(8-39),0.3662,misclassified
sentiment-te-00900,hi-Latn,negative,positive,,,,,,sentiment,baseline,tweets-hindi,short(<8),0.3896,misclassified
sentiment-te-00902,hi-Latn,positive,neutral,,,,,,sentiment,baseline,tweets-hindi,medium(8-39),0.4199,misclassified
sentiment-te-00905,hi-Latn,positive,neutral,,,,,,sentiment,baseline,tweets-hindi,medium(8-39),0.4974,misclassified
sentiment-te-00906,hi-Latn,negative,positive,,,,,,sentiment,baseline,tweets-hindi,short(<8),0.5652,misclassified
sentiment-te-00907,hi-Latn,neutral,positive,,,,,,sentiment,baseline,tweets-hindi,short(<8),0.5152,misclassified
sentiment-te-00908,hi-Latn,positive,negative,,,,,,sentiment,baseline,tweets-hindi,medium(8-39),0.6089,misclassified
sentiment-te-00910,hi-Latn,neutral,positive,,,,,,sentiment,baseline,tweets-hindi,medium(8-39),0.5435,misclassified
sentiment-te-00915,hi-Latn,negative,positive,,,,,,sentiment,baseline,tweets-hindi,medium(8-39),0.6301,misclassified
sentiment-te-00918,hi-Latn,negative,neutral,,,,,,sentiment,baseline,tweets-hindi,medium(8-39),0.5075,misclassified
sentiment-te-00920,hi-Latn,positive,neutral,,,,,,sentiment,baseline,tweets-hindi,medium(8-39),0.4524,misclassified
sentiment-te-00925,hi-Latn,neutral,positive,,,,,,sentiment,baseline,tweets-hindi,medium(8-39),0.4522,misclassified
sentiment-te-00927,hi-Latn,negative,neutral,,,,,,sentiment,baseline,tweets-hindi,medium(8-39),0.6743,misclassified
sentiment-te-00928,hi-Latn,neutral,positive,,,,,,sentiment,baseline,tweets-hindi,short(<8),0.3899,misclassified
sentiment-te-00931,hi-Latn,neutral,positive,,,,,,sentiment,baseline,tweets-hindi,short(<8),0.7309,misclassified
sentiment-te-00932,hi-Latn,positive,negative,,,,,,sentiment,baseline,tweets-hindi,medium(8-39),0.6336,misclassified
sentiment-te-00934,hi-Latn,neutral,positive,,,,,,sentiment,baseline,tweets-hindi,short(<8),0.6806,misclassified
sentiment-te-00935,hi-Latn,positive,neutral,,,,,,sentiment,baseline,tweets-hindi,short(<8),0.36,misclassified
sentiment-te-00937,hi-Latn,neutral,negative,,,,,,sentiment,baseline,tweets-hindi,short(<8),0.4575,misclassified
sentiment-te-00939,hi-Latn,negative,positive,,,,,,sentiment,baseline,tweets-hindi,short(<8),0.3713,misclassified
sentiment-te-00940,hi-Latn,neutral,positive,,,,,,sentiment,baseline,tweets-hindi,short(<8),0.4565,misclassified
sentiment-te-00941,hi-Latn,positive,negative,,,,,,sentiment,baseline,tweets-hindi,medium(8-39),0.5208,misclassified
sentiment-te-00942,hi-Latn,negative,neutral,,,,,,sentiment,baseline,tweets-hindi,short(<8),0.3692,misclassified
sentiment-te-00943,hi-Latn,neutral,negative,,,,,,sentiment,baseline,tweets-hindi,short(<8),0.406,misclassified
sentiment-te-00944,hi-Latn,positive,negative,,,,,,sentiment,baseline,tweets-hindi,medium(8-39),0.5558,misclassified
sentiment-te-00945,hi-Latn,negative,positive,,,,,,sentiment,baseline,tweets-hindi,medium(8-39),0.4942,misclassified
sentiment-te-00947,hi-Latn,positive,negative,,,,,,sentiment,baseline,tweets-hindi,medium(8-39),0.4856,misclassified
sentiment-te-00949,hi-Latn,neutral,negative,,,,,,sentiment,baseline,tweets-hindi,medium(8-39),0.5086,misclassified
sentiment-te-00951,hi-Latn,negative,positive,,,,,,sentiment,baseline,tweets-hindi,medium(8-39),0.4416,misclassified
sentiment-te-00952,hi-Latn,neutral,positive,,,,,,sentiment,baseline,tweets-hindi,short(<8),0.366,misclassified
sentiment-te-00954,hi-Latn,negative,positive,,,,,,sentiment,baseline,tweets-hindi,medium(8-39),0.3688,misclassified
sentiment-te-00958,hi-Latn,neutral,negative,,,,,,sentiment,baseline,tweets-hindi,medium(8-39),0.6608,misclassified
sentiment-te-00966,hi-Latn,negative,neutral,,,,,,sentiment,baseline,tweets-hindi,medium(8-39),0.4953,misclassified
sentiment-te-00967,hi-Latn,neutral,negative,,,,,,sentiment,baseline,tweets-hindi,medium(8-39),0.4437,misclassified
sentiment-te-00968,hi-Latn,positive,negative,,,,,,sentiment,baseline,tweets-hindi,medium(8-39),0.5616,misclassified
sentiment-te-00970,hi-Latn,neutral,negative,,,,,,sentiment,baseline,tweets-hindi,short(<8),0.456,misclassified
sentiment-te-00973,hi-Latn,neutral,positive,,,,,,sentiment,baseline,tweets-hindi,short(<8),0.3849,misclassified
sentiment-te-00974,hi-Latn,positive,neutral,,,,,,sentiment,baseline,tweets-hindi,medium(8-39),0.4111,misclassified
sentiment-te-00975,hi-Latn,negative,neutral,,,,,,sentiment,baseline,tweets-hindi,medium(8-39),0.4366,misclassified
sentiment-te-00976,hi-Latn,neutral,positive,,,,,,sentiment,baseline,tweets-hindi,short(<8),0.5034,misclassified
sentiment-te-00978,hi-Latn,negative,neutral,,,,,,sentiment,baseline,tweets-hindi,medium(8-39),0.4289,misclassified
sentiment-te-00979,hi-Latn,positive,negative,,,,,,sentiment,baseline,tweets-hindi,medium(8-39),0.5226,misclassified
sentiment-te-00980,hi-Latn,negative,neutral,,,,,,sentiment,baseline,tweets-hindi,medium(8-39),0.4227,misclassified
sentiment-te-00981,hi-Latn,neutral,positive,,,,,,sentiment,baseline,tweets-hindi,short(<8),0.3898,misclassified
sentiment-te-00982,hi-Latn,positive,negative,,,,,,sentiment,baseline,tweets-hindi,long(40+),0.4819,misclassified
sentiment-te-00987,hi-Latn,neutral,negative,,,,,,sentiment,baseline,tweets-hindi,medium(8-39),0.5324,misclassified
sentiment-te-00988,hi-Latn,positive,negative,,,,,,sentiment,baseline,tweets-hindi,medium(8-39),0.3796,misclassified
sentiment-te-00990,hi-Latn,neutral,negative,,,,,,sentiment,baseline,tweets-hindi,short(<8),0.4607,misclassified
sentiment-te-00991,hi-Latn,positive,neutral,,,,,,sentiment,baseline,tweets-hindi,short(<8),0.459,misclassified
sentiment-te-00996,hi-Latn,neutral,negative,,,,,,sentiment,baseline,tweets-hindi,medium(8-39),0.453,misclassified
sentiment-te-00997,hi-Latn,positive,negative,,,,,,sentiment,baseline,tweets-hindi,short(<8),0.4886,misclassified
sentiment-te-00999,hi-Latn,neutral,positive,,,,,,sentiment,baseline,tweets-hindi,medium(8-39),0.6742,misclassified
sentiment-te-01001,hi-Latn,negative,neutral,,,,,,sentiment,baseline,tweets-hindi,short(<8),0.508,misclassified
sentiment-te-01004,hi-Latn,negative,neutral,,,,,,sentiment,baseline,tweets-hindi,short(<8),0.6902,misclassified
sentiment-te-01008,hi-Latn,neutral,negative,,,,,,sentiment,baseline,tweets-hindi,short(<8),0.556,misclassified
sentiment-te-01009,hi-Latn,positive,negative,,,,,,sentiment,baseline,tweets-hindi,medium(8-39),0.5245,misclassified
sentiment-te-01011,hi-Latn,neutral,positive,,,,,,sentiment,baseline,tweets-hindi,short(<8),0.6626,misclassified
sentiment-te-01016,hi-Latn,neutral,positive,,,,,,sentiment,baseline,tweets-hindi,medium(8-39),0.3465,misclassified
sentiment-te-01018,hi-Latn,negative,neutral,,,,,,sentiment,baseline,tweets-hindi,short(<8),0.4174,misclassified
sentiment-te-01019,hi-Latn,neutral,negative,,,,,,sentiment,baseline,tweets-hindi,short(<8),0.4472,misclassified
sentiment-te-01025,hi-Latn,neutral,negative,,,,,,sentiment,baseline,tweets-hindi,medium(8-39),0.5989,misclassified
sentiment-te-01027,hi-Latn,negative,positive,,,,,,sentiment,baseline,tweets-hindi,short(<8),0.5048,misclassified
sentiment-te-01028,hi-Latn,neutral,positive,,,,,,sentiment,baseline,tweets-hindi,short(<8),0.4204,misclassified
sentiment-te-01029,hi-Latn,positive,negative,,,,,,sentiment,baseline,tweets-hindi,short(<8),0.609,misclassified
sentiment-te-01031,hi-Latn,neutral,negative,,,,,,sentiment,baseline,tweets-hindi,short(<8),0.597,misclassified
sentiment-te-01037,hi-Latn,neutral,negative,,,,,,sentiment,baseline,tweets-hindi,short(<8),0.3911,misclassified
sentiment-te-01040,hi-Latn,neutral,positive,,,,,,sentiment,baseline,tweets-hindi,medium(8-39),0.4903,misclassified
sentiment-te-01043,hi-Latn,neutral,positive,,,,,,sentiment,baseline,tweets-hindi,medium(8-39),0.4537,misclassified
sentiment-te-01044,hi-Latn,positive,neutral,,,,,,sentiment,baseline,tweets-hindi,medium(8-39),0.543,misclassified
sentiment-te-01046,hi-Latn,neutral,negative,,,,,,sentiment,baseline,tweets-hindi,short(<8),0.4154,misclassified
sentiment-te-01047,hi-Latn,positive,negative,,,,,,sentiment,baseline,tweets-hindi,medium(8-39),0.4476,misclassified
sentiment-te-01052,hi-Latn,neutral,positive,,,,,,sentiment,baseline,tweets-hindi,short(<8),0.617,misclassified
sentiment-te-01055,hi-Latn,neutral,positive,,,,,,sentiment,baseline,tweets-hindi,medium(8-39),0.5146,misclassified
sentiment-te-01056,hi-Latn,positive,negative,,,,,,sentiment,baseline,tweets-hindi,long(40+),0.4543,misclassified
sentiment-te-01057,hi-Latn,negative,positive,,,,,,sentiment,baseline,tweets-hindi,medium(8-39),0.4514,misclassified
sentiment-te-01061,hi-Latn,neutral,positive,,,,,,sentiment,baseline,tweets-hindi,medium(8-39),0.6496,misclassified
sentiment-te-01064,hi-Latn,neutral,negative,,,,,,sentiment,baseline,tweets-hindi,medium(8-39),0.5803,misclassified
sentiment-te-01065,hi-Latn,positive,negative,,,,,,sentiment,baseline,tweets-hindi,medium(8-39),0.7267,misclassified
sentiment-te-01067,hi-Latn,neutral,positive,,,,,,sentiment,baseline,tweets-hindi,short(<8),0.4877,misclassified
sentiment-te-01070,hi-Latn,neutral,negative,,,,,,sentiment,baseline,tweets-hindi,medium(8-39),0.4787,misclassified
sentiment-te-01075,hi-Latn,negative,positive,,,,,,sentiment,baseline,tweets-hindi,medium(8-39),0.4754,misclassified
sentiment-te-01077,hi-Latn,positive,neutral,,,,,,sentiment,baseline,tweets-hindi,medium(8-39),0.3687,misclassified
sentiment-te-01078,hi-Latn,negative,neutral,,,,,,sentiment,baseline,tweets-hindi,medium(8-39),0.5688,misclassified
sentiment-te-01079,hi-Latn,neutral,positive,,,,,,sentiment,baseline,tweets-hindi,medium(8-39),0.4267,misclassified
sentiment-te-01080,hi-Latn,positive,neutral,,,,,,sentiment,baseline,tweets-hindi,short(<8),0.6028,misclassified
sentiment-te-01082,hi-Latn,neutral,positive,,,,,,sentiment,baseline,tweets-hindi,medium(8-39),0.5883,misclassified
sentiment-te-01085,hi-Latn,neutral,negative,,,,,,sentiment,baseline,tweets-hindi,medium(8-39),0.4641,misclassified
sentiment-te-01086,hi-Latn,positive,negative,,,,,,sentiment,baseline,tweets-hindi,medium(8-39),0.8534,misclassified
sentiment-te-01087,hi-Latn,negative,neutral,,,,,,sentiment,baseline,tweets-hindi,short(<8),0.4122,misclassified
sentiment-te-01088,hi-Latn,neutral,positive,,,,,,sentiment,baseline,tweets-hindi,short(<8),0.4649,misclassified
sentiment-te-01091,hi-Latn,neutral,positive,,,,,,sentiment,baseline,tweets-hindi,medium(8-39),0.4458,misclassified
sentiment-te-01092,hi-Latn,positive,neutral,,,,,,sentiment,baseline,tweets-hindi,medium(8-39),0.4719,misclassified
sentiment-te-01095,hi-Latn,positive,neutral,,,,,,sentiment,baseline,tweets-hindi,medium(8-39),0.3531,misclassified
sentiment-te-01097,hi-Latn,neutral,negative,,,,,,sentiment,baseline,tweets-hindi,short(<8),0.6528,misclassified
sentiment-te-01101,hi-Latn,positive,negative,,,,,,sentiment,baseline,tweets-hindi,medium(8-39),0.5141,misclassified
sentiment-te-01104,hi-Latn,positive,negative,,,,,,sentiment,baseline,tweets-hindi,long(40+),0.4442,misclassified
sentiment-te-01106,hi-Latn,neutral,negative,,,,,,sentiment,baseline,tweets-hindi,medium(8-39),0.4,misclassified
sentiment-te-01107,hi-Latn,positive,neutral,,,,,,sentiment,baseline,tweets-hindi,short(<8),0.5591,misclassified
sentiment-te-01110,hi-Latn,positive,negative,,,,,,sentiment,baseline,tweets-hindi,medium(8-39),0.3969,misclassified
sentiment-te-01112,hi-Latn,neutral,negative,,,,,,sentiment,baseline,tweets-hindi,medium(8-39),0.647,misclassified
sentiment-te-01114,hi-Latn,negative,neutral,,,,,,sentiment,baseline,tweets-hindi,medium(8-39),0.367,misclassified
sentiment-te-01116,hi-Latn,positive,negative,,,,,,sentiment,baseline,tweets-hindi,medium(8-39),0.6113,misclassified
sentiment-te-01119,hi-Latn,positive,negative,,,,,,sentiment,baseline,tweets-hindi,medium(8-39),0.6774,misclassified
sentiment-te-01120,hi-Latn,negative,neutral,,,,,,sentiment,baseline,tweets-hindi,medium(8-39),0.4385,misclassified
sentiment-te-01122,hi-Latn,positive,negative,,,,,,sentiment,baseline,tweets-hindi,medium(8-39),0.4572,misclassified
sentiment-te-01123,hi-Latn,negative,positive,,,,,,sentiment,baseline,tweets-hindi,medium(8-39),0.4838,misclassified
sentiment-te-01124,hi-Latn,neutral,negative,,,,,,sentiment,baseline,tweets-hindi,short(<8),0.572,misclassified
sentiment-te-01125,hi-Latn,positive,neutral,,,,,,sentiment,baseline,tweets-hindi,medium(8-39),0.4754,misclassified
sentiment-te-01127,hi-Latn,neutral,negative,,,,,,sentiment,baseline,tweets-hindi,medium(8-39),0.7164,misclassified
sentiment-te-01128,hi-Latn,positive,negative,,,,,,sentiment,baseline,tweets-hindi,medium(8-39),0.4181,misclassified
sentiment-te-01131,hi-Latn,positive,negative,,,,,,sentiment,baseline,tweets-hindi,short(<8),0.3887,misclassified
sentiment-te-01133,hi-Latn,neutral,negative,,,,,,sentiment,baseline,tweets-hindi,medium(8-39),0.5728,misclassified
sentiment-te-01136,hi-Latn,neutral,negative,,,,,,sentiment,baseline,tweets-hindi,medium(8-39),0.5433,misclassified
sentiment-te-01137,hi-Latn,positive,negative,,,,,,sentiment,baseline,tweets-hindi,medium(8-39),0.4474,misclassified
sentiment-te-01138,hi-Latn,negative,neutral,,,,,,sentiment,baseline,tweets-hindi,short(<8),0.3745,misclassified
sentiment-te-01139,hi-Latn,neutral,negative,,,,,,sentiment,baseline,tweets-hindi,short(<8),0.6784,misclassified
sentiment-te-01140,hi-Latn,positive,neutral,,,,,,sentiment,baseline,tweets-hindi,medium(8-39),0.4281,misclassified
sentiment-te-01141,hi-Latn,negative,positive,,,,,,sentiment,baseline,tweets-hindi,medium(8-39),0.539,misclassified
sentiment-te-01146,hi-Latn,positive,negative,,,,,,sentiment,baseline,tweets-hindi,medium(8-39),0.4464,misclassified
sentiment-te-01148,hi-Latn,neutral,positive,,,,,,sentiment,baseline,tweets-hindi,short(<8),0.4738,misclassified
sentiment-te-01149,hi-Latn,positive,neutral,,,,,,sentiment,baseline,tweets-hindi,short(<8),0.3423,misclassified
sentiment-te-01151,hi-Latn,neutral,positive,,,,,,sentiment,baseline,tweets-hindi,short(<8),0.3953,misclassified
sentiment-te-01152,hi-Latn,positive,negative,,,,,,sentiment,baseline,tweets-hindi,short(<8),0.4118,misclassified
sentiment-te-01154,hi-Latn,neutral,negative,,,,,,sentiment,baseline,tweets-hindi,medium(8-39),0.7347,misclassified
sentiment-te-01157,hi-Latn,neutral,positive,,,,,,sentiment,baseline,tweets-hindi,medium(8-39),0.5726,misclassified
sentiment-te-01160,hi-Latn,neutral,positive,,,,,,sentiment,baseline,tweets-hindi,medium(8-39),0.4238,misclassified
sentiment-te-01161,hi-Latn,positive,negative,,,,,,sentiment,baseline,tweets-hindi,short(<8),0.5142,misclassified
sentiment-te-01162,hi-Latn,negative,positive,,,,,,sentiment,baseline,tweets-hindi,medium(8-39),0.4504,misclassified
sentiment-te-01163,hi-Latn,neutral,negative,,,,,,sentiment,baseline,tweets-hindi,short(<8),0.8916,misclassified
sentiment-te-01164,hi-Latn,positive,negative,,,,,,sentiment,baseline,tweets-hindi,short(<8),0.5842,misclassified
sentiment-te-01166,hi-Latn,neutral,negative,,,,,,sentiment,baseline,tweets-hindi,medium(8-39),0.7525,misclassified
sentiment-te-01168,hi-Latn,negative,neutral,,,,,,sentiment,baseline,tweets-hindi,medium(8-39),0.4234,misclassified
sentiment-te-01169,hi-Latn,neutral,negative,,,,,,sentiment,baseline,tweets-hindi,medium(8-39),0.6944,misclassified
sentiment-te-01170,hi-Latn,positive,neutral,,,,,,sentiment,baseline,tweets-hindi,short(<8),0.5111,misclassified
sentiment-te-01172,hi-Latn,neutral,positive,,,,,,sentiment,baseline,tweets-hindi,short(<8),0.434,misclassified
sentiment-te-01173,hi-Latn,positive,neutral,,,,,,sentiment,baseline,tweets-hindi,short(<8),0.4449,misclassified
sentiment-te-01175,hi-Latn,neutral,positive,,,,,,sentiment,baseline,tweets-hindi,medium(8-39),0.366,misclassified
sentiment-te-01179,hi-Latn,positive,negative,,,,,,sentiment,baseline,tweets-hindi,medium(8-39),0.4041,misclassified
sentiment-te-01181,hi-Latn,neutral,positive,,,,,,sentiment,baseline,tweets-hindi,medium(8-39),0.5747,misclassified
sentiment-te-01184,hi-Latn,neutral,negative,,,,,,sentiment,baseline,tweets-hindi,medium(8-39),0.5895,misclassified
sentiment-te-01185,hi-Latn,positive,neutral,,,,,,sentiment,baseline,tweets-hindi,medium(8-39),0.3975,misclassified
sentiment-te-01186,hi-Latn,negative,positive,,,,,,sentiment,baseline,tweets-hindi,medium(8-39),0.5316,misclassified
sentiment-te-01187,hi-Latn,neutral,positive,,,,,,sentiment,baseline,tweets-hindi,short(<8),0.4809,misclassified
sentiment-te-01189,hi-Latn,negative,neutral,,,,,,sentiment,baseline,tweets-hindi,medium(8-39),0.3912,misclassified
sentiment-te-01190,hi-Latn,neutral,negative,,,,,,sentiment,baseline,tweets-hindi,medium(8-39),0.3686,misclassified
sentiment-te-01191,hi-Latn,positive,negative,,,,,,sentiment,baseline,tweets-hindi,medium(8-39),0.4857,misclassified
sentiment-te-01193,hi-Latn,neutral,negative,,,,,,sentiment,baseline,tweets-hindi,medium(8-39),0.5174,misclassified
sentiment-te-01196,hi-Latn,neutral,positive,,,,,,sentiment,baseline,tweets-hindi,medium(8-39),0.3598,misclassified
sentiment-te-01198,hi-Latn,negative,positive,,,,,,sentiment,baseline,tweets-hindi,medium(8-39),0.5734,misclassified
sentiment-te-01199,hi-Latn,neutral,negative,,,,,,sentiment,baseline,tweets-hindi,medium(8-39),0.7408,misclassified
sentiment-te-01201,hi-Latn,negative,neutral,,,,,,sentiment,baseline,tweets-hindi,medium(8-39),0.3705,misclassified
sentiment-te-01203,hi-Latn,positive,neutral,,,,,,sentiment,baseline,tweets-hindi,medium(8-39),0.4084,misclassified
sentiment-te-01204,hi-Latn,negative,positive,,,,,,sentiment,baseline,tweets-hindi,medium(8-39),0.4682,misclassified
sentiment-te-01205,hi-Latn,neutral,negative,,,,,,sentiment,baseline,tweets-hindi,medium(8-39),0.5271,misclassified
sentiment-te-01210,hi-Latn,negative,positive,,,,,,sentiment,baseline,tweets-hindi,short(<8),0.3632,misclassified
sentiment-te-01214,hi-Latn,neutral,positive,,,,,,sentiment,baseline,tweets-hindi,medium(8-39),0.3789,misclassified
sentiment-te-01216,hi-Latn,negative,neutral,,,,,,sentiment,baseline,tweets-hindi,medium(8-39),0.4971,misclassified
sentiment-te-01217,hi-Latn,neutral,negative,,,,,,sentiment,baseline,tweets-hindi,medium(8-39),0.4356,misclassified
sentiment-te-01218,hi-Latn,positive,negative,,,,,,sentiment,baseline,tweets-hindi,short(<8),0.5853,misclassified
sentiment-te-01223,hi-Latn,neutral,negative,,,,,,sentiment,baseline,tweets-hindi,medium(8-39),0.5115,misclassified
sentiment-te-01224,hi-Latn,positive,negative,,,,,,sentiment,baseline,tweets-hindi,medium(8-39),0.4438,misclassified
sentiment-te-01225,hi-Latn,negative,positive,,,,,,sentiment,baseline,tweets-hindi,medium(8-39),0.4121,misclassified
sentiment-te-01226,hi-Latn,neutral,positive,,,,,,sentiment,baseline,tweets-hindi,short(<8),0.3488,misclassified
sentiment-te-01230,hi-Latn,positive,neutral,,,,,,sentiment,baseline,tweets-hindi,medium(8-39),0.3722,misclassified
sentiment-te-01232,hi-Latn,neutral,negative,,,,,,sentiment,baseline,tweets-hindi,medium(8-39),0.4316,misclassified
sentiment-te-01233,hi-Latn,positive,negative,,,,,,sentiment,baseline,tweets-hindi,medium(8-39),0.5312,misclassified
sentiment-te-01236,hi-Latn,positive,neutral,,,,,,sentiment,baseline,tweets-hindi,medium(8-39),0.3641,misclassified
sentiment-te-01238,hi-Latn,neutral,positive,,,,,,sentiment,baseline,tweets-hindi,medium(8-39),0.447,misclassified
sentiment-te-01243,hi-Latn,negative,neutral,,,,,,sentiment,baseline,tweets-hindi,medium(8-39),0.3958,misclassified
sentiment-te-01244,hi-Latn,neutral,positive,,,,,,sentiment,baseline,tweets-hindi,short(<8),0.482,misclassified
sentiment-te-01245,hi-Latn,positive,negative,,,,,,sentiment,baseline,tweets-hindi,medium(8-39),0.576,misclassified
sentiment-te-01250,hi-Latn,neutral,negative,,,,,,sentiment,baseline,tweets-hindi,medium(8-39),0.4197,misclassified
sentiment-te-01251,hi-Latn,positive,neutral,,,,,,sentiment,baseline,tweets-hindi,short(<8),0.6029,misclassified
sentiment-te-01253,hi-Latn,neutral,positive,,,,,,sentiment,baseline,tweets-hindi,medium(8-39),0.4549,misclassified
sentiment-te-01254,hi-Latn,positive,negative,,,,,,sentiment,baseline,tweets-hindi,medium(8-39),0.5661,misclassified
sentiment-te-01256,hi-Latn,neutral,negative,,,,,,sentiment,baseline,tweets-hindi,short(<8),0.5874,misclassified
sentiment-te-01257,hi-Latn,positive,negative,,,,,,sentiment,baseline,tweets-hindi,medium(8-39),0.647,misclassified
sentiment-te-01258,hi-Latn,negative,positive,,,,,,sentiment,baseline,tweets-hindi,medium(8-39),0.6502,misclassified
sentiment-te-01259,hi-Latn,neutral,negative,,,,,,sentiment,baseline,tweets-hindi,short(<8),0.4186,misclassified
sentiment-te-01261,hi-Latn,negative,positive,,,,,,sentiment,baseline,tweets-hindi,medium(8-39),0.3942,misclassified
sentiment-te-01262,hi-Latn,neutral,negative,,,,,,sentiment,baseline,tweets-hindi,short(<8),0.4337,misclassified
sentiment-te-01263,hi-Latn,positive,neutral,,,,,,sentiment,baseline,tweets-hindi,short(<8),0.5071,misclassified
sentiment-te-01266,hi-Latn,positive,neutral,,,,,,sentiment,baseline,tweets-hindi,medium(8-39),0.4142,misclassified
sentiment-te-01268,hi-Latn,neutral,negative,,,,,,sentiment,baseline,tweets-hindi,medium(8-39),0.4763,misclassified
sentiment-te-01269,hi-Latn,positive,neutral,,,,,,sentiment,baseline,tweets-hindi,medium(8-39),0.495,misclassified
sentiment-te-01274,hi-Latn,neutral,positive,,,,,,sentiment,baseline,tweets-hindi,short(<8),0.371,misclassified
sentiment-te-01275,hi-Latn,positive,neutral,,,,,,sentiment,baseline,tweets-hindi,short(<8),0.4401,misclassified
sentiment-te-01276,hi-Latn,negative,neutral,,,,,,sentiment,baseline,tweets-hindi,medium(8-39),0.3806,misclassified
sentiment-te-01279,hi-Latn,negative,positive,,,,,,sentiment,baseline,tweets-hindi,medium(8-39),0.3588,misclassified
sentiment-te-01280,hi-Latn,neutral,negative,,,,,,sentiment,baseline,tweets-hindi,short(<8),0.5269,misclassified
sentiment-te-01283,hi-Latn,neutral,negative,,,,,,sentiment,baseline,tweets-hindi,short(<8),0.4671,misclassified
sentiment-te-01284,hi-Latn,positive,negative,,,,,,sentiment,baseline,tweets-hindi,medium(8-39),0.4454,misclassified
sentiment-te-01286,hi-Latn,neutral,positive,,,,,,sentiment,baseline,tweets-hindi,short(<8),0.4154,misclassified
sentiment-te-01287,hi-Latn,positive,negative,,,,,,sentiment,baseline,tweets-hindi,medium(8-39),0.5374,misclassified
sentiment-te-01290,hi-Latn,positive,neutral,,,,,,sentiment,baseline,tweets-hindi,medium(8-39),0.3646,misclassified
sentiment-te-01294,hi-Latn,negative,positive,,,,,,sentiment,baseline,tweets-hindi,medium(8-39),0.5313,misclassified
sentiment-te-01295,hi-Latn,neutral,negative,,,,,,sentiment,baseline,tweets-hindi,short(<8),0.399,misclassified
sentiment-te-01296,hi-Latn,positive,negative,,,,,,sentiment,baseline,tweets-hindi,medium(8-39),0.5132,misclassified
sentiment-te-01298,hi-Latn,neutral,negative,,,,,,sentiment,baseline,tweets-hindi,medium(8-39),0.4428,misclassified
sentiment-te-01299,hi-Latn,positive,negative,,,,,,sentiment,baseline,tweets-hindi,medium(8-39),0.4204,misclassified
sentiment-te-01300,hi-Latn,negative,neutral,,,,,,sentiment,baseline,tweets-hindi,short(<8),0.4203,misclassified
sentiment-te-01301,hi-Latn,neutral,negative,,,,,,sentiment,baseline,tweets-hindi,medium(8-39),0.4561,misclassified
sentiment-te-01303,hi-Latn,negative,positive,,,,,,sentiment,baseline,tweets-hindi,medium(8-39),0.4314,misclassified
sentiment-te-01304,hi-Latn,neutral,positive,,,,,,sentiment,baseline,tweets-hindi,medium(8-39),0.3795,misclassified
sentiment-te-01305,hi-Latn,positive,negative,,,,,,sentiment,baseline,tweets-hindi,medium(8-39),0.5616,misclassified
sentiment-te-01306,hi-Latn,negative,neutral,,,,,,sentiment,baseline,tweets-hindi,medium(8-39),0.3662,misclassified
sentiment-te-01307,hi-Latn,neutral,positive,,,,,,sentiment,baseline,tweets-hindi,short(<8),0.3773,misclassified
sentiment-te-01310,hi-Latn,neutral,negative,,,,,,sentiment,baseline,tweets-hindi,medium(8-39),0.5378,misclassified
sentiment-te-01311,hi-Latn,positive,neutral,,,,,,sentiment,baseline,tweets-hindi,short(<8),0.3565,misclassified
sentiment-te-01312,hi-Latn,negative,neutral,,,,,,sentiment,baseline,tweets-hindi,medium(8-39),0.4992,misclassified
sentiment-te-01317,hi-Latn,positive,neutral,,,,,,sentiment,baseline,tweets-hindi,short(<8),0.3539,misclassified
sentiment-te-01322,hi-Latn,neutral,positive,,,,,,sentiment,baseline,tweets-hindi,short(<8),0.4286,misclassified
sentiment-te-01323,hi-Latn,positive,negative,,,,,,sentiment,baseline,tweets-hindi,short(<8),0.4404,misclassified
sentiment-te-01327,hi-Latn,negative,neutral,,,,,,sentiment,baseline,tweets-hindi,medium(8-39),0.5092,misclassified
sentiment-te-01329,hi-Latn,positive,neutral,,,,,,sentiment,baseline,tweets-hindi,medium(8-39),0.3399,misclassified
sentiment-te-01331,hi-Latn,neutral,negative,,,,,,sentiment,baseline,tweets-hindi,medium(8-39),0.4215,misclassified
sentiment-te-01332,hi-Latn,positive,neutral,,,,,,sentiment,baseline,tweets-hindi,short(<8),0.4283,misclassified
sentiment-te-01334,hi-Latn,neutral,negative,,,,,,sentiment,baseline,tweets-hindi,short(<8),0.3833,misclassified
sentiment-te-01335,hi-Latn,positive,negative,,,,,,sentiment,baseline,tweets-hindi,medium(8-39),0.3893,misclassified
sentiment-te-01336,hi-Latn,negative,neutral,,,,,,sentiment,baseline,tweets-hindi,medium(8-39),0.4436,misclassified
sentiment-te-01337,hi-Latn,neutral,negative,,,,,,sentiment,baseline,tweets-hindi,medium(8-39),0.3534,misclassified
sentiment-te-01338,hi-Latn,positive,negative,,,,,,sentiment,baseline,tweets-hindi,long(40+),0.4549,misclassified
sentiment-te-01341,hi-Latn,positive,negative,,,,,,sentiment,baseline,tweets-hindi,long(40+),0.4812,misclassified
sentiment-te-01343,hi-Latn,neutral,negative,,,,,,sentiment,baseline,tweets-hindi,medium(8-39),0.3472,misclassified
sentiment-te-01344,hi-Latn,positive,negative,,,,,,sentiment,baseline,tweets-hindi,medium(8-39),0.5307,misclassified
sentiment-te-01346,hi-Latn,neutral,negative,,,,,,sentiment,baseline,tweets-hindi,short(<8),0.4715,misclassified
sentiment-te-01349,hi-Latn,neutral,positive,,,,,,sentiment,baseline,tweets-hindi,medium(8-39),0.6263,misclassified
sentiment-te-01350,hi-Latn,positive,negative,,,,,,sentiment,baseline,tweets-hindi,medium(8-39),0.4968,misclassified
sentiment-te-01352,hi-Latn,neutral,negative,,,,,,sentiment,baseline,tweets-hindi,medium(8-39),0.5391,misclassified
sentiment-te-01353,hi-Latn,positive,negative,,,,,,sentiment,baseline,tweets-hindi,medium(8-39),0.6035,misclassified
sentiment-te-01354,hi-Latn,negative,neutral,,,,,,sentiment,baseline,tweets-hindi,medium(8-39),0.4765,misclassified
sentiment-te-01355,hi-Latn,neutral,negative,,,,,,sentiment,baseline,tweets-hindi,medium(8-39),0.4102,misclassified
sentiment-te-01357,hi-Latn,negative,positive,,,,,,sentiment,baseline,tweets-hindi,short(<8),0.3621,misclassified
sentiment-te-01360,hi-Latn,negative,positive,,,,,,sentiment,baseline,tweets-hindi,medium(8-39),0.3729,misclassified
sentiment-te-01363,hi-Latn,negative,neutral,,,,,,sentiment,baseline,tweets-hindi,medium(8-39),0.4114,misclassified
sentiment-te-01364,hi-Latn,neutral,negative,,,,,,sentiment,baseline,tweets-hindi,medium(8-39),0.4857,misclassified
sentiment-te-01365,hi-Latn,positive,negative,,,,,,sentiment,baseline,tweets-hindi,medium(8-39),0.501,misclassified
sentiment-te-01367,hi-Latn,neutral,negative,,,,,,sentiment,baseline,tweets-hindi,medium(8-39),0.5165,misclassified
sentiment-te-01369,hi-Latn,negative,neutral,,,,,,sentiment,baseline,tweets-hindi,medium(8-39),0.546,misclassified
sentiment-te-01370,hi-Latn,neutral,positive,,,,,,sentiment,baseline,tweets-hindi,short(<8),0.4028,misclassified
sentiment-te-01371,hi-Latn,positive,neutral,,,,,,sentiment,baseline,tweets-hindi,medium(8-39),0.3485,misclassified
sentiment-te-01372,hi-Latn,negative,neutral,,,,,,sentiment,baseline,tweets-hindi,medium(8-39),0.4937,misclassified
sentiment-te-01373,hi-Latn,neutral,negative,,,,,,sentiment,baseline,tweets-hindi,medium(8-39),0.4728,misclassified
sentiment-te-01377,hi-Latn,positive,neutral,,,,,,sentiment,baseline,tweets-hindi,short(<8),0.5931,misclassified
sentiment-te-01379,hi-Latn,neutral,negative,,,,,,sentiment,baseline,tweets-hindi,short(<8),0.5598,misclassified
sentiment-te-01380,hi-Latn,positive,negative,,,,,,sentiment,baseline,tweets-hindi,medium(8-39),0.3529,misclassified
sentiment-te-01384,hi-Latn,negative,neutral,,,,,,sentiment,baseline,tweets-hindi,short(<8),0.5161,misclassified
sentiment-te-01385,hi-Latn,neutral,negative,,,,,,sentiment,baseline,tweets-hindi,medium(8-39),0.5224,misclassified
sentiment-te-01386,hi-Latn,positive,negative,,,,,,sentiment,baseline,tweets-hindi,short(<8),0.5592,misclassified
sentiment-te-01387,hi-Latn,negative,neutral,,,,,,sentiment,baseline,tweets-hindi,medium(8-39),0.4384,misclassified
sentiment-te-01389,hi-Latn,positive,neutral,,,,,,sentiment,baseline,tweets-hindi,medium(8-39),0.407,misclassified
sentiment-te-01391,hi-Latn,neutral,positive,,,,,,sentiment,baseline,tweets-hindi,medium(8-39),0.3911,misclassified
sentiment-te-01395,hi-Latn,positive,neutral,,,,,,sentiment,baseline,tweets-hindi,medium(8-39),0.3893,misclassified
sentiment-te-01396,hi-Latn,negative,positive,,,,,,sentiment,baseline,tweets-hindi,medium(8-39),0.5638,misclassified
sentiment-te-01397,hi-Latn,neutral,negative,,,,,,sentiment,baseline,tweets-hindi,short(<8),0.3781,misclassified
sentiment-te-01398,hi-Latn,positive,negative,,,,,,sentiment,baseline,tweets-hindi,medium(8-39),0.4758,misclassified
sentiment-te-01399,hi-Latn,negative,neutral,,,,,,sentiment,baseline,tweets-hindi,medium(8-39),0.4589,misclassified
sentiment-te-01400,hi-Latn,neutral,negative,,,,,,sentiment,baseline,tweets-hindi,medium(8-39),0.4969,misclassified
sentiment-te-01403,hi-Latn,neutral,negative,,,,,,sentiment,baseline,tweets-hindi,medium(8-39),0.5267,misclassified
sentiment-te-01404,hi-Latn,positive,neutral,,,,,,sentiment,baseline,tweets-hindi,medium(8-39),0.4125,misclassified
sentiment-te-01406,hi-Latn,neutral,positive,,,,,,sentiment,baseline,tweets-hindi,medium(8-39),0.4245,misclassified
sentiment-te-01407,hi-Latn,positive,negative,,,,,,sentiment,baseline,tweets-hindi,short(<8),0.7143,misclassified
sentiment-te-01409,hi-Latn,neutral,negative,,,,,,sentiment,baseline,tweets-hindi,medium(8-39),0.5445,misclassified
sentiment-te-01411,hi-Latn,negative,positive,,,,,,sentiment,baseline,tweets-hindi,short(<8),0.4038,misclassified
sentiment-te-01412,hi-Latn,neutral,negative,,,,,,sentiment,baseline,tweets-hindi,short(<8),0.3956,misclassified
sentiment-te-01414,hi-Latn,negative,neutral,,,,,,sentiment,baseline,tweets-hindi,medium(8-39),0.5003,misclassified
sentiment-te-01416,hi-Latn,positive,negative,,,,,,sentiment,baseline,tweets-hindi,medium(8-39),0.4306,misclassified
sentiment-te-01417,hi-Latn,negative,positive,,,,,,sentiment,baseline,tweets-hindi,medium(8-39),0.4657,misclassified
sentiment-te-01419,hi-Latn,positive,neutral,,,,,,sentiment,baseline,tweets-hindi,medium(8-39),0.4797,misclassified
sentiment-te-01421,hi-Latn,neutral,negative,,,,,,sentiment,baseline,tweets-hindi,medium(8-39),0.6113,misclassified
sentiment-te-01422,hi-Latn,positive,neutral,,,,,,sentiment,baseline,tweets-hindi,medium(8-39),0.3966,misclassified
sentiment-te-01425,hi-Latn,positive,negative,,,,,,sentiment,baseline,tweets-hindi,medium(8-39),0.7113,misclassified
sentiment-te-01426,hi-Latn,negative,positive,,,,,,sentiment,baseline,tweets-hindi,long(40+),0.4515,misclassified
sentiment-te-01430,hi-Latn,neutral,positive,,,,,,sentiment,baseline,tweets-hindi,medium(8-39),0.4984,misclassified
sentiment-te-01431,hi-Latn,positive,negative,,,,,,sentiment,baseline,tweets-hindi,medium(8-39),0.5304,misclassified
sentiment-te-01436,hi-Latn,neutral,negative,,,,,,sentiment,baseline,tweets-hindi,medium(8-39),0.4739,misclassified
sentiment-te-01437,hi-Latn,positive,neutral,,,,,,sentiment,baseline,tweets-hindi,medium(8-39),0.5512,misclassified
sentiment-te-01439,hi-Latn,neutral,negative,,,,,,sentiment,baseline,tweets-hindi,medium(8-39),0.465,misclassified
sentiment-te-01440,hi-Latn,positive,neutral,,,,,,sentiment,baseline,tweets-hindi,short(<8),0.4706,misclassified
sentiment-te-01446,hi-Latn,positive,negative,,,,,,sentiment,baseline,tweets-hindi,medium(8-39),0.3567,misclassified
sentiment-te-01448,hi-Latn,neutral,negative,,,,,,sentiment,baseline,tweets-hindi,medium(8-39),0.5086,misclassified
sentiment-te-01454,hi-Latn,neutral,positive,,,,,,sentiment,baseline,tweets-hindi,short(<8),0.441,misclassified
sentiment-te-01457,hi-Latn,neutral,negative,,,,,,sentiment,baseline,tweets-hindi,short(<8),0.453,misclassified
sentiment-te-01465,hi-Latn,negative,positive,,,,,,sentiment,baseline,tweets-hindi,short(<8),0.4153,misclassified
sentiment-te-01467,hi-Latn,positive,negative,,,,,,sentiment,baseline,tweets-hindi,medium(8-39),0.5218,misclassified
sentiment-te-01473,hi-Latn,positive,neutral,,,,,,sentiment,baseline,tweets-hindi,medium(8-39),0.4543,misclassified
sentiment-te-01475,hi-Latn,neutral,negative,,,,,,sentiment,baseline,tweets-hindi,short(<8),0.4432,misclassified
sentiment-te-01476,hi-Latn,positive,negative,,,,,,sentiment,baseline,tweets-hindi,short(<8),0.4363,misclassified
sentiment-te-01477,hi-Latn,negative,neutral,,,,,,sentiment,baseline,tweets-hindi,short(<8),0.4393,misclassified
sentiment-te-01481,hi-Latn,neutral,negative,,,,,,sentiment,baseline,tweets-hindi,medium(8-39),0.4117,misclassified
sentiment-te-01485,hi-Latn,positive,negative,,,,,,sentiment,baseline,tweets-hindi,medium(8-39),0.4975,misclassified
sentiment-te-01486,hi-Latn,negative,neutral,,,,,,sentiment,baseline,tweets-hindi,short(<8),0.42,misclassified
sentiment-te-01487,hi-Latn,neutral,negative,,,,,,sentiment,baseline,tweets-hindi,medium(8-39),0.4476,misclassified
sentiment-te-01491,hi-Latn,positive,negative,,,,,,sentiment,baseline,tweets-hindi,medium(8-39),0.43,misclassified
sentiment-te-01493,hi-Latn,neutral,negative,,,,,,sentiment,baseline,tweets-hindi,medium(8-39),0.4566,misclassified
sentiment-te-01496,hi-Latn,neutral,positive,,,,,,sentiment,baseline,tweets-hindi,short(<8),0.5444,misclassified
sentiment-te-01497,hi-Latn,positive,neutral,,,,,,sentiment,baseline,tweets-hindi,medium(8-39),0.4448,misclassified
sentiment-te-01498,hi-Latn,negative,neutral,,,,,,sentiment,baseline,tweets-hindi,medium(8-39),0.3677,misclassified
sentiment-te-01499,hi-Latn,neutral,negative,,,,,,sentiment,baseline,tweets-hindi,short(<8),0.3886,misclassified
sentiment-te-01500,hi-Latn,positive,negative,,,,,,sentiment,baseline,tweets-hindi,medium(8-39),0.5276,misclassified
sentiment-te-01501,hi-Latn,negative,positive,,,,,,sentiment,baseline,tweets-hindi,medium(8-39),0.5759,misclassified
sentiment-te-01503,hi-Latn,positive,negative,,,,,,sentiment,baseline,tweets-hindi,medium(8-39),0.7387,misclassified
sentiment-te-01505,hi-Latn,neutral,negative,,,,,,sentiment,baseline,tweets-hindi,short(<8),0.7022,misclassified
sentiment-te-01506,hi-Latn,positive,negative,,,,,,sentiment,baseline,tweets-hindi,medium(8-39),0.3793,misclassified
sentiment-te-01508,hi-Latn,neutral,negative,,,,,,sentiment,baseline,tweets-hindi,medium(8-39),0.4367,misclassified
sentiment-te-01509,hi-Latn,positive,neutral,,,,,,sentiment,baseline,tweets-hindi,medium(8-39),0.3876,misclassified
sentiment-te-01510,hi-Latn,negative,neutral,,,,,,sentiment,baseline,tweets-hindi,medium(8-39),0.4006,misclassified
sentiment-te-01512,hi-Latn,positive,negative,,,,,,sentiment,baseline,tweets-hindi,short(<8),0.3856,misclassified
sentiment-te-01513,hi-Latn,negative,positive,,,,,,sentiment,baseline,tweets-hindi,medium(8-39),0.4576,misclassified
sentiment-te-01516,hi-Latn,negative,positive,,,,,,sentiment,baseline,tweets-hindi,medium(8-39),0.3803,misclassified
sentiment-te-01517,hi-Latn,neutral,positive,,,,,,sentiment,baseline,tweets-hindi,medium(8-39),0.4889,misclassified
sentiment-te-01519,hi-Latn,negative,positive,,,,,,sentiment,baseline,tweets-hindi,medium(8-39),0.3656,misclassified
sentiment-te-01520,hi-Latn,neutral,negative,,,,,,sentiment,baseline,tweets-hindi,medium(8-39),0.4861,misclassified
sentiment-te-01523,hi-Latn,neutral,negative,,,,,,sentiment,baseline,tweets-hindi,medium(8-39),0.5268,misclassified
sentiment-te-01530,hi-Latn,positive,negative,,,,,,sentiment,baseline,tweets-hindi,short(<8),0.3828,misclassified
sentiment-te-01531,hi-Latn,negative,neutral,,,,,,sentiment,baseline,tweets-hindi,short(<8),0.5575,misclassified
sentiment-te-01534,hi-Latn,negative,neutral,,,,,,sentiment,baseline,tweets-hindi,medium(8-39),0.4242,misclassified
sentiment-te-01535,hi-Latn,neutral,positive,,,,,,sentiment,baseline,tweets-hindi,medium(8-39),0.6058,misclassified
sentiment-te-01538,hi-Latn,neutral,negative,,,,,,sentiment,baseline,tweets-hindi,medium(8-39),0.6447,misclassified
sentiment-te-01540,hi-Latn,negative,positive,,,,,,sentiment,baseline,tweets-hindi,medium(8-39),0.3862,misclassified
sentiment-te-01549,hi-Latn,negative,neutral,,,,,,sentiment,baseline,tweets-hindi,short(<8),0.4344,misclassified
sentiment-te-01550,hi-Latn,neutral,negative,,,,,,sentiment,baseline,tweets-hindi,medium(8-39),0.6428,misclassified
sentiment-te-01551,hi-Latn,positive,neutral,,,,,,sentiment,baseline,tweets-hindi,short(<8),0.4647,misclassified
sentiment-te-01553,hi-Latn,neutral,negative,,,,,,sentiment,baseline,tweets-hindi,medium(8-39),0.4333,misclassified
sentiment-te-01555,hi-Latn,negative,positive,,,,,,sentiment,baseline,tweets-hindi,medium(8-39),0.3588,misclassified
sentiment-te-01557,hi-Latn,positive,negative,,,,,,sentiment,baseline,tweets-hindi,medium(8-39),0.4915,misclassified
sentiment-te-01559,hi-Latn,neutral,positive,,,,,,sentiment,baseline,tweets-hindi,short(<8),0.6354,misclassified
sentiment-te-01560,hi-Latn,positive,negative,,,,,,sentiment,baseline,tweets-hindi,medium(8-39),0.3933,misclassified
sentiment-te-01561,hi-Latn,negative,neutral,,,,,,sentiment,baseline,tweets-hindi,medium(8-39),0.5115,misclassified
sentiment-te-01562,hi-Latn,neutral,positive,,,,,,sentiment,baseline,tweets-hindi,medium(8-39),0.4296,misclassified
sentiment-te-01563,hi-Latn,positive,negative,,,,,,sentiment,baseline,tweets-hindi,medium(8-39),0.465,misclassified
sentiment-te-01565,hi-Latn,neutral,positive,,,,,,sentiment,baseline,tweets-hindi,short(<8),0.4399,misclassified
sentiment-te-01570,hi-Latn,negative,positive,,,,,,sentiment,baseline,tweets-hindi,medium(8-39),0.5627,misclassified
sentiment-te-01572,hi-Latn,positive,negative,,,,,,sentiment,baseline,tweets-hindi,medium(8-39),0.5154,misclassified
sentiment-te-01574,hi-Latn,neutral,positive,,,,,,sentiment,baseline,tweets-hindi,short(<8),0.3959,misclassified
sentiment-te-01575,hi-Latn,positive,negative,,,,,,sentiment,baseline,tweets-hindi,medium(8-39),0.3907,misclassified
sentiment-te-01576,hi-Latn,negative,neutral,,,,,,sentiment,baseline,tweets-hindi,short(<8),0.4014,misclassified
sentiment-te-01578,hi-Latn,positive,negative,,,,,,sentiment,baseline,tweets-hindi,medium(8-39),0.5096,misclassified
sentiment-te-01579,hi-Latn,negative,positive,,,,,,sentiment,baseline,tweets-hindi,medium(8-39),0.4914,misclassified
sentiment-te-01581,hi-Latn,positive,neutral,,,,,,sentiment,baseline,tweets-hindi,medium(8-39),0.4686,misclassified
sentiment-te-01583,hi-Latn,neutral,positive,,,,,,sentiment,baseline,tweets-hindi,medium(8-39),0.3646,misclassified
sentiment-te-01584,hi-Latn,positive,neutral,,,,,,sentiment,baseline,tweets-hindi,medium(8-39),0.401,misclassified
sentiment-te-01586,hi-Latn,neutral,negative,,,,,,sentiment,baseline,tweets-hindi,medium(8-39),0.4457,misclassified
sentiment-te-01588,hi-Latn,negative,positive,,,,,,sentiment,baseline,tweets-hindi,short(<8),0.4028,misclassified
sentiment-te-01590,hi-Latn,positive,negative,,,,,,sentiment,baseline,tweets-hindi,medium(8-39),0.7058,misclassified
sentiment-te-01591,hi-Latn,negative,neutral,,,,,,sentiment,baseline,tweets-hindi,medium(8-39),0.5209,misclassified
sentiment-te-01593,hi-Latn,positive,neutral,,,,,,sentiment,baseline,tweets-hindi,medium(8-39),0.4201,misclassified
sentiment-te-01595,hi-Latn,neutral,negative,,,,,,sentiment,baseline,tweets-hindi,short(<8),0.4069,misclassified
sentiment-te-01596,hi-Latn,positive,neutral,,,,,,sentiment,baseline,tweets-hindi,medium(8-39),0.4149,misclassified
sentiment-te-01599,hi-Latn,positive,negative,,,,,,sentiment,baseline,tweets-hindi,medium(8-39),0.4945,misclassified
sentiment-te-01601,hi-Latn,neutral,positive,,,,,,sentiment,baseline,tweets-hindi,medium(8-39),0.463,misclassified
sentiment-te-01602,hi-Latn,positive,negative,,,,,,sentiment,baseline,tweets-hindi,short(<8),0.4766,misclassified
sentiment-te-01606,hi-Latn,negative,neutral,,,,,,sentiment,baseline,tweets-hindi,medium(8-39),0.4313,misclassified
sentiment-te-01607,hi-Latn,neutral,positive,,,,,,sentiment,baseline,tweets-hindi,medium(8-39),0.42,misclassified
sentiment-te-01608,hi-Latn,positive,negative,,,,,,sentiment,baseline,tweets-hindi,medium(8-39),0.4977,misclassified
sentiment-te-01609,hi-Latn,negative,neutral,,,,,,sentiment,baseline,tweets-hindi,medium(8-39),0.5428,misclassified
sentiment-te-01610,hi-Latn,neutral,negative,,,,,,sentiment,baseline,tweets-hindi,short(<8),0.4133,misclassified
sentiment-te-01611,hi-Latn,positive,negative,,,,,,sentiment,baseline,tweets-hindi,medium(8-39),0.7208,misclassified
sentiment-te-01612,hi-Latn,negative,positive,,,,,,sentiment,baseline,tweets-hindi,medium(8-39),0.6651,misclassified
sentiment-te-01615,hi-Latn,negative,neutral,,,,,,sentiment,baseline,tweets-hindi,short(<8),0.3734,misclassified
sentiment-te-01616,hi-Latn,neutral,negative,,,,,,sentiment,baseline,tweets-hindi,medium(8-39),0.3918,misclassified
sentiment-te-01617,hi-Latn,positive,neutral,,,,,,sentiment,baseline,tweets-hindi,medium(8-39),0.5306,misclassified
sentiment-te-01619,hi-Latn,neutral,negative,,,,,,sentiment,baseline,tweets-hindi,short(<8),0.4202,misclassified
sentiment-te-01620,hi-Latn,positive,negative,,,,,,sentiment,baseline,tweets-hindi,medium(8-39),0.3921,misclassified
sentiment-te-01625,hi-Latn,neutral,negative,,,,,,sentiment,baseline,tweets-hindi,short(<8),0.4465,misclassified
sentiment-te-01626,hi-Latn,positive,negative,,,,,,sentiment,baseline,tweets-hindi,medium(8-39),0.3849,misclassified
sentiment-te-01627,hi-Latn,negative,positive,,,,,,sentiment,baseline,tweets-hindi,short(<8),0.4133,misclassified
sentiment-te-01628,hi-Latn,neutral,negative,,,,,,sentiment,baseline,tweets-hindi,short(<8),0.5302,misclassified
sentiment-te-01630,hi-Latn,negative,positive,,,,,,sentiment,baseline,tweets-hindi,short(<8),0.5337,misclassified
sentiment-te-01631,hi-Latn,neutral,negative,,,,,,sentiment,baseline,tweets-hindi,short(<8),0.3847,misclassified
sentiment-te-01632,hi-Latn,positive,neutral,,,,,,sentiment,baseline,tweets-hindi,short(<8),0.3872,misclassified
sentiment-te-01634,hi-Latn,neutral,positive,,,,,,sentiment,baseline,tweets-hindi,short(<8),0.4638,misclassified
sentiment-te-01635,hi-Latn,positive,negative,,,,,,sentiment,baseline,tweets-hindi,medium(8-39),0.4414,misclassified
sentiment-te-01638,hi-Latn,positive,neutral,,,,,,sentiment,baseline,tweets-hindi,medium(8-39),0.5136,misclassified
sentiment-te-01640,hi-Latn,neutral,negative,,,,,,sentiment,baseline,tweets-hindi,medium(8-39),0.6147,misclassified
sentiment-te-01644,hi-Latn,positive,negative,,,,,,sentiment,baseline,tweets-hindi,short(<8),0.4586,misclassified
sentiment-te-01647,hi-Latn,positive,neutral,,,,,,sentiment,baseline,tweets-hindi,medium(8-39),0.4167,misclassified
sentiment-te-01652,hi-Latn,neutral,positive,,,,,,sentiment,baseline,tweets-hindi,short(<8),0.5258,misclassified
sentiment-te-01654,hi-Latn,negative,positive,,,,,,sentiment,baseline,tweets-hindi,medium(8-39),0.4475,misclassified
sentiment-te-01655,hi-Latn,neutral,negative,,,,,,sentiment,baseline,tweets-hindi,short(<8),0.5107,misclassified
sentiment-te-01656,hi-Latn,positive,negative,,,,,,sentiment,baseline,tweets-hindi,short(<8),0.5821,misclassified
sentiment-te-01659,hi-Latn,negative,positive,,,,,,sentiment,baseline,tweets-hindi,medium(8-39),0.3927,misclassified
sentiment-te-01660,hi-Latn,neutral,negative,,,,,,sentiment,baseline,tweets-hindi,medium(8-39),0.4761,misclassified
sentiment-te-01661,hi-Latn,positive,neutral,,,,,,sentiment,baseline,tweets-hindi,medium(8-39),0.5483,misclassified
sentiment-te-01663,hi-Latn,neutral,negative,,,,,,sentiment,baseline,tweets-hindi,medium(8-39),0.5827,misclassified
sentiment-te-01665,hi-Latn,negative,neutral,,,,,,sentiment,baseline,tweets-hindi,medium(8-39),0.4267,misclassified
sentiment-te-01666,hi-Latn,neutral,negative,,,,,,sentiment,baseline,tweets-hindi,short(<8),0.3964,misclassified
sentiment-te-01667,hi-Latn,positive,negative,,,,,,sentiment,baseline,tweets-hindi,medium(8-39),0.4289,misclassified
sentiment-te-01669,hi-Latn,neutral,negative,,,,,,sentiment,baseline,tweets-hindi,long(40+),0.4753,misclassified
sentiment-te-01672,hi-Latn,neutral,positive,,,,,,sentiment,baseline,tweets-hindi,medium(8-39),0.4768,misclassified
sentiment-te-01678,hi-Latn,neutral,positive,,,,,,sentiment,baseline,tweets-hindi,medium(8-39),0.3991,misclassified
sentiment-te-01680,hi-Latn,negative,positive,,,,,,sentiment,baseline,tweets-hindi,medium(8-39),0.3653,misclassified
sentiment-te-01681,hi-Latn,neutral,positive,,,,,,sentiment,baseline,tweets-hindi,medium(8-39),0.421,misclassified
sentiment-te-01683,hi-Latn,negative,neutral,,,,,,sentiment,baseline,tweets-hindi,medium(8-39),0.365,misclassified
sentiment-te-01684,hi-Latn,neutral,negative,,,,,,sentiment,baseline,tweets-hindi,medium(8-39),0.6286,misclassified
sentiment-te-01685,hi-Latn,positive,negative,,,,,,sentiment,baseline,tweets-hindi,medium(8-39),0.5863,misclassified
sentiment-te-01687,hi-Latn,neutral,negative,,,,,,sentiment,baseline,tweets-hindi,short(<8),0.4907,misclassified
sentiment-te-01688,hi-Latn,positive,negative,,,,,,sentiment,baseline,tweets-hindi,short(<8),0.391,misclassified
sentiment-te-01689,hi-Latn,negative,positive,,,,,,sentiment,baseline,tweets-hindi,medium(8-39),0.5422,misclassified
sentiment-te-01690,hi-Latn,neutral,positive,,,,,,sentiment,baseline,tweets-hindi,short(<8),0.3696,misclassified
sentiment-te-01692,hi-Latn,negative,neutral,,,,,,sentiment,baseline,tweets-hindi,medium(8-39),0.4412,misclassified
sentiment-te-01693,hi-Latn,neutral,positive,,,,,,sentiment,baseline,tweets-hindi,medium(8-39),0.4492,misclassified
sentiment-te-01695,hi-Latn,negative,neutral,,,,,,sentiment,baseline,tweets-hindi,medium(8-39),0.4577,misclassified
sentiment-te-01699,hi-Latn,neutral,positive,,,,,,sentiment,baseline,tweets-hindi,medium(8-39),0.4635,misclassified
sentiment-te-01700,hi-Latn,positive,neutral,,,,,,sentiment,baseline,tweets-hindi,medium(8-39),0.3741,misclassified
sentiment-te-01701,hi-Latn,negative,neutral,,,,,,sentiment,baseline,tweets-hindi,medium(8-39),0.4343,misclassified
sentiment-te-01702,hi-Latn,neutral,negative,,,,,,sentiment,baseline,tweets-hindi,medium(8-39),0.3388,misclassified
sentiment-te-01703,hi-Latn,positive,negative,,,,,,sentiment,baseline,tweets-hindi,short(<8),0.6182,misclassified
sentiment-te-01705,hi-Latn,neutral,negative,,,,,,sentiment,baseline,tweets-hindi,short(<8),0.3988,misclassified
sentiment-te-01706,hi-Latn,positive,negative,,,,,,sentiment,baseline,tweets-hindi,medium(8-39),0.5806,misclassified
sentiment-te-01709,hi-Latn,positive,neutral,,,,,,sentiment,baseline,tweets-hindi,medium(8-39),0.4687,misclassified
sentiment-te-01710,hi-Latn,negative,positive,,,,,,sentiment,baseline,tweets-hindi,short(<8),0.5104,misclassified
sentiment-te-01711,hi-Latn,neutral,positive,,,,,,sentiment,baseline,tweets-hindi,short(<8),0.4614,misclassified
sentiment-te-01712,hi-Latn,positive,negative,,,,,,sentiment,baseline,tweets-hindi,medium(8-39),0.4328,misclassified
sentiment-te-01714,hi-Latn,neutral,positive,,,,,,sentiment,baseline,tweets-hindi,medium(8-39),0.3791,misclassified
sentiment-te-01715,hi-Latn,positive,neutral,,,,,,sentiment,baseline,tweets-hindi,medium(8-39),0.4333,misclassified
sentiment-te-01717,hi-Latn,neutral,positive,,,,,,sentiment,baseline,tweets-hindi,medium(8-39),0.5306,misclassified
sentiment-te-01720,hi-Latn,neutral,positive,,,,,,sentiment,baseline,tweets-hindi,medium(8-39),0.6231,misclassified
sentiment-te-01721,hi-Latn,positive,negative,,,,,,sentiment,baseline,tweets-hindi,medium(8-39),0.4846,misclassified
sentiment-te-01723,hi-Latn,neutral,positive,,,,,,sentiment,baseline,tweets-hindi,medium(8-39),0.3606,misclassified
sentiment-te-01725,hi-Latn,negative,neutral,,,,,,sentiment,baseline,tweets-hindi,medium(8-39),0.443,misclassified
sentiment-te-01730,hi-Latn,positive,negative,,,,,,sentiment,baseline,tweets-hindi,medium(8-39),0.5799,misclassified
sentiment-te-01732,hi-Latn,neutral,negative,,,,,,sentiment,baseline,tweets-hindi,medium(8-39),0.7846,misclassified
sentiment-te-01736,hi-Latn,positive,negative,,,,,,sentiment,baseline,tweets-hindi,short(<8),0.4841,misclassified
sentiment-te-01737,hi-Latn,positive,negative,,,,,,sentiment,baseline,youtube-hinglish,medium(8-39),0.646,misclassified
sentiment-te-01738,hi-Latn,positive,negative,,,,,,sentiment,baseline,youtube-hinglish,medium(8-39),0.4109,misclassified
sentiment-te-01739,hi-Latn,neutral,negative,,,,,,sentiment,baseline,youtube-hinglish,medium(8-39),0.4923,misclassified
sentiment-te-01744,hi-Latn,negative,positive,,,,,,sentiment,baseline,youtube-hinglish,medium(8-39),0.3622,misclassified
sentiment-te-01745,hi-Latn,neutral,negative,,,,,,sentiment,baseline,youtube-hinglish,short(<8),0.7255,misclassified
sentiment-te-01747,hi-Latn,neutral,negative,,,,,,sentiment,baseline,youtube-hinglish,short(<8),0.5486,misclassified
sentiment-te-01748,hi-Latn,neutral,negative,,,,,,sentiment,baseline,youtube-hinglish,short(<8),0.5234,misclassified
sentiment-te-01753,hi-Latn,neutral,negative,,,,,,sentiment,baseline,youtube-hinglish,short(<8),0.4014,misclassified
sentiment-te-01754,hi-Latn,neutral,negative,,,,,,sentiment,baseline,youtube-hinglish,medium(8-39),0.6806,misclassified
sentiment-te-01757,hi-Latn,positive,negative,,,,,,sentiment,baseline,youtube-hinglish,short(<8),0.3967,misclassified
sentiment-te-01759,hi-Latn,negative,positive,,,,,,sentiment,baseline,youtube-hinglish,short(<8),0.6292,misclassified
sentiment-te-01762,hi-Latn,neutral,negative,,,,,,sentiment,baseline,youtube-hinglish,short(<8),0.5384,misclassified
sentiment-te-01763,hi-Latn,negative,neutral,,,,,,sentiment,baseline,youtube-hinglish,short(<8),0.4079,misclassified
sentiment-te-01764,hi-Latn,neutral,positive,,,,,,sentiment,baseline,youtube-hinglish,medium(8-39),0.4308,misclassified
sentiment-te-01765,hi-Latn,positive,negative,,,,,,sentiment,baseline,youtube-hinglish,short(<8),0.3711,misclassified
sentiment-te-01766,hi-Latn,neutral,negative,,,,,,sentiment,baseline,youtube-hinglish,short(<8),0.4161,misclassified
sentiment-te-01768,hi-Latn,neutral,negative,,,,,,sentiment,baseline,youtube-hinglish,medium(8-39),0.4335,misclassified
sentiment-te-01769,hi-Latn,neutral,negative,,,,,,sentiment,baseline,youtube-hinglish,medium(8-39),0.4726,misclassified
sentiment-te-01771,hi-Latn,neutral,negative,,,,,,sentiment,baseline,youtube-hinglish,medium(8-39),0.543,misclassified
sentiment-te-01777,hi-Latn,positive,negative,,,,,,sentiment,baseline,youtube-hinglish,medium(8-39),0.4472,misclassified
sentiment-te-01778,hi-Latn,neutral,positive,,,,,,sentiment,baseline,youtube-hinglish,medium(8-39),0.4109,misclassified
sentiment-te-01782,hi-Latn,neutral,negative,,,,,,sentiment,baseline,youtube-hinglish,medium(8-39),0.3652,misclassified
sentiment-te-01783,hi-Latn,neutral,negative,,,,,,sentiment,baseline,youtube-hinglish,medium(8-39),0.483,misclassified
sentiment-te-01784,hi-Latn,neutral,positive,,,,,,sentiment,baseline,youtube-hinglish,medium(8-39),0.3843,misclassified
sentiment-te-01787,hi-Latn,neutral,negative,,,,,,sentiment,baseline,youtube-hinglish,medium(8-39),0.6633,misclassified
sentiment-te-01789,hi-Latn,positive,negative,,,,,,sentiment,baseline,youtube-hinglish,medium(8-39),0.3796,misclassified
sentiment-te-01790,hi-Latn,negative,positive,,,,,,sentiment,baseline,youtube-hinglish,medium(8-39),0.4581,misclassified
sentiment-te-01791,hi-Latn,positive,negative,,,,,,sentiment,baseline,youtube-hinglish,medium(8-39),0.4758,misclassified
sentiment-te-01794,hi-Latn,neutral,negative,,,,,,sentiment,baseline,youtube-hinglish,medium(8-39),0.5656,misclassified
sentiment-te-01798,hi-Latn,positive,negative,,,,,,sentiment,baseline,youtube-hinglish,medium(8-39),0.4237,misclassified
sentiment-te-01799,hi-Latn,negative,neutral,,,,,,sentiment,baseline,youtube-hinglish,short(<8),0.7028,misclassified
sentiment-te-01800,hi-Latn,positive,negative,,,,,,sentiment,baseline,youtube-hinglish,medium(8-39),0.4781,misclassified
sentiment-te-01801,hi-Latn,neutral,negative,,,,,,sentiment,baseline,youtube-hinglish,medium(8-39),0.4024,misclassified
sentiment-te-01810,hi-Latn,neutral,positive,,,,,,sentiment,baseline,youtube-hinglish,medium(8-39),0.362,misclassified
sentiment-te-01814,hi-Latn,neutral,negative,,,,,,sentiment,baseline,youtube-hinglish,medium(8-39),0.412,misclassified
sentiment-te-01817,hi-Latn,neutral,positive,,,,,,sentiment,baseline,youtube-hinglish,medium(8-39),0.6021,misclassified
sentiment-te-01821,hi-Latn,neutral,positive,,,,,,sentiment,baseline,youtube-hinglish,medium(8-39),0.6455,misclassified
sentiment-te-01824,hi-Latn,neutral,negative,,,,,,sentiment,baseline,youtube-hinglish,short(<8),0.6517,misclassified
sentiment-te-01827,hi-Latn,positive,neutral,,,,,,sentiment,baseline,youtube-hinglish,medium(8-39),0.4998,misclassified
sentiment-te-01829,hi-Latn,positive,negative,,,,,,sentiment,baseline,youtube-hinglish,medium(8-39),0.5731,misclassified
sentiment-te-01834,hi-Latn,negative,positive,,,,,,sentiment,baseline,youtube-hinglish,medium(8-39),0.5271,misclassified
sentiment-te-01835,hi-Latn,neutral,negative,,,,,,sentiment,baseline,youtube-hinglish,medium(8-39),0.5862,misclassified
sentiment-te-01842,hi-Latn,positive,neutral,,,,,,sentiment,baseline,youtube-hinglish,short(<8),0.4514,misclassified
sentiment-te-01843,hi-Latn,neutral,negative,,,,,,sentiment,baseline,youtube-hinglish,short(<8),0.3693,misclassified
sentiment-te-01844,hi-Latn,neutral,negative,,,,,,sentiment,baseline,youtube-hinglish,medium(8-39),0.4917,misclassified
sentiment-te-01847,hi-Latn,negative,positive,,,,,,sentiment,baseline,youtube-hinglish,short(<8),0.4873,misclassified
sentiment-te-01849,hi-Latn,neutral,negative,,,,,,sentiment,baseline,youtube-hinglish,short(<8),0.9019,misclassified
sentiment-te-01852,hi-Latn,positive,neutral,,,,,,sentiment,baseline,youtube-hinglish,short(<8),0.4074,misclassified
sentiment-te-01855,hi-Latn,neutral,negative,,,,,,sentiment,baseline,youtube-hinglish,medium(8-39),0.522,misclassified
sentiment-te-01859,hi-Latn,positive,negative,,,,,,sentiment,baseline,youtube-hinglish,medium(8-39),0.4645,misclassified
sentiment-te-01860,hi-Latn,neutral,positive,,,,,,sentiment,baseline,youtube-hinglish,short(<8),0.3402,misclassified
sentiment-te-01861,hi-Latn,positive,negative,,,,,,sentiment,baseline,youtube-hinglish,medium(8-39),0.5412,misclassified
sentiment-te-01862,hi-Latn,positive,negative,,,,,,sentiment,baseline,youtube-hinglish,medium(8-39),0.56,misclassified
sentiment-te-01863,hi-Latn,positive,negative,,,,,,sentiment,baseline,youtube-hinglish,medium(8-39),0.639,misclassified
sentiment-te-01864,hi-Latn,positive,negative,,,,,,sentiment,baseline,youtube-hinglish,short(<8),0.5061,misclassified
sentiment-te-01867,hi-Latn,positive,negative,,,,,,sentiment,baseline,youtube-hinglish,medium(8-39),0.5529,misclassified
sentiment-te-01868,hi-Latn,neutral,positive,,,,,,sentiment,baseline,youtube-hinglish,medium(8-39),0.6561,misclassified
sentiment-te-01869,hi-Latn,positive,negative,,,,,,sentiment,baseline,youtube-hinglish,medium(8-39),0.3806,misclassified
sentiment-te-01870,hi-Latn,positive,negative,,,,,,sentiment,baseline,youtube-hinglish,medium(8-39),0.382,misclassified
sentiment-te-01871,hi-Latn,positive,negative,,,,,,sentiment,baseline,youtube-hinglish,medium(8-39),0.7883,misclassified
sentiment-te-01875,hi-Latn,positive,negative,,,,,,sentiment,baseline,youtube-hinglish,medium(8-39),0.5598,misclassified
sentiment-te-01876,hi-Latn,positive,negative,,,,,,sentiment,baseline,youtube-hinglish,medium(8-39),0.4511,misclassified
sentiment-te-01877,hi-Latn,positive,negative,,,,,,sentiment,baseline,youtube-hinglish,medium(8-39),0.3574,misclassified
sentiment-te-01878,hi-Latn,positive,negative,,,,,,sentiment,baseline,youtube-hinglish,short(<8),0.4828,misclassified
sentiment-te-01879,hi-Latn,positive,negative,,,,,,sentiment,baseline,youtube-hinglish,medium(8-39),0.6266,misclassified
sentiment-te-01880,hi-Latn,positive,negative,,,,,,sentiment,baseline,youtube-hinglish,medium(8-39),0.5677,misclassified
sentiment-te-01882,hi-Latn,negative,neutral,,,,,,sentiment,baseline,youtube-hinglish,short(<8),0.5352,misclassified
sentiment-te-01883,hi-Latn,positive,negative,,,,,,sentiment,baseline,youtube-hinglish,short(<8),0.7115,misclassified
sentiment-te-01885,hi-Latn,positive,neutral,,,,,,sentiment,baseline,youtube-hinglish,medium(8-39),0.4115,misclassified
sentiment-te-01886,hi-Latn,positive,negative,,,,,,sentiment,baseline,youtube-hinglish,medium(8-39),0.5819,misclassified
sentiment-te-01888,hi-Latn,positive,negative,,,,,,sentiment,baseline,youtube-hinglish,medium(8-39),0.5095,misclassified
sentiment-te-01889,hi-Latn,neutral,negative,,,,,,sentiment,baseline,youtube-hinglish,medium(8-39),0.5653,misclassified
sentiment-te-01890,hi-Latn,positive,neutral,,,,,,sentiment,baseline,youtube-hinglish,medium(8-39),0.406,misclassified
sentiment-te-01892,hi-Latn,positive,negative,,,,,,sentiment,baseline,youtube-hinglish,medium(8-39),0.5384,misclassified
sentiment-te-01893,hi-Latn,positive,negative,,,,,,sentiment,baseline,youtube-hinglish,medium(8-39),0.5637,misclassified
sentiment-te-01898,hi-Latn,positive,neutral,,,,,,sentiment,baseline,youtube-hinglish,medium(8-39),0.4765,misclassified
sentiment-te-01900,hi-Latn,positive,negative,,,,,,sentiment,baseline,youtube-hinglish,medium(8-39),0.6967,misclassified
sentiment-te-01904,hi-Latn,positive,negative,,,,,,sentiment,baseline,youtube-hinglish,medium(8-39),0.5501,misclassified
sentiment-te-01905,hi-Latn,positive,negative,,,,,,sentiment,baseline,youtube-hinglish,medium(8-39),0.7852,misclassified
sentiment-te-01906,hi-Latn,neutral,negative,,,,,,sentiment,baseline,youtube-hinglish,medium(8-39),0.515,misclassified
sentiment-te-01907,hi-Latn,neutral,negative,,,,,,sentiment,baseline,youtube-hinglish,medium(8-39),0.5581,misclassified
sentiment-te-01908,hi-Latn,positive,neutral,,,,,,sentiment,baseline,youtube-hinglish,short(<8),0.4823,misclassified
sentiment-te-01909,hi-Latn,positive,negative,,,,,,sentiment,baseline,youtube-hinglish,medium(8-39),0.5681,misclassified
sentiment-te-01912,hi-Latn,neutral,negative,,,,,,sentiment,baseline,youtube-hinglish,medium(8-39),0.5129,misclassified
sentiment-te-01913,hi-Latn,positive,negative,,,,,,sentiment,baseline,youtube-hinglish,medium(8-39),0.4805,misclassified
sentiment-te-01916,hi-Latn,positive,negative,,,,,,sentiment,baseline,youtube-hinglish,short(<8),0.6004,misclassified
sentiment-te-01917,hi-Latn,positive,negative,,,,,,sentiment,baseline,youtube-hinglish,medium(8-39),0.623,misclassified
sentiment-te-01918,hi-Latn,positive,negative,,,,,,sentiment,baseline,youtube-hinglish,medium(8-39),0.405,misclassified
sentiment-te-01919,hi-Latn,negative,positive,,,,,,sentiment,baseline,youtube-hinglish,medium(8-39),0.4188,misclassified
sentiment-te-01923,hi-Latn,positive,negative,,,,,,sentiment,baseline,youtube-hinglish,medium(8-39),0.437,misclassified
sentiment-te-01926,hi-Latn,neutral,negative,,,,,,sentiment,baseline,youtube-hinglish,medium(8-39),0.4663,misclassified
sentiment-te-01928,hi-Latn,neutral,negative,,,,,,sentiment,baseline,youtube-hinglish,medium(8-39),0.516,misclassified
sentiment-te-01930,hi-Latn,positive,negative,,,,,,sentiment,baseline,youtube-hinglish,medium(8-39),0.665,misclassified
sentiment-te-01931,hi-Latn,positive,negative,,,,,,sentiment,baseline,youtube-hinglish,medium(8-39),0.51,misclassified
sentiment-te-01934,hi-Latn,neutral,negative,,,,,,sentiment,baseline,youtube-hinglish,medium(8-39),0.4062,misclassified
sentiment-te-01936,hi-Latn,neutral,negative,,,,,,sentiment,baseline,youtube-hinglish,medium(8-39),0.6333,misclassified
sentiment-te-01941,hi-Latn,positive,negative,,,,,,sentiment,baseline,youtube-hinglish,medium(8-39),0.5367,misclassified
sentiment-te-01943,hi-Latn,positive,negative,,,,,,sentiment,baseline,youtube-hinglish,medium(8-39),0.3779,misclassified
sentiment-te-01944,hi-Latn,neutral,negative,,,,,,sentiment,baseline,youtube-hinglish,short(<8),0.4437,misclassified
sentiment-te-01945,hi-Latn,positive,negative,,,,,,sentiment,baseline,youtube-hinglish,medium(8-39),0.6067,misclassified
sentiment-te-01946,hi-Latn,negative,positive,,,,,,sentiment,baseline,youtube-hinglish,short(<8),0.3622,misclassified
sentiment-te-01947,hi-Latn,positive,negative,,,,,,sentiment,baseline,youtube-hinglish,medium(8-39),0.4627,misclassified
sentiment-te-01948,hi-Latn,positive,negative,,,,,,sentiment,baseline,youtube-hinglish,medium(8-39),0.6442,misclassified
sentiment-te-01951,hi-Latn,positive,negative,,,,,,sentiment,baseline,youtube-hinglish,medium(8-39),0.5687,misclassified
sentiment-te-01953,hi-Latn,positive,negative,,,,,,sentiment,baseline,youtube-hinglish,long(40+),0.7357,misclassified
sentiment-te-01959,hi-Latn,positive,negative,,,,,,sentiment,baseline,youtube-hinglish,medium(8-39),0.6787,misclassified
sentiment-te-01961,hi-Latn,positive,neutral,,,,,,sentiment,baseline,youtube-hinglish,medium(8-39),0.5078,misclassified
sentiment-te-01962,hi-Latn,neutral,negative,,,,,,sentiment,baseline,youtube-hinglish,short(<8),0.5281,misclassified
sentiment-te-01963,hi-Latn,neutral,negative,,,,,,sentiment,baseline,youtube-hinglish,medium(8-39),0.5212,misclassified
sentiment-te-01966,hi-Latn,neutral,negative,,,,,,sentiment,baseline,youtube-hinglish,medium(8-39),0.5836,misclassified
sentiment-te-01967,hi-Latn,positive,negative,,,,,,sentiment,baseline,youtube-hinglish,short(<8),0.4756,misclassified
sentiment-te-01968,hi-Latn,negative,positive,,,,,,sentiment,baseline,youtube-hinglish,medium(8-39),0.4244,misclassified
sentiment-te-01969,hi-Latn,neutral,negative,,,,,,sentiment,baseline,youtube-hinglish,short(<8),0.5205,misclassified
sentiment-te-01972,hi-Latn,neutral,negative,,,,,,sentiment,baseline,youtube-hinglish,medium(8-39),0.4927,misclassified
sentiment-te-01973,hi-Latn,positive,neutral,,,,,,sentiment,baseline,youtube-hinglish,short(<8),0.3662,misclassified
sentiment-te-01975,hi-Latn,positive,negative,,,,,,sentiment,baseline,youtube-hinglish,medium(8-39),0.6351,misclassified
sentiment-te-01976,hi-Latn,positive,neutral,,,,,,sentiment,baseline,youtube-hinglish,medium(8-39),0.375,misclassified
sentiment-te-01977,hi-Latn,positive,negative,,,,,,sentiment,baseline,youtube-hinglish,medium(8-39),0.7141,misclassified
sentiment-te-01978,hi-Latn,positive,negative,,,,,,sentiment,baseline,youtube-hinglish,medium(8-39),0.4457,misclassified
sentiment-te-01979,hi-Latn,negative,positive,,,,,,sentiment,baseline,youtube-hinglish,medium(8-39),0.4595,misclassified
sentiment-te-01980,hi-Latn,positive,negative,,,,,,sentiment,baseline,youtube-hinglish,short(<8),0.5748,misclassified
sentiment-te-01983,hi-Latn,neutral,negative,,,,,,sentiment,baseline,youtube-hinglish,medium(8-39),0.6314,misclassified
sentiment-te-01985,hi-Latn,neutral,positive,,,,,,sentiment,baseline,youtube-hinglish,medium(8-39),0.4632,misclassified
sentiment-te-01987,hi-Latn,positive,negative,,,,,,sentiment,baseline,youtube-hinglish,medium(8-39),0.5719,misclassified
sentiment-te-01988,hi-Latn,neutral,negative,,,,,,sentiment,baseline,youtube-hinglish,medium(8-39),0.4068,misclassified
sentiment-te-01989,hi-Latn,positive,negative,,,,,,sentiment,baseline,youtube-hinglish,medium(8-39),0.6745,misclassified
sentiment-te-01991,hi-Latn,neutral,negative,,,,,,sentiment,baseline,youtube-hinglish,medium(8-39),0.5524,misclassified
sentiment-te-01992,hi-Latn,negative,positive,,,,,,sentiment,baseline,youtube-hinglish,medium(8-39),0.4174,misclassified
sentiment-te-01993,hi-Latn,neutral,negative,,,,,,sentiment,baseline,youtube-hinglish,medium(8-39),0.5145,misclassified
sentiment-te-01994,hi-Latn,positive,negative,,,,,,sentiment,baseline,youtube-hinglish,medium(8-39),0.6783,misclassified
sentiment-te-01997,hi-Latn,neutral,negative,,,,,,sentiment,baseline,youtube-hinglish,short(<8),0.7804,misclassified
sentiment-te-01998,hi-Latn,positive,negative,,,,,,sentiment,baseline,youtube-hinglish,short(<8),0.7212,misclassified
sentiment-te-02003,hi-Latn,neutral,positive,,,,,,sentiment,baseline,youtube-hinglish,short(<8),0.4551,misclassified
sentiment-te-02004,hi-Latn,positive,negative,,,,,,sentiment,baseline,youtube-hinglish,short(<8),0.4217,misclassified
sentiment-te-02005,hi-Latn,neutral,negative,,,,,,sentiment,baseline,youtube-hinglish,medium(8-39),0.3679,misclassified
sentiment-te-02007,hi-Latn,positive,negative,,,,,,sentiment,baseline,youtube-hinglish,medium(8-39),0.7151,misclassified
sentiment-te-02009,hi-Latn,neutral,negative,,,,,,sentiment,baseline,youtube-hinglish,short(<8),0.4407,misclassified
sentiment-te-02011,hi-Latn,negative,neutral,,,,,,sentiment,baseline,youtube-hinglish,medium(8-39),0.396,misclassified
sentiment-te-02012,hi-Latn,positive,negative,,,,,,sentiment,baseline,youtube-hinglish,medium(8-39),0.6542,misclassified
sentiment-te-02014,hi-Latn,neutral,negative,,,,,,sentiment,baseline,youtube-hinglish,medium(8-39),0.5264,misclassified
sentiment-te-02018,hi-Latn,negative,neutral,,,,,,sentiment,baseline,youtube-hinglish,short(<8),0.3693,misclassified
sentiment-te-02019,hi-Latn,positive,negative,,,,,,sentiment,baseline,youtube-hinglish,medium(8-39),0.5396,misclassified
sentiment-te-02020,hi-Latn,positive,negative,,,,,,sentiment,baseline,youtube-hinglish,medium(8-39),0.4408,misclassified
sentiment-te-02021,hi-Latn,neutral,negative,,,,,,sentiment,baseline,youtube-hinglish,short(<8),0.6255,misclassified
sentiment-te-02022,hi-Latn,neutral,negative,,,,,,sentiment,baseline,youtube-hinglish,medium(8-39),0.7272,misclassified
sentiment-te-02023,hi-Latn,positive,negative,,,,,,sentiment,baseline,youtube-hinglish,medium(8-39),0.6356,misclassified
sentiment-te-02025,hi-Latn,positive,negative,,,,,,sentiment,baseline,youtube-hinglish,medium(8-39),0.6933,misclassified
sentiment-te-02026,hi-Latn,neutral,negative,,,,,,sentiment,baseline,youtube-hinglish,medium(8-39),0.5985,misclassified
sentiment-te-02028,hi-Latn,positive,negative,,,,,,sentiment,baseline,youtube-hinglish,medium(8-39),0.6332,misclassified
sentiment-te-02030,hi-Latn,positive,negative,,,,,,sentiment,baseline,youtube-hinglish,medium(8-39),0.5536,misclassified
sentiment-te-02031,hi-Latn,positive,negative,,,,,,sentiment,baseline,youtube-hinglish,medium(8-39),0.4826,misclassified
sentiment-te-02032,hi-Latn,positive,negative,,,,,,sentiment,baseline,youtube-hinglish,medium(8-39),0.5352,misclassified
sentiment-te-02033,hi-Latn,positive,negative,,,,,,sentiment,baseline,youtube-hinglish,medium(8-39),0.3809,misclassified
sentiment-te-02034,hi-Latn,positive,negative,,,,,,sentiment,baseline,youtube-hinglish,medium(8-39),0.6011,misclassified
sentiment-te-02035,hi-Latn,positive,negative,,,,,,sentiment,baseline,youtube-hinglish,medium(8-39),0.4192,misclassified
sentiment-te-02036,hi-Latn,positive,negative,,,,,,sentiment,baseline,youtube-hinglish,medium(8-39),0.6609,misclassified
sentiment-te-02037,hi-Latn,positive,negative,,,,,,sentiment,baseline,youtube-hinglish,medium(8-39),0.5212,misclassified
sentiment-te-02039,hi-Latn,positive,negative,,,,,,sentiment,baseline,youtube-hinglish,medium(8-39),0.3981,misclassified
sentiment-te-02040,hi-Latn,neutral,negative,,,,,,sentiment,baseline,youtube-hinglish,medium(8-39),0.6779,misclassified
sentiment-te-02041,hi-Latn,positive,negative,,,,,,sentiment,baseline,youtube-hinglish,medium(8-39),0.5309,misclassified
sentiment-te-02042,hi-Latn,positive,negative,,,,,,sentiment,baseline,youtube-hinglish,medium(8-39),0.4624,misclassified
sentiment-te-02046,hi-Latn,positive,negative,,,,,,sentiment,baseline,youtube-hinglish,medium(8-39),0.5288,misclassified
sentiment-te-02049,hi-Latn,neutral,negative,,,,,,sentiment,baseline,youtube-hinglish,medium(8-39),0.5685,misclassified
sentiment-te-02050,hi-Latn,positive,negative,,,,,,sentiment,baseline,youtube-hinglish,medium(8-39),0.5603,misclassified
sentiment-te-02051,hi-Latn,positive,negative,,,,,,sentiment,baseline,youtube-hinglish,medium(8-39),0.6413,misclassified
sentiment-te-02052,hi-Latn,positive,negative,,,,,,sentiment,baseline,youtube-hinglish,medium(8-39),0.5115,misclassified
sentiment-te-02054,hi-Latn,neutral,positive,,,,,,sentiment,baseline,youtube-hinglish,medium(8-39),0.6794,misclassified
sentiment-te-02055,hi-Latn,positive,neutral,,,,,,sentiment,baseline,youtube-hinglish,medium(8-39),0.3691,misclassified
sentiment-te-02056,hi-Latn,positive,neutral,,,,,,sentiment,baseline,youtube-hinglish,short(<8),0.4726,misclassified
sentiment-te-02057,hi-Latn,positive,negative,,,,,,sentiment,baseline,youtube-hinglish,medium(8-39),0.5237,misclassified
sentiment-te-02058,hi-Latn,positive,negative,,,,,,sentiment,baseline,youtube-hinglish,medium(8-39),0.5473,misclassified
sentiment-te-02063,hi-Latn,positive,negative,,,,,,sentiment,baseline,youtube-hinglish,medium(8-39),0.6797,misclassified
sentiment-te-02065,hi-Latn,positive,negative,,,,,,sentiment,baseline,youtube-hinglish,medium(8-39),0.5989,misclassified
sentiment-te-02066,hi-Latn,positive,neutral,,,,,,sentiment,baseline,youtube-hinglish,medium(8-39),0.4732,misclassified
sentiment-te-02067,hi-Latn,positive,negative,,,,,,sentiment,baseline,youtube-hinglish,medium(8-39),0.613,misclassified
sentiment-te-02071,hi-Latn,positive,negative,,,,,,sentiment,baseline,youtube-hinglish,short(<8),0.5047,misclassified
sentiment-te-02072,hi-Latn,neutral,negative,,,,,,sentiment,baseline,youtube-hinglish,medium(8-39),0.5032,misclassified
sentiment-te-02073,hi-Latn,positive,negative,,,,,,sentiment,baseline,youtube-hinglish,medium(8-39),0.4136,misclassified
sentiment-te-02074,hi-Latn,positive,negative,,,,,,sentiment,baseline,youtube-hinglish,long(40+),0.5038,misclassified
sentiment-te-02077,hi-Latn,positive,negative,,,,,,sentiment,baseline,youtube-hinglish,medium(8-39),0.4356,misclassified
sentiment-te-02078,hi-Latn,positive,negative,,,,,,sentiment,baseline,youtube-hinglish,medium(8-39),0.6169,misclassified
sentiment-te-02080,hi-Latn,positive,neutral,,,,,,sentiment,baseline,youtube-hinglish,short(<8),0.4729,misclassified
sentiment-te-02083,hi-Latn,positive,negative,,,,,,sentiment,baseline,youtube-hinglish,medium(8-39),0.6535,misclassified
sentiment-te-02086,hi-Latn,positive,neutral,,,,,,sentiment,baseline,youtube-hinglish,medium(8-39),0.3587,misclassified
sentiment-te-02088,hi-Latn,positive,negative,,,,,,sentiment,baseline,youtube-hinglish,short(<8),0.5937,misclassified
sentiment-te-02089,hi-Latn,positive,negative,,,,,,sentiment,baseline,youtube-hinglish,medium(8-39),0.3747,misclassified
sentiment-te-02090,hi-Latn,positive,negative,,,,,,sentiment,baseline,youtube-hinglish,medium(8-39),0.6768,misclassified
sentiment-te-02092,hi-Latn,positive,negative,,,,,,sentiment,baseline,youtube-hinglish,short(<8),0.5162,misclassified
sentiment-te-02093,hi-Latn,positive,negative,,,,,,sentiment,baseline,youtube-hinglish,short(<8),0.425,misclassified
sentiment-te-02094,hi-Latn,positive,negative,,,,,,sentiment,baseline,youtube-hinglish,short(<8),0.4499,misclassified
sentiment-te-02095,hi-Latn,positive,negative,,,,,,sentiment,baseline,youtube-hinglish,medium(8-39),0.5234,misclassified
sentiment-te-02097,hi-Latn,positive,negative,,,,,,sentiment,baseline,youtube-hinglish,medium(8-39),0.5387,misclassified
sentiment-te-02099,hi-Latn,positive,negative,,,,,,sentiment,baseline,youtube-hinglish,short(<8),0.5106,misclassified
sentiment-te-02100,hi-Latn,positive,negative,,,,,,sentiment,baseline,youtube-hinglish,medium(8-39),0.4459,misclassified
sentiment-te-02101,hi-Latn,positive,negative,,,,,,sentiment,baseline,youtube-hinglish,medium(8-39),0.4828,misclassified
sentiment-te-02102,hi-Latn,positive,negative,,,,,,sentiment,baseline,youtube-hinglish,medium(8-39),0.4886,misclassified
sentiment-te-02103,hi-Latn,positive,negative,,,,,,sentiment,baseline,youtube-hinglish,medium(8-39),0.6369,misclassified
sentiment-te-02104,hi-Latn,positive,negative,,,,,,sentiment,baseline,youtube-hinglish,medium(8-39),0.4474,misclassified
sentiment-te-02105,hi-Latn,positive,negative,,,,,,sentiment,baseline,youtube-hinglish,medium(8-39),0.5836,misclassified
sentiment-te-02107,hi-Latn,negative,positive,,,,,,sentiment,baseline,youtube-hinglish,short(<8),0.4646,misclassified
sentiment-te-02109,hi-Latn,positive,negative,,,,,,sentiment,baseline,youtube-hinglish,medium(8-39),0.5495,misclassified
sentiment-te-02111,hi-Latn,positive,negative,,,,,,sentiment,baseline,youtube-hinglish,medium(8-39),0.4421,misclassified
sentiment-te-02114,hi-Latn,positive,negative,,,,,,sentiment,baseline,youtube-hinglish,medium(8-39),0.4944,misclassified
sentiment-te-02115,hi-Latn,negative,positive,,,,,,sentiment,baseline,youtube-hinglish,short(<8),0.5714,misclassified
sentiment-te-02116,hi-Latn,neutral,negative,,,,,,sentiment,baseline,youtube-hinglish,medium(8-39),0.4464,misclassified
sentiment-te-02117,hi-Latn,positive,negative,,,,,,sentiment,baseline,youtube-hinglish,medium(8-39),0.3916,misclassified
sentiment-te-02118,hi-Latn,neutral,negative,,,,,,sentiment,baseline,youtube-hinglish,medium(8-39),0.5351,misclassified
sentiment-te-02119,hi-Latn,positive,negative,,,,,,sentiment,baseline,youtube-hinglish,medium(8-39),0.5469,misclassified
sentiment-te-02120,hi-Latn,negative,positive,,,,,,sentiment,baseline,youtube-hinglish,medium(8-39),0.4194,misclassified
sentiment-te-02124,hi-Latn,positive,negative,,,,,,sentiment,baseline,youtube-hinglish,short(<8),0.4492,misclassified
sentiment-te-02125,hi-Latn,positive,negative,,,,,,sentiment,baseline,youtube-hinglish,medium(8-39),0.471,misclassified
sentiment-te-02126,hi-Latn,positive,negative,,,,,,sentiment,baseline,youtube-hinglish,medium(8-39),0.4335,misclassified
sentiment-te-02127,hi-Latn,neutral,negative,,,,,,sentiment,baseline,youtube-hinglish,short(<8),0.4633,misclassified
sentiment-te-02133,hi-Latn,neutral,negative,,,,,,sentiment,baseline,youtube-hinglish,short(<8),0.6417,misclassified
sentiment-te-02135,hi-Latn,neutral,negative,,,,,,sentiment,baseline,youtube-hinglish,medium(8-39),0.4833,misclassified
sentiment-te-02138,hi-Latn,neutral,negative,,,,,,sentiment,baseline,youtube-hinglish,medium(8-39),0.5875,misclassified
sentiment-te-02139,hi-Latn,positive,negative,,,,,,sentiment,baseline,youtube-hinglish,medium(8-39),0.4044,misclassified
sentiment-te-02142,hi-Latn,positive,negative,,,,,,sentiment,baseline,youtube-hinglish,medium(8-39),0.6558,misclassified
sentiment-te-02145,hi-Latn,positive,negative,,,,,,sentiment,baseline,youtube-hinglish,medium(8-39),0.6304,misclassified
sentiment-te-02148,hi-Latn,neutral,negative,,,,,,sentiment,baseline,youtube-hinglish,short(<8),0.5119,misclassified
sentiment-te-02150,hi-Latn,neutral,negative,,,,,,sentiment,baseline,youtube-hinglish,medium(8-39),0.6447,misclassified
sentiment-te-02151,hi-Latn,positive,negative,,,,,,sentiment,baseline,youtube-hinglish,short(<8),0.4294,misclassified
sentiment-te-02156,hi-Latn,neutral,negative,,,,,,sentiment,baseline,youtube-hinglish,short(<8),0.4312,misclassified
sentiment-te-02160,hi-Latn,positive,negative,,,,,,sentiment,baseline,youtube-hinglish,short(<8),0.5938,misclassified
sentiment-te-02162,hi-Latn,positive,neutral,,,,,,sentiment,baseline,youtube-hinglish,medium(8-39),0.3639,misclassified
sentiment-te-02163,hi-Latn,negative,positive,,,,,,sentiment,baseline,youtube-hinglish,medium(8-39),0.4465,misclassified
sentiment-te-02165,hi-Latn,positive,negative,,,,,,sentiment,baseline,youtube-hinglish,medium(8-39),0.5693,misclassified
sentiment-te-02166,hi-Latn,neutral,negative,,,,,,sentiment,baseline,youtube-hinglish,short(<8),0.5634,misclassified
sentiment-te-02169,hi-Latn,positive,negative,,,,,,sentiment,baseline,youtube-hinglish,medium(8-39),0.5475,misclassified
sentiment-te-02172,hi-Latn,positive,negative,,,,,,sentiment,baseline,youtube-hinglish,medium(8-39),0.4922,misclassified
sentiment-te-02173,hi-Latn,neutral,negative,,,,,,sentiment,baseline,youtube-hinglish,short(<8),0.5245,misclassified
sentiment-te-02176,hi-Latn,positive,negative,,,,,,sentiment,baseline,youtube-hinglish,medium(8-39),0.6191,misclassified
sentiment-te-02178,hi-Latn,positive,negative,,,,,,sentiment,baseline,youtube-hinglish,medium(8-39),0.6723,misclassified
sentiment-te-02180,hi-Latn,positive,neutral,,,,,,sentiment,baseline,youtube-hinglish,short(<8),0.4681,misclassified
sentiment-te-02181,hi-Latn,negative,positive,,,,,,sentiment,baseline,youtube-hinglish,medium(8-39),0.479,misclassified
sentiment-te-02182,hi-Latn,neutral,negative,,,,,,sentiment,baseline,youtube-hinglish,medium(8-39),0.3954,misclassified
sentiment-te-02183,hi-Latn,positive,negative,,,,,,sentiment,baseline,youtube-hinglish,short(<8),0.699,misclassified
sentiment-te-02184,hi-Latn,positive,negative,,,,,,sentiment,baseline,youtube-hinglish,medium(8-39),0.3821,misclassified
sentiment-te-02185,hi-Latn,neutral,negative,,,,,,sentiment,baseline,youtube-hinglish,medium(8-39),0.5813,misclassified
sentiment-te-02187,hi-Latn,positive,negative,,,,,,sentiment,baseline,youtube-hinglish,short(<8),0.534,misclassified
sentiment-te-02188,hi-Latn,positive,negative,,,,,,sentiment,baseline,youtube-hinglish,medium(8-39),0.4612,misclassified
sentiment-te-02189,hi-Latn,positive,negative,,,,,,sentiment,baseline,youtube-hinglish,short(<8),0.548,misclassified
sentiment-te-02190,hi-Latn,positive,negative,,,,,,sentiment,baseline,youtube-hinglish,medium(8-39),0.4022,misclassified
sentiment-te-02193,hi-Latn,neutral,negative,,,,,,sentiment,baseline,youtube-hinglish,medium(8-39),0.6058,misclassified
sentiment-te-02196,hi-Latn,positive,negative,,,,,,sentiment,baseline,youtube-hinglish,short(<8),0.5526,misclassified
sentiment-te-02197,hi-Latn,positive,neutral,,,,,,sentiment,baseline,youtube-hinglish,medium(8-39),0.4112,misclassified
sentiment-te-02198,hi-Latn,positive,negative,,,,,,sentiment,baseline,youtube-hinglish,short(<8),0.4625,misclassified
sentiment-te-02199,hi-Latn,negative,neutral,,,,,,sentiment,baseline,youtube-hinglish,medium(8-39),0.504,misclassified
sentiment-te-02202,hi-Latn,neutral,negative,,,,,,sentiment,baseline,youtube-hinglish,medium(8-39),0.6161,misclassified
sentiment-te-02208,hi-Latn,neutral,negative,,,,,,sentiment,baseline,youtube-hinglish,short(<8),0.6369,misclassified
sentiment-te-02209,hi-Latn,neutral,negative,,,,,,sentiment,baseline,youtube-hinglish,long(40+),0.5276,misclassified
sentiment-te-02210,hi-Latn,neutral,negative,,,,,,sentiment,baseline,youtube-hinglish,medium(8-39),0.8628,misclassified
sentiment-te-02213,hi-Latn,negative,neutral,,,,,,sentiment,baseline,youtube-hinglish,medium(8-39),0.4366,misclassified
emotion-te-00001,en-Latn,,,surprise,fear|sadness|surprise,,,,emotion,baseline,brighter-eng,medium(8-39),0.6545,misclassified
emotion-te-00002,en-Latn,,,anger|fear,fear|joy|sadness,,,,emotion,baseline,brighter-eng,medium(8-39),0.6331,misclassified
emotion-te-00003,en-Latn,,,anger|fear|sadness,fear|sadness,,,,emotion,baseline,brighter-eng,medium(8-39),0.8611,misclassified
emotion-te-00004,en-Latn,,,fear|sadness|surprise,fear|joy|sadness|surprise,,,,emotion,baseline,brighter-eng,medium(8-39),0.9855,misclassified
emotion-te-00005,en-Latn,,,anger|fear|sadness,fear|sadness,,,,emotion,baseline,brighter-eng,medium(8-39),0.9461,misclassified
emotion-te-00006,en-Latn,,,fear|sadness,fear,,,,emotion,baseline,brighter-eng,medium(8-39),0.8757,misclassified
emotion-te-00008,en-Latn,,,joy,surprise,,,,emotion,baseline,brighter-eng,medium(8-39),0.5889,misclassified
emotion-te-00009,en-Latn,,,fear|surprise,fear|sadness|surprise,,,,emotion,baseline,brighter-eng,medium(8-39),0.57,misclassified
emotion-te-00010,en-Latn,,,fear|sadness,fear,,,,emotion,baseline,brighter-eng,medium(8-39),0.6563,misclassified
emotion-te-00011,en-Latn,,,joy,fear,,,,emotion,baseline,brighter-eng,medium(8-39),0.4063,misclassified
emotion-te-00012,en-Latn,,,sadness,fear|sadness,,,,emotion,baseline,brighter-eng,long(40+),0.8461,misclassified
emotion-te-00013,en-Latn,,,fear|sadness,fear,,,,emotion,baseline,brighter-eng,long(40+),0.7173,misclassified
emotion-te-00014,en-Latn,,,anger,anger|fear|surprise,,,,emotion,baseline,brighter-eng,short(<8),0.6611,misclassified
emotion-te-00016,en-Latn,,,fear|sadness,fear|joy,,,,emotion,baseline,brighter-eng,medium(8-39),0.5422,misclassified
emotion-te-00018,en-Latn,,,none,fear,,,,emotion,baseline,brighter-eng,medium(8-39),0.78,misclassified
emotion-te-00019,en-Latn,,,anger|fear|sadness,anger|fear|sadness|surprise,,,,emotion,baseline,brighter-eng,short(<8),0.9587,misclassified
emotion-te-00020,en-Latn,,,fear|sadness,joy,,,,emotion,baseline,brighter-eng,medium(8-39),0.6241,misclassified
emotion-te-00022,en-Latn,,,fear,anger|fear|joy,,,,emotion,baseline,brighter-eng,short(<8),0.7802,misclassified
emotion-te-00023,en-Latn,,,sadness,joy|surprise,,,,emotion,baseline,brighter-eng,medium(8-39),0.7453,misclassified
emotion-te-00026,en-Latn,,,none,fear,,,,emotion,baseline,brighter-eng,medium(8-39),0.7374,misclassified
emotion-te-00027,en-Latn,,,fear|sadness|surprise,fear|joy|sadness|surprise,,,,emotion,baseline,brighter-eng,medium(8-39),0.718,misclassified
emotion-te-00028,en-Latn,,,joy|surprise,fear|sadness,,,,emotion,baseline,brighter-eng,short(<8),0.5355,misclassified
emotion-te-00029,en-Latn,,,fear|surprise,fear|sadness,,,,emotion,baseline,brighter-eng,medium(8-39),0.9117,misclassified
emotion-te-00030,en-Latn,,,anger|fear|sadness,fear|joy|sadness,,,,emotion,baseline,brighter-eng,medium(8-39),0.648,misclassified
emotion-te-00031,en-Latn,,,anger|fear,fear|joy|sadness|surprise,,,,emotion,baseline,brighter-eng,medium(8-39),0.7181,misclassified
emotion-te-00032,en-Latn,,,fear|surprise,fear|sadness|surprise,,,,emotion,baseline,brighter-eng,long(40+),0.9779,misclassified
emotion-te-00033,en-Latn,,,joy|surprise,fear|joy|surprise,,,,emotion,baseline,brighter-eng,medium(8-39),0.7826,misclassified
emotion-te-00036,en-Latn,,,joy,fear|sadness,,,,emotion,baseline,brighter-eng,short(<8),0.7414,misclassified
emotion-te-00039,en-Latn,,,surprise,fear|sadness,,,,emotion,baseline,brighter-eng,short(<8),0.6196,misclassified
emotion-te-00040,en-Latn,,,none,fear|joy|surprise,,,,emotion,baseline,brighter-eng,short(<8),0.4893,misclassified
emotion-te-00041,en-Latn,,,fear|surprise,fear|joy|sadness|surprise,,,,emotion,baseline,brighter-eng,medium(8-39),0.7399,misclassified
emotion-te-00042,en-Latn,,,none,fear,,,,emotion,baseline,brighter-eng,medium(8-39),0.9394,misclassified
emotion-te-00044,en-Latn,,,fear,anger|fear,,,,emotion,baseline,brighter-eng,short(<8),0.8201,misclassified
emotion-te-00045,en-Latn,,,surprise,fear|sadness|surprise,,,,emotion,baseline,brighter-eng,short(<8),0.6848,misclassified
emotion-te-00046,en-Latn,,,joy,fear,,,,emotion,baseline,brighter-eng,medium(8-39),0.8465,misclassified
emotion-te-00047,en-Latn,,,anger,fear|joy|sadness,,,,emotion,baseline,brighter-eng,medium(8-39),0.5531,misclassified
emotion-te-00048,en-Latn,,,surprise,joy|surprise,,,,emotion,baseline,brighter-eng,medium(8-39),0.7992,misclassified
emotion-te-00049,en-Latn,,,joy|surprise,fear|surprise,,,,emotion,baseline,brighter-eng,medium(8-39),0.6542,misclassified
emotion-te-00050,en-Latn,,,anger|fear|sadness,fear|joy|sadness|surprise,,,,emotion,baseline,brighter-eng,medium(8-39),0.8182,misclassified
emotion-te-00051,en-Latn,,,fear,fear|sadness,,,,emotion,baseline,brighter-eng,medium(8-39),0.8371,misclassified
emotion-te-00052,en-Latn,,,none,fear|joy|sadness,,,,emotion,baseline,brighter-eng,medium(8-39),0.7872,misclassified
emotion-te-00053,en-Latn,,,fear|surprise,fear|joy|surprise,,,,emotion,baseline,brighter-eng,medium(8-39),0.7602,misclassified
emotion-te-00054,en-Latn,,,joy,fear|joy|sadness|surprise,,,,emotion,baseline,brighter-eng,medium(8-39),0.8071,misclassified
emotion-te-00055,en-Latn,,,fear|sadness,fear|surprise,,,,emotion,baseline,brighter-eng,short(<8),0.8851,misclassified
emotion-te-00056,en-Latn,,,joy|surprise,fear|joy|surprise,,,,emotion,baseline,brighter-eng,medium(8-39),0.9896,misclassified
emotion-te-00058,en-Latn,,,sadness,fear|sadness,,,,emotion,baseline,brighter-eng,medium(8-39),0.8948,misclassified
emotion-te-00060,en-Latn,,,joy,fear|joy|surprise,,,,emotion,baseline,brighter-eng,medium(8-39),0.6288,misclassified
emotion-te-00061,en-Latn,,,joy|surprise,joy,,,,emotion,baseline,brighter-eng,medium(8-39),0.928,misclassified
emotion-te-00062,en-Latn,,,joy,fear,,,,emotion,baseline,brighter-eng,short(<8),0.5273,misclassified
emotion-te-00064,en-Latn,,,fear|sadness|surprise,joy|surprise,,,,emotion,baseline,brighter-eng,medium(8-39),0.8025,misclassified
emotion-te-00065,en-Latn,,,anger,anger|fear|sadness,,,,emotion,baseline,brighter-eng,medium(8-39),0.9222,misclassified
emotion-te-00066,en-Latn,,,fear|sadness,fear|sadness|surprise,,,,emotion,baseline,brighter-eng,medium(8-39),0.8514,misclassified
emotion-te-00067,en-Latn,,,joy,fear,,,,emotion,baseline,brighter-eng,medium(8-39),0.5808,misclassified
emotion-te-00069,en-Latn,,,anger|fear,anger|fear|sadness|surprise,,,,emotion,baseline,brighter-eng,medium(8-39),0.8444,misclassified
emotion-te-00070,en-Latn,,,joy|surprise,fear|joy|surprise,,,,emotion,baseline,brighter-eng,long(40+),0.9613,misclassified
emotion-te-00071,en-Latn,,,anger|fear|sadness,sadness,,,,emotion,baseline,brighter-eng,medium(8-39),0.3903,misclassified
emotion-te-00072,en-Latn,,,sadness,sadness|surprise,,,,emotion,baseline,brighter-eng,short(<8),0.7976,misclassified
emotion-te-00073,en-Latn,,,fear|surprise,fear|joy|sadness|surprise,,,,emotion,baseline,brighter-eng,short(<8),0.9437,misclassified
emotion-te-00074,en-Latn,,,joy,fear|sadness,,,,emotion,baseline,brighter-eng,medium(8-39),0.8417,misclassified
emotion-te-00075,en-Latn,,,fear|joy|surprise,fear|sadness|surprise,,,,emotion,baseline,brighter-eng,medium(8-39),0.9826,misclassified
emotion-te-00076,en-Latn,,,joy,fear|joy|sadness,,,,emotion,baseline,brighter-eng,medium(8-39),0.7396,misclassified
emotion-te-00077,en-Latn,,,joy,fear|joy,,,,emotion,baseline,brighter-eng,medium(8-39),0.6813,misclassified
emotion-te-00078,en-Latn,,,joy|surprise,fear|joy|surprise,,,,emotion,baseline,brighter-eng,medium(8-39),0.7198,misclassified
emotion-te-00079,en-Latn,,,joy,fear|joy|sadness,,,,emotion,baseline,brighter-eng,medium(8-39),0.7593,misclassified
emotion-te-00080,en-Latn,,,fear|joy,fear|sadness,,,,emotion,baseline,brighter-eng,medium(8-39),0.8107,misclassified
emotion-te-00081,en-Latn,,,joy,fear|joy|sadness|surprise,,,,emotion,baseline,brighter-eng,medium(8-39),0.5928,misclassified
emotion-te-00082,en-Latn,,,fear,fear|joy,,,,emotion,baseline,brighter-eng,medium(8-39),0.7873,misclassified
emotion-te-00084,en-Latn,,,joy,fear|surprise,,,,emotion,baseline,brighter-eng,short(<8),0.6743,misclassified
emotion-te-00085,en-Latn,,,fear|sadness,fear|surprise,,,,emotion,baseline,brighter-eng,medium(8-39),0.9048,misclassified
emotion-te-00086,en-Latn,,,none,fear|sadness,,,,emotion,baseline,brighter-eng,short(<8),0.5868,misclassified
emotion-te-00088,en-Latn,,,joy,fear|sadness,,,,emotion,baseline,brighter-eng,medium(8-39),0.5944,misclassified
emotion-te-00090,en-Latn,,,fear|sadness|surprise,fear|joy|sadness|surprise,,,,emotion,baseline,brighter-eng,medium(8-39),0.5862,misclassified
emotion-te-00091,en-Latn,,,none,fear|sadness,,,,emotion,baseline,brighter-eng,medium(8-39),0.6923,misclassified
emotion-te-00092,en-Latn,,,surprise,fear|joy|sadness|surprise,,,,emotion,baseline,brighter-eng,medium(8-39),0.7096,misclassified
emotion-te-00094,en-Latn,,,anger|fear|surprise,anger|fear|sadness|surprise,,,,emotion,baseline,brighter-eng,short(<8),0.9628,misclassified
emotion-te-00095,en-Latn,,,joy,fear|sadness,,,,emotion,baseline,brighter-eng,medium(8-39),0.9602,misclassified
emotion-te-00098,en-Latn,,,fear|sadness,sadness|surprise,,,,emotion,baseline,brighter-eng,medium(8-39),0.9684,misclassified
emotion-te-00100,en-Latn,,,sadness,fear|joy|sadness,,,,emotion,baseline,brighter-eng,medium(8-39),0.6359,misclassified
emotion-te-00101,en-Latn,,,fear|sadness,fear|sadness|surprise,,,,emotion,baseline,brighter-eng,medium(8-39),0.9656,misclassified
emotion-te-00104,en-Latn,,,anger|fear,fear|surprise,,,,emotion,baseline,brighter-eng,short(<8),0.8035,misclassified
emotion-te-00105,en-Latn,,,sadness,fear,,,,emotion,baseline,brighter-eng,short(<8),0.5637,misclassified
emotion-te-00106,en-Latn,,,none,fear|joy|surprise,,,,emotion,baseline,brighter-eng,short(<8),0.5994,misclassified
emotion-te-00110,en-Latn,,,fear,fear|surprise,,,,emotion,baseline,brighter-eng,short(<8),0.5563,misclassified
emotion-te-00111,en-Latn,,,anger|fear|surprise,fear|sadness|surprise,,,,emotion,baseline,brighter-eng,medium(8-39),0.8042,misclassified
emotion-te-00112,en-Latn,,,sadness,fear|sadness|surprise,,,,emotion,baseline,brighter-eng,short(<8),0.9659,misclassified
emotion-te-00113,en-Latn,,,none,fear|joy|sadness,,,,emotion,baseline,brighter-eng,medium(8-39),0.778,misclassified
emotion-te-00114,en-Latn,,,none,fear|sadness,,,,emotion,baseline,brighter-eng,medium(8-39),0.9229,misclassified
emotion-te-00115,en-Latn,,,fear|sadness,fear|joy|surprise,,,,emotion,baseline,brighter-eng,medium(8-39),0.651,misclassified
emotion-te-00116,en-Latn,,,none,fear|joy|sadness,,,,emotion,baseline,brighter-eng,short(<8),0.5904,misclassified
emotion-te-00119,en-Latn,,,none,fear|surprise,,,,emotion,baseline,brighter-eng,short(<8),0.9131,misclassified
emotion-te-00120,en-Latn,,,anger|fear,fear,,,,emotion,baseline,brighter-eng,short(<8),0.5597,misclassified
emotion-te-00121,en-Latn,,,fear|sadness,joy,,,,emotion,baseline,brighter-eng,short(<8),0.4982,misclassified
emotion-te-00122,en-Latn,,,surprise,fear|joy|surprise,,,,emotion,baseline,brighter-eng,medium(8-39),0.9245,misclassified
emotion-te-00123,en-Latn,,,none,fear|joy|surprise,,,,emotion,baseline,brighter-eng,medium(8-39),0.9308,misclassified
emotion-te-00124,en-Latn,,,fear|surprise,fear|sadness,,,,emotion,baseline,brighter-eng,medium(8-39),0.8473,misclassified
emotion-te-00125,en-Latn,,,sadness,fear|sadness|surprise,,,,emotion,baseline,brighter-eng,medium(8-39),0.8623,misclassified
emotion-te-00126,en-Latn,,,surprise,fear|sadness|surprise,,,,emotion,baseline,brighter-eng,medium(8-39),0.6425,misclassified
emotion-te-00127,en-Latn,,,none,fear|joy|sadness,,,,emotion,baseline,brighter-eng,medium(8-39),0.7162,misclassified
emotion-te-00128,en-Latn,,,fear|sadness|surprise,joy|surprise,,,,emotion,baseline,brighter-eng,medium(8-39),0.8544,misclassified
emotion-te-00129,en-Latn,,,anger,joy|surprise,,,,emotion,baseline,brighter-eng,short(<8),0.4692,misclassified
emotion-te-00130,en-Latn,,,fear|sadness,fear,,,,emotion,baseline,brighter-eng,medium(8-39),0.9358,misclassified
emotion-te-00131,en-Latn,,,fear|sadness,fear|surprise,,,,emotion,baseline,brighter-eng,medium(8-39),0.8263,misclassified
emotion-te-00132,en-Latn,,,joy,fear|sadness|surprise,,,,emotion,baseline,brighter-eng,short(<8),0.4776,misclassified
emotion-te-00133,en-Latn,,,fear|joy|sadness|surprise,fear|joy|surprise,,,,emotion,baseline,brighter-eng,medium(8-39),0.4232,misclassified
emotion-te-00134,en-Latn,,,fear,fear|joy,,,,emotion,baseline,brighter-eng,medium(8-39),0.8943,misclassified
emotion-te-00135,en-Latn,,,anger|fear|sadness,fear|joy|sadness,,,,emotion,baseline,brighter-eng,medium(8-39),0.8175,misclassified
emotion-te-00136,en-Latn,,,anger|surprise,joy|sadness|surprise,,,,emotion,baseline,brighter-eng,medium(8-39),0.5533,misclassified
emotion-te-00137,en-Latn,,,fear|sadness,fear|sadness|surprise,,,,emotion,baseline,brighter-eng,short(<8),0.7735,misclassified
emotion-te-00139,en-Latn,,,joy|surprise,joy,,,,emotion,baseline,brighter-eng,medium(8-39),0.7192,misclassified
emotion-te-00140,en-Latn,,,joy,fear|joy,,,,emotion,baseline,brighter-eng,long(40+),0.6965,misclassified
emotion-te-00141,en-Latn,,,joy,fear|sadness,,,,emotion,baseline,brighter-eng,medium(8-39),0.4052,misclassified
emotion-te-00142,en-Latn,,,fear|surprise,anger|joy|sadness,,,,emotion,baseline,brighter-eng,medium(8-39),0.7764,misclassified
emotion-te-00143,en-Latn,,,joy|surprise,fear|sadness,,,,emotion,baseline,brighter-eng,medium(8-39),0.8621,misclassified
emotion-te-00144,en-Latn,,,joy,joy|surprise,,,,emotion,baseline,brighter-eng,medium(8-39),0.7819,misclassified
emotion-te-00145,en-Latn,,,joy,fear|joy,,,,emotion,baseline,brighter-eng,short(<8),0.502,misclassified
emotion-te-00146,en-Latn,,,fear,fear|sadness,,,,emotion,baseline,brighter-eng,medium(8-39),0.4539,misclassified
emotion-te-00147,en-Latn,,,fear|sadness,joy,,,,emotion,baseline,brighter-eng,medium(8-39),0.447,misclassified
emotion-te-00148,en-Latn,,,joy,joy|sadness|surprise,,,,emotion,baseline,brighter-eng,medium(8-39),0.6792,misclassified
emotion-te-00149,en-Latn,,,none,fear|sadness,,,,emotion,baseline,brighter-eng,medium(8-39),0.6387,misclassified
emotion-te-00150,en-Latn,,,none,fear,,,,emotion,baseline,brighter-eng,medium(8-39),0.7041,misclassified
emotion-te-00152,en-Latn,,,fear|joy,fear|sadness|surprise,,,,emotion,baseline,brighter-eng,medium(8-39),0.8728,misclassified
emotion-te-00153,en-Latn,,,fear|surprise,fear,,,,emotion,baseline,brighter-eng,medium(8-39),0.5353,misclassified
emotion-te-00154,en-Latn,,,none,fear|surprise,,,,emotion,baseline,brighter-eng,short(<8),0.8241,misclassified
emotion-te-00156,en-Latn,,,fear|sadness,fear|joy|sadness|surprise,,,,emotion,baseline,brighter-eng,medium(8-39),0.6645,misclassified
emotion-te-00157,en-Latn,,,fear|sadness,fear|surprise,,,,emotion,baseline,brighter-eng,medium(8-39),0.9075,misclassified
emotion-te-00158,en-Latn,,,fear,joy,,,,emotion,baseline,brighter-eng,medium(8-39),0.583,misclassified
emotion-te-00159,en-Latn,,,fear|sadness,fear|sadness|surprise,,,,emotion,baseline,brighter-eng,long(40+),0.8595,misclassified
emotion-te-00160,en-Latn,,,anger|fear|sadness|surprise,fear|surprise,,,,emotion,baseline,brighter-eng,medium(8-39),0.8296,misclassified
emotion-te-00161,en-Latn,,,fear|sadness|surprise,fear|joy|sadness,,,,emotion,baseline,brighter-eng,medium(8-39),0.7787,misclassified
emotion-te-00162,en-Latn,,,sadness,fear|sadness|surprise,,,,emotion,baseline,brighter-eng,medium(8-39),0.6368,misclassified
emotion-te-00163,en-Latn,,,surprise,fear|surprise,,,,emotion,baseline,brighter-eng,medium(8-39),0.644,misclassified
emotion-te-00164,en-Latn,,,anger|fear|joy|sadness|surprise,anger|fear|sadness|surprise,,,,emotion,baseline,brighter-eng,medium(8-39),0.8287,misclassified
emotion-te-00165,en-Latn,,,fear|sadness,fear|joy,,,,emotion,baseline,brighter-eng,medium(8-39),0.7694,misclassified
emotion-te-00167,en-Latn,,,fear,fear|sadness,,,,emotion,baseline,brighter-eng,medium(8-39),0.7065,misclassified
emotion-te-00168,en-Latn,,,anger|fear|sadness,anger|fear|joy|sadness|surprise,,,,emotion,baseline,brighter-eng,medium(8-39),0.9087,misclassified
emotion-te-00169,en-Latn,,,none,surprise,,,,emotion,baseline,brighter-eng,medium(8-39),0.5299,misclassified
emotion-te-00170,en-Latn,,,none,fear|surprise,,,,emotion,baseline,brighter-eng,medium(8-39),0.7822,misclassified
emotion-te-00171,en-Latn,,,sadness,fear,,,,emotion,baseline,brighter-eng,medium(8-39),0.4948,misclassified
emotion-te-00172,en-Latn,,,fear|sadness|surprise,fear|joy|sadness|surprise,,,,emotion,baseline,brighter-eng,medium(8-39),0.8744,misclassified
emotion-te-00174,en-Latn,,,fear|sadness,fear|joy,,,,emotion,baseline,brighter-eng,medium(8-39),0.4654,misclassified
emotion-te-00179,en-Latn,,,fear,fear|joy,,,,emotion,baseline,brighter-eng,medium(8-39),0.6035,misclassified
emotion-te-00180,en-Latn,,,sadness,sadness|surprise,,,,emotion,baseline,brighter-eng,short(<8),0.6816,misclassified
emotion-te-00181,en-Latn,,,fear|sadness,fear|joy|sadness|surprise,,,,emotion,baseline,brighter-eng,medium(8-39),0.6736,misclassified
emotion-te-00182,en-Latn,,,anger|fear,fear|surprise,,,,emotion,baseline,brighter-eng,medium(8-39),0.6211,misclassified
emotion-te-00183,en-Latn,,,anger|fear|sadness,joy|surprise,,,,emotion,baseline,brighter-eng,medium(8-39),0.7458,misclassified
emotion-te-00184,en-Latn,,,fear|sadness,fear|sadness|surprise,,,,emotion,baseline,brighter-eng,medium(8-39),0.8179,misclassified
emotion-te-00185,en-Latn,,,fear|surprise,fear|sadness|surprise,,,,emotion,baseline,brighter-eng,medium(8-39),0.9561,misclassified
emotion-te-00186,en-Latn,,,surprise,none,,,,emotion,baseline,brighter-eng,short(<8),0.3809,misclassified
emotion-te-00187,en-Latn,,,fear|surprise,fear|sadness|surprise,,,,emotion,baseline,brighter-eng,medium(8-39),0.9752,misclassified
emotion-te-00188,en-Latn,,,joy,fear|sadness,,,,emotion,baseline,brighter-eng,medium(8-39),0.8423,misclassified
emotion-te-00189,en-Latn,,,anger|fear|sadness,fear|joy|sadness|surprise,,,,emotion,baseline,brighter-eng,medium(8-39),0.7841,misclassified
emotion-te-00190,en-Latn,,,fear|sadness,fear|sadness|surprise,,,,emotion,baseline,brighter-eng,medium(8-39),0.9469,misclassified
emotion-te-00191,en-Latn,,,fear|sadness|surprise,fear|joy|surprise,,,,emotion,baseline,brighter-eng,medium(8-39),0.6792,misclassified
emotion-te-00193,en-Latn,,,anger|fear|sadness,anger|fear|sadness|surprise,,,,emotion,baseline,brighter-eng,medium(8-39),0.9293,misclassified
emotion-te-00194,en-Latn,,,joy,fear|joy|sadness|surprise,,,,emotion,baseline,brighter-eng,medium(8-39),0.7474,misclassified
emotion-te-00195,en-Latn,,,sadness,fear|surprise,,,,emotion,baseline,brighter-eng,medium(8-39),0.6754,misclassified
emotion-te-00196,en-Latn,,,fear|sadness,fear|joy|sadness,,,,emotion,baseline,brighter-eng,medium(8-39),0.8021,misclassified
emotion-te-00197,en-Latn,,,anger,anger|fear|sadness,,,,emotion,baseline,brighter-eng,short(<8),0.8632,misclassified
emotion-te-00198,en-Latn,,,fear|sadness,fear|sadness|surprise,,,,emotion,baseline,brighter-eng,short(<8),0.904,misclassified
emotion-te-00199,en-Latn,,,fear|surprise,fear|sadness|surprise,,,,emotion,baseline,brighter-eng,medium(8-39),0.6508,misclassified
emotion-te-00200,en-Latn,,,anger,anger|fear|surprise,,,,emotion,baseline,brighter-eng,medium(8-39),0.8042,misclassified
emotion-te-00201,en-Latn,,,fear|sadness,fear|joy,,,,emotion,baseline,brighter-eng,medium(8-39),0.6928,misclassified
emotion-te-00202,en-Latn,,,fear,fear|sadness,,,,emotion,baseline,brighter-eng,medium(8-39),0.9766,misclassified
emotion-te-00203,en-Latn,,,fear|surprise,fear|joy|sadness,,,,emotion,baseline,brighter-eng,medium(8-39),0.8186,misclassified
emotion-te-00204,en-Latn,,,none,fear|joy|sadness|surprise,,,,emotion,baseline,brighter-eng,medium(8-39),0.86,misclassified
emotion-te-00205,en-Latn,,,anger|fear|sadness|surprise,joy|sadness|surprise,,,,emotion,baseline,brighter-eng,medium(8-39),0.5549,misclassified
emotion-te-00206,en-Latn,,,joy,joy|surprise,,,,emotion,baseline,brighter-eng,short(<8),0.5865,misclassified
emotion-te-00207,en-Latn,,,fear|surprise,fear|sadness|surprise,,,,emotion,baseline,brighter-eng,medium(8-39),0.8829,misclassified
emotion-te-00209,en-Latn,,,joy,fear|sadness|surprise,,,,emotion,baseline,brighter-eng,medium(8-39),0.939,misclassified
emotion-te-00210,en-Latn,,,joy,fear|joy|sadness,,,,emotion,baseline,brighter-eng,medium(8-39),0.6178,misclassified
emotion-te-00211,en-Latn,,,sadness,fear|sadness,,,,emotion,baseline,brighter-eng,medium(8-39),0.7395,misclassified
emotion-te-00212,en-Latn,,,none,fear|surprise,,,,emotion,baseline,brighter-eng,medium(8-39),0.7358,misclassified
emotion-te-00214,en-Latn,,,surprise,joy|surprise,,,,emotion,baseline,brighter-eng,medium(8-39),0.4777,misclassified
emotion-te-00215,en-Latn,,,joy,fear|joy,,,,emotion,baseline,brighter-eng,medium(8-39),0.6894,misclassified
emotion-te-00216,en-Latn,,,fear|sadness,fear|joy,,,,emotion,baseline,brighter-eng,medium(8-39),0.6197,misclassified
emotion-te-00218,en-Latn,,,joy|surprise,fear|surprise,,,,emotion,baseline,brighter-eng,medium(8-39),0.8857,misclassified
emotion-te-00219,en-Latn,,,joy,joy|sadness,,,,emotion,baseline,brighter-eng,medium(8-39),0.7439,misclassified
emotion-te-00220,en-Latn,,,none,fear|joy|sadness|surprise,,,,emotion,baseline,brighter-eng,short(<8),0.5628,misclassified
emotion-te-00221,en-Latn,,,joy,fear|sadness,,,,emotion,baseline,brighter-eng,short(<8),0.556,misclassified
emotion-te-00222,en-Latn,,,anger|fear|surprise,fear|surprise,,,,emotion,baseline,brighter-eng,medium(8-39),0.7375,misclassified
emotion-te-00223,en-Latn,,,joy,fear|joy,,,,emotion,baseline,brighter-eng,medium(8-39),0.5039,misclassified
emotion-te-00224,en-Latn,,,fear|joy,fear|surprise,,,,emotion,baseline,brighter-eng,medium(8-39),0.8325,misclassified
emotion-te-00225,en-Latn,,,fear|joy|surprise,joy|surprise,,,,emotion,baseline,brighter-eng,medium(8-39),0.8566,misclassified
emotion-te-00226,en-Latn,,,fear|sadness|surprise,fear|sadness,,,,emotion,baseline,brighter-eng,short(<8),0.5049,misclassified
emotion-te-00227,en-Latn,,,anger,fear,,,,emotion,baseline,brighter-eng,short(<8),0.6918,misclassified
emotion-te-00228,en-Latn,,,none,fear|sadness|surprise,,,,emotion,baseline,brighter-eng,short(<8),0.6824,misclassified
emotion-te-00229,en-Latn,,,joy,fear|sadness,,,,emotion,baseline,brighter-eng,medium(8-39),0.6463,misclassified
emotion-te-00230,en-Latn,,,fear,fear|joy|surprise,,,,emotion,baseline,brighter-eng,medium(8-39),0.699,misclassified
emotion-te-00232,en-Latn,,,surprise,fear|sadness|surprise,,,,emotion,baseline,brighter-eng,medium(8-39),0.7831,misclassified
emotion-te-00233,en-Latn,,,none,fear|sadness,,,,emotion,baseline,brighter-eng,medium(8-39),0.7774,misclassified
emotion-te-00234,en-Latn,,,joy|surprise,fear|joy|sadness|surprise,,,,emotion,baseline,brighter-eng,medium(8-39),0.7177,misclassified
emotion-te-00235,en-Latn,,,fear|sadness,fear|joy|sadness,,,,emotion,baseline,brighter-eng,medium(8-39),0.9401,misclassified
emotion-te-00237,en-Latn,,,joy,fear|joy|sadness|surprise,,,,emotion,baseline,brighter-eng,medium(8-39),0.7947,misclassified
emotion-te-00238,en-Latn,,,fear|sadness,fear|sadness|surprise,,,,emotion,baseline,brighter-eng,medium(8-39),0.8177,misclassified
emotion-te-00239,en-Latn,,,none,surprise,,,,emotion,baseline,brighter-eng,short(<8),0.5958,misclassified
emotion-te-00240,en-Latn,,,fear,fear|surprise,,,,emotion,baseline,brighter-eng,medium(8-39),0.7829,misclassified
emotion-te-00242,en-Latn,,,surprise,fear|joy|surprise,,,,emotion,baseline,brighter-eng,medium(8-39),0.8997,misclassified
emotion-te-00244,en-Latn,,,anger,fear|surprise,,,,emotion,baseline,brighter-eng,medium(8-39),0.5249,misclassified
emotion-te-00245,en-Latn,,,joy,joy|sadness|surprise,,,,emotion,baseline,brighter-eng,short(<8),0.6372,misclassified
emotion-te-00246,en-Latn,,,fear|surprise,fear|joy|sadness|surprise,,,,emotion,baseline,brighter-eng,short(<8),0.7366,misclassified
emotion-te-00247,en-Latn,,,joy,fear,,,,emotion,baseline,brighter-eng,short(<8),0.5411,misclassified
emotion-te-00248,en-Latn,,,sadness,fear|sadness|surprise,,,,emotion,baseline,brighter-eng,medium(8-39),0.8025,misclassified
emotion-te-00250,en-Latn,,,sadness,joy|sadness,,,,emotion,baseline,brighter-eng,short(<8),0.6624,misclassified
emotion-te-00251,en-Latn,,,fear,fear|joy|sadness,,,,emotion,baseline,brighter-eng,medium(8-39),0.9288,misclassified
emotion-te-00252,en-Latn,,,fear|sadness,fear|joy|sadness,,,,emotion,baseline,brighter-eng,medium(8-39),0.6218,misclassified
emotion-te-00253,en-Latn,,,surprise,fear|joy|sadness,,,,emotion,baseline,brighter-eng,medium(8-39),0.4886,misclassified
emotion-te-00254,en-Latn,,,joy,fear|joy|sadness|surprise,,,,emotion,baseline,brighter-eng,short(<8),0.6753,misclassified
emotion-te-00255,en-Latn,,,joy,joy|sadness|surprise,,,,emotion,baseline,brighter-eng,medium(8-39),0.6713,misclassified
emotion-te-00256,en-Latn,,,joy,fear|sadness,,,,emotion,baseline,brighter-eng,medium(8-39),0.603,misclassified
emotion-te-00261,en-Latn,,,fear|sadness,joy|surprise,,,,emotion,baseline,brighter-eng,short(<8),0.7918,misclassified
emotion-te-00262,en-Latn,,,joy,fear|sadness,,,,emotion,baseline,brighter-eng,medium(8-39),0.6345,misclassified
emotion-te-00263,en-Latn,,,fear,none,,,,emotion,baseline,brighter-eng,medium(8-39),0.3897,misclassified
emotion-te-00264,en-Latn,,,joy,joy|sadness,,,,emotion,baseline,brighter-eng,medium(8-39),0.9491,misclassified
emotion-te-00266,en-Latn,,,none,joy|surprise,,,,emotion,baseline,brighter-eng,short(<8),0.5435,misclassified
emotion-te-00267,en-Latn,,,fear|sadness,joy,,,,emotion,baseline,brighter-eng,medium(8-39),0.6731,misclassified
emotion-te-00268,en-Latn,,,fear|joy|sadness,joy|sadness,,,,emotion,baseline,brighter-eng,medium(8-39),0.7335,misclassified
emotion-te-00269,en-Latn,,,fear|sadness|surprise,fear|joy|surprise,,,,emotion,baseline,brighter-eng,short(<8),0.734,misclassified
emotion-te-00270,en-Latn,,,joy,fear|sadness|surprise,,,,emotion,baseline,brighter-eng,short(<8),0.9115,misclassified
emotion-te-00271,en-Latn,,,fear|sadness,fear|sadness|surprise,,,,emotion,baseline,brighter-eng,medium(8-39),0.9889,misclassified
emotion-te-00272,en-Latn,,,joy,fear|sadness,,,,emotion,baseline,brighter-eng,medium(8-39),0.8834,misclassified
emotion-te-00273,en-Latn,,,joy,fear|joy|sadness,,,,emotion,baseline,brighter-eng,medium(8-39),0.8568,misclassified
emotion-te-00275,en-Latn,,,fear,joy|sadness,,,,emotion,baseline,brighter-eng,long(40+),0.412,misclassified
emotion-te-00276,en-Latn,,,fear|surprise,fear|joy|surprise,,,,emotion,baseline,brighter-eng,medium(8-39),0.6227,misclassified
emotion-te-00277,en-Latn,,,anger|sadness|surprise,fear|joy|sadness,,,,emotion,baseline,brighter-eng,medium(8-39),0.9059,misclassified
emotion-te-00279,en-Latn,,,sadness,fear|joy,,,,emotion,baseline,brighter-eng,medium(8-39),0.5366,misclassified
emotion-te-00280,en-Latn,,,anger|sadness,fear|surprise,,,,emotion,baseline,brighter-eng,medium(8-39),0.7894,misclassified
emotion-te-00281,en-Latn,,,fear,fear|sadness,,,,emotion,baseline,brighter-eng,medium(8-39),0.9502,misclassified
emotion-te-00284,en-Latn,,,anger,anger|surprise,,,,emotion,baseline,brighter-eng,short(<8),0.7229,misclassified
emotion-te-00285,en-Latn,,,none,fear|surprise,,,,emotion,baseline,brighter-eng,medium(8-39),0.6107,misclassified
emotion-te-00286,en-Latn,,,fear|surprise,fear|joy|sadness|surprise,,,,emotion,baseline,brighter-eng,medium(8-39),0.7882,misclassified
emotion-te-00287,en-Latn,,,joy,fear|sadness|surprise,,,,emotion,baseline,brighter-eng,medium(8-39),0.7506,misclassified
emotion-te-00288,en-Latn,,,anger|fear|sadness,fear,,,,emotion,baseline,brighter-eng,medium(8-39),0.4989,misclassified
emotion-te-00289,en-Latn,,,fear,fear|joy|sadness,,,,emotion,baseline,brighter-eng,medium(8-39),0.7998,misclassified
emotion-te-00290,en-Latn,,,anger|fear|sadness|surprise,joy|sadness|surprise,,,,emotion,baseline,brighter-eng,medium(8-39),0.4971,misclassified
emotion-te-00291,en-Latn,,,fear|sadness,joy|sadness,,,,emotion,baseline,brighter-eng,medium(8-39),0.7773,misclassified
emotion-te-00292,en-Latn,,,sadness|surprise,joy|sadness|surprise,,,,emotion,baseline,brighter-eng,short(<8),0.7641,misclassified
emotion-te-00293,en-Latn,,,anger,sadness,,,,emotion,baseline,brighter-eng,short(<8),0.543,misclassified
emotion-te-00294,en-Latn,,,fear|surprise,fear|sadness,,,,emotion,baseline,brighter-eng,long(40+),0.7162,misclassified
emotion-te-00295,en-Latn,,,joy,joy|sadness,,,,emotion,baseline,brighter-eng,medium(8-39),0.6561,misclassified
emotion-te-00296,en-Latn,,,joy,joy|sadness,,,,emotion,baseline,brighter-eng,medium(8-39),0.3585,misclassified
emotion-te-00297,en-Latn,,,fear|sadness,fear|joy|sadness,,,,emotion,baseline,brighter-eng,medium(8-39),0.7477,misclassified
emotion-te-00298,en-Latn,,,anger|fear|surprise,fear|surprise,,,,emotion,baseline,brighter-eng,medium(8-39),0.84,misclassified
emotion-te-00299,en-Latn,,,joy|surprise,fear|joy|sadness,,,,emotion,baseline,brighter-eng,medium(8-39),0.4801,misclassified
emotion-te-00301,en-Latn,,,fear|sadness|surprise,fear|surprise,,,,emotion,baseline,brighter-eng,short(<8),0.8673,misclassified
emotion-te-00303,en-Latn,,,fear,fear|sadness|surprise,,,,emotion,baseline,brighter-eng,short(<8),0.7603,misclassified
emotion-te-00305,en-Latn,,,joy,fear|joy|sadness,,,,emotion,baseline,brighter-eng,medium(8-39),0.5258,misclassified
emotion-te-00306,en-Latn,,,anger|sadness|surprise,fear|sadness,,,,emotion,baseline,brighter-eng,short(<8),0.8582,misclassified
emotion-te-00307,en-Latn,,,joy,anger|fear|sadness,,,,emotion,baseline,brighter-eng,medium(8-39),0.841,misclassified
emotion-te-00308,en-Latn,,,fear,fear|surprise,,,,emotion,baseline,brighter-eng,medium(8-39),0.4587,misclassified
emotion-te-00309,en-Latn,,,none,fear,,,,emotion,baseline,brighter-eng,medium(8-39),0.6731,misclassified
emotion-te-00310,en-Latn,,,fear,fear|sadness|surprise,,,,emotion,baseline,brighter-eng,medium(8-39),0.9426,misclassified
emotion-te-00311,en-Latn,,,anger|fear|sadness,anger|fear|sadness|surprise,,,,emotion,baseline,brighter-eng,medium(8-39),0.7753,misclassified
emotion-te-00312,en-Latn,,,joy,joy|sadness,,,,emotion,baseline,brighter-eng,medium(8-39),0.8511,misclassified
emotion-te-00313,en-Latn,,,fear|joy|sadness,fear|joy,,,,emotion,baseline,brighter-eng,medium(8-39),0.9502,misclassified
emotion-te-00314,en-Latn,,,fear|surprise,fear,,,,emotion,baseline,brighter-eng,medium(8-39),0.8756,misclassified
emotion-te-00316,en-Latn,,,fear|sadness,fear|joy|sadness,,,,emotion,baseline,brighter-eng,medium(8-39),0.8329,misclassified
emotion-te-00318,en-Latn,,,fear|surprise,fear|joy|surprise,,,,emotion,baseline,brighter-eng,medium(8-39),0.8245,misclassified
emotion-te-00319,en-Latn,,,surprise,fear|joy|surprise,,,,emotion,baseline,brighter-eng,medium(8-39),0.5851,misclassified
emotion-te-00321,en-Latn,,,fear,fear|sadness,,,,emotion,baseline,brighter-eng,medium(8-39),0.9899,misclassified
emotion-te-00322,en-Latn,,,joy,fear|sadness,,,,emotion,baseline,brighter-eng,medium(8-39),0.7377,misclassified
emotion-te-00323,en-Latn,,,joy,joy|surprise,,,,emotion,baseline,brighter-eng,short(<8),0.9825,misclassified
emotion-te-00324,en-Latn,,,none,fear,,,,emotion,baseline,brighter-eng,medium(8-39),0.6714,misclassified
emotion-te-00325,en-Latn,,,sadness|surprise,fear|sadness|surprise,,,,emotion,baseline,brighter-eng,short(<8),0.4949,misclassified
emotion-te-00326,en-Latn,,,joy,fear|sadness,,,,emotion,baseline,brighter-eng,medium(8-39),0.8815,misclassified
emotion-te-00327,en-Latn,,,sadness,fear|sadness,,,,emotion,baseline,brighter-eng,medium(8-39),0.7926,misclassified
emotion-te-00328,en-Latn,,,joy,fear|joy|sadness,,,,emotion,baseline,brighter-eng,medium(8-39),0.7547,misclassified
emotion-te-00329,en-Latn,,,fear|sadness,fear,,,,emotion,baseline,brighter-eng,short(<8),0.4726,misclassified
emotion-te-00330,en-Latn,,,fear|sadness,fear|joy,,,,emotion,baseline,brighter-eng,medium(8-39),0.9688,misclassified
emotion-te-00331,en-Latn,,,fear|sadness,fear|joy|sadness,,,,emotion,baseline,brighter-eng,medium(8-39),0.5375,misclassified
emotion-te-00332,en-Latn,,,joy,fear|sadness,,,,emotion,baseline,brighter-eng,medium(8-39),0.8788,misclassified
emotion-te-00333,en-Latn,,,none,fear,,,,emotion,baseline,brighter-eng,medium(8-39),0.4181,misclassified
emotion-te-00334,en-Latn,,,fear,fear|sadness,,,,emotion,baseline,brighter-eng,medium(8-39),0.8399,misclassified
emotion-te-00335,en-Latn,,,anger,fear|sadness,,,,emotion,baseline,brighter-eng,medium(8-39),0.7432,misclassified
emotion-te-00336,en-Latn,,,joy,surprise,,,,emotion,baseline,brighter-eng,medium(8-39),0.3903,misclassified
emotion-te-00337,en-Latn,,,none,fear,,,,emotion,baseline,brighter-eng,medium(8-39),0.7468,misclassified
emotion-te-00338,en-Latn,,,joy,joy|surprise,,,,emotion,baseline,brighter-eng,medium(8-39),0.7493,misclassified
emotion-te-00339,en-Latn,,,fear,fear|surprise,,,,emotion,baseline,brighter-eng,medium(8-39),0.6003,misclassified
emotion-te-00340,en-Latn,,,anger,none,,,,emotion,baseline,brighter-eng,medium(8-39),0.3641,misclassified
emotion-te-00342,en-Latn,,,fear|surprise,fear|joy|surprise,,,,emotion,baseline,brighter-eng,short(<8),0.8673,misclassified
emotion-te-00343,en-Latn,,,fear,fear|sadness|surprise,,,,emotion,baseline,brighter-eng,medium(8-39),0.7266,misclassified
emotion-te-00345,en-Latn,,,fear|sadness,sadness|surprise,,,,emotion,baseline,brighter-eng,medium(8-39),0.6751,misclassified
emotion-te-00346,en-Latn,,,fear|joy,fear,,,,emotion,baseline,brighter-eng,medium(8-39),0.8275,misclassified
emotion-te-00347,en-Latn,,,joy|surprise,fear|sadness|surprise,,,,emotion,baseline,brighter-eng,medium(8-39),0.8227,misclassified
emotion-te-00348,en-Latn,,,joy|surprise,fear|sadness,,,,emotion,baseline,brighter-eng,short(<8),0.6243,misclassified
emotion-te-00349,en-Latn,,,joy|surprise,fear|surprise,,,,emotion,baseline,brighter-eng,short(<8),0.7136,misclassified
emotion-te-00350,en-Latn,,,sadness,fear|sadness,,,,emotion,baseline,brighter-eng,medium(8-39),0.9222,misclassified
emotion-te-00351,en-Latn,,,fear,fear|sadness,,,,emotion,baseline,brighter-eng,short(<8),0.6969,misclassified
emotion-te-00353,en-Latn,,,sadness,joy|sadness,,,,emotion,baseline,brighter-eng,medium(8-39),0.7701,misclassified
emotion-te-00354,en-Latn,,,fear|sadness,fear|joy|sadness|surprise,,,,emotion,baseline,brighter-eng,medium(8-39),0.8338,misclassified
emotion-te-00357,en-Latn,,,fear,fear|sadness,,,,emotion,baseline,brighter-eng,short(<8),0.8883,misclassified
emotion-te-00358,en-Latn,,,anger,fear|sadness,,,,emotion,baseline,brighter-eng,medium(8-39),0.7774,misclassified
emotion-te-00359,en-Latn,,,fear|sadness,fear|sadness|surprise,,,,emotion,baseline,brighter-eng,medium(8-39),0.75,misclassified
emotion-te-00360,en-Latn,,,joy,none,,,,emotion,baseline,brighter-eng,medium(8-39),0.2793,misclassified
emotion-te-00361,en-Latn,,,anger,fear|sadness,,,,emotion,baseline,brighter-eng,medium(8-39),0.855,misclassified
emotion-te-00362,en-Latn,,,joy,anger|fear|joy|surprise,,,,emotion,baseline,brighter-eng,short(<8),0.898,misclassified
emotion-te-00363,en-Latn,,,joy|surprise,fear|sadness,,,,emotion,baseline,brighter-eng,short(<8),0.7293,misclassified
emotion-te-00366,en-Latn,,,fear|surprise,fear|joy|surprise,,,,emotion,baseline,brighter-eng,medium(8-39),0.978,misclassified
emotion-te-00368,en-Latn,,,surprise,fear|joy|surprise,,,,emotion,baseline,brighter-eng,short(<8),0.5936,misclassified
emotion-te-00369,en-Latn,,,fear|surprise,fear|sadness,,,,emotion,baseline,brighter-eng,medium(8-39),0.5828,misclassified
emotion-te-00370,en-Latn,,,fear,joy,,,,emotion,baseline,brighter-eng,short(<8),0.6526,misclassified
emotion-te-00371,en-Latn,,,none,fear|joy|sadness,,,,emotion,baseline,brighter-eng,short(<8),0.8405,misclassified
emotion-te-00372,en-Latn,,,joy,fear|joy,,,,emotion,baseline,brighter-eng,long(40+),0.8922,misclassified
emotion-te-00373,en-Latn,,,joy,fear|joy,,,,emotion,baseline,brighter-eng,medium(8-39),0.6364,misclassified
emotion-te-00374,en-Latn,,,joy,joy|surprise,,,,emotion,baseline,brighter-eng,medium(8-39),0.7548,misclassified
emotion-te-00377,en-Latn,,,none,joy,,,,emotion,baseline,brighter-eng,medium(8-39),0.6571,misclassified
emotion-te-00378,en-Latn,,,fear|surprise,fear|sadness,,,,emotion,baseline,brighter-eng,medium(8-39),0.9128,misclassified
emotion-te-00379,en-Latn,,,fear,joy,,,,emotion,baseline,brighter-eng,short(<8),0.581,misclassified
emotion-te-00380,en-Latn,,,anger,fear|joy|surprise,,,,emotion,baseline,brighter-eng,medium(8-39),0.9866,misclassified
emotion-te-00381,en-Latn,,,fear|sadness,fear|joy|sadness|surprise,,,,emotion,baseline,brighter-eng,medium(8-39),0.7846,misclassified
emotion-te-00382,en-Latn,,,fear|surprise,fear|sadness,,,,emotion,baseline,brighter-eng,medium(8-39),0.6336,misclassified
emotion-te-00383,en-Latn,,,fear|joy|surprise,fear|sadness|surprise,,,,emotion,baseline,brighter-eng,medium(8-39),0.8303,misclassified
emotion-te-00384,en-Latn,,,joy,fear|sadness,,,,emotion,baseline,brighter-eng,medium(8-39),0.8029,misclassified
emotion-te-00385,en-Latn,,,none,anger|sadness|surprise,,,,emotion,baseline,brighter-eng,short(<8),0.861,misclassified
emotion-te-00387,en-Latn,,,fear|sadness,fear|joy,,,,emotion,baseline,brighter-eng,short(<8),0.498,misclassified
emotion-te-00388,en-Latn,,,surprise,joy|sadness|surprise,,,,emotion,baseline,brighter-eng,medium(8-39),0.7949,misclassified
emotion-te-00390,en-Latn,,,surprise,fear|surprise,,,,emotion,baseline,brighter-eng,short(<8),0.7236,misclassified
emotion-te-00391,en-Latn,,,fear|sadness,fear|joy|surprise,,,,emotion,baseline,brighter-eng,medium(8-39),0.8861,misclassified
emotion-te-00392,en-Latn,,,none,fear|joy,,,,emotion,baseline,brighter-eng,short(<8),0.4347,misclassified
emotion-te-00393,en-Latn,,,fear|sadness,fear|surprise,,,,emotion,baseline,brighter-eng,medium(8-39),0.6786,misclassified
emotion-te-00394,en-Latn,,,fear|sadness,fear|joy,,,,emotion,baseline,brighter-eng,medium(8-39),0.6535,misclassified
emotion-te-00395,en-Latn,,,joy,joy|surprise,,,,emotion,baseline,brighter-eng,medium(8-39),0.8441,misclassified
emotion-te-00398,en-Latn,,,fear,fear|sadness,,,,emotion,baseline,brighter-eng,medium(8-39),0.7733,misclassified
emotion-te-00399,en-Latn,,,none,fear|sadness|surprise,,,,emotion,baseline,brighter-eng,medium(8-39),0.5806,misclassified
emotion-te-00401,en-Latn,,,sadness,fear|surprise,,,,emotion,baseline,brighter-eng,medium(8-39),0.7795,misclassified
emotion-te-00402,en-Latn,,,none,fear|sadness|surprise,,,,emotion,baseline,brighter-eng,medium(8-39),0.6003,misclassified
emotion-te-00403,en-Latn,,,none,fear|sadness,,,,emotion,baseline,brighter-eng,medium(8-39),0.7189,misclassified
emotion-te-00407,en-Latn,,,joy,fear|surprise,,,,emotion,baseline,brighter-eng,medium(8-39),0.6837,misclassified
emotion-te-00408,en-Latn,,,fear|surprise,fear|joy|surprise,,,,emotion,baseline,brighter-eng,medium(8-39),0.8334,misclassified
emotion-te-00409,en-Latn,,,joy|surprise,fear|joy,,,,emotion,baseline,brighter-eng,medium(8-39),0.8373,misclassified
emotion-te-00410,en-Latn,,,joy,fear|joy,,,,emotion,baseline,brighter-eng,medium(8-39),0.6218,misclassified
emotion-te-00411,en-Latn,,,fear|sadness|surprise,fear|surprise,,,,emotion,baseline,brighter-eng,medium(8-39),0.9394,misclassified
emotion-te-00412,en-Latn,,,joy|surprise,fear|joy|sadness,,,,emotion,baseline,brighter-eng,medium(8-39),0.6856,misclassified
emotion-te-00413,en-Latn,,,none,fear|sadness|surprise,,,,emotion,baseline,brighter-eng,medium(8-39),0.9132,misclassified
emotion-te-00414,en-Latn,,,none,joy,,,,emotion,baseline,brighter-eng,medium(8-39),0.8589,misclassified
emotion-te-00415,en-Latn,,,anger,fear|joy|sadness,,,,emotion,baseline,brighter-eng,medium(8-39),0.6626,misclassified
emotion-te-00416,en-Latn,,,fear,fear|sadness,,,,emotion,baseline,brighter-eng,medium(8-39),0.8186,misclassified
emotion-te-00417,en-Latn,,,sadness|surprise,fear|sadness,,,,emotion,baseline,brighter-eng,short(<8),0.7174,misclassified
emotion-te-00418,en-Latn,,,joy|sadness,fear|joy|sadness,,,,emotion,baseline,brighter-eng,medium(8-39),0.6003,misclassified
emotion-te-00419,en-Latn,,,fear|surprise,fear|sadness,,,,emotion,baseline,brighter-eng,medium(8-39),0.8993,misclassified
emotion-te-00420,en-Latn,,,joy,fear|joy|surprise,,,,emotion,baseline,brighter-eng,short(<8),0.7565,misclassified
emotion-te-00422,en-Latn,,,fear,fear|sadness,,,,emotion,baseline,brighter-eng,medium(8-39),0.4781,misclassified
emotion-te-00423,en-Latn,,,fear,fear|joy,,,,emotion,baseline,brighter-eng,long(40+),0.7268,misclassified
emotion-te-00424,en-Latn,,,fear|joy,joy|sadness,,,,emotion,baseline,brighter-eng,medium(8-39),0.6495,misclassified
emotion-te-00425,en-Latn,,,fear|surprise,fear|joy,,,,emotion,baseline,brighter-eng,medium(8-39),0.4704,misclassified
emotion-te-00426,en-Latn,,,anger|fear|sadness,joy|sadness,,,,emotion,baseline,brighter-eng,medium(8-39),0.8448,misclassified
emotion-te-00427,en-Latn,,,joy,fear|surprise,,,,emotion,baseline,brighter-eng,medium(8-39),0.8298,misclassified
emotion-te-00428,en-Latn,,,sadness,fear|sadness,,,,emotion,baseline,brighter-eng,medium(8-39),0.928,misclassified
emotion-te-00429,en-Latn,,,none,fear|sadness,,,,emotion,baseline,brighter-eng,medium(8-39),0.521,misclassified
emotion-te-00432,en-Latn,,,fear|sadness,anger|sadness,,,,emotion,baseline,brighter-eng,short(<8),0.6039,misclassified
emotion-te-00433,en-Latn,,,surprise,fear|joy|sadness|surprise,,,,emotion,baseline,brighter-eng,medium(8-39),0.9105,misclassified
emotion-te-00434,en-Latn,,,fear,fear|joy|surprise,,,,emotion,baseline,brighter-eng,short(<8),0.7818,misclassified
emotion-te-00435,en-Latn,,,anger|fear|sadness,fear|sadness,,,,emotion,baseline,brighter-eng,medium(8-39),0.9691,misclassified
emotion-te-00436,en-Latn,,,fear|joy,fear|sadness|surprise,,,,emotion,baseline,brighter-eng,medium(8-39),0.9135,misclassified
emotion-te-00437,en-Latn,,,fear|joy|surprise,fear|surprise,,,,emotion,baseline,brighter-eng,short(<8),0.7898,misclassified
emotion-te-00438,en-Latn,,,none,sadness,,,,emotion,baseline,brighter-eng,short(<8),0.3223,misclassified
emotion-te-00440,en-Latn,,,fear|sadness|surprise,fear|sadness,,,,emotion,baseline,brighter-eng,short(<8),0.8664,misclassified
emotion-te-00441,en-Latn,,,surprise,fear|joy|surprise,,,,emotion,baseline,brighter-eng,medium(8-39),0.4835,misclassified
emotion-te-00442,en-Latn,,,fear|sadness,fear|joy|sadness,,,,emotion,baseline,brighter-eng,long(40+),0.8736,misclassified
emotion-te-00443,en-Latn,,,fear|sadness,fear|sadness|surprise,,,,emotion,baseline,brighter-eng,medium(8-39),0.8272,misclassified
emotion-te-00444,en-Latn,,,joy,fear|surprise,,,,emotion,baseline,brighter-eng,medium(8-39),0.5415,misclassified
emotion-te-00446,en-Latn,,,fear|sadness,joy|sadness,,,,emotion,baseline,brighter-eng,medium(8-39),0.7399,misclassified
emotion-te-00448,en-Latn,,,fear|sadness,fear|sadness|surprise,,,,emotion,baseline,brighter-eng,medium(8-39),0.5168,misclassified
emotion-te-00449,en-Latn,,,surprise,fear|surprise,,,,emotion,baseline,brighter-eng,short(<8),0.6598,misclassified
emotion-te-00450,en-Latn,,,none,joy|surprise,,,,emotion,baseline,brighter-eng,short(<8),0.4963,misclassified
emotion-te-00452,en-Latn,,,fear,fear|sadness,,,,emotion,baseline,brighter-eng,medium(8-39),0.9754,misclassified
emotion-te-00453,en-Latn,,,fear|surprise,fear|sadness|surprise,,,,emotion,baseline,brighter-eng,short(<8),0.7048,misclassified
emotion-te-00454,en-Latn,,,sadness,fear|sadness,,,,emotion,baseline,brighter-eng,short(<8),0.6314,misclassified
emotion-te-00455,en-Latn,,,fear|sadness,fear,,,,emotion,baseline,brighter-eng,medium(8-39),0.7201,misclassified
emotion-te-00456,en-Latn,,,anger|fear|surprise,fear|surprise,,,,emotion,baseline,brighter-eng,short(<8),0.7558,misclassified
emotion-te-00457,en-Latn,,,fear|joy,none,,,,emotion,baseline,brighter-eng,medium(8-39),0.2981,misclassified
emotion-te-00458,en-Latn,,,none,fear|joy,,,,emotion,baseline,brighter-eng,medium(8-39),0.5634,misclassified
emotion-te-00459,en-Latn,,,joy,anger|joy|sadness,,,,emotion,baseline,brighter-eng,short(<8),0.7046,misclassified
emotion-te-00460,en-Latn,,,joy,fear|joy|sadness,,,,emotion,baseline,brighter-eng,medium(8-39),0.5234,misclassified
emotion-te-00462,en-Latn,,,fear,fear|sadness|surprise,,,,emotion,baseline,brighter-eng,long(40+),0.8889,misclassified
emotion-te-00464,en-Latn,,,joy|surprise,fear|joy|surprise,,,,emotion,baseline,brighter-eng,short(<8),0.7471,misclassified
emotion-te-00465,en-Latn,,,fear|surprise,fear|sadness|surprise,,,,emotion,baseline,brighter-eng,medium(8-39),0.9396,misclassified
emotion-te-00466,en-Latn,,,fear,fear|sadness|surprise,,,,emotion,baseline,brighter-eng,medium(8-39),0.6501,misclassified
emotion-te-00467,en-Latn,,,fear,fear|sadness,,,,emotion,baseline,brighter-eng,short(<8),0.8198,misclassified
emotion-te-00468,en-Latn,,,joy|surprise,fear|joy|surprise,,,,emotion,baseline,brighter-eng,medium(8-39),0.7754,misclassified
emotion-te-00470,en-Latn,,,fear|sadness,fear,,,,emotion,baseline,brighter-eng,medium(8-39),0.6941,misclassified
emotion-te-00471,en-Latn,,,fear,fear|joy|sadness|surprise,,,,emotion,baseline,brighter-eng,medium(8-39),0.6407,misclassified
emotion-te-00472,en-Latn,,,none,fear,,,,emotion,baseline,brighter-eng,medium(8-39),0.7699,misclassified
emotion-te-00473,en-Latn,,,anger|fear,fear|joy|sadness|surprise,,,,emotion,baseline,brighter-eng,medium(8-39),0.8701,misclassified
emotion-te-00474,en-Latn,,,joy,joy|sadness|surprise,,,,emotion,baseline,brighter-eng,medium(8-39),0.5,misclassified
emotion-te-00475,en-Latn,,,joy,joy|sadness,,,,emotion,baseline,brighter-eng,medium(8-39),0.8192,misclassified
emotion-te-00476,en-Latn,,,fear|sadness,fear|joy|sadness,,,,emotion,baseline,brighter-eng,medium(8-39),0.6459,misclassified
emotion-te-00478,en-Latn,,,joy,fear|sadness|surprise,,,,emotion,baseline,brighter-eng,medium(8-39),0.6502,misclassified
emotion-te-00479,en-Latn,,,fear,fear|sadness|surprise,,,,emotion,baseline,brighter-eng,medium(8-39),0.729,misclassified
emotion-te-00480,en-Latn,,,none,fear|joy|sadness|surprise,,,,emotion,baseline,brighter-eng,medium(8-39),0.8932,misclassified
emotion-te-00481,en-Latn,,,fear|joy,fear|sadness|surprise,,,,emotion,baseline,brighter-eng,long(40+),0.791,misclassified
emotion-te-00482,en-Latn,,,fear|surprise,fear|sadness|surprise,,,,emotion,baseline,brighter-eng,medium(8-39),0.7796,misclassified
emotion-te-00483,en-Latn,,,anger,fear|joy|sadness|surprise,,,,emotion,baseline,brighter-eng,medium(8-39),0.5152,misclassified
emotion-te-00484,en-Latn,,,fear,fear|sadness|surprise,,,,emotion,baseline,brighter-eng,short(<8),0.6019,misclassified
emotion-te-00486,en-Latn,,,anger|fear|sadness|surprise,fear|joy|sadness|surprise,,,,emotion,baseline,brighter-eng,medium(8-39),0.8105,misclassified
emotion-te-00487,en-Latn,,,fear|surprise,fear|sadness|surprise,,,,emotion,baseline,brighter-eng,medium(8-39),0.9775,misclassified
emotion-te-00489,en-Latn,,,joy,anger|fear|sadness|surprise,,,,emotion,baseline,brighter-eng,medium(8-39),0.785,misclassified
emotion-te-00490,en-Latn,,,anger,fear|surprise,,,,emotion,baseline,brighter-eng,medium(8-39),0.8872,misclassified
emotion-te-00491,en-Latn,,,joy,joy|sadness,,,,emotion,baseline,brighter-eng,medium(8-39),0.7235,misclassified
emotion-te-00494,en-Latn,,,fear,fear|joy|sadness|surprise,,,,emotion,baseline,brighter-eng,medium(8-39),0.737,misclassified
emotion-te-00495,en-Latn,,,fear|surprise,joy,,,,emotion,baseline,brighter-eng,medium(8-39),0.7964,misclassified
emotion-te-00496,en-Latn,,,fear|surprise,fear|sadness,,,,emotion,baseline,brighter-eng,medium(8-39),0.8936,misclassified
emotion-te-00497,en-Latn,,,anger|fear|sadness,fear|joy,,,,emotion,baseline,brighter-eng,medium(8-39),0.5043,misclassified
emotion-te-00499,en-Latn,,,fear|joy,fear|joy|sadness,,,,emotion,baseline,brighter-eng,medium(8-39),0.7895,misclassified
emotion-te-00500,en-Latn,,,none,fear|joy|sadness,,,,emotion,baseline,brighter-eng,medium(8-39),0.8235,misclassified
emotion-te-00501,en-Latn,,,sadness,surprise,,,,emotion,baseline,brighter-eng,medium(8-39),0.3831,misclassified
emotion-te-00502,en-Latn,,,none,fear|sadness,,,,emotion,baseline,brighter-eng,medium(8-39),0.7994,misclassified
emotion-te-00503,en-Latn,,,fear,fear|joy|sadness,,,,emotion,baseline,brighter-eng,medium(8-39),0.7774,misclassified
emotion-te-00504,en-Latn,,,sadness|surprise,fear|sadness|surprise,,,,emotion,baseline,brighter-eng,short(<8),0.8093,misclassified
emotion-te-00505,en-Latn,,,fear,fear|joy,,,,emotion,baseline,brighter-eng,short(<8),0.4057,misclassified
emotion-te-00509,en-Latn,,,none,joy,,,,emotion,baseline,brighter-eng,short(<8),0.5586,misclassified
emotion-te-00510,en-Latn,,,anger,joy|surprise,,,,emotion,baseline,brighter-eng,medium(8-39),0.548,misclassified
emotion-te-00512,en-Latn,,,fear|sadness,fear|joy,,,,emotion,baseline,brighter-eng,medium(8-39),0.6296,misclassified
emotion-te-00513,en-Latn,,,fear|sadness|surprise,fear|joy|sadness|surprise,,,,emotion,baseline,brighter-eng,short(<8),0.701,misclassified
emotion-te-00514,en-Latn,,,fear|surprise,joy|sadness|surprise,,,,emotion,baseline,brighter-eng,medium(8-39),0.9176,misclassified
emotion-te-00515,en-Latn,,,fear|surprise,fear|sadness|surprise,,,,emotion,baseline,brighter-eng,medium(8-39),0.9525,misclassified
emotion-te-00516,en-Latn,,,anger,fear|joy|sadness|surprise,,,,emotion,baseline,brighter-eng,medium(8-39),0.5547,misclassified
emotion-te-00517,en-Latn,,,joy,fear,,,,emotion,baseline,brighter-eng,medium(8-39),0.8726,misclassified
emotion-te-00518,en-Latn,,,fear,fear|surprise,,,,emotion,baseline,brighter-eng,short(<8),0.6884,misclassified
emotion-te-00519,en-Latn,,,joy,fear|joy,,,,emotion,baseline,brighter-eng,medium(8-39),0.7325,misclassified
emotion-te-00520,en-Latn,,,surprise,fear|joy|surprise,,,,emotion,baseline,brighter-eng,medium(8-39),0.615,misclassified
emotion-te-00521,en-Latn,,,joy|surprise,fear|surprise,,,,emotion,baseline,brighter-eng,short(<8),0.9515,misclassified
emotion-te-00522,en-Latn,,,anger|sadness,fear|joy|sadness|surprise,,,,emotion,baseline,brighter-eng,medium(8-39),0.5341,misclassified
emotion-te-00523,en-Latn,,,sadness,fear|sadness,,,,emotion,baseline,brighter-eng,short(<8),0.7923,misclassified
emotion-te-00525,en-Latn,,,fear|sadness,fear|joy|surprise,,,,emotion,baseline,brighter-eng,short(<8),0.58,misclassified
emotion-te-00526,en-Latn,,,joy,anger|fear|joy|surprise,,,,emotion,baseline,brighter-eng,medium(8-39),0.8171,misclassified
emotion-te-00527,en-Latn,,,fear|surprise,joy,,,,emotion,baseline,brighter-eng,medium(8-39),0.5765,misclassified
emotion-te-00528,en-Latn,,,none,fear|surprise,,,,emotion,baseline,brighter-eng,short(<8),0.7339,misclassified
emotion-te-00529,en-Latn,,,fear|joy,fear|sadness,,,,emotion,baseline,brighter-eng,medium(8-39),0.7646,misclassified
emotion-te-00530,en-Latn,,,fear|surprise,fear,,,,emotion,baseline,brighter-eng,long(40+),0.8291,misclassified
emotion-te-00531,en-Latn,,,anger|sadness,fear|sadness,,,,emotion,baseline,brighter-eng,medium(8-39),0.7754,misclassified
emotion-te-00532,en-Latn,,,fear,fear|joy|sadness,,,,emotion,baseline,brighter-eng,medium(8-39),0.7883,misclassified
emotion-te-00533,en-Latn,,,fear|joy,fear|joy|sadness,,,,emotion,baseline,brighter-eng,medium(8-39),0.505,misclassified
emotion-te-00534,en-Latn,,,fear|sadness|surprise,joy|sadness|surprise,,,,emotion,baseline,brighter-eng,medium(8-39),0.6424,misclassified
emotion-te-00535,en-Latn,,,joy,joy|surprise,,,,emotion,baseline,brighter-eng,medium(8-39),0.5578,misclassified
emotion-te-00536,en-Latn,,,joy|sadness,fear|sadness,,,,emotion,baseline,brighter-eng,medium(8-39),0.9104,misclassified
emotion-te-00537,en-Latn,,,fear,fear|surprise,,,,emotion,baseline,brighter-eng,medium(8-39),0.9191,misclassified
emotion-te-00538,en-Latn,,,joy,joy|sadness,,,,emotion,baseline,brighter-eng,medium(8-39),0.8809,misclassified
emotion-te-00539,en-Latn,,,fear|surprise,fear|sadness,,,,emotion,baseline,brighter-eng,medium(8-39),0.9307,misclassified
emotion-te-00540,en-Latn,,,anger|fear|sadness,fear|sadness,,,,emotion,baseline,brighter-eng,medium(8-39),0.8748,misclassified
emotion-te-00541,en-Latn,,,fear,fear|joy|sadness,,,,emotion,baseline,brighter-eng,long(40+),0.8391,misclassified
emotion-te-00542,en-Latn,,,anger|fear|surprise,joy|sadness|surprise,,,,emotion,baseline,brighter-eng,medium(8-39),0.8043,misclassified
emotion-te-00543,en-Latn,,,sadness,fear|sadness|surprise,,,,emotion,baseline,brighter-eng,medium(8-39),0.8979,misclassified
emotion-te-00544,en-Latn,,,fear,fear|sadness|surprise,,,,emotion,baseline,brighter-eng,medium(8-39),0.697,misclassified
emotion-te-00545,en-Latn,,,joy|surprise,fear|joy|surprise,,,,emotion,baseline,brighter-eng,medium(8-39),0.8017,misclassified
emotion-te-00546,en-Latn,,,fear,fear|joy|sadness|surprise,,,,emotion,baseline,brighter-eng,short(<8),0.514,misclassified
emotion-te-00547,en-Latn,,,none,fear|joy,,,,emotion,baseline,brighter-eng,medium(8-39),0.7497,misclassified
emotion-te-00549,en-Latn,,,joy|surprise,fear|joy|sadness,,,,emotion,baseline,brighter-eng,short(<8),0.5782,misclassified
emotion-te-00550,en-Latn,,,none,fear|sadness,,,,emotion,baseline,brighter-eng,medium(8-39),0.9364,misclassified
emotion-te-00551,en-Latn,,,none,joy,,,,emotion,baseline,brighter-eng,short(<8),0.3286,misclassified
emotion-te-00553,en-Latn,,,fear|sadness,fear|joy|sadness,,,,emotion,baseline,brighter-eng,medium(8-39),0.7871,misclassified
emotion-te-00554,en-Latn,,,none,fear|surprise,,,,emotion,baseline,brighter-eng,medium(8-39),0.9028,misclassified
emotion-te-00555,en-Latn,,,anger,fear|sadness,,,,emotion,baseline,brighter-eng,short(<8),0.5977,misclassified
emotion-te-00556,en-Latn,,,anger|fear|sadness,fear|joy|sadness|surprise,,,,emotion,baseline,brighter-eng,medium(8-39),0.6333,misclassified
emotion-te-00558,en-Latn,,,fear,fear|sadness,,,,emotion,baseline,brighter-eng,medium(8-39),0.5632,misclassified
emotion-te-00562,en-Latn,,,joy|surprise,fear|sadness,,,,emotion,baseline,brighter-eng,medium(8-39),0.8863,misclassified
emotion-te-00563,en-Latn,,,fear|surprise,fear|joy|surprise,,,,emotion,baseline,brighter-eng,medium(8-39),0.9159,misclassified
emotion-te-00564,en-Latn,,,fear|surprise,joy|sadness|surprise,,,,emotion,baseline,brighter-eng,medium(8-39),0.7179,misclassified
emotion-te-00565,en-Latn,,,none,fear,,,,emotion,baseline,brighter-eng,medium(8-39),0.8376,misclassified
emotion-te-00566,en-Latn,,,anger|fear,anger|fear|sadness|surprise,,,,emotion,baseline,brighter-eng,short(<8),0.7744,misclassified
emotion-te-00567,en-Latn,,,surprise,joy,,,,emotion,baseline,brighter-eng,medium(8-39),0.7123,misclassified
emotion-te-00568,en-Latn,,,fear|sadness,fear|joy|sadness,,,,emotion,baseline,brighter-eng,medium(8-39),0.853,misclassified
emotion-te-00569,en-Latn,,,fear|joy|surprise,fear|sadness,,,,emotion,baseline,brighter-eng,medium(8-39),0.534,misclassified
emotion-te-00570,en-Latn,,,none,fear|joy,,,,emotion,baseline,brighter-eng,short(<8),0.4261,misclassified
emotion-te-00571,en-Latn,,,joy,fear,,,,emotion,baseline,brighter-eng,long(40+),0.7922,misclassified
emotion-te-00573,en-Latn,,,anger|fear|sadness|surprise,fear|sadness|surprise,,,,emotion,baseline,brighter-eng,short(<8),0.8929,misclassified
emotion-te-00574,en-Latn,,,sadness,fear|joy|sadness,,,,emotion,baseline,brighter-eng,medium(8-39),0.8466,misclassified
emotion-te-00575,en-Latn,,,fear|surprise,fear|joy|sadness|surprise,,,,emotion,baseline,brighter-eng,medium(8-39),0.7298,misclassified
emotion-te-00576,en-Latn,,,joy,fear|sadness,,,,emotion,baseline,brighter-eng,short(<8),0.4926,misclassified
emotion-te-00577,en-Latn,,,fear,anger|fear|sadness|surprise,,,,emotion,baseline,brighter-eng,medium(8-39),0.893,misclassified
emotion-te-00578,en-Latn,,,joy,fear|joy,,,,emotion,baseline,brighter-eng,medium(8-39),0.7333,misclassified
emotion-te-00579,en-Latn,,,fear|surprise,fear,,,,emotion,baseline,brighter-eng,short(<8),0.7694,misclassified
emotion-te-00580,en-Latn,,,joy,joy|surprise,,,,emotion,baseline,brighter-eng,short(<8),0.6249,misclassified
emotion-te-00581,en-Latn,,,joy,fear|sadness,,,,emotion,baseline,brighter-eng,medium(8-39),0.7831,misclassified
emotion-te-00583,en-Latn,,,sadness,fear|joy|sadness,,,,emotion,baseline,brighter-eng,medium(8-39),0.9213,misclassified
emotion-te-00586,en-Latn,,,fear|sadness,fear|sadness|surprise,,,,emotion,baseline,brighter-eng,short(<8),0.9309,misclassified
emotion-te-00589,en-Latn,,,joy,anger|surprise,,,,emotion,baseline,brighter-eng,short(<8),0.8785,misclassified
emotion-te-00590,en-Latn,,,fear,fear|joy|sadness,,,,emotion,baseline,brighter-eng,medium(8-39),0.6874,misclassified
emotion-te-00591,en-Latn,,,fear|sadness|surprise,joy|surprise,,,,emotion,baseline,brighter-eng,medium(8-39),0.5992,misclassified
emotion-te-00592,en-Latn,,,fear|sadness,fear|sadness|surprise,,,,emotion,baseline,brighter-eng,short(<8),0.643,misclassified
emotion-te-00594,en-Latn,,,fear|surprise,joy,,,,emotion,baseline,brighter-eng,medium(8-39),0.7369,misclassified
emotion-te-00596,en-Latn,,,fear,fear|joy|sadness,,,,emotion,baseline,brighter-eng,medium(8-39),0.6289,misclassified
emotion-te-00597,en-Latn,,,anger|fear|surprise,fear|surprise,,,,emotion,baseline,brighter-eng,medium(8-39),0.6957,misclassified
emotion-te-00598,en-Latn,,,fear|surprise,fear|joy|surprise,,,,emotion,baseline,brighter-eng,medium(8-39),0.9215,misclassified
emotion-te-00599,en-Latn,,,fear,fear|joy|surprise,,,,emotion,baseline,brighter-eng,medium(8-39),0.722,misclassified
emotion-te-00600,en-Latn,,,anger|fear|surprise,fear,,,,emotion,baseline,brighter-eng,short(<8),0.6148,misclassified
emotion-te-00601,en-Latn,,,anger|sadness,fear|joy|sadness|surprise,,,,emotion,baseline,brighter-eng,short(<8),0.695,misclassified
emotion-te-00602,en-Latn,,,joy|surprise,fear|joy|sadness|surprise,,,,emotion,baseline,brighter-eng,medium(8-39),0.8138,misclassified
emotion-te-00603,en-Latn,,,none,fear|sadness|surprise,,,,emotion,baseline,brighter-eng,medium(8-39),0.9043,misclassified
emotion-te-00604,en-Latn,,,joy,joy|sadness,,,,emotion,baseline,brighter-eng,medium(8-39),0.5712,misclassified
emotion-te-00605,en-Latn,,,fear,fear|sadness|surprise,,,,emotion,baseline,brighter-eng,long(40+),0.9172,misclassified
emotion-te-00606,en-Latn,,,anger,fear|sadness|surprise,,,,emotion,baseline,brighter-eng,short(<8),0.5901,misclassified
emotion-te-00607,en-Latn,,,fear|sadness,fear|sadness|surprise,,,,emotion,baseline,brighter-eng,medium(8-39),0.6236,misclassified
emotion-te-00608,en-Latn,,,none,fear|joy|sadness,,,,emotion,baseline,brighter-eng,medium(8-39),0.9176,misclassified
emotion-te-00609,en-Latn,,,joy|sadness|surprise,fear|sadness,,,,emotion,baseline,brighter-eng,medium(8-39),0.9119,misclassified
emotion-te-00611,en-Latn,,,sadness,anger|fear|sadness|surprise,,,,emotion,baseline,brighter-eng,short(<8),0.6321,misclassified
emotion-te-00612,en-Latn,,,joy|surprise,anger|fear|joy|sadness,,,,emotion,baseline,brighter-eng,medium(8-39),0.6631,misclassified
emotion-te-00614,en-Latn,,,fear|surprise,fear,,,,emotion,baseline,brighter-eng,medium(8-39),0.8815,misclassified
emotion-te-00615,en-Latn,,,fear|surprise,fear|sadness|surprise,,,,emotion,baseline,brighter-eng,short(<8),0.8245,misclassified
emotion-te-00616,en-Latn,,,none,fear|joy|sadness,,,,emotion,baseline,brighter-eng,medium(8-39),0.8792,misclassified
emotion-te-00618,en-Latn,,,fear,joy|sadness,,,,emotion,baseline,brighter-eng,medium(8-39),0.4326,misclassified
emotion-te-00619,en-Latn,,,joy,fear|joy|sadness|surprise,,,,emotion,baseline,brighter-eng,medium(8-39),0.7632,misclassified
emotion-te-00620,en-Latn,,,joy,fear|joy|sadness,,,,emotion,baseline,brighter-eng,medium(8-39),0.7168,misclassified
emotion-te-00621,en-Latn,,,sadness,joy,,,,emotion,baseline,brighter-eng,medium(8-39),0.467,misclassified
emotion-te-00622,en-Latn,,,joy,fear|joy|surprise,,,,emotion,baseline,brighter-eng,medium(8-39),0.7521,misclassified
emotion-te-00623,en-Latn,,,sadness,fear|sadness,,,,emotion,baseline,brighter-eng,short(<8),0.7622,misclassified
emotion-te-00624,en-Latn,,,joy,sadness|surprise,,,,emotion,baseline,brighter-eng,medium(8-39),0.4141,misclassified
emotion-te-00625,en-Latn,,,fear|surprise,joy|sadness|surprise,,,,emotion,baseline,brighter-eng,medium(8-39),0.7979,misclassified
emotion-te-00628,en-Latn,,,surprise,fear|sadness,,,,emotion,baseline,brighter-eng,short(<8),0.9105,misclassified
emotion-te-00629,en-Latn,,,joy,fear|joy|sadness,,,,emotion,baseline,brighter-eng,medium(8-39),0.739,misclassified
emotion-te-00630,en-Latn,,,anger|fear|sadness,fear|joy|sadness,,,,emotion,baseline,brighter-eng,medium(8-39),0.8579,misclassified
emotion-te-00632,en-Latn,,,fear|surprise,fear|sadness|surprise,,,,emotion,baseline,brighter-eng,medium(8-39),0.8114,misclassified
emotion-te-00633,en-Latn,,,sadness,fear|joy|sadness|surprise,,,,emotion,baseline,brighter-eng,medium(8-39),0.8387,misclassified
emotion-te-00634,en-Latn,,,fear|sadness|surprise,anger|fear,,,,emotion,baseline,brighter-eng,short(<8),0.8209,misclassified
emotion-te-00635,en-Latn,,,fear|sadness|surprise,fear|joy|sadness,,,,emotion,baseline,brighter-eng,long(40+),0.8934,misclassified
emotion-te-00636,en-Latn,,,sadness,fear|joy|sadness|surprise,,,,emotion,baseline,brighter-eng,medium(8-39),0.9551,misclassified
emotion-te-00637,en-Latn,,,joy|surprise,fear|joy|surprise,,,,emotion,baseline,brighter-eng,short(<8),0.7117,misclassified
emotion-te-00638,en-Latn,,,joy,fear|joy,,,,emotion,baseline,brighter-eng,short(<8),0.6634,misclassified
emotion-te-00639,en-Latn,,,anger|fear|sadness,fear|sadness,,,,emotion,baseline,brighter-eng,medium(8-39),0.9368,misclassified
emotion-te-00641,en-Latn,,,surprise,fear|joy|sadness|surprise,,,,emotion,baseline,brighter-eng,long(40+),0.7864,misclassified
emotion-te-00642,en-Latn,,,joy,joy|sadness,,,,emotion,baseline,brighter-eng,medium(8-39),0.6119,misclassified
emotion-te-00643,en-Latn,,,anger|fear|sadness,fear|sadness|surprise,,,,emotion,baseline,brighter-eng,medium(8-39),0.6992,misclassified
emotion-te-00644,en-Latn,,,fear,fear|sadness,,,,emotion,baseline,brighter-eng,medium(8-39),0.9435,misclassified
emotion-te-00645,en-Latn,,,fear,fear|surprise,,,,emotion,baseline,brighter-eng,medium(8-39),0.7895,misclassified
emotion-te-00646,en-Latn,,,none,fear|joy|surprise,,,,emotion,baseline,brighter-eng,medium(8-39),0.6975,misclassified
emotion-te-00647,en-Latn,,,none,joy|surprise,,,,emotion,baseline,brighter-eng,medium(8-39),0.924,misclassified
emotion-te-00648,en-Latn,,,fear|surprise,fear,,,,emotion,baseline,brighter-eng,medium(8-39),0.4188,misclassified
emotion-te-00649,en-Latn,,,fear,fear|sadness,,,,emotion,baseline,brighter-eng,medium(8-39),0.9356,misclassified
emotion-te-00650,en-Latn,,,anger|fear,anger|fear|sadness,,,,emotion,baseline,brighter-eng,medium(8-39),0.8139,misclassified
emotion-te-00651,en-Latn,,,anger|fear|sadness,fear|surprise,,,,emotion,baseline,brighter-eng,short(<8),0.5679,misclassified
emotion-te-00652,en-Latn,,,fear|sadness,fear,,,,emotion,baseline,brighter-eng,medium(8-39),0.6811,misclassified
emotion-te-00653,en-Latn,,,fear|sadness,fear|sadness|surprise,,,,emotion,baseline,brighter-eng,medium(8-39),0.844,misclassified
emotion-te-00654,en-Latn,,,joy,fear|joy|sadness,,,,emotion,baseline,brighter-eng,medium(8-39),0.6386,misclassified
emotion-te-00655,en-Latn,,,fear|surprise,fear|joy|surprise,,,,emotion,baseline,brighter-eng,short(<8),0.7077,misclassified
emotion-te-00656,en-Latn,,,fear|surprise,fear|sadness|surprise,,,,emotion,baseline,brighter-eng,short(<8),0.882,misclassified
emotion-te-00657,en-Latn,,,joy,fear|joy|sadness,,,,emotion,baseline,brighter-eng,medium(8-39),0.4023,misclassified
emotion-te-00658,en-Latn,,,joy,fear|surprise,,,,emotion,baseline,brighter-eng,short(<8),0.5134,misclassified
emotion-te-00660,en-Latn,,,none,fear|sadness,,,,emotion,baseline,brighter-eng,medium(8-39),0.7465,misclassified
emotion-te-00662,en-Latn,,,none,fear|surprise,,,,emotion,baseline,brighter-eng,short(<8),0.9403,misclassified
emotion-te-00663,en-Latn,,,fear|surprise,fear|sadness,,,,emotion,baseline,brighter-eng,medium(8-39),0.737,misclassified
emotion-te-00664,en-Latn,,,anger|fear|sadness,fear|sadness|surprise,,,,emotion,baseline,brighter-eng,medium(8-39),0.8159,misclassified
emotion-te-00666,en-Latn,,,joy,fear|joy|sadness,,,,emotion,baseline,brighter-eng,medium(8-39),0.4359,misclassified
emotion-te-00667,en-Latn,,,joy,fear|joy,,,,emotion,baseline,brighter-eng,medium(8-39),0.8941,misclassified
emotion-te-00669,en-Latn,,,anger|fear,fear|sadness,,,,emotion,baseline,brighter-eng,medium(8-39),0.9062,misclassified
emotion-te-00671,en-Latn,,,anger|fear,sadness|surprise,,,,emotion,baseline,brighter-eng,short(<8),0.546,misclassified
emotion-te-00672,en-Latn,,,none,fear|sadness|surprise,,,,emotion,baseline,brighter-eng,medium(8-39),0.9481,misclassified
emotion-te-00673,en-Latn,,,fear|sadness,fear,,,,emotion,baseline,brighter-eng,medium(8-39),0.4822,misclassified
emotion-te-00674,en-Latn,,,joy,joy|surprise,,,,emotion,baseline,brighter-eng,medium(8-39),0.4423,misclassified
emotion-te-00675,en-Latn,,,surprise,joy|sadness|surprise,,,,emotion,baseline,brighter-eng,short(<8),0.7017,misclassified
emotion-te-00676,en-Latn,,,fear|surprise,fear,,,,emotion,baseline,brighter-eng,short(<8),0.6896,misclassified
emotion-te-00677,en-Latn,,,fear,fear|sadness,,,,emotion,baseline,brighter-eng,medium(8-39),0.8663,misclassified
emotion-te-00679,en-Latn,,,anger|sadness,fear|joy|sadness,,,,emotion,baseline,brighter-eng,medium(8-39),0.8116,misclassified
emotion-te-00680,en-Latn,,,fear|joy|surprise,fear|joy|sadness|surprise,,,,emotion,baseline,brighter-eng,medium(8-39),0.8196,misclassified
emotion-te-00681,en-Latn,,,none,joy,,,,emotion,baseline,brighter-eng,short(<8),0.7407,misclassified
emotion-te-00684,en-Latn,,,joy,joy|sadness,,,,emotion,baseline,brighter-eng,short(<8),0.4248,misclassified
emotion-te-00685,en-Latn,,,joy|surprise,joy|sadness|surprise,,,,emotion,baseline,brighter-eng,short(<8),0.8022,misclassified
emotion-te-00686,en-Latn,,,joy,fear,,,,emotion,baseline,brighter-eng,medium(8-39),0.5465,misclassified
emotion-te-00687,en-Latn,,,joy,fear|sadness,,,,emotion,baseline,brighter-eng,medium(8-39),0.9381,misclassified
emotion-te-00688,en-Latn,,,joy|surprise,joy,,,,emotion,baseline,brighter-eng,medium(8-39),0.6592,misclassified
emotion-te-00690,en-Latn,,,anger|fear|surprise,fear|sadness|surprise,,,,emotion,baseline,brighter-eng,medium(8-39),0.7837,misclassified
emotion-te-00691,en-Latn,,,sadness|surprise,fear|surprise,,,,emotion,baseline,brighter-eng,medium(8-39),0.9671,misclassified
emotion-te-00693,en-Latn,,,joy,joy|sadness|surprise,,,,emotion,baseline,brighter-eng,short(<8),0.8731,misclassified
emotion-te-00695,en-Latn,,,joy,fear|surprise,,,,emotion,baseline,brighter-eng,medium(8-39),0.662,misclassified
emotion-te-00697,en-Latn,,,sadness,fear|joy|sadness,,,,emotion,baseline,brighter-eng,medium(8-39),0.6192,misclassified
emotion-te-00698,en-Latn,,,fear|sadness,fear|joy|surprise,,,,emotion,baseline,brighter-eng,short(<8),0.769,misclassified
emotion-te-00699,en-Latn,,,fear,fear|sadness,,,,emotion,baseline,brighter-eng,medium(8-39),0.834,misclassified
emotion-te-00700,en-Latn,,,joy,fear,,,,emotion,baseline,brighter-eng,short(<8),0.5429,misclassified
emotion-te-00701,en-Latn,,,anger|fear|surprise,fear|sadness,,,,emotion,baseline,brighter-eng,short(<8),0.7944,misclassified
emotion-te-00702,en-Latn,,,fear|surprise,joy|sadness|surprise,,,,emotion,baseline,brighter-eng,medium(8-39),0.7806,misclassified
emotion-te-00703,en-Latn,,,joy,fear|joy|surprise,,,,emotion,baseline,brighter-eng,short(<8),0.5589,misclassified
emotion-te-00704,en-Latn,,,joy|sadness,joy|surprise,,,,emotion,baseline,brighter-eng,medium(8-39),0.9264,misclassified
emotion-te-00705,en-Latn,,,joy,fear|surprise,,,,emotion,baseline,brighter-eng,short(<8),0.8648,misclassified
emotion-te-00706,en-Latn,,,anger|surprise,joy|surprise,,,,emotion,baseline,brighter-eng,short(<8),0.686,misclassified
emotion-te-00707,en-Latn,,,joy|surprise,joy,,,,emotion,baseline,brighter-eng,medium(8-39),0.512,misclassified
emotion-te-00708,en-Latn,,,fear|surprise,fear|sadness|surprise,,,,emotion,baseline,brighter-eng,medium(8-39),0.9719,misclassified
emotion-te-00709,en-Latn,,,sadness,fear|sadness,,,,emotion,baseline,brighter-eng,short(<8),0.8031,misclassified
emotion-te-00710,en-Latn,,,joy,fear|joy,,,,emotion,baseline,brighter-eng,medium(8-39),0.5465,misclassified
emotion-te-00711,en-Latn,,,anger|sadness,fear|joy|sadness,,,,emotion,baseline,brighter-eng,medium(8-39),0.7626,misclassified
emotion-te-00712,en-Latn,,,fear|joy,fear|surprise,,,,emotion,baseline,brighter-eng,medium(8-39),0.5947,misclassified
emotion-te-00713,en-Latn,,,sadness,fear|joy|sadness,,,,emotion,baseline,brighter-eng,long(40+),0.8632,misclassified
emotion-te-00714,en-Latn,,,fear,fear|sadness,,,,emotion,baseline,brighter-eng,medium(8-39),0.9815,misclassified
emotion-te-00715,en-Latn,,,anger,fear|joy,,,,emotion,baseline,brighter-eng,medium(8-39),0.8631,misclassified
emotion-te-00718,en-Latn,,,anger|sadness,fear|joy|sadness|surprise,,,,emotion,baseline,brighter-eng,medium(8-39),0.472,misclassified
emotion-te-00719,en-Latn,,,anger,joy|surprise,,,,emotion,baseline,brighter-eng,medium(8-39),0.5738,misclassified
emotion-te-00720,en-Latn,,,joy,fear|sadness,,,,emotion,baseline,brighter-eng,medium(8-39),0.9179,misclassified
emotion-te-00721,en-Latn,,,anger,joy|surprise,,,,emotion,baseline,brighter-eng,short(<8),0.4624,misclassified
emotion-te-00722,en-Latn,,,sadness|surprise,fear|sadness|surprise,,,,emotion,baseline,brighter-eng,medium(8-39),0.738,misclassified
emotion-te-00723,en-Latn,,,fear|surprise,fear|sadness|surprise,,,,emotion,baseline,brighter-eng,medium(8-39),0.8845,misclassified
emotion-te-00725,en-Latn,,,none,fear|sadness,,,,emotion,baseline,brighter-eng,medium(8-39),0.5143,misclassified
emotion-te-00728,en-Latn,,,fear|sadness,fear|joy|sadness,,,,emotion,baseline,brighter-eng,medium(8-39),0.855,misclassified
emotion-te-00729,en-Latn,,,anger|fear,sadness,,,,emotion,baseline,brighter-eng,medium(8-39),0.4494,misclassified
emotion-te-00731,en-Latn,,,none,surprise,,,,emotion,baseline,brighter-eng,medium(8-39),0.4439,misclassified
emotion-te-00732,en-Latn,,,fear|sadness|surprise,fear,,,,emotion,baseline,brighter-eng,short(<8),0.7076,misclassified
emotion-te-00734,en-Latn,,,fear|sadness,fear|joy,,,,emotion,baseline,brighter-eng,medium(8-39),0.8526,misclassified
emotion-te-00736,en-Latn,,,fear|sadness,fear|joy|sadness|surprise,,,,emotion,baseline,brighter-eng,medium(8-39),0.8323,misclassified
emotion-te-00737,en-Latn,,,anger|fear|sadness|surprise,anger|joy|surprise,,,,emotion,baseline,brighter-eng,medium(8-39),0.7355,misclassified
emotion-te-00739,en-Latn,,,fear,fear|sadness|surprise,,,,emotion,baseline,brighter-eng,long(40+),0.9368,misclassified
emotion-te-00741,en-Latn,,,surprise,fear|surprise,,,,emotion,baseline,brighter-eng,medium(8-39),0.736,misclassified
emotion-te-00742,en-Latn,,,joy,fear,,,,emotion,baseline,brighter-eng,medium(8-39),0.678,misclassified
emotion-te-00743,en-Latn,,,fear,fear|sadness,,,,emotion,baseline,brighter-eng,medium(8-39),0.835,misclassified
emotion-te-00744,en-Latn,,,anger|sadness,fear|sadness,,,,emotion,baseline,brighter-eng,medium(8-39),0.5682,misclassified
emotion-te-00745,en-Latn,,,fear|sadness,fear|joy,,,,emotion,baseline,brighter-eng,short(<8),0.5961,misclassified
emotion-te-00746,en-Latn,,,fear,fear|sadness,,,,emotion,baseline,brighter-eng,short(<8),0.8877,misclassified
emotion-te-00748,en-Latn,,,none,fear|sadness|surprise,,,,emotion,baseline,brighter-eng,medium(8-39),0.9822,misclassified
emotion-te-00750,en-Latn,,,anger|fear|sadness,fear|joy|surprise,,,,emotion,baseline,brighter-eng,medium(8-39),0.9281,misclassified
emotion-te-00751,en-Latn,,,fear,fear|surprise,,,,emotion,baseline,brighter-eng,medium(8-39),0.7686,misclassified
emotion-te-00752,en-Latn,,,fear|surprise,fear|joy|sadness|surprise,,,,emotion,baseline,brighter-eng,medium(8-39),0.9795,misclassified
emotion-te-00753,en-Latn,,,anger,fear|sadness,,,,emotion,baseline,brighter-eng,medium(8-39),0.807,misclassified
emotion-te-00754,en-Latn,,,fear|sadness,fear|sadness|surprise,,,,emotion,baseline,brighter-eng,medium(8-39),0.8155,misclassified
emotion-te-00756,en-Latn,,,fear,fear|sadness,,,,emotion,baseline,brighter-eng,short(<8),0.9256,misclassified
emotion-te-00757,en-Latn,,,none,fear|sadness,,,,emotion,baseline,brighter-eng,medium(8-39),0.8061,misclassified
emotion-te-00758,en-Latn,,,fear|surprise,surprise,,,,emotion,baseline,brighter-eng,medium(8-39),0.7212,misclassified
emotion-te-00759,en-Latn,,,fear|surprise,fear|sadness|surprise,,,,emotion,baseline,brighter-eng,short(<8),0.8318,misclassified
emotion-te-00761,en-Latn,,,fear|joy|surprise,fear|joy,,,,emotion,baseline,brighter-eng,long(40+),0.8396,misclassified
emotion-te-00763,en-Latn,,,none,fear|joy|surprise,,,,emotion,baseline,brighter-eng,medium(8-39),0.6614,misclassified
emotion-te-00764,en-Latn,,,anger|fear,fear,,,,emotion,baseline,brighter-eng,short(<8),0.5325,misclassified
emotion-te-00765,en-Latn,,,fear|sadness|surprise,fear|surprise,,,,emotion,baseline,brighter-eng,medium(8-39),0.6828,misclassified
emotion-te-00767,en-Latn,,,fear|sadness,fear,,,,emotion,baseline,brighter-eng,medium(8-39),0.7615,misclassified
emotion-te-00769,en-Latn,,,sadness|surprise,fear|sadness,,,,emotion,baseline,brighter-eng,short(<8),0.8244,misclassified
emotion-te-00770,en-Latn,,,fear|sadness|surprise,anger|fear|sadness,,,,emotion,baseline,brighter-eng,medium(8-39),0.8524,misclassified
emotion-te-00771,en-Latn,,,fear,fear|sadness,,,,emotion,baseline,brighter-eng,short(<8),0.6683,misclassified
emotion-te-00772,en-Latn,,,fear|joy,fear|sadness,,,,emotion,baseline,brighter-eng,medium(8-39),0.9482,misclassified
emotion-te-00775,en-Latn,,,fear|sadness,sadness,,,,emotion,baseline,brighter-eng,medium(8-39),0.7439,misclassified
emotion-te-00776,en-Latn,,,fear,fear|joy|sadness|surprise,,,,emotion,baseline,brighter-eng,medium(8-39),0.6801,misclassified
emotion-te-00777,en-Latn,,,joy,fear|joy|sadness,,,,emotion,baseline,brighter-eng,long(40+),0.8521,misclassified
emotion-te-00778,en-Latn,,,fear,fear|joy,,,,emotion,baseline,brighter-eng,medium(8-39),0.7626,misclassified
emotion-te-00780,en-Latn,,,joy,fear|surprise,,,,emotion,baseline,brighter-eng,medium(8-39),0.8527,misclassified
emotion-te-00782,en-Latn,,,anger|fear|sadness,fear|sadness,,,,emotion,baseline,brighter-eng,medium(8-39),0.805,misclassified
emotion-te-00783,en-Latn,,,none,fear|joy|surprise,,,,emotion,baseline,brighter-eng,medium(8-39),0.7023,misclassified
emotion-te-00784,en-Latn,,,fear|surprise,fear|sadness|surprise,,,,emotion,baseline,brighter-eng,medium(8-39),0.7688,misclassified
emotion-te-00785,en-Latn,,,joy,fear|joy|surprise,,,,emotion,baseline,brighter-eng,medium(8-39),0.8091,misclassified
emotion-te-00787,en-Latn,,,joy,fear|surprise,,,,emotion,baseline,brighter-eng,medium(8-39),0.6252,misclassified
emotion-te-00788,en-Latn,,,none,fear|joy|sadness|surprise,,,,emotion,baseline,brighter-eng,medium(8-39),0.7659,misclassified
emotion-te-00789,en-Latn,,,anger|fear|sadness|surprise,fear|surprise,,,,emotion,baseline,brighter-eng,medium(8-39),0.6045,misclassified
emotion-te-00790,en-Latn,,,anger|fear,fear,,,,emotion,baseline,brighter-eng,long(40+),0.8342,misclassified
emotion-te-00791,en-Latn,,,joy,none,,,,emotion,baseline,brighter-eng,short(<8),0.2193,misclassified
emotion-te-00793,en-Latn,,,fear,fear|sadness,,,,emotion,baseline,brighter-eng,long(40+),0.9289,misclassified
emotion-te-00795,en-Latn,,,joy,anger|fear|sadness|surprise,,,,emotion,baseline,brighter-eng,medium(8-39),0.771,misclassified
emotion-te-00796,en-Latn,,,fear|surprise,fear|joy|surprise,,,,emotion,baseline,brighter-eng,medium(8-39),0.9172,misclassified
emotion-te-00797,en-Latn,,,fear|surprise,fear|joy|sadness|surprise,,,,emotion,baseline,brighter-eng,long(40+),0.6236,misclassified
emotion-te-00798,en-Latn,,,fear|surprise,fear|joy|surprise,,,,emotion,baseline,brighter-eng,short(<8),0.6218,misclassified
emotion-te-00799,en-Latn,,,fear,fear|joy|sadness,,,,emotion,baseline,brighter-eng,medium(8-39),0.8172,misclassified
emotion-te-00800,en-Latn,,,fear|joy|surprise,fear|joy|sadness,,,,emotion,baseline,brighter-eng,long(40+),0.7049,misclassified
emotion-te-00802,en-Latn,,,fear,fear|joy|sadness,,,,emotion,baseline,brighter-eng,medium(8-39),0.5296,misclassified
emotion-te-00803,en-Latn,,,fear,joy,,,,emotion,baseline,brighter-eng,medium(8-39),0.3255,misclassified
emotion-te-00804,en-Latn,,,none,fear|sadness|surprise,,,,emotion,baseline,brighter-eng,short(<8),0.4945,misclassified
emotion-te-00805,en-Latn,,,joy|sadness,fear|sadness|surprise,,,,emotion,baseline,brighter-eng,medium(8-39),0.6984,misclassified
emotion-te-00806,en-Latn,,,joy,fear|joy,,,,emotion,baseline,brighter-eng,short(<8),0.4851,misclassified
emotion-te-00807,en-Latn,,,fear|surprise,fear|joy|surprise,,,,emotion,baseline,brighter-eng,medium(8-39),0.8609,misclassified
emotion-te-00808,en-Latn,,,none,anger|fear,,,,emotion,baseline,brighter-eng,medium(8-39),0.7498,misclassified
emotion-te-00809,en-Latn,,,fear|sadness,fear|joy|surprise,,,,emotion,baseline,brighter-eng,short(<8),0.9368,misclassified
emotion-te-00810,en-Latn,,,joy|surprise,anger|surprise,,,,emotion,baseline,brighter-eng,short(<8),0.5661,misclassified
emotion-te-00811,en-Latn,,,fear|sadness|surprise,sadness|surprise,,,,emotion,baseline,brighter-eng,short(<8),0.6413,misclassified
emotion-te-00813,en-Latn,,,joy,fear|joy,,,,emotion,baseline,brighter-eng,short(<8),0.7109,misclassified
emotion-te-00814,en-Latn,,,fear|joy|surprise,fear|joy,,,,emotion,baseline,brighter-eng,medium(8-39),0.7436,misclassified
emotion-te-00815,en-Latn,,,joy,anger|joy|sadness,,,,emotion,baseline,brighter-eng,medium(8-39),0.5715,misclassified
emotion-te-00816,en-Latn,,,fear|sadness,fear|joy|sadness,,,,emotion,baseline,brighter-eng,medium(8-39),0.9214,misclassified
emotion-te-00817,en-Latn,,,joy,fear|surprise,,,,emotion,baseline,brighter-eng,medium(8-39),0.8256,misclassified
emotion-te-00818,en-Latn,,,none,fear|joy|sadness|surprise,,,,emotion,baseline,brighter-eng,short(<8),0.5837,misclassified
emotion-te-00819,en-Latn,,,fear,fear|sadness,,,,emotion,baseline,brighter-eng,medium(8-39),0.8488,misclassified
emotion-te-00820,en-Latn,,,fear|sadness|surprise,fear|joy|surprise,,,,emotion,baseline,brighter-eng,short(<8),0.6954,misclassified
emotion-te-00821,en-Latn,,,joy,fear|sadness,,,,emotion,baseline,brighter-eng,long(40+),0.8091,misclassified
emotion-te-00822,en-Latn,,,none,fear|sadness,,,,emotion,baseline,brighter-eng,short(<8),0.579,misclassified
emotion-te-00823,en-Latn,,,none,joy|surprise,,,,emotion,baseline,brighter-eng,short(<8),0.5502,misclassified
emotion-te-00824,en-Latn,,,joy,fear|joy,,,,emotion,baseline,brighter-eng,medium(8-39),0.7386,misclassified
emotion-te-00825,en-Latn,,,anger|fear|sadness,fear|sadness|surprise,,,,emotion,baseline,brighter-eng,medium(8-39),0.9632,misclassified
emotion-te-00826,en-Latn,,,fear,fear|joy,,,,emotion,baseline,brighter-eng,short(<8),0.4923,misclassified
emotion-te-00827,en-Latn,,,fear,fear|sadness,,,,emotion,baseline,brighter-eng,medium(8-39),0.9873,misclassified
emotion-te-00828,en-Latn,,,fear|surprise,fear|joy|surprise,,,,emotion,baseline,brighter-eng,medium(8-39),0.5742,misclassified
emotion-te-00830,en-Latn,,,sadness|surprise,anger|fear|sadness,,,,emotion,baseline,brighter-eng,short(<8),0.8224,misclassified
emotion-te-00831,en-Latn,,,none,surprise,,,,emotion,baseline,brighter-eng,short(<8),0.4426,misclassified
emotion-te-00832,en-Latn,,,fear|sadness,anger|fear|sadness|surprise,,,,emotion,baseline,brighter-eng,medium(8-39),0.979,misclassified
emotion-te-00833,en-Latn,,,anger|surprise,fear|joy|surprise,,,,emotion,baseline,brighter-eng,medium(8-39),0.6272,misclassified
emotion-te-00834,en-Latn,,,fear|surprise,fear|sadness|surprise,,,,emotion,baseline,brighter-eng,medium(8-39),0.7766,misclassified
emotion-te-00835,en-Latn,,,joy,joy|surprise,,,,emotion,baseline,brighter-eng,short(<8),0.8657,misclassified
emotion-te-00836,en-Latn,,,joy,fear|joy|sadness,,,,emotion,baseline,brighter-eng,long(40+),0.6289,misclassified
emotion-te-00837,en-Latn,,,fear|sadness,fear|joy|sadness,,,,emotion,baseline,brighter-eng,medium(8-39),0.7387,misclassified
emotion-te-00838,en-Latn,,,fear|surprise,fear|sadness|surprise,,,,emotion,baseline,brighter-eng,medium(8-39),0.7486,misclassified
emotion-te-00839,en-Latn,,,none,fear|sadness,,,,emotion,baseline,brighter-eng,medium(8-39),0.4845,misclassified
emotion-te-00840,en-Latn,,,anger|fear,fear|sadness|surprise,,,,emotion,baseline,brighter-eng,short(<8),0.9546,misclassified
emotion-te-00841,en-Latn,,,none,fear|surprise,,,,emotion,baseline,brighter-eng,medium(8-39),0.6566,misclassified
emotion-te-00842,en-Latn,,,fear|sadness,fear|joy|sadness|surprise,,,,emotion,baseline,brighter-eng,medium(8-39),0.8612,misclassified
emotion-te-00843,en-Latn,,,fear,fear|surprise,,,,emotion,baseline,brighter-eng,medium(8-39),0.8415,misclassified
emotion-te-00844,en-Latn,,,joy,fear|joy,,,,emotion,baseline,brighter-eng,medium(8-39),0.6258,misclassified
emotion-te-00845,en-Latn,,,fear|sadness|surprise,fear|surprise,,,,emotion,baseline,brighter-eng,short(<8),0.9462,misclassified
emotion-te-00846,en-Latn,,,anger|fear|sadness|surprise,sadness,,,,emotion,baseline,brighter-eng,medium(8-39),0.3538,misclassified
emotion-te-00848,en-Latn,,,fear|sadness,fear,,,,emotion,baseline,brighter-eng,medium(8-39),0.9078,misclassified
emotion-te-00850,en-Latn,,,joy|sadness,fear|sadness,,,,emotion,baseline,brighter-eng,medium(8-39),0.7557,misclassified
emotion-te-00851,en-Latn,,,joy|surprise,fear|joy|sadness|surprise,,,,emotion,baseline,brighter-eng,medium(8-39),0.6325,misclassified
emotion-te-00852,en-Latn,,,fear,fear|sadness,,,,emotion,baseline,brighter-eng,medium(8-39),0.912,misclassified
emotion-te-00854,en-Latn,,,anger,fear|surprise,,,,emotion,baseline,brighter-eng,medium(8-39),0.6898,misclassified
emotion-te-00855,en-Latn,,,joy,fear|joy|sadness,,,,emotion,baseline,brighter-eng,medium(8-39),0.4449,misclassified
emotion-te-00856,en-Latn,,,anger|fear|sadness|surprise,fear|sadness,,,,emotion,baseline,brighter-eng,medium(8-39),0.5472,misclassified
emotion-te-00857,en-Latn,,,fear,fear|sadness,,,,emotion,baseline,brighter-eng,short(<8),0.8523,misclassified
emotion-te-00858,en-Latn,,,joy,none,,,,emotion,baseline,brighter-eng,short(<8),0.3877,misclassified
emotion-te-00859,en-Latn,,,none,fear|sadness|surprise,,,,emotion,baseline,brighter-eng,short(<8),0.4745,misclassified
emotion-te-00861,en-Latn,,,anger|sadness,fear|sadness,,,,emotion,baseline,brighter-eng,medium(8-39),0.8313,misclassified
emotion-te-00862,en-Latn,,,joy,anger|fear|joy|surprise,,,,emotion,baseline,brighter-eng,medium(8-39),0.8442,misclassified
emotion-te-00863,en-Latn,,,none,fear|sadness|surprise,,,,emotion,baseline,brighter-eng,medium(8-39),0.9119,misclassified
emotion-te-00864,en-Latn,,,joy,fear|joy|surprise,,,,emotion,baseline,brighter-eng,medium(8-39),0.6308,misclassified
emotion-te-00865,en-Latn,,,fear,fear|surprise,,,,emotion,baseline,brighter-eng,short(<8),0.9816,misclassified
emotion-te-00866,en-Latn,,,anger,anger|fear|sadness,,,,emotion,baseline,brighter-eng,short(<8),0.8877,misclassified
emotion-te-00867,en-Latn,,,none,fear|sadness|surprise,,,,emotion,baseline,brighter-eng,short(<8),0.4657,misclassified
emotion-te-00868,en-Latn,,,surprise,joy,,,,emotion,baseline,brighter-eng,short(<8),0.8152,misclassified
emotion-te-00869,en-Latn,,,anger|fear|sadness|surprise,fear|joy|sadness|surprise,,,,emotion,baseline,brighter-eng,medium(8-39),0.7989,misclassified
emotion-te-00870,en-Latn,,,joy,fear|joy,,,,emotion,baseline,brighter-eng,medium(8-39),0.6648,misclassified
emotion-te-00871,en-Latn,,,fear|surprise,fear|joy|sadness,,,,emotion,baseline,brighter-eng,medium(8-39),0.4778,misclassified
emotion-te-00872,en-Latn,,,sadness,fear|sadness|surprise,,,,emotion,baseline,brighter-eng,medium(8-39),0.7294,misclassified
emotion-te-00874,en-Latn,,,anger|sadness,fear|sadness|surprise,,,,emotion,baseline,brighter-eng,medium(8-39),0.8365,misclassified
emotion-te-00875,en-Latn,,,fear|surprise,fear|sadness|surprise,,,,emotion,baseline,brighter-eng,short(<8),0.9031,misclassified
emotion-te-00876,en-Latn,,,none,fear|surprise,,,,emotion,baseline,brighter-eng,medium(8-39),0.6903,misclassified
emotion-te-00878,en-Latn,,,joy,fear|joy|surprise,,,,emotion,baseline,brighter-eng,medium(8-39),0.7312,misclassified
emotion-te-00879,en-Latn,,,anger|fear|sadness,fear|joy|sadness|surprise,,,,emotion,baseline,brighter-eng,medium(8-39),0.825,misclassified
emotion-te-00880,en-Latn,,,fear|sadness,fear|joy,,,,emotion,baseline,brighter-eng,medium(8-39),0.6566,misclassified
emotion-te-00881,en-Latn,,,joy,fear|surprise,,,,emotion,baseline,brighter-eng,medium(8-39),0.9353,misclassified
emotion-te-00882,en-Latn,,,fear,fear|surprise,,,,emotion,baseline,brighter-eng,short(<8),0.9504,misclassified
emotion-te-00883,en-Latn,,,fear,fear|sadness|surprise,,,,emotion,baseline,brighter-eng,medium(8-39),0.8832,misclassified
emotion-te-00884,en-Latn,,,fear|sadness,fear|joy|sadness|surprise,,,,emotion,baseline,brighter-eng,long(40+),0.8389,misclassified
emotion-te-00885,en-Latn,,,anger|surprise,fear|joy|surprise,,,,emotion,baseline,brighter-eng,short(<8),0.4921,misclassified
emotion-te-00886,en-Latn,,,fear|sadness,fear|joy|sadness,,,,emotion,baseline,brighter-eng,long(40+),0.8633,misclassified
emotion-te-00888,en-Latn,,,fear|surprise,fear|joy|sadness|surprise,,,,emotion,baseline,brighter-eng,medium(8-39),0.8932,misclassified
emotion-te-00889,en-Latn,,,joy,joy|surprise,,,,emotion,baseline,brighter-eng,short(<8),0.8736,misclassified
emotion-te-00891,en-Latn,,,sadness,fear|joy,,,,emotion,baseline,brighter-eng,medium(8-39),0.4923,misclassified
emotion-te-00892,en-Latn,,,fear|sadness,fear|sadness|surprise,,,,emotion,baseline,brighter-eng,short(<8),0.8454,misclassified
emotion-te-00893,en-Latn,,,none,fear|sadness,,,,emotion,baseline,brighter-eng,short(<8),0.7313,misclassified
emotion-te-00894,en-Latn,,,surprise,fear|sadness|surprise,,,,emotion,baseline,brighter-eng,medium(8-39),0.7935,misclassified
emotion-te-00895,en-Latn,,,anger|surprise,fear|sadness|surprise,,,,emotion,baseline,brighter-eng,medium(8-39),0.8415,misclassified
emotion-te-00896,en-Latn,,,fear,fear|joy|surprise,,,,emotion,baseline,brighter-eng,short(<8),0.677,misclassified
emotion-te-00898,en-Latn,,,anger|fear|sadness,fear|sadness,,,,emotion,baseline,brighter-eng,medium(8-39),0.9763,misclassified
emotion-te-00899,en-Latn,,,none,fear|sadness,,,,emotion,baseline,brighter-eng,medium(8-39),0.9577,misclassified
emotion-te-00900,en-Latn,,,sadness,fear|joy|sadness|surprise,,,,emotion,baseline,brighter-eng,medium(8-39),0.7761,misclassified
emotion-te-00903,en-Latn,,,joy,fear|surprise,,,,emotion,baseline,brighter-eng,medium(8-39),0.8798,misclassified
emotion-te-00905,en-Latn,,,joy,fear|sadness|surprise,,,,emotion,baseline,brighter-eng,medium(8-39),0.6428,misclassified
emotion-te-00907,en-Latn,,,none,fear|surprise,,,,emotion,baseline,brighter-eng,medium(8-39),0.7604,misclassified
emotion-te-00908,en-Latn,,,fear|sadness,fear|joy|sadness,,,,emotion,baseline,brighter-eng,medium(8-39),0.5732,misclassified
emotion-te-00909,en-Latn,,,fear|sadness,anger|fear|sadness|surprise,,,,emotion,baseline,brighter-eng,medium(8-39),0.7702,misclassified
emotion-te-00910,en-Latn,,,joy|sadness,fear|joy|sadness,,,,emotion,baseline,brighter-eng,medium(8-39),0.6745,misclassified
emotion-te-00911,en-Latn,,,fear|surprise,fear|joy|surprise,,,,emotion,baseline,brighter-eng,medium(8-39),0.7375,misclassified
emotion-te-00912,en-Latn,,,sadness,none,,,,emotion,baseline,brighter-eng,medium(8-39),0.346,misclassified
emotion-te-00914,en-Latn,,,joy,fear|joy|sadness|surprise,,,,emotion,baseline,brighter-eng,medium(8-39),0.816,misclassified
emotion-te-00915,en-Latn,,,joy|surprise,fear|joy|sadness|surprise,,,,emotion,baseline,brighter-eng,short(<8),0.932,misclassified
emotion-te-00916,en-Latn,,,fear|surprise,fear,,,,emotion,baseline,brighter-eng,short(<8),0.5069,misclassified
emotion-te-00917,en-Latn,,,joy|surprise,fear|joy|sadness,,,,emotion,baseline,brighter-eng,medium(8-39),0.7815,misclassified
emotion-te-00918,en-Latn,,,fear,fear|surprise,,,,emotion,baseline,brighter-eng,short(<8),0.8309,misclassified
emotion-te-00919,en-Latn,,,anger|fear|sadness|surprise,fear|joy,,,,emotion,baseline,brighter-eng,long(40+),0.8351,misclassified
emotion-te-00921,en-Latn,,,anger,fear|sadness,,,,emotion,baseline,brighter-eng,medium(8-39),0.6079,misclassified
emotion-te-00922,en-Latn,,,joy,fear|joy|sadness,,,,emotion,baseline,brighter-eng,medium(8-39),0.5413,misclassified
emotion-te-00923,en-Latn,,,surprise,joy|surprise,,,,emotion,baseline,brighter-eng,short(<8),0.5034,misclassified
emotion-te-00924,en-Latn,,,fear|sadness,fear|joy|sadness,,,,emotion,baseline,brighter-eng,medium(8-39),0.8491,misclassified
emotion-te-00926,en-Latn,,,anger|fear|sadness,fear|sadness|surprise,,,,emotion,baseline,brighter-eng,medium(8-39),0.8892,misclassified
emotion-te-00928,en-Latn,,,joy,fear|joy,,,,emotion,baseline,brighter-eng,medium(8-39),0.6337,misclassified
emotion-te-00929,en-Latn,,,sadness,joy|sadness|surprise,,,,emotion,baseline,brighter-eng,short(<8),0.5391,misclassified
emotion-te-00930,en-Latn,,,fear|sadness|surprise,fear|joy|sadness|surprise,,,,emotion,baseline,brighter-eng,medium(8-39),0.8998,misclassified
emotion-te-00931,en-Latn,,,sadness,fear|sadness,,,,emotion,baseline,brighter-eng,medium(8-39),0.8725,misclassified
emotion-te-00932,en-Latn,,,fear,anger|fear|surprise,,,,emotion,baseline,brighter-eng,short(<8),0.7985,misclassified
emotion-te-00935,en-Latn,,,fear|sadness,fear|joy,,,,emotion,baseline,brighter-eng,medium(8-39),0.6407,misclassified
emotion-te-00936,en-Latn,,,fear,fear|sadness,,,,emotion,baseline,brighter-eng,medium(8-39),0.782,misclassified
emotion-te-00937,en-Latn,,,fear|sadness,fear|joy|surprise,,,,emotion,baseline,brighter-eng,medium(8-39),0.771,misclassified
emotion-te-00938,en-Latn,,,anger|fear,fear|sadness,,,,emotion,baseline,brighter-eng,short(<8),0.4827,misclassified
emotion-te-00939,en-Latn,,,joy,fear|joy,,,,emotion,baseline,brighter-eng,medium(8-39),0.7297,misclassified
emotion-te-00941,en-Latn,,,anger|fear|sadness|surprise,fear|joy|sadness,,,,emotion,baseline,brighter-eng,long(40+),0.9325,misclassified
emotion-te-00942,en-Latn,,,fear,fear|sadness,,,,emotion,baseline,brighter-eng,medium(8-39),0.9224,misclassified
emotion-te-00943,en-Latn,,,none,fear|joy|sadness|surprise,,,,emotion,baseline,brighter-eng,medium(8-39),0.5742,misclassified
emotion-te-00945,en-Latn,,,anger,joy|sadness,,,,emotion,baseline,brighter-eng,short(<8),0.3757,misclassified
emotion-te-00946,en-Latn,,,none,fear|joy|surprise,,,,emotion,baseline,brighter-eng,short(<8),0.8243,misclassified
emotion-te-00947,en-Latn,,,none,fear,,,,emotion,baseline,brighter-eng,medium(8-39),0.6699,misclassified
emotion-te-00948,en-Latn,,,fear,fear|sadness,,,,emotion,baseline,brighter-eng,medium(8-39),0.8767,misclassified
emotion-te-00949,en-Latn,,,joy,fear|joy|sadness|surprise,,,,emotion,baseline,brighter-eng,medium(8-39),0.8348,misclassified
emotion-te-00952,en-Latn,,,anger,anger|fear,,,,emotion,baseline,brighter-eng,short(<8),0.8967,misclassified
emotion-te-00953,en-Latn,,,joy,fear|joy,,,,emotion,baseline,brighter-eng,medium(8-39),0.4621,misclassified
emotion-te-00955,en-Latn,,,joy,fear|joy|sadness,,,,emotion,baseline,brighter-eng,medium(8-39),0.8804,misclassified
emotion-te-00956,en-Latn,,,joy,fear|surprise,,,,emotion,baseline,brighter-eng,medium(8-39),0.7457,misclassified
emotion-te-00958,en-Latn,,,fear|joy,fear|joy|sadness,,,,emotion,baseline,brighter-eng,medium(8-39),0.4374,misclassified
emotion-te-00959,en-Latn,,,fear|surprise,surprise,,,,emotion,baseline,brighter-eng,medium(8-39),0.6411,misclassified
emotion-te-00962,en-Latn,,,none,surprise,,,,emotion,baseline,brighter-eng,medium(8-39),0.6653,misclassified
emotion-te-00963,en-Latn,,,fear,none,,,,emotion,baseline,brighter-eng,short(<8),0.3511,misclassified
emotion-te-00964,en-Latn,,,fear|sadness,fear|joy,,,,emotion,baseline,brighter-eng,long(40+),0.7506,misclassified
emotion-te-00965,en-Latn,,,anger|sadness|surprise,fear|sadness|surprise,,,,emotion,baseline,brighter-eng,short(<8),0.7946,misclassified
emotion-te-00966,en-Latn,,,none,joy,,,,emotion,baseline,brighter-eng,medium(8-39),0.4259,misclassified
emotion-te-00967,en-Latn,,,joy,fear|joy|surprise,,,,emotion,baseline,brighter-eng,short(<8),0.7142,misclassified
emotion-te-00968,en-Latn,,,anger|fear|sadness,fear|sadness,,,,emotion,baseline,brighter-eng,medium(8-39),0.7079,misclassified
emotion-te-00970,en-Latn,,,fear|sadness,none,,,,emotion,baseline,brighter-eng,short(<8),0.3496,misclassified
emotion-te-00971,en-Latn,,,surprise,sadness|surprise,,,,emotion,baseline,brighter-eng,short(<8),0.6774,misclassified
emotion-te-00972,en-Latn,,,fear,fear|joy|sadness|surprise,,,,emotion,baseline,brighter-eng,medium(8-39),0.7603,misclassified
emotion-te-00975,en-Latn,,,none,sadness|surprise,,,,emotion,baseline,brighter-eng,short(<8),0.6011,misclassified
emotion-te-00977,en-Latn,,,joy,fear|joy|sadness,,,,emotion,baseline,brighter-eng,medium(8-39),0.7342,misclassified
emotion-te-00978,en-Latn,,,fear,fear|sadness,,,,emotion,baseline,brighter-eng,medium(8-39),0.6901,misclassified
emotion-te-00979,en-Latn,,,none,fear|sadness,,,,emotion,baseline,brighter-eng,medium(8-39),0.7844,misclassified
emotion-te-00980,en-Latn,,,none,sadness,,,,emotion,baseline,brighter-eng,medium(8-39),0.6252,misclassified
emotion-te-00981,en-Latn,,,fear,sadness,,,,emotion,baseline,brighter-eng,short(<8),0.527,misclassified
emotion-te-00982,en-Latn,,,anger|fear|sadness,fear|sadness|surprise,,,,emotion,baseline,brighter-eng,medium(8-39),0.7543,misclassified
emotion-te-00984,en-Latn,,,none,anger|fear|joy|sadness|surprise,,,,emotion,baseline,brighter-eng,medium(8-39),0.8617,misclassified
emotion-te-00986,en-Latn,,,sadness,fear|sadness,,,,emotion,baseline,brighter-eng,short(<8),0.9085,misclassified
emotion-te-00987,en-Latn,,,fear|surprise,joy|surprise,,,,emotion,baseline,brighter-eng,medium(8-39),0.9007,misclassified
emotion-te-00988,en-Latn,,,sadness,fear|joy|sadness|surprise,,,,emotion,baseline,brighter-eng,medium(8-39),0.8908,misclassified
emotion-te-00989,en-Latn,,,none,fear|sadness|surprise,,,,emotion,baseline,brighter-eng,medium(8-39),0.6385,misclassified
emotion-te-00990,en-Latn,,,fear,fear|sadness,,,,emotion,baseline,brighter-eng,medium(8-39),0.9402,misclassified
emotion-te-00991,en-Latn,,,joy,joy|sadness,,,,emotion,baseline,brighter-eng,medium(8-39),0.7083,misclassified
emotion-te-00993,en-Latn,,,surprise,joy|surprise,,,,emotion,baseline,brighter-eng,medium(8-39),0.5111,misclassified
emotion-te-00994,en-Latn,,,fear|sadness,fear|sadness|surprise,,,,emotion,baseline,brighter-eng,short(<8),0.8219,misclassified
emotion-te-00995,en-Latn,,,fear|sadness,fear|surprise,,,,emotion,baseline,brighter-eng,medium(8-39),0.8115,misclassified
emotion-te-00997,en-Latn,,,anger|fear|sadness,fear|joy|sadness,,,,emotion,baseline,brighter-eng,long(40+),0.7045,misclassified
emotion-te-00998,en-Latn,,,anger|fear|sadness,fear|joy|sadness,,,,emotion,baseline,brighter-eng,medium(8-39),0.7147,misclassified
emotion-te-00999,en-Latn,,,fear,anger|fear,,,,emotion,baseline,brighter-eng,short(<8),0.8132,misclassified
emotion-te-01000,en-Latn,,,fear|surprise,anger|surprise,,,,emotion,baseline,brighter-eng,short(<8),0.6781,misclassified
emotion-te-01001,en-Latn,,,anger|sadness|surprise,sadness|surprise,,,,emotion,baseline,brighter-eng,short(<8),0.9776,misclassified
emotion-te-01002,en-Latn,,,none,sadness|surprise,,,,emotion,baseline,brighter-eng,medium(8-39),0.483,misclassified
emotion-te-01003,en-Latn,,,fear,fear|surprise,,,,emotion,baseline,brighter-eng,short(<8),0.5264,misclassified
emotion-te-01004,en-Latn,,,anger|fear,fear|sadness|surprise,,,,emotion,baseline,brighter-eng,short(<8),0.6668,misclassified
emotion-te-01005,en-Latn,,,anger,fear|joy|surprise,,,,emotion,baseline,brighter-eng,short(<8),0.7411,misclassified
emotion-te-01006,en-Latn,,,fear|sadness,fear|surprise,,,,emotion,baseline,brighter-eng,medium(8-39),0.5719,misclassified
emotion-te-01008,en-Latn,,,none,fear,,,,emotion,baseline,brighter-eng,medium(8-39),0.6558,misclassified
emotion-te-01009,en-Latn,,,none,fear|surprise,,,,emotion,baseline,brighter-eng,short(<8),0.7537,misclassified
emotion-te-01010,en-Latn,,,fear,joy,,,,emotion,baseline,brighter-eng,medium(8-39),0.7858,misclassified
emotion-te-01011,en-Latn,,,surprise,anger|fear|sadness,,,,emotion,baseline,brighter-eng,medium(8-39),0.6885,misclassified
emotion-te-01013,en-Latn,,,sadness,fear|joy,,,,emotion,baseline,brighter-eng,short(<8),0.6324,misclassified
emotion-te-01014,en-Latn,,,fear|sadness|surprise,fear|joy|surprise,,,,emotion,baseline,brighter-eng,medium(8-39),0.7802,misclassified
emotion-te-01015,en-Latn,,,fear|joy|surprise,fear|sadness|surprise,,,,emotion,baseline,brighter-eng,short(<8),0.7186,misclassified
emotion-te-01016,en-Latn,,,fear|sadness,fear|sadness|surprise,,,,emotion,baseline,brighter-eng,medium(8-39),0.8643,misclassified
emotion-te-01017,en-Latn,,,anger|fear|sadness|surprise,fear|surprise,,,,emotion,baseline,brighter-eng,medium(8-39),0.8991,misclassified
emotion-te-01018,en-Latn,,,fear,fear|joy,,,,emotion,baseline,brighter-eng,medium(8-39),0.6034,misclassified
emotion-te-01020,en-Latn,,,none,joy|surprise,,,,emotion,baseline,brighter-eng,medium(8-39),0.7883,misclassified
emotion-te-01022,en-Latn,,,joy,fear|surprise,,,,emotion,baseline,brighter-eng,medium(8-39),0.7178,misclassified
emotion-te-01023,en-Latn,,,fear,fear|joy|surprise,,,,emotion,baseline,brighter-eng,medium(8-39),0.5743,misclassified
emotion-te-01024,en-Latn,,,anger,anger|fear|surprise,,,,emotion,baseline,brighter-eng,short(<8),0.6681,misclassified
emotion-te-01025,en-Latn,,,none,fear,,,,emotion,baseline,brighter-eng,medium(8-39),0.837,misclassified
emotion-te-01026,en-Latn,,,fear|sadness|surprise,fear|joy|sadness|surprise,,,,emotion,baseline,brighter-eng,medium(8-39),0.7135,misclassified
emotion-te-01027,en-Latn,,,fear|sadness,fear|sadness|surprise,,,,emotion,baseline,brighter-eng,medium(8-39),0.9381,misclassified
emotion-te-01028,en-Latn,,,none,fear|sadness|surprise,,,,emotion,baseline,brighter-eng,short(<8),0.6576,misclassified
emotion-te-01029,en-Latn,,,fear,fear|joy,,,,emotion,baseline,brighter-eng,medium(8-39),0.5978,misclassified
emotion-te-01030,en-Latn,,,fear|sadness,fear|joy|sadness,,,,emotion,baseline,brighter-eng,medium(8-39),0.7544,misclassified
emotion-te-01031,en-Latn,,,fear|sadness,anger|fear|sadness|surprise,,,,emotion,baseline,brighter-eng,medium(8-39),0.7404,misclassified
emotion-te-01032,en-Latn,,,none,fear|joy|sadness,,,,emotion,baseline,brighter-eng,medium(8-39),0.7602,misclassified
emotion-te-01033,en-Latn,,,surprise,sadness|surprise,,,,emotion,baseline,brighter-eng,short(<8),0.4124,misclassified
emotion-te-01034,en-Latn,,,joy,fear|sadness|surprise,,,,emotion,baseline,brighter-eng,medium(8-39),0.9528,misclassified
emotion-te-01035,en-Latn,,,fear,fear|joy|sadness,,,,emotion,baseline,brighter-eng,short(<8),0.6742,misclassified
emotion-te-01036,en-Latn,,,joy|sadness,fear|joy|sadness,,,,emotion,baseline,brighter-eng,long(40+),0.8307,misclassified
emotion-te-01038,en-Latn,,,none,surprise,,,,emotion,baseline,brighter-eng,medium(8-39),0.5552,misclassified
emotion-te-01039,en-Latn,,,none,sadness|surprise,,,,emotion,baseline,brighter-eng,medium(8-39),0.4488,misclassified
emotion-te-01041,en-Latn,,,anger|fear|joy,fear|joy|sadness|surprise,,,,emotion,baseline,brighter-eng,medium(8-39),0.8353,misclassified
emotion-te-01042,en-Latn,,,joy,fear|joy|sadness,,,,emotion,baseline,brighter-eng,medium(8-39),0.701,misclassified
emotion-te-01043,en-Latn,,,fear,fear|surprise,,,,emotion,baseline,brighter-eng,short(<8),0.9538,misclassified
emotion-te-01044,en-Latn,,,fear,fear|joy|sadness,,,,emotion,baseline,brighter-eng,medium(8-39),0.8316,misclassified
emotion-te-01045,en-Latn,,,anger|fear|surprise,fear|sadness|surprise,,,,emotion,baseline,brighter-eng,medium(8-39),0.9809,misclassified
emotion-te-01046,en-Latn,,,sadness,fear|joy|sadness,,,,emotion,baseline,brighter-eng,long(40+),0.9173,misclassified
emotion-te-01048,en-Latn,,,joy|surprise,anger|joy|surprise,,,,emotion,baseline,brighter-eng,medium(8-39),0.6963,misclassified
emotion-te-01049,en-Latn,,,joy,fear|sadness,,,,emotion,baseline,brighter-eng,short(<8),0.443,misclassified
emotion-te-01052,en-Latn,,,none,fear|joy|surprise,,,,emotion,baseline,brighter-eng,medium(8-39),0.7093,misclassified
emotion-te-01053,en-Latn,,,anger|sadness,fear|joy|sadness|surprise,,,,emotion,baseline,brighter-eng,medium(8-39),0.5315,misclassified
emotion-te-01054,en-Latn,,,joy,joy|sadness|surprise,,,,emotion,baseline,brighter-eng,short(<8),0.5443,misclassified
emotion-te-01055,en-Latn,,,anger|fear|surprise,joy|surprise,,,,emotion,baseline,brighter-eng,medium(8-39),0.6672,misclassified
emotion-te-01056,en-Latn,,,fear|joy,fear|joy|surprise,,,,emotion,baseline,brighter-eng,medium(8-39),0.8901,misclassified
emotion-te-01057,en-Latn,,,fear|sadness,fear|sadness|surprise,,,,emotion,baseline,brighter-eng,medium(8-39),0.8896,misclassified
emotion-te-01058,en-Latn,,,joy,joy|sadness,,,,emotion,baseline,brighter-eng,medium(8-39),0.5384,misclassified
emotion-te-01059,en-Latn,,,fear|sadness|surprise,fear|joy|sadness,,,,emotion,baseline,brighter-eng,medium(8-39),0.66,misclassified
emotion-te-01060,en-Latn,,,fear|surprise,fear|joy|surprise,,,,emotion,baseline,brighter-eng,medium(8-39),0.673,misclassified
emotion-te-01061,en-Latn,,,fear|sadness|surprise,fear|sadness,,,,emotion,baseline,brighter-eng,short(<8),0.7661,misclassified
emotion-te-01062,en-Latn,,,fear|sadness|surprise,fear|joy|sadness,,,,emotion,baseline,brighter-eng,medium(8-39),0.843,misclassified
emotion-te-01063,en-Latn,,,joy,fear|joy,,,,emotion,baseline,brighter-eng,long(40+),0.6556,misclassified
emotion-te-01064,en-Latn,,,fear|sadness|surprise,fear|surprise,,,,emotion,baseline,brighter-eng,medium(8-39),0.8933,misclassified
emotion-te-01065,en-Latn,,,fear|sadness,fear|joy|sadness,,,,emotion,baseline,brighter-eng,long(40+),0.8612,misclassified
emotion-te-01068,en-Latn,,,anger|fear|sadness,fear|surprise,,,,emotion,baseline,brighter-eng,short(<8),0.8152,misclassified
emotion-te-01069,en-Latn,,,fear|surprise,fear|sadness,,,,emotion,baseline,brighter-eng,medium(8-39),0.8931,misclassified
emotion-te-01070,en-Latn,,,fear|sadness|surprise,joy|sadness,,,,emotion,baseline,brighter-eng,medium(8-39),0.8855,misclassified
emotion-te-01071,en-Latn,,,fear,none,,,,emotion,baseline,brighter-eng,medium(8-39),0.2973,misclassified
emotion-te-01072,en-Latn,,,surprise,fear|sadness|surprise,,,,emotion,baseline,brighter-eng,medium(8-39),0.9305,misclassified
emotion-te-01073,en-Latn,,,fear|sadness,fear,,,,emotion,baseline,brighter-eng,medium(8-39),0.9249,misclassified
emotion-te-01075,en-Latn,,,joy|surprise,fear|sadness|surprise,,,,emotion,baseline,brighter-eng,medium(8-39),0.7102,misclassified
emotion-te-01076,en-Latn,,,none,fear|joy|sadness|surprise,,,,emotion,baseline,brighter-eng,long(40+),0.7192,misclassified
emotion-te-01077,en-Latn,,,joy,fear|joy|surprise,,,,emotion,baseline,brighter-eng,medium(8-39),0.742,misclassified
emotion-te-01078,en-Latn,,,surprise,fear|joy|surprise,,,,emotion,baseline,brighter-eng,short(<8),0.5954,misclassified
emotion-te-01079,en-Latn,,,joy,fear|joy|surprise,,,,emotion,baseline,brighter-eng,short(<8),0.7618,misclassified
emotion-te-01084,en-Latn,,,anger|fear|sadness,joy|sadness,,,,emotion,baseline,brighter-eng,long(40+),0.4441,misclassified
emotion-te-01085,en-Latn,,,none,fear|joy,,,,emotion,baseline,brighter-eng,short(<8),0.5187,misclassified
emotion-te-01086,en-Latn,,,none,fear|sadness|surprise,,,,emotion,baseline,brighter-eng,short(<8),0.7336,misclassified
emotion-te-01088,en-Latn,,,sadness,joy,,,,emotion,baseline,brighter-eng,medium(8-39),0.4431,misclassified
emotion-te-01090,en-Latn,,,fear,sadness|surprise,,,,emotion,baseline,brighter-eng,medium(8-39),0.4046,misclassified
emotion-te-01091,en-Latn,,,none,fear,,,,emotion,baseline,brighter-eng,short(<8),0.4698,misclassified
emotion-te-01092,en-Latn,,,joy,fear|joy|sadness,,,,emotion,baseline,brighter-eng,long(40+),0.6122,misclassified
emotion-te-01093,en-Latn,,,fear|sadness,fear|joy|sadness,,,,emotion,baseline,brighter-eng,long(40+),0.8302,misclassified
emotion-te-01094,en-Latn,,,none,fear|sadness,,,,emotion,baseline,brighter-eng,medium(8-39),0.5354,misclassified
emotion-te-01095,en-Latn,,,none,joy|surprise,,,,emotion,baseline,brighter-eng,short(<8),0.862,misclassified
emotion-te-01096,en-Latn,,,fear|sadness,fear|joy|sadness,,,,emotion,baseline,brighter-eng,medium(8-39),0.7669,misclassified
emotion-te-01097,en-Latn,,,fear,fear|sadness,,,,emotion,baseline,brighter-eng,medium(8-39),0.9282,misclassified
emotion-te-01099,en-Latn,,,fear|surprise,fear|sadness|surprise,,,,emotion,baseline,brighter-eng,medium(8-39),0.9471,misclassified
emotion-te-01100,en-Latn,,,anger|fear|sadness|surprise,fear|joy|sadness|surprise,,,,emotion,baseline,brighter-eng,long(40+),0.801,misclassified
emotion-te-01103,en-Latn,,,fear,fear|surprise,,,,emotion,baseline,brighter-eng,medium(8-39),0.7805,misclassified
emotion-te-01104,en-Latn,,,fear|sadness,fear|joy|surprise,,,,emotion,baseline,brighter-eng,medium(8-39),0.6486,misclassified
emotion-te-01105,en-Latn,,,fear,fear|surprise,,,,emotion,baseline,brighter-eng,medium(8-39),0.8513,misclassified
emotion-te-01106,en-Latn,,,anger|fear|surprise,joy|surprise,,,,emotion,baseline,brighter-eng,medium(8-39),0.5194,misclassified
emotion-te-01107,en-Latn,,,anger|fear|surprise,joy|sadness|surprise,,,,emotion,baseline,brighter-eng,medium(8-39),0.7692,misclassified
emotion-te-01108,en-Latn,,,fear,joy,,,,emotion,baseline,brighter-eng,short(<8),0.622,misclassified
emotion-te-01109,en-Latn,,,anger|fear,anger|fear|sadness,,,,emotion,baseline,brighter-eng,medium(8-39),0.8585,misclassified
emotion-te-01110,en-Latn,,,fear|surprise,fear,,,,emotion,baseline,brighter-eng,medium(8-39),0.8196,misclassified
emotion-te-01112,en-Latn,,,fear,fear|joy|sadness,,,,emotion,baseline,brighter-eng,medium(8-39),0.8549,misclassified
emotion-te-01113,en-Latn,,,fear|joy,fear|sadness,,,,emotion,baseline,brighter-eng,medium(8-39),0.6806,misclassified
emotion-te-01114,en-Latn,,,fear,fear|surprise,,,,emotion,baseline,brighter-eng,short(<8),0.9431,misclassified
emotion-te-01115,en-Latn,,,fear,fear|surprise,,,,emotion,baseline,brighter-eng,medium(8-39),0.7979,misclassified
emotion-te-01116,en-Latn,,,sadness,fear|sadness,,,,emotion,baseline,brighter-eng,long(40+),0.6867,misclassified
emotion-te-01117,en-Latn,,,none,fear|sadness,,,,emotion,baseline,brighter-eng,short(<8),0.4651,misclassified
emotion-te-01118,en-Latn,,,fear|sadness,fear|sadness|surprise,,,,emotion,baseline,brighter-eng,medium(8-39),0.9015,misclassified
emotion-te-01119,en-Latn,,,fear|joy|surprise,fear|joy|sadness,,,,emotion,baseline,brighter-eng,medium(8-39),0.8267,misclassified
emotion-te-01120,en-Latn,,,joy,fear|joy|sadness,,,,emotion,baseline,brighter-eng,medium(8-39),0.4681,misclassified
emotion-te-01121,en-Latn,,,fear|surprise,fear|sadness|surprise,,,,emotion,baseline,brighter-eng,medium(8-39),0.9664,misclassified
emotion-te-01122,en-Latn,,,none,fear|surprise,,,,emotion,baseline,brighter-eng,short(<8),0.6764,misclassified
emotion-te-01124,en-Latn,,,none,joy,,,,emotion,baseline,brighter-eng,medium(8-39),0.3897,misclassified
emotion-te-01125,en-Latn,,,joy|sadness,fear|sadness|surprise,,,,emotion,baseline,brighter-eng,medium(8-39),0.8325,misclassified
emotion-te-01126,en-Latn,,,fear|sadness|surprise,joy|sadness|surprise,,,,emotion,baseline,brighter-eng,medium(8-39),0.6442,misclassified
emotion-te-01127,en-Latn,,,fear|joy,fear|sadness|surprise,,,,emotion,baseline,brighter-eng,medium(8-39),0.7436,misclassified
emotion-te-01128,en-Latn,,,none,fear|surprise,,,,emotion,baseline,brighter-eng,medium(8-39),0.7753,misclassified
emotion-te-01129,en-Latn,,,anger|fear,fear,,,,emotion,baseline,brighter-eng,medium(8-39),0.7976,misclassified
emotion-te-01130,en-Latn,,,fear|surprise,fear|joy|surprise,,,,emotion,baseline,brighter-eng,short(<8),0.7945,misclassified
emotion-te-01131,en-Latn,,,none,fear|surprise,,,,emotion,baseline,brighter-eng,short(<8),0.9171,misclassified
emotion-te-01132,en-Latn,,,fear|sadness,sadness|surprise,,,,emotion,baseline,brighter-eng,medium(8-39),0.5413,misclassified
emotion-te-01133,en-Latn,,,fear|joy,fear|joy|surprise,,,,emotion,baseline,brighter-eng,medium(8-39),0.8381,misclassified
emotion-te-01134,en-Latn,,,surprise,none,,,,emotion,baseline,brighter-eng,medium(8-39),0.4394,misclassified
emotion-te-01135,en-Latn,,,fear|surprise,fear|joy|surprise,,,,emotion,baseline,brighter-eng,medium(8-39),0.7393,misclassified
emotion-te-01136,en-Latn,,,fear|sadness,fear|sadness|surprise,,,,emotion,baseline,brighter-eng,medium(8-39),0.9645,misclassified
emotion-te-01137,en-Latn,,,none,fear|joy|sadness,,,,emotion,baseline,brighter-eng,medium(8-39),0.7709,misclassified
emotion-te-01138,en-Latn,,,none,sadness|surprise,,,,emotion,baseline,brighter-eng,medium(8-39),0.7217,misclassified
emotion-te-01139,en-Latn,,,anger,joy|surprise,,,,emotion,baseline,brighter-eng,short(<8),0.6957,misclassified
emotion-te-01140,en-Latn,,,fear|sadness,fear|joy|sadness,,,,emotion,baseline,brighter-eng,long(40+),0.9535,misclassified
emotion-te-01141,en-Latn,,,joy,fear|sadness,,,,emotion,baseline,brighter-eng,medium(8-39),0.8046,misclassified
emotion-te-01142,en-Latn,,,joy,fear|joy|sadness|surprise,,,,emotion,baseline,brighter-eng,short(<8),0.6842,misclassified
emotion-te-01143,en-Latn,,,surprise,joy|surprise,,,,emotion,baseline,brighter-eng,short(<8),0.6739,misclassified
emotion-te-01144,en-Latn,,,sadness,fear|joy|sadness,,,,emotion,baseline,brighter-eng,medium(8-39),0.8071,misclassified
emotion-te-01145,en-Latn,,,fear,fear|sadness|surprise,,,,emotion,baseline,brighter-eng,short(<8),0.6508,misclassified
emotion-te-01146,en-Latn,,,none,fear|sadness|surprise,,,,emotion,baseline,brighter-eng,short(<8),0.6116,misclassified
emotion-te-01147,en-Latn,,,anger|fear|sadness|surprise,anger|fear,,,,emotion,baseline,brighter-eng,short(<8),0.6572,misclassified
emotion-te-01148,en-Latn,,,anger,anger|joy,,,,emotion,baseline,brighter-eng,short(<8),0.5696,misclassified
emotion-te-01149,en-Latn,,,fear|sadness|surprise,fear|surprise,,,,emotion,baseline,brighter-eng,long(40+),0.9621,misclassified
emotion-te-01150,en-Latn,,,joy,joy|surprise,,,,emotion,baseline,brighter-eng,medium(8-39),0.8797,misclassified
emotion-te-01151,en-Latn,,,none,joy,,,,emotion,baseline,brighter-eng,short(<8),0.8071,misclassified
emotion-te-01152,en-Latn,,,fear|sadness,joy|sadness,,,,emotion,baseline,brighter-eng,medium(8-39),0.4703,misclassified
emotion-te-01153,en-Latn,,,joy,fear|joy|surprise,,,,emotion,baseline,brighter-eng,medium(8-39),0.8877,misclassified
emotion-te-01154,en-Latn,,,joy,fear,,,,emotion,baseline,brighter-eng,medium(8-39),0.4913,misclassified
emotion-te-01155,en-Latn,,,anger|fear|sadness,fear|surprise,,,,emotion,baseline,brighter-eng,short(<8),0.5157,misclassified
emotion-te-01158,en-Latn,,,fear,fear|sadness|surprise,,,,emotion,baseline,brighter-eng,medium(8-39),0.946,misclassified
emotion-te-01160,en-Latn,,,fear,fear|sadness,,,,emotion,baseline,brighter-eng,medium(8-39),0.5347,misclassified
emotion-te-01161,en-Latn,,,fear,fear|sadness,,,,emotion,baseline,brighter-eng,medium(8-39),0.485,misclassified
emotion-te-01162,en-Latn,,,fear|joy,fear|joy|sadness,,,,emotion,baseline,brighter-eng,medium(8-39),0.7498,misclassified
emotion-te-01164,en-Latn,,,joy,fear|joy|sadness|surprise,,,,emotion,baseline,brighter-eng,medium(8-39),0.6717,misclassified
emotion-te-01165,en-Latn,,,sadness,fear|joy|sadness,,,,emotion,baseline,brighter-eng,medium(8-39),0.721,misclassified
emotion-te-01167,en-Latn,,,fear|sadness,fear|surprise,,,,emotion,baseline,brighter-eng,medium(8-39),0.9035,misclassified
emotion-te-01168,en-Latn,,,surprise,fear|joy|surprise,,,,emotion,baseline,brighter-eng,medium(8-39),0.6626,misclassified
emotion-te-01169,en-Latn,,,fear|sadness,fear|joy|sadness,,,,emotion,baseline,brighter-eng,medium(8-39),0.5893,misclassified
emotion-te-01171,en-Latn,,,fear|surprise,fear|sadness|surprise,,,,emotion,baseline,brighter-eng,medium(8-39),0.8513,misclassified
emotion-te-01172,en-Latn,,,anger,fear|joy|sadness,,,,emotion,baseline,brighter-eng,medium(8-39),0.4206,misclassified
emotion-te-01173,en-Latn,,,anger|fear|surprise,anger|fear|sadness,,,,emotion,baseline,brighter-eng,medium(8-39),0.8257,misclassified
emotion-te-01174,en-Latn,,,anger|sadness,joy|surprise,,,,emotion,baseline,brighter-eng,medium(8-39),0.9379,misclassified
emotion-te-01176,en-Latn,,,fear|sadness,fear|sadness|surprise,,,,emotion,baseline,brighter-eng,medium(8-39),0.9692,misclassified
emotion-te-01178,en-Latn,,,none,fear|joy|sadness,,,,emotion,baseline,brighter-eng,medium(8-39),0.6659,misclassified
emotion-te-01179,en-Latn,,,fear,fear|sadness,,,,emotion,baseline,brighter-eng,medium(8-39),0.6811,misclassified
emotion-te-01180,en-Latn,,,joy,fear|sadness|surprise,,,,emotion,baseline,brighter-eng,short(<8),0.8063,misclassified
emotion-te-01181,en-Latn,,,sadness,fear|sadness,,,,emotion,baseline,brighter-eng,medium(8-39),0.6852,misclassified
emotion-te-01182,en-Latn,,,fear,fear|sadness,,,,emotion,baseline,brighter-eng,medium(8-39),0.9131,misclassified
emotion-te-01183,en-Latn,,,fear|sadness,fear|sadness|surprise,,,,emotion,baseline,brighter-eng,short(<8),0.836,misclassified
emotion-te-01184,en-Latn,,,fear,fear|sadness,,,,emotion,baseline,brighter-eng,medium(8-39),0.8977,misclassified
emotion-te-01185,en-Latn,,,sadness,fear|sadness|surprise,,,,emotion,baseline,brighter-eng,medium(8-39),0.9416,misclassified
emotion-te-01187,en-Latn,,,fear|sadness,fear|joy,,,,emotion,baseline,brighter-eng,medium(8-39),0.9794,misclassified
emotion-te-01188,en-Latn,,,fear|joy,fear|sadness|surprise,,,,emotion,baseline,brighter-eng,short(<8),0.9356,misclassified
emotion-te-01189,en-Latn,,,none,joy|sadness,,,,emotion,baseline,brighter-eng,medium(8-39),0.5519,misclassified
emotion-te-01190,en-Latn,,,anger|fear,fear|sadness|surprise,,,,emotion,baseline,brighter-eng,medium(8-39),0.9214,misclassified
emotion-te-01191,en-Latn,,,sadness,fear|joy|sadness,,,,emotion,baseline,brighter-eng,medium(8-39),0.8393,misclassified
emotion-te-01193,en-Latn,,,none,fear|sadness,,,,emotion,baseline,brighter-eng,short(<8),0.6382,misclassified
emotion-te-01194,en-Latn,,,joy,fear|joy|sadness|surprise,,,,emotion,baseline,brighter-eng,medium(8-39),0.8532,misclassified
emotion-te-01195,en-Latn,,,surprise,fear|joy,,,,emotion,baseline,brighter-eng,long(40+),0.7685,misclassified
emotion-te-01196,en-Latn,,,joy,fear|sadness,,,,emotion,baseline,brighter-eng,medium(8-39),0.8527,misclassified
emotion-te-01197,en-Latn,,,sadness,fear|sadness,,,,emotion,baseline,brighter-eng,medium(8-39),0.7849,misclassified
emotion-te-01198,en-Latn,,,joy,fear|joy|sadness,,,,emotion,baseline,brighter-eng,medium(8-39),0.8885,misclassified
emotion-te-01199,en-Latn,,,fear|joy|surprise,fear|sadness|surprise,,,,emotion,baseline,brighter-eng,short(<8),0.9212,misclassified
emotion-te-01200,en-Latn,,,joy,fear|joy|surprise,,,,emotion,baseline,brighter-eng,medium(8-39),0.694,misclassified
emotion-te-01201,en-Latn,,,fear|surprise,fear|joy|sadness|surprise,,,,emotion,baseline,brighter-eng,medium(8-39),0.728,misclassified
emotion-te-01203,en-Latn,,,fear|sadness,fear|sadness|surprise,,,,emotion,baseline,brighter-eng,long(40+),0.9887,misclassified
emotion-te-01204,en-Latn,,,fear,fear|joy|sadness,,,,emotion,baseline,brighter-eng,medium(8-39),0.6679,misclassified
emotion-te-01206,en-Latn,,,none,fear|surprise,,,,emotion,baseline,brighter-eng,medium(8-39),0.9207,misclassified
emotion-te-01207,en-Latn,,,fear,fear|joy|surprise,,,,emotion,baseline,brighter-eng,medium(8-39),0.8307,misclassified
emotion-te-01208,en-Latn,,,joy|surprise,anger|fear|sadness|surprise,,,,emotion,baseline,brighter-eng,short(<8),0.831,misclassified
emotion-te-01209,en-Latn,,,fear|sadness,anger|fear|sadness,,,,emotion,baseline,brighter-eng,medium(8-39),0.9706,misclassified
emotion-te-01213,en-Latn,,,fear|surprise,fear,,,,emotion,baseline,brighter-eng,medium(8-39),0.8911,misclassified
emotion-te-01214,en-Latn,,,joy,sadness,,,,emotion,baseline,brighter-eng,medium(8-39),0.6135,misclassified
emotion-te-01215,en-Latn,,,anger|sadness,anger|fear|sadness|surprise,,,,emotion,baseline,brighter-eng,short(<8),0.7595,misclassified
emotion-te-01216,en-Latn,,,fear|joy|surprise,sadness|surprise,,,,emotion,baseline,brighter-eng,short(<8),0.6971,misclassified
emotion-te-01218,en-Latn,,,fear,joy,,,,emotion,baseline,brighter-eng,medium(8-39),0.4048,misclassified
emotion-te-01219,en-Latn,,,surprise,fear|sadness|surprise,,,,emotion,baseline,brighter-eng,short(<8),0.8582,misclassified
emotion-te-01221,en-Latn,,,joy,fear|joy,,,,emotion,baseline,brighter-eng,medium(8-39),0.82,misclassified
emotion-te-01222,en-Latn,,,sadness,fear|sadness,,,,emotion,baseline,brighter-eng,medium(8-39),0.7691,misclassified
emotion-te-01223,en-Latn,,,sadness,joy|sadness,,,,emotion,baseline,brighter-eng,short(<8),0.4173,misclassified
emotion-te-01224,en-Latn,,,fear|sadness,fear|joy|sadness,,,,emotion,baseline,brighter-eng,medium(8-39),0.7297,misclassified
emotion-te-01225,en-Latn,,,joy|surprise,fear|surprise,,,,emotion,baseline,brighter-eng,medium(8-39),0.9103,misclassified
emotion-te-01226,en-Latn,,,fear,anger|fear|surprise,,,,emotion,baseline,brighter-eng,short(<8),0.9819,misclassified
emotion-te-01228,en-Latn,,,joy,fear|joy,,,,emotion,baseline,brighter-eng,medium(8-39),0.7902,misclassified
emotion-te-01229,en-Latn,,,fear|sadness,fear|surprise,,,,emotion,baseline,brighter-eng,short(<8),0.9172,misclassified
emotion-te-01230,en-Latn,,,fear|sadness,joy|sadness,,,,emotion,baseline,brighter-eng,medium(8-39),0.6737,misclassified
emotion-te-01231,en-Latn,,,fear|sadness|surprise,fear|joy|surprise,,,,emotion,baseline,brighter-eng,short(<8),0.9523,misclassified
emotion-te-01232,en-Latn,,,fear|sadness,fear|sadness|surprise,,,,emotion,baseline,brighter-eng,long(40+),0.9926,misclassified
emotion-te-01234,en-Latn,,,sadness,fear|surprise,,,,emotion,baseline,brighter-eng,medium(8-39),0.7457,misclassified
emotion-te-01235,en-Latn,,,none,fear,,,,emotion,baseline,brighter-eng,medium(8-39),0.8423,misclassified
emotion-te-01236,en-Latn,,,anger|fear,fear|sadness|surprise,,,,emotion,baseline,brighter-eng,short(<8),0.6636,misclassified
emotion-te-01237,en-Latn,,,fear|surprise,fear|joy|sadness,,,,emotion,baseline,brighter-eng,medium(8-39),0.8376,misclassified
emotion-te-01239,en-Latn,,,fear|surprise,fear|joy,,,,emotion,baseline,brighter-eng,medium(8-39),0.6033,misclassified
emotion-te-01243,en-Latn,,,joy,fear|joy|sadness,,,,emotion,baseline,brighter-eng,medium(8-39),0.6861,misclassified
emotion-te-01245,en-Latn,,,sadness,fear|sadness,,,,emotion,baseline,brighter-eng,medium(8-39),0.9485,misclassified
emotion-te-01246,en-Latn,,,anger|fear|sadness,joy|sadness,,,,emotion,baseline,brighter-eng,medium(8-39),0.5508,misclassified
emotion-te-01249,en-Latn,,,joy|surprise,fear|joy|surprise,,,,emotion,baseline,brighter-eng,medium(8-39),0.885,misclassified
emotion-te-01250,en-Latn,,,anger|fear|sadness,anger|fear|surprise,,,,emotion,baseline,brighter-eng,short(<8),0.842,misclassified
emotion-te-01253,en-Latn,,,none,fear|joy|sadness|surprise,,,,emotion,baseline,brighter-eng,short(<8),0.4869,misclassified
emotion-te-01255,en-Latn,,,sadness,fear|sadness,,,,emotion,baseline,brighter-eng,medium(8-39),0.4778,misclassified
emotion-te-01256,en-Latn,,,fear|sadness,fear|joy|sadness|surprise,,,,emotion,baseline,brighter-eng,medium(8-39),0.7261,misclassified
emotion-te-01257,en-Latn,,,joy,fear|sadness,,,,emotion,baseline,brighter-eng,short(<8),0.6093,misclassified
emotion-te-01258,en-Latn,,,none,joy,,,,emotion,baseline,brighter-eng,short(<8),0.3559,misclassified
emotion-te-01260,en-Latn,,,none,fear|sadness,,,,emotion,baseline,brighter-eng,medium(8-39),0.6663,misclassified
emotion-te-01261,en-Latn,,,joy|sadness,fear|joy|sadness,,,,emotion,baseline,brighter-eng,medium(8-39),0.7029,misclassified
emotion-te-01262,en-Latn,,,fear|surprise,none,,,,emotion,baseline,brighter-eng,medium(8-39),0.2682,misclassified
emotion-te-01264,en-Latn,,,joy|surprise,fear|joy|sadness|surprise,,,,emotion,baseline,brighter-eng,short(<8),0.6468,misclassified
emotion-te-01265,en-Latn,,,anger|fear,fear|surprise,,,,emotion,baseline,brighter-eng,medium(8-39),0.9189,misclassified
emotion-te-01266,en-Latn,,,joy,fear|joy|sadness,,,,emotion,baseline,brighter-eng,medium(8-39),0.7523,misclassified
emotion-te-01267,en-Latn,,,fear,fear|joy|sadness,,,,emotion,baseline,brighter-eng,medium(8-39),0.8076,misclassified
emotion-te-01268,en-Latn,,,anger|sadness,fear|sadness,,,,emotion,baseline,brighter-eng,short(<8),0.8382,misclassified
emotion-te-01269,en-Latn,,,joy,joy|sadness,,,,emotion,baseline,brighter-eng,medium(8-39),0.71,misclassified
emotion-te-01270,en-Latn,,,fear|surprise,fear|joy|surprise,,,,emotion,baseline,brighter-eng,medium(8-39),0.7119,misclassified
emotion-te-01273,en-Latn,,,joy,fear|joy,,,,emotion,baseline,brighter-eng,medium(8-39),0.6869,misclassified
emotion-te-01274,en-Latn,,,fear,fear|joy,,,,emotion,baseline,brighter-eng,medium(8-39),0.5661,misclassified
emotion-te-01275,en-Latn,,,surprise,fear|joy,,,,emotion,baseline,brighter-eng,medium(8-39),0.5819,misclassified
emotion-te-01276,en-Latn,,,fear|surprise,fear|joy|surprise,,,,emotion,baseline,brighter-eng,medium(8-39),0.9217,misclassified
emotion-te-01277,en-Latn,,,none,fear,,,,emotion,baseline,brighter-eng,short(<8),0.6509,misclassified
emotion-te-01278,en-Latn,,,joy,fear|joy|sadness,,,,emotion,baseline,brighter-eng,medium(8-39),0.4831,misclassified
emotion-te-01279,en-Latn,,,fear,fear|joy,,,,emotion,baseline,brighter-eng,medium(8-39),0.6443,misclassified
emotion-te-01281,en-Latn,,,joy,joy|sadness,,,,emotion,baseline,brighter-eng,medium(8-39),0.5531,misclassified
emotion-te-01282,en-Latn,,,none,fear|joy|surprise,,,,emotion,baseline,brighter-eng,medium(8-39),0.6282,misclassified
emotion-te-01283,en-Latn,,,fear|surprise,fear|joy|surprise,,,,emotion,baseline,brighter-eng,medium(8-39),0.6828,misclassified
emotion-te-01286,en-Latn,,,fear|surprise,fear|joy|sadness|surprise,,,,emotion,baseline,brighter-eng,medium(8-39),0.9263,misclassified
emotion-te-01287,en-Latn,,,joy|surprise,fear|surprise,,,,emotion,baseline,brighter-eng,medium(8-39),0.8846,misclassified
emotion-te-01288,en-Latn,,,none,joy,,,,emotion,baseline,brighter-eng,short(<8),0.3095,misclassified
emotion-te-01290,en-Latn,,,joy,fear|joy|sadness|surprise,,,,emotion,baseline,brighter-eng,short(<8),0.7218,misclassified
emotion-te-01291,en-Latn,,,joy,joy|sadness,,,,emotion,baseline,brighter-eng,medium(8-39),0.5208,misclassified
emotion-te-01292,en-Latn,,,none,joy|sadness,,,,emotion,baseline,brighter-eng,short(<8),0.9366,misclassified
emotion-te-01293,en-Latn,,,joy,fear|sadness,,,,emotion,baseline,brighter-eng,medium(8-39),0.9507,misclassified
emotion-te-01294,en-Latn,,,joy,fear,,,,emotion,baseline,brighter-eng,medium(8-39),0.648,misclassified
emotion-te-01296,en-Latn,,,none,fear,,,,emotion,baseline,brighter-eng,medium(8-39),0.6921,misclassified
emotion-te-01297,en-Latn,,,fear|surprise,fear|joy|sadness|surprise,,,,emotion,baseline,brighter-eng,medium(8-39),0.9094,misclassified
emotion-te-01298,en-Latn,,,fear|joy,fear|surprise,,,,emotion,baseline,brighter-eng,medium(8-39),0.9217,misclassified
emotion-te-01299,en-Latn,,,fear|sadness,fear|sadness|surprise,,,,emotion,baseline,brighter-eng,medium(8-39),0.9351,misclassified
emotion-te-01300,en-Latn,,,fear,fear|joy|sadness,,,,emotion,baseline,brighter-eng,medium(8-39),0.573,misclassified
emotion-te-01301,en-Latn,,,fear|sadness,fear|joy,,,,emotion,baseline,brighter-eng,medium(8-39),0.4473,misclassified
emotion-te-01302,en-Latn,,,joy|surprise,fear,,,,emotion,baseline,brighter-eng,medium(8-39),0.7188,misclassified
emotion-te-01303,en-Latn,,,sadness,fear|sadness,,,,emotion,baseline,brighter-eng,short(<8),0.8732,misclassified
emotion-te-01304,en-Latn,,,joy,fear|joy,,,,emotion,baseline,brighter-eng,medium(8-39),0.5169,misclassified
emotion-te-01305,en-Latn,,,surprise,fear|sadness,,,,emotion,baseline,brighter-eng,short(<8),0.9517,misclassified
emotion-te-01306,en-Latn,,,anger,joy|sadness,,,,emotion,baseline,brighter-eng,medium(8-39),0.7836,misclassified
emotion-te-01307,en-Latn,,,sadness,fear|sadness,,,,emotion,baseline,brighter-eng,short(<8),0.8835,misclassified
emotion-te-01308,en-Latn,,,sadness,joy|sadness,,,,emotion,baseline,brighter-eng,short(<8),0.5484,misclassified
emotion-te-01309,en-Latn,,,joy,fear|joy,,,,emotion,baseline,brighter-eng,medium(8-39),0.6718,misclassified
emotion-te-01310,en-Latn,,,fear|surprise,fear|sadness|surprise,,,,emotion,baseline,brighter-eng,medium(8-39),0.8141,misclassified
emotion-te-01311,en-Latn,,,none,fear|sadness|surprise,,,,emotion,baseline,brighter-eng,short(<8),0.7358,misclassified
emotion-te-01312,en-Latn,,,none,joy,,,,emotion,baseline,brighter-eng,medium(8-39),0.42,misclassified
emotion-te-01313,en-Latn,,,joy,fear|joy|sadness,,,,emotion,baseline,brighter-eng,medium(8-39),0.8542,misclassified
emotion-te-01314,en-Latn,,,joy,fear|joy,,,,emotion,baseline,brighter-eng,medium(8-39),0.5476,misclassified
emotion-te-01315,en-Latn,,,none,fear|sadness,,,,emotion,baseline,brighter-eng,medium(8-39),0.6652,misclassified
emotion-te-01316,en-Latn,,,joy,fear|joy,,,,emotion,baseline,brighter-eng,medium(8-39),0.6671,misclassified
emotion-te-01318,en-Latn,,,fear,fear|sadness|surprise,,,,emotion,baseline,brighter-eng,short(<8),0.9101,misclassified
emotion-te-01319,en-Latn,,,fear|surprise,fear|joy|sadness|surprise,,,,emotion,baseline,brighter-eng,short(<8),0.6586,misclassified
emotion-te-01320,en-Latn,,,none,anger|fear,,,,emotion,baseline,brighter-eng,medium(8-39),0.6594,misclassified
emotion-te-01321,en-Latn,,,fear,fear|sadness|surprise,,,,emotion,baseline,brighter-eng,medium(8-39),0.8021,misclassified
emotion-te-01322,en-Latn,,,fear|surprise,fear|sadness|surprise,,,,emotion,baseline,brighter-eng,medium(8-39),0.9646,misclassified
emotion-te-01323,en-Latn,,,fear,none,,,,emotion,baseline,brighter-eng,medium(8-39),0.3451,misclassified
emotion-te-01324,en-Latn,,,joy,joy|sadness,,,,emotion,baseline,brighter-eng,medium(8-39),0.893,misclassified
emotion-te-01325,en-Latn,,,fear|joy,fear|joy|sadness,,,,emotion,baseline,brighter-eng,long(40+),0.7636,misclassified
emotion-te-01326,en-Latn,,,surprise,fear|joy|surprise,,,,emotion,baseline,brighter-eng,medium(8-39),0.7556,misclassified
emotion-te-01327,en-Latn,,,none,joy|sadness,,,,emotion,baseline,brighter-eng,short(<8),0.8616,misclassified
emotion-te-01328,en-Latn,,,fear|joy,joy,,,,emotion,baseline,brighter-eng,medium(8-39),0.6033,misclassified
emotion-te-01329,en-Latn,,,fear|sadness|surprise,fear|joy|sadness|surprise,,,,emotion,baseline,brighter-eng,medium(8-39),0.9019,misclassified
emotion-te-01330,en-Latn,,,fear|sadness,fear|joy|sadness,,,,emotion,baseline,brighter-eng,medium(8-39),0.828,misclassified
emotion-te-01331,en-Latn,,,surprise,joy|surprise,,,,emotion,baseline,brighter-eng,short(<8),0.6939,misclassified
emotion-te-01332,en-Latn,,,none,fear|sadness|surprise,,,,emotion,baseline,brighter-eng,short(<8),0.8705,misclassified
emotion-te-01333,en-Latn,,,anger|fear|surprise,fear|sadness|surprise,,,,emotion,baseline,brighter-eng,medium(8-39),0.951,misclassified
emotion-te-01334,en-Latn,,,joy,joy|sadness,,,,emotion,baseline,brighter-eng,medium(8-39),0.5492,misclassified
emotion-te-01335,en-Latn,,,fear|joy,fear|sadness,,,,emotion,baseline,brighter-eng,medium(8-39),0.5311,misclassified
emotion-te-01336,en-Latn,,,none,fear|surprise,,,,emotion,baseline,brighter-eng,short(<8),0.893,misclassified
emotion-te-01337,en-Latn,,,none,fear,,,,emotion,baseline,brighter-eng,medium(8-39),0.8942,misclassified
emotion-te-01338,en-Latn,,,none,surprise,,,,emotion,baseline,brighter-eng,short(<8),0.4531,misclassified
emotion-te-01339,en-Latn,,,fear|sadness,fear|joy|sadness,,,,emotion,baseline,brighter-eng,short(<8),0.7402,misclassified
emotion-te-01340,en-Latn,,,fear|sadness,fear|joy|sadness|surprise,,,,emotion,baseline,brighter-eng,medium(8-39),0.7273,misclassified
emotion-te-01341,en-Latn,,,none,sadness,,,,emotion,baseline,brighter-eng,short(<8),0.4332,misclassified
emotion-te-01342,en-Latn,,,fear,fear|sadness,,,,emotion,baseline,brighter-eng,medium(8-39),0.8682,misclassified
emotion-te-01343,en-Latn,,,fear|joy,fear,,,,emotion,baseline,brighter-eng,medium(8-39),0.4965,misclassified
emotion-te-01344,en-Latn,,,fear|surprise,fear|joy|surprise,,,,emotion,baseline,brighter-eng,medium(8-39),0.7238,misclassified
emotion-te-01346,en-Latn,,,fear|surprise,fear|joy|surprise,,,,emotion,baseline,brighter-eng,short(<8),0.9591,misclassified
emotion-te-01348,en-Latn,,,surprise,fear|surprise,,,,emotion,baseline,brighter-eng,short(<8),0.9691,misclassified
emotion-te-01350,en-Latn,,,anger|fear,fear|joy|sadness,,,,emotion,baseline,brighter-eng,medium(8-39),0.53,misclassified
emotion-te-01351,en-Latn,,,fear|surprise,fear|sadness|surprise,,,,emotion,baseline,brighter-eng,medium(8-39),0.7162,misclassified
emotion-te-01352,en-Latn,,,anger|fear,fear|sadness|surprise,,,,emotion,baseline,brighter-eng,short(<8),0.8982,misclassified
emotion-te-01353,en-Latn,,,anger|sadness|surprise,fear|joy|sadness,,,,emotion,baseline,brighter-eng,medium(8-39),0.7482,misclassified
emotion-te-01354,en-Latn,,,joy,joy|surprise,,,,emotion,baseline,brighter-eng,medium(8-39),0.6996,misclassified
emotion-te-01356,en-Latn,,,anger|fear|sadness,fear|joy|sadness|surprise,,,,emotion,baseline,brighter-eng,medium(8-39),0.8448,misclassified
emotion-te-01358,en-Latn,,,fear|sadness,fear|sadness|surprise,,,,emotion,baseline,brighter-eng,short(<8),0.8979,misclassified
emotion-te-01359,en-Latn,,,anger|fear|sadness,anger|fear|joy|sadness|surprise,,,,emotion,baseline,brighter-eng,medium(8-39),0.8872,misclassified
emotion-te-01360,en-Latn,,,joy,fear|joy|sadness,,,,emotion,baseline,brighter-eng,long(40+),0.873,misclassified
emotion-te-01361,en-Latn,,,anger|fear,fear,,,,emotion,baseline,brighter-eng,medium(8-39),0.8256,misclassified
emotion-te-01364,en-Latn,,,fear|joy|sadness,fear|sadness,,,,emotion,baseline,brighter-eng,medium(8-39),0.6778,misclassified
emotion-te-01365,en-Latn,,,sadness,joy|sadness,,,,emotion,baseline,brighter-eng,medium(8-39),0.7557,misclassified
emotion-te-01367,en-Latn,,,fear,fear|joy|sadness,,,,emotion,baseline,brighter-eng,medium(8-39),0.7086,misclassified
emotion-te-01368,en-Latn,,,fear,fear|joy,,,,emotion,baseline,brighter-eng,medium(8-39),0.7411,misclassified
emotion-te-01369,en-Latn,,,fear,fear|joy,,,,emotion,baseline,brighter-eng,medium(8-39),0.768,misclassified
emotion-te-01370,en-Latn,,,surprise,fear|sadness,,,,emotion,baseline,brighter-eng,medium(8-39),0.9323,misclassified
emotion-te-01371,en-Latn,,,sadness,joy|sadness,,,,emotion,baseline,brighter-eng,medium(8-39),0.4113,misclassified
emotion-te-01372,en-Latn,,,joy,fear|joy,,,,emotion,baseline,brighter-eng,medium(8-39),0.8451,misclassified
emotion-te-01373,en-Latn,,,joy,fear,,,,emotion,baseline,brighter-eng,medium(8-39),0.5802,misclassified
emotion-te-01374,en-Latn,,,fear,fear|surprise,,,,emotion,baseline,brighter-eng,medium(8-39),0.6506,misclassified
emotion-te-01375,en-Latn,,,anger|fear,fear|sadness,,,,emotion,baseline,brighter-eng,long(40+),0.8874,misclassified
emotion-te-01377,en-Latn,,,fear|sadness,fear|joy|sadness,,,,emotion,baseline,brighter-eng,medium(8-39),0.8483,misclassified
emotion-te-01378,en-Latn,,,joy|surprise,fear|joy|sadness|surprise,,,,emotion,baseline,brighter-eng,medium(8-39),0.61,misclassified
emotion-te-01379,en-Latn,,,joy,fear|joy|surprise,,,,emotion,baseline,brighter-eng,medium(8-39),0.6599,misclassified
emotion-te-01380,en-Latn,,,anger|fear,fear,,,,emotion,baseline,brighter-eng,medium(8-39),0.978,misclassified
emotion-te-01383,en-Latn,,,anger|fear|sadness,fear|sadness,,,,emotion,baseline,brighter-eng,medium(8-39),0.8051,misclassified
emotion-te-01386,en-Latn,,,fear,anger|fear|sadness,,,,emotion,baseline,brighter-eng,short(<8),0.7813,misclassified
emotion-te-01387,en-Latn,,,joy|surprise,anger|fear|sadness|surprise,,,,emotion,baseline,brighter-eng,medium(8-39),0.5607,misclassified
emotion-te-01390,en-Latn,,,none,fear|surprise,,,,emotion,baseline,brighter-eng,medium(8-39),0.6838,misclassified
emotion-te-01391,en-Latn,,,fear|sadness,fear|sadness|surprise,,,,emotion,baseline,brighter-eng,short(<8),0.7566,misclassified
emotion-te-01394,en-Latn,,,fear,fear|sadness,,,,emotion,baseline,brighter-eng,medium(8-39),0.8185,misclassified
emotion-te-01395,en-Latn,,,fear|sadness,fear|joy|sadness,,,,emotion,baseline,brighter-eng,short(<8),0.9151,misclassified
emotion-te-01396,en-Latn,,,fear|sadness,fear|sadness|surprise,,,,emotion,baseline,brighter-eng,medium(8-39),0.866,misclassified
emotion-te-01397,en-Latn,,,fear|sadness,fear|surprise,,,,emotion,baseline,brighter-eng,medium(8-39),0.8121,misclassified
emotion-te-01398,en-Latn,,,fear|surprise,fear|sadness|surprise,,,,emotion,baseline,brighter-eng,medium(8-39),0.5022,misclassified
emotion-te-01399,en-Latn,,,fear|surprise,surprise,,,,emotion,baseline,brighter-eng,medium(8-39),0.7503,misclassified
emotion-te-01400,en-Latn,,,joy|surprise,fear|joy|sadness|surprise,,,,emotion,baseline,brighter-eng,medium(8-39),0.6645,misclassified
emotion-te-01402,en-Latn,,,surprise,fear|sadness|surprise,,,,emotion,baseline,brighter-eng,short(<8),0.6703,misclassified
emotion-te-01403,en-Latn,,,fear|surprise,fear|joy|sadness,,,,emotion,baseline,brighter-eng,medium(8-39),0.5631,misclassified
emotion-te-01404,en-Latn,,,fear|surprise,joy|surprise,,,,emotion,baseline,brighter-eng,medium(8-39),0.506,misclassified
emotion-te-01405,en-Latn,,,fear|surprise,fear|sadness,,,,emotion,baseline,brighter-eng,medium(8-39),0.6531,misclassified
emotion-te-01406,en-Latn,,,surprise,fear|sadness,,,,emotion,baseline,brighter-eng,medium(8-39),0.6073,misclassified
emotion-te-01407,en-Latn,,,anger|fear|sadness|surprise,fear|sadness,,,,emotion,baseline,brighter-eng,medium(8-39),0.7444,misclassified
emotion-te-01408,en-Latn,,,fear|surprise,anger|fear|sadness|surprise,,,,emotion,baseline,brighter-eng,medium(8-39),0.8655,misclassified
emotion-te-01409,en-Latn,,,joy,sadness,,,,emotion,baseline,brighter-eng,short(<8),0.5178,misclassified
emotion-te-01410,en-Latn,,,joy,fear|sadness,,,,emotion,baseline,brighter-eng,medium(8-39),0.8433,misclassified
emotion-te-01411,en-Latn,,,fear,joy|surprise,,,,emotion,baseline,brighter-eng,short(<8),0.7965,misclassified
emotion-te-01412,en-Latn,,,fear|sadness,fear|joy|sadness,,,,emotion,baseline,brighter-eng,short(<8),0.7403,misclassified
emotion-te-01414,en-Latn,,,fear|sadness,fear|joy|sadness,,,,emotion,baseline,brighter-eng,long(40+),0.9394,misclassified
emotion-te-01417,en-Latn,,,anger|fear|sadness,fear|joy|sadness,,,,emotion,baseline,brighter-eng,medium(8-39),0.5,misclassified
emotion-te-01418,en-Latn,,,fear|sadness|surprise,fear|sadness,,,,emotion,baseline,brighter-eng,medium(8-39),0.8372,misclassified
emotion-te-01419,en-Latn,,,joy,fear|joy|surprise,,,,emotion,baseline,brighter-eng,medium(8-39),0.694,misclassified
emotion-te-01420,en-Latn,,,fear,fear|sadness,,,,emotion,baseline,brighter-eng,medium(8-39),0.8054,misclassified
emotion-te-01421,en-Latn,,,fear|surprise,fear,,,,emotion,baseline,brighter-eng,medium(8-39),0.4712,misclassified
emotion-te-01422,en-Latn,,,fear|surprise,anger|fear|surprise,,,,emotion,baseline,brighter-eng,medium(8-39),0.7111,misclassified
emotion-te-01423,en-Latn,,,joy|surprise,fear|joy|surprise,,,,emotion,baseline,brighter-eng,medium(8-39),0.7052,misclassified
emotion-te-01424,en-Latn,,,joy|surprise,fear|joy|surprise,,,,emotion,baseline,brighter-eng,medium(8-39),0.8887,misclassified
emotion-te-01425,en-Latn,,,joy,fear|joy|surprise,,,,emotion,baseline,brighter-eng,medium(8-39),0.6529,misclassified
emotion-te-01426,en-Latn,,,joy,fear|sadness|surprise,,,,emotion,baseline,brighter-eng,short(<8),0.8686,misclassified
emotion-te-01427,en-Latn,,,fear|sadness,fear|sadness|surprise,,,,emotion,baseline,brighter-eng,short(<8),0.9015,misclassified
emotion-te-01428,en-Latn,,,fear|surprise,fear|sadness|surprise,,,,emotion,baseline,brighter-eng,medium(8-39),0.8737,misclassified
emotion-te-01429,en-Latn,,,sadness,fear|sadness|surprise,,,,emotion,baseline,brighter-eng,medium(8-39),0.7717,misclassified
emotion-te-01430,en-Latn,,,anger|fear|surprise,surprise,,,,emotion,baseline,brighter-eng,medium(8-39),0.4511,misclassified
emotion-te-01431,en-Latn,,,anger,fear|sadness|surprise,,,,emotion,baseline,brighter-eng,medium(8-39),0.8847,misclassified
emotion-te-01432,en-Latn,,,joy,fear,,,,emotion,baseline,brighter-eng,medium(8-39),0.712,misclassified
emotion-te-01433,en-Latn,,,anger|fear,fear|sadness,,,,emotion,baseline,brighter-eng,medium(8-39),0.6124,misclassified
emotion-te-01435,en-Latn,,,anger|joy|surprise,fear|joy|sadness,,,,emotion,baseline,brighter-eng,medium(8-39),0.7697,misclassified
emotion-te-01437,en-Latn,,,joy,fear|sadness,,,,emotion,baseline,brighter-eng,medium(8-39),0.5143,misclassified
emotion-te-01438,en-Latn,,,joy,fear|joy|sadness,,,,emotion,baseline,brighter-eng,medium(8-39),0.6786,misclassified
emotion-te-01440,en-Latn,,,fear,fear|sadness,,,,emotion,baseline,brighter-eng,medium(8-39),0.78,misclassified
emotion-te-01443,en-Latn,,,anger,fear|sadness,,,,emotion,baseline,brighter-eng,medium(8-39),0.6943,misclassified
emotion-te-01444,en-Latn,,,none,sadness|surprise,,,,emotion,baseline,brighter-eng,medium(8-39),0.7489,misclassified
emotion-te-01445,en-Latn,,,fear|sadness,joy|sadness,,,,emotion,baseline,brighter-eng,medium(8-39),0.3908,misclassified
emotion-te-01446,en-Latn,,,joy,fear|joy,,,,emotion,baseline,brighter-eng,medium(8-39),0.523,misclassified
emotion-te-01447,en-Latn,,,fear,fear|joy|sadness,,,,emotion,baseline,brighter-eng,medium(8-39),0.7018,misclassified
emotion-te-01449,en-Latn,,,joy,fear|joy|sadness,,,,emotion,baseline,brighter-eng,short(<8),0.6141,misclassified
emotion-te-01450,en-Latn,,,sadness,fear|joy,,,,emotion,baseline,brighter-eng,medium(8-39),0.6494,misclassified
emotion-te-01451,en-Latn,,,anger|fear,fear|sadness,,,,emotion,baseline,brighter-eng,medium(8-39),0.9383,misclassified
emotion-te-01452,en-Latn,,,none,fear|sadness,,,,emotion,baseline,brighter-eng,medium(8-39),0.5952,misclassified
emotion-te-01453,en-Latn,,,anger|fear|sadness|surprise,fear|sadness,,,,emotion,baseline,brighter-eng,medium(8-39),0.8726,misclassified
emotion-te-01454,en-Latn,,,fear|sadness|surprise,anger|fear|sadness|surprise,,,,emotion,baseline,brighter-eng,short(<8),0.7574,misclassified
emotion-te-01455,en-Latn,,,anger|fear|sadness|surprise,fear|sadness|surprise,,,,emotion,baseline,brighter-eng,medium(8-39),0.7864,misclassified
emotion-te-01456,en-Latn,,,none,fear,,,,emotion,baseline,brighter-eng,medium(8-39),0.4124,misclassified
emotion-te-01457,en-Latn,,,fear|joy,fear|joy|surprise,,,,emotion,baseline,brighter-eng,medium(8-39),0.7791,misclassified
emotion-te-01458,en-Latn,,,fear|sadness,fear,,,,emotion,baseline,brighter-eng,medium(8-39),0.8522,misclassified
emotion-te-01459,en-Latn,,,fear|sadness,fear|joy|surprise,,,,emotion,baseline,brighter-eng,short(<8),0.6771,misclassified
emotion-te-01460,en-Latn,,,none,fear|sadness,,,,emotion,baseline,brighter-eng,medium(8-39),0.7093,misclassified
emotion-te-01461,en-Latn,,,fear,fear|sadness,,,,emotion,baseline,brighter-eng,medium(8-39),0.9197,misclassified
emotion-te-01462,en-Latn,,,sadness,fear|joy|sadness,,,,emotion,baseline,brighter-eng,short(<8),0.497,misclassified
emotion-te-01463,en-Latn,,,fear,fear|sadness,,,,emotion,baseline,brighter-eng,medium(8-39),0.9001,misclassified
emotion-te-01464,en-Latn,,,fear|surprise,fear|joy|surprise,,,,emotion,baseline,brighter-eng,short(<8),0.8582,misclassified
emotion-te-01465,en-Latn,,,fear|sadness,fear|joy|sadness,,,,emotion,baseline,brighter-eng,medium(8-39),0.9387,misclassified
emotion-te-01466,en-Latn,,,anger|fear|sadness,fear|joy,,,,emotion,baseline,brighter-eng,short(<8),0.7794,misclassified
emotion-te-01467,en-Latn,,,sadness,fear|sadness,,,,emotion,baseline,brighter-eng,medium(8-39),0.9317,misclassified
emotion-te-01468,en-Latn,,,fear|sadness|surprise,fear|joy|sadness|surprise,,,,emotion,baseline,brighter-eng,medium(8-39),0.8197,misclassified
emotion-te-01469,en-Latn,,,anger,none,,,,emotion,baseline,brighter-eng,medium(8-39),0.1814,misclassified
emotion-te-01470,en-Latn,,,none,fear|joy,,,,emotion,baseline,brighter-eng,short(<8),0.4767,misclassified
emotion-te-01471,en-Latn,,,anger|fear|sadness,fear|joy|sadness|surprise,,,,emotion,baseline,brighter-eng,medium(8-39),0.5678,misclassified
emotion-te-01472,en-Latn,,,fear,fear|surprise,,,,emotion,baseline,brighter-eng,medium(8-39),0.9578,misclassified
emotion-te-01473,en-Latn,,,none,fear|sadness|surprise,,,,emotion,baseline,brighter-eng,medium(8-39),0.7051,misclassified
emotion-te-01474,en-Latn,,,joy,fear|joy|surprise,,,,emotion,baseline,brighter-eng,medium(8-39),0.8884,misclassified
emotion-te-01475,en-Latn,,,fear|surprise,joy,,,,emotion,baseline,brighter-eng,medium(8-39),0.5856,misclassified
emotion-te-01477,en-Latn,,,sadness,fear|sadness|surprise,,,,emotion,baseline,brighter-eng,short(<8),0.5165,misclassified
emotion-te-01478,en-Latn,,,sadness,fear|sadness,,,,emotion,baseline,brighter-eng,medium(8-39),0.9263,misclassified
emotion-te-01479,en-Latn,,,anger|fear|sadness|surprise,fear|sadness|surprise,,,,emotion,baseline,brighter-eng,long(40+),0.9628,misclassified
emotion-te-01480,en-Latn,,,anger|fear|surprise,fear|sadness,,,,emotion,baseline,brighter-eng,medium(8-39),0.6706,misclassified
emotion-te-01481,en-Latn,,,joy|sadness,fear|joy|sadness,,,,emotion,baseline,brighter-eng,medium(8-39),0.673,misclassified
emotion-te-01482,en-Latn,,,fear|surprise,fear|joy|surprise,,,,emotion,baseline,brighter-eng,short(<8),0.9333,misclassified
emotion-te-01484,en-Latn,,,fear,fear|sadness|surprise,,,,emotion,baseline,brighter-eng,medium(8-39),0.9113,misclassified
emotion-te-01485,en-Latn,,,none,fear|sadness,,,,emotion,baseline,brighter-eng,medium(8-39),0.5887,misclassified
emotion-te-01486,en-Latn,,,fear,fear|joy,,,,emotion,baseline,brighter-eng,medium(8-39),0.7856,misclassified
emotion-te-01488,en-Latn,,,joy,fear,,,,emotion,baseline,brighter-eng,medium(8-39),0.7299,misclassified
emotion-te-01489,en-Latn,,,none,fear,,,,emotion,baseline,brighter-eng,medium(8-39),0.8463,misclassified
emotion-te-01491,en-Latn,,,fear,fear|sadness,,,,emotion,baseline,brighter-eng,medium(8-39),0.8906,misclassified
emotion-te-01492,en-Latn,,,fear|sadness,fear|joy|sadness|surprise,,,,emotion,baseline,brighter-eng,medium(8-39),0.8194,misclassified
emotion-te-01493,en-Latn,,,none,fear|sadness,,,,emotion,baseline,brighter-eng,medium(8-39),0.8396,misclassified
emotion-te-01494,en-Latn,,,joy,fear|surprise,,,,emotion,baseline,brighter-eng,short(<8),0.7672,misclassified
emotion-te-01495,en-Latn,,,fear,fear|sadness|surprise,,,,emotion,baseline,brighter-eng,short(<8),0.7024,misclassified
emotion-te-01496,en-Latn,,,joy,fear|joy|sadness|surprise,,,,emotion,baseline,brighter-eng,medium(8-39),0.6116,misclassified
emotion-te-01497,en-Latn,,,joy,fear|sadness|surprise,,,,emotion,baseline,brighter-eng,medium(8-39),0.6344,misclassified
emotion-te-01498,en-Latn,,,fear|sadness,fear|joy|sadness,,,,emotion,baseline,brighter-eng,short(<8),0.9198,misclassified
emotion-te-01499,en-Latn,,,fear|surprise,fear|joy|surprise,,,,emotion,baseline,brighter-eng,medium(8-39),0.8681,misclassified
emotion-te-01500,en-Latn,,,fear|sadness,anger|fear|sadness|surprise,,,,emotion,baseline,brighter-eng,medium(8-39),0.9839,misclassified
emotion-te-01501,en-Latn,,,sadness,joy|sadness,,,,emotion,baseline,brighter-eng,medium(8-39),0.6183,misclassified
emotion-te-01502,en-Latn,,,none,anger|sadness,,,,emotion,baseline,brighter-eng,medium(8-39),0.6425,misclassified
emotion-te-01503,en-Latn,,,fear,fear|surprise,,,,emotion,baseline,brighter-eng,medium(8-39),0.9317,misclassified
emotion-te-01504,en-Latn,,,surprise,fear|surprise,,,,emotion,baseline,brighter-eng,medium(8-39),0.6936,misclassified
emotion-te-01505,en-Latn,,,fear,fear|joy|sadness,,,,emotion,baseline,brighter-eng,long(40+),0.6089,misclassified
emotion-te-01506,en-Latn,,,fear|joy,fear|sadness|surprise,,,,emotion,baseline,brighter-eng,medium(8-39),0.8833,misclassified
emotion-te-01507,en-Latn,,,anger,fear|sadness,,,,emotion,baseline,brighter-eng,short(<8),0.5675,misclassified
emotion-te-01509,en-Latn,,,none,joy,,,,emotion,baseline,brighter-eng,medium(8-39),0.392,misclassified
emotion-te-01510,en-Latn,,,fear,fear|sadness|surprise,,,,emotion,baseline,brighter-eng,medium(8-39),0.8997,misclassified
emotion-te-01511,en-Latn,,,fear|surprise,fear|sadness|surprise,,,,emotion,baseline,brighter-eng,medium(8-39),0.7745,misclassified
emotion-te-01512,en-Latn,,,joy,fear|sadness,,,,emotion,baseline,brighter-eng,medium(8-39),0.6872,misclassified
emotion-te-01514,en-Latn,,,none,fear|joy|surprise,,,,emotion,baseline,brighter-eng,medium(8-39),0.8327,misclassified
emotion-te-01515,en-Latn,,,fear|sadness,fear|sadness|surprise,,,,emotion,baseline,brighter-eng,medium(8-39),0.9616,misclassified
emotion-te-01516,en-Latn,,,surprise,joy|surprise,,,,emotion,baseline,brighter-eng,short(<8),0.881,misclassified
emotion-te-01517,en-Latn,,,anger,fear,,,,emotion,baseline,brighter-eng,short(<8),0.727,misclassified
emotion-te-01519,en-Latn,,,fear|joy,fear|sadness,,,,emotion,baseline,brighter-eng,medium(8-39),0.8859,misclassified
emotion-te-01520,en-Latn,,,none,joy,,,,emotion,baseline,brighter-eng,short(<8),0.4969,misclassified
emotion-te-01522,en-Latn,,,none,fear|sadness|surprise,,,,emotion,baseline,brighter-eng,medium(8-39),0.5006,misclassified
emotion-te-01524,en-Latn,,,fear|surprise,fear|sadness|surprise,,,,emotion,baseline,brighter-eng,medium(8-39),0.9084,misclassified
emotion-te-01525,en-Latn,,,anger|fear,joy|surprise,,,,emotion,baseline,brighter-eng,medium(8-39),0.8113,misclassified
emotion-te-01526,en-Latn,,,anger|fear,fear,,,,emotion,baseline,brighter-eng,medium(8-39),0.8364,misclassified
emotion-te-01528,en-Latn,,,joy,fear|sadness,,,,emotion,baseline,brighter-eng,medium(8-39),0.6647,misclassified
emotion-te-01529,en-Latn,,,none,joy|sadness,,,,emotion,baseline,brighter-eng,long(40+),0.7451,misclassified
emotion-te-01530,en-Latn,,,fear|surprise,fear|sadness,,,,emotion,baseline,brighter-eng,short(<8),0.652,misclassified
emotion-te-01531,en-Latn,,,fear,fear|joy|sadness,,,,emotion,baseline,brighter-eng,medium(8-39),0.8596,misclassified
emotion-te-01532,en-Latn,,,none,joy|sadness,,,,emotion,baseline,brighter-eng,short(<8),0.417,misclassified
emotion-te-01533,en-Latn,,,fear|surprise,fear,,,,emotion,baseline,brighter-eng,medium(8-39),0.6176,misclassified
emotion-te-01534,en-Latn,,,fear,fear|joy,,,,emotion,baseline,brighter-eng,medium(8-39),0.9641,misclassified
emotion-te-01536,en-Latn,,,joy,fear|joy|sadness,,,,emotion,baseline,brighter-eng,medium(8-39),0.6529,misclassified
emotion-te-01537,en-Latn,,,fear|surprise,fear|sadness,,,,emotion,baseline,brighter-eng,medium(8-39),0.7304,misclassified
emotion-te-01538,en-Latn,,,anger|sadness|surprise,fear|surprise,,,,emotion,baseline,brighter-eng,medium(8-39),0.6509,misclassified
emotion-te-01539,en-Latn,,,surprise,fear|joy|sadness|surprise,,,,emotion,baseline,brighter-eng,medium(8-39),0.8703,misclassified
emotion-te-01540,en-Latn,,,fear|sadness,fear|joy|sadness,,,,emotion,baseline,brighter-eng,medium(8-39),0.528,misclassified
emotion-te-01541,en-Latn,,,none,joy,,,,emotion,baseline,brighter-eng,medium(8-39),0.8922,misclassified
emotion-te-01542,en-Latn,,,fear|surprise,fear,,,,emotion,baseline,brighter-eng,medium(8-39),0.7223,misclassified
emotion-te-01543,en-Latn,,,sadness|surprise,joy|sadness|surprise,,,,emotion,baseline,brighter-eng,short(<8),0.4843,misclassified
emotion-te-01544,en-Latn,,,anger|fear|surprise,fear|sadness|surprise,,,,emotion,baseline,brighter-eng,medium(8-39),0.9764,misclassified
emotion-te-01545,en-Latn,,,sadness,fear|sadness,,,,emotion,baseline,brighter-eng,medium(8-39),0.5869,misclassified
emotion-te-01546,en-Latn,,,fear|sadness|surprise,fear|joy|sadness|surprise,,,,emotion,baseline,brighter-eng,short(<8),0.9146,misclassified
emotion-te-01547,en-Latn,,,fear,fear|joy,,,,emotion,baseline,brighter-eng,medium(8-39),0.7358,misclassified
emotion-te-01548,en-Latn,,,fear,fear|sadness|surprise,,,,emotion,baseline,brighter-eng,medium(8-39),0.8527,misclassified
emotion-te-01549,en-Latn,,,fear,fear|joy,,,,emotion,baseline,brighter-eng,medium(8-39),0.821,misclassified
emotion-te-01550,en-Latn,,,none,fear|sadness,,,,emotion,baseline,brighter-eng,medium(8-39),0.5552,misclassified
emotion-te-01551,en-Latn,,,anger|fear,fear|sadness|surprise,,,,emotion,baseline,brighter-eng,short(<8),0.8727,misclassified
emotion-te-01552,en-Latn,,,none,fear|joy|sadness,,,,emotion,baseline,brighter-eng,medium(8-39),0.8834,misclassified
emotion-te-01553,en-Latn,,,anger|fear|sadness,fear|joy|sadness|surprise,,,,emotion,baseline,brighter-eng,long(40+),0.8767,misclassified
emotion-te-01554,en-Latn,,,joy,fear|joy|sadness|surprise,,,,emotion,baseline,brighter-eng,medium(8-39),0.8372,misclassified
emotion-te-01556,en-Latn,,,joy,fear|joy|sadness,,,,emotion,baseline,brighter-eng,medium(8-39),0.6364,misclassified
emotion-te-01557,en-Latn,,,fear,fear|sadness|surprise,,,,emotion,baseline,brighter-eng,medium(8-39),0.9507,misclassified
emotion-te-01558,en-Latn,,,fear|surprise,fear|sadness|surprise,,,,emotion,baseline,brighter-eng,long(40+),0.8928,misclassified
emotion-te-01559,en-Latn,,,sadness,fear|sadness,,,,emotion,baseline,brighter-eng,medium(8-39),0.9628,misclassified
emotion-te-01560,en-Latn,,,joy,fear|sadness|surprise,,,,emotion,baseline,brighter-eng,medium(8-39),0.8751,misclassified
emotion-te-01561,en-Latn,,,fear|sadness,fear|sadness|surprise,,,,emotion,baseline,brighter-eng,medium(8-39),0.939,misclassified
emotion-te-01564,en-Latn,,,joy|surprise,fear|joy|surprise,,,,emotion,baseline,brighter-eng,medium(8-39),0.9274,misclassified
emotion-te-01565,en-Latn,,,anger|fear|sadness,fear|sadness|surprise,,,,emotion,baseline,brighter-eng,short(<8),0.8905,misclassified
emotion-te-01566,en-Latn,,,joy,fear|joy|sadness,,,,emotion,baseline,brighter-eng,medium(8-39),0.6096,misclassified
emotion-te-01567,en-Latn,,,fear|surprise,fear|joy|sadness,,,,emotion,baseline,brighter-eng,medium(8-39),0.5584,misclassified
emotion-te-01568,en-Latn,,,fear|surprise,fear|sadness,,,,emotion,baseline,brighter-eng,medium(8-39),0.8944,misclassified
emotion-te-01569,en-Latn,,,fear,fear|joy,,,,emotion,baseline,brighter-eng,medium(8-39),0.9342,misclassified
emotion-te-01570,en-Latn,,,fear|surprise,fear|sadness,,,,emotion,baseline,brighter-eng,short(<8),0.6192,misclassified
emotion-te-01572,en-Latn,,,fear|joy|surprise,fear,,,,emotion,baseline,brighter-eng,medium(8-39),0.888,misclassified
emotion-te-01573,en-Latn,,,anger|sadness,fear|sadness,,,,emotion,baseline,brighter-eng,medium(8-39),0.7577,misclassified
emotion-te-01574,en-Latn,,,anger|fear,anger|sadness,,,,emotion,baseline,brighter-eng,short(<8),0.6126,misclassified
emotion-te-01575,en-Latn,,,joy,fear|sadness,,,,emotion,baseline,brighter-eng,medium(8-39),0.4074,misclassified
emotion-te-01576,en-Latn,,,fear|surprise,fear|sadness|surprise,,,,emotion,baseline,brighter-eng,medium(8-39),0.6726,misclassified
emotion-te-01577,en-Latn,,,fear|sadness|surprise,fear|joy|sadness|surprise,,,,emotion,baseline,brighter-eng,medium(8-39),0.944,misclassified
emotion-te-01578,en-Latn,,,joy,fear|joy|sadness,,,,emotion,baseline,brighter-eng,medium(8-39),0.6705,misclassified
emotion-te-01579,en-Latn,,,fear|sadness,fear,,,,emotion,baseline,brighter-eng,medium(8-39),0.7852,misclassified
emotion-te-01580,en-Latn,,,fear|surprise,fear|sadness|surprise,,,,emotion,baseline,brighter-eng,medium(8-39),0.9215,misclassified
emotion-te-01581,en-Latn,,,joy,fear|sadness|surprise,,,,emotion,baseline,brighter-eng,medium(8-39),0.9614,misclassified
emotion-te-01582,en-Latn,,,fear|sadness,fear,,,,emotion,baseline,brighter-eng,short(<8),0.7314,misclassified
emotion-te-01583,en-Latn,,,sadness,fear|sadness,,,,emotion,baseline,brighter-eng,medium(8-39),0.9367,misclassified
emotion-te-01584,en-Latn,,,none,sadness,,,,emotion,baseline,brighter-eng,short(<8),0.5046,misclassified
emotion-te-01585,en-Latn,,,fear|sadness|surprise,fear|joy|sadness|surprise,,,,emotion,baseline,brighter-eng,medium(8-39),0.7602,misclassified
emotion-te-01587,en-Latn,,,fear|joy,fear|joy|sadness|surprise,,,,emotion,baseline,brighter-eng,medium(8-39),0.7403,misclassified
emotion-te-01590,en-Latn,,,fear|sadness,fear,,,,emotion,baseline,brighter-eng,medium(8-39),0.979,misclassified
emotion-te-01591,en-Latn,,,none,surprise,,,,emotion,baseline,brighter-eng,medium(8-39),0.7176,misclassified
emotion-te-01592,en-Latn,,,fear|sadness,sadness,,,,emotion,baseline,brighter-eng,medium(8-39),0.5478,misclassified
emotion-te-01594,en-Latn,,,fear|sadness,fear|joy|sadness,,,,emotion,baseline,brighter-eng,medium(8-39),0.8841,misclassified
emotion-te-01595,en-Latn,,,sadness,fear|joy|surprise,,,,emotion,baseline,brighter-eng,medium(8-39),0.7179,misclassified
emotion-te-01598,en-Latn,,,fear|surprise,none,,,,emotion,baseline,brighter-eng,medium(8-39),0.3282,misclassified
emotion-te-01599,en-Latn,,,anger|fear,anger|fear|sadness|surprise,,,,emotion,baseline,brighter-eng,medium(8-39),0.8875,misclassified
emotion-te-01600,en-Latn,,,sadness,fear|sadness|surprise,,,,emotion,baseline,brighter-eng,short(<8),0.8864,misclassified
emotion-te-01601,en-Latn,,,joy,anger|sadness|surprise,,,,emotion,baseline,brighter-eng,medium(8-39),0.7863,misclassified
emotion-te-01603,en-Latn,,,joy,fear|sadness|surprise,,,,emotion,baseline,brighter-eng,medium(8-39),0.7898,misclassified
emotion-te-01604,en-Latn,,,surprise,fear|sadness,,,,emotion,baseline,brighter-eng,short(<8),0.617,misclassified
emotion-te-01605,en-Latn,,,joy,anger|fear|sadness|surprise,,,,emotion,baseline,brighter-eng,short(<8),0.9242,misclassified
emotion-te-01606,en-Latn,,,fear|joy|surprise,fear,,,,emotion,baseline,brighter-eng,short(<8),0.6582,misclassified
emotion-te-01607,en-Latn,,,fear|surprise,anger|fear|surprise,,,,emotion,baseline,brighter-eng,short(<8),0.8546,misclassified
emotion-te-01608,en-Latn,,,joy,fear,,,,emotion,baseline,brighter-eng,short(<8),0.4245,misclassified
emotion-te-01610,en-Latn,,,fear|surprise,fear|joy|sadness|surprise,,,,emotion,baseline,brighter-eng,short(<8),0.71,misclassified
emotion-te-01611,en-Latn,,,none,joy,,,,emotion,baseline,brighter-eng,medium(8-39),0.6735,misclassified
emotion-te-01612,en-Latn,,,fear|sadness,joy|sadness,,,,emotion,baseline,brighter-eng,medium(8-39),0.3349,misclassified
emotion-te-01613,en-Latn,,,fear,fear|sadness,,,,emotion,baseline,brighter-eng,short(<8),0.8481,misclassified
emotion-te-01614,en-Latn,,,anger|fear,anger|fear|joy|sadness,,,,emotion,baseline,brighter-eng,medium(8-39),0.8701,misclassified
emotion-te-01615,en-Latn,,,joy,fear|sadness,,,,emotion,baseline,brighter-eng,medium(8-39),0.5068,misclassified
emotion-te-01616,en-Latn,,,anger|fear|sadness|surprise,fear|surprise,,,,emotion,baseline,brighter-eng,short(<8),0.7155,misclassified
emotion-te-01618,en-Latn,,,surprise,sadness|surprise,,,,emotion,baseline,brighter-eng,medium(8-39),0.7679,misclassified
emotion-te-01619,en-Latn,,,fear,fear|joy|sadness,,,,emotion,baseline,brighter-eng,medium(8-39),0.7494,misclassified
emotion-te-01621,en-Latn,,,joy,fear|joy|sadness,,,,emotion,baseline,brighter-eng,medium(8-39),0.7564,misclassified
emotion-te-01622,en-Latn,,,fear,fear|sadness,,,,emotion,baseline,brighter-eng,medium(8-39),0.8174,misclassified
emotion-te-01623,en-Latn,,,fear|sadness,sadness,,,,emotion,baseline,brighter-eng,medium(8-39),0.3197,misclassified
emotion-te-01624,en-Latn,,,fear|surprise,fear|sadness|surprise,,,,emotion,baseline,brighter-eng,medium(8-39),0.9213,misclassified
emotion-te-01625,en-Latn,,,surprise,joy,,,,emotion,baseline,brighter-eng,short(<8),0.3155,misclassified
emotion-te-01626,en-Latn,,,none,fear|sadness,,,,emotion,baseline,brighter-eng,short(<8),0.542,misclassified
emotion-te-01627,en-Latn,,,fear|sadness,fear|joy|sadness,,,,emotion,baseline,brighter-eng,medium(8-39),0.8289,misclassified
emotion-te-01628,en-Latn,,,surprise,fear|surprise,,,,emotion,baseline,brighter-eng,medium(8-39),0.8368,misclassified
emotion-te-01629,en-Latn,,,fear|surprise,fear|joy|sadness|surprise,,,,emotion,baseline,brighter-eng,medium(8-39),0.8864,misclassified
emotion-te-01630,en-Latn,,,fear|surprise,fear|joy,,,,emotion,baseline,brighter-eng,medium(8-39),0.7362,misclassified
emotion-te-01631,en-Latn,,,sadness,joy|sadness,,,,emotion,baseline,brighter-eng,short(<8),0.8642,misclassified
emotion-te-01632,en-Latn,,,joy|surprise,anger|fear|sadness|surprise,,,,emotion,baseline,brighter-eng,short(<8),0.8522,misclassified
emotion-te-01633,en-Latn,,,joy,fear|sadness|surprise,,,,emotion,baseline,brighter-eng,short(<8),0.7667,misclassified
emotion-te-01634,en-Latn,,,none,joy|sadness,,,,emotion,baseline,brighter-eng,short(<8),0.3714,misclassified
emotion-te-01635,en-Latn,,,fear|surprise,fear|sadness,,,,emotion,baseline,brighter-eng,short(<8),0.7823,misclassified
emotion-te-01636,en-Latn,,,fear|sadness,sadness|surprise,,,,emotion,baseline,brighter-eng,medium(8-39),0.8318,misclassified
emotion-te-01637,en-Latn,,,anger|fear|sadness|surprise,fear|sadness|surprise,,,,emotion,baseline,brighter-eng,short(<8),0.8897,misclassified
emotion-te-01638,en-Latn,,,fear|sadness,anger|fear|sadness,,,,emotion,baseline,brighter-eng,short(<8),0.7751,misclassified
emotion-te-01639,en-Latn,,,fear|surprise,fear|sadness,,,,emotion,baseline,brighter-eng,medium(8-39),0.9635,misclassified
emotion-te-01640,en-Latn,,,fear|surprise,surprise,,,,emotion,baseline,brighter-eng,medium(8-39),0.6472,misclassified
emotion-te-01641,en-Latn,,,fear|surprise,joy|surprise,,,,emotion,baseline,brighter-eng,medium(8-39),0.5997,misclassified
emotion-te-01643,en-Latn,,,fear|joy|sadness,fear|sadness|surprise,,,,emotion,baseline,brighter-eng,long(40+),0.9166,misclassified
emotion-te-01644,en-Latn,,,joy|surprise,fear|sadness|surprise,,,,emotion,baseline,brighter-eng,short(<8),0.9082,misclassified
emotion-te-01645,en-Latn,,,joy|surprise,fear|sadness|surprise,,,,emotion,baseline,brighter-eng,medium(8-39),0.8779,misclassified
emotion-te-01646,en-Latn,,,fear|sadness,fear,,,,emotion,baseline,brighter-eng,medium(8-39),0.662,misclassified
emotion-te-01648,en-Latn,,,fear|joy,fear|joy|sadness|surprise,,,,emotion,baseline,brighter-eng,medium(8-39),0.9332,misclassified
emotion-te-01649,en-Latn,,,none,fear|joy|sadness,,,,emotion,baseline,brighter-eng,medium(8-39),0.4839,misclassified
emotion-te-01651,en-Latn,,,fear|surprise,fear|joy|sadness|surprise,,,,emotion,baseline,brighter-eng,medium(8-39),0.596,misclassified
emotion-te-01652,en-Latn,,,none,joy|sadness,,,,emotion,baseline,brighter-eng,medium(8-39),0.5971,misclassified
emotion-te-01653,en-Latn,,,joy|surprise,fear|joy,,,,emotion,baseline,brighter-eng,medium(8-39),0.5929,misclassified
emotion-te-01655,en-Latn,,,joy,fear,,,,emotion,baseline,brighter-eng,medium(8-39),0.5058,misclassified
emotion-te-01656,en-Latn,,,fear|surprise,fear|joy|sadness|surprise,,,,emotion,baseline,brighter-eng,medium(8-39),0.8664,misclassified
emotion-te-01658,en-Latn,,,fear,fear|surprise,,,,emotion,baseline,brighter-eng,medium(8-39),0.6371,misclassified
emotion-te-01659,en-Latn,,,fear|sadness,fear,,,,emotion,baseline,brighter-eng,long(40+),0.6599,misclassified
emotion-te-01660,en-Latn,,,fear|sadness,fear|sadness|surprise,,,,emotion,baseline,brighter-eng,medium(8-39),0.5727,misclassified
emotion-te-01662,en-Latn,,,fear|sadness,fear|joy|sadness,,,,emotion,baseline,brighter-eng,medium(8-39),0.668,misclassified
emotion-te-01663,en-Latn,,,none,fear|sadness,,,,emotion,baseline,brighter-eng,short(<8),0.4486,misclassified
emotion-te-01664,en-Latn,,,fear,fear|sadness,,,,emotion,baseline,brighter-eng,short(<8),0.9224,misclassified
emotion-te-01665,en-Latn,,,anger|fear|sadness|surprise,fear|sadness|surprise,,,,emotion,baseline,brighter-eng,medium(8-39),0.7774,misclassified
emotion-te-01666,en-Latn,,,fear|sadness,fear|sadness|surprise,,,,emotion,baseline,brighter-eng,medium(8-39),0.8508,misclassified
emotion-te-01667,en-Latn,,,surprise,fear|joy|sadness|surprise,,,,emotion,baseline,brighter-eng,medium(8-39),0.6816,misclassified
emotion-te-01668,en-Latn,,,none,fear|joy|sadness|surprise,,,,emotion,baseline,brighter-eng,medium(8-39),0.6767,misclassified
emotion-te-01669,en-Latn,,,joy|surprise,joy,,,,emotion,baseline,brighter-eng,short(<8),0.6218,misclassified
emotion-te-01670,en-Latn,,,fear,fear|surprise,,,,emotion,baseline,brighter-eng,medium(8-39),0.5556,misclassified
emotion-te-01671,en-Latn,,,surprise,fear|joy|sadness,,,,emotion,baseline,brighter-eng,short(<8),0.4319,misclassified
emotion-te-01673,en-Latn,,,sadness,fear|sadness,,,,emotion,baseline,brighter-eng,medium(8-39),0.827,misclassified
emotion-te-01674,en-Latn,,,anger|fear,fear|sadness,,,,emotion,baseline,brighter-eng,medium(8-39),0.6548,misclassified
emotion-te-01675,en-Latn,,,joy|surprise,fear|surprise,,,,emotion,baseline,brighter-eng,medium(8-39),0.8199,misclassified
emotion-te-01676,en-Latn,,,fear,fear|surprise,,,,emotion,baseline,brighter-eng,medium(8-39),0.8749,misclassified
emotion-te-01678,en-Latn,,,anger|fear,fear|surprise,,,,emotion,baseline,brighter-eng,medium(8-39),0.5109,misclassified
emotion-te-01679,en-Latn,,,fear|sadness|surprise,fear|surprise,,,,emotion,baseline,brighter-eng,short(<8),0.9253,misclassified
emotion-te-01680,en-Latn,,,joy,fear|sadness,,,,emotion,baseline,brighter-eng,medium(8-39),0.7153,misclassified
emotion-te-01681,en-Latn,,,fear|sadness,fear|joy,,,,emotion,baseline,brighter-eng,medium(8-39),0.9089,misclassified
emotion-te-01682,en-Latn,,,fear|surprise,fear|joy|surprise,,,,emotion,baseline,brighter-eng,medium(8-39),0.9624,misclassified
emotion-te-01683,en-Latn,,,none,anger|fear|sadness,,,,emotion,baseline,brighter-eng,short(<8),0.8227,misclassified
emotion-te-01685,en-Latn,,,fear|sadness|surprise,anger|fear|sadness|surprise,,,,emotion,baseline,brighter-eng,medium(8-39),0.5817,misclassified
emotion-te-01686,en-Latn,,,anger|fear|sadness|surprise,sadness|surprise,,,,emotion,baseline,brighter-eng,short(<8),0.7514,misclassified
emotion-te-01687,en-Latn,,,joy,joy|sadness,,,,emotion,baseline,brighter-eng,medium(8-39),0.9501,misclassified
emotion-te-01689,en-Latn,,,anger,fear|joy,,,,emotion,baseline,brighter-eng,medium(8-39),0.4719,misclassified
emotion-te-01690,en-Latn,,,joy,joy|sadness,,,,emotion,baseline,brighter-eng,medium(8-39),0.7518,misclassified
emotion-te-01693,en-Latn,,,fear|sadness,fear|joy|surprise,,,,emotion,baseline,brighter-eng,medium(8-39),0.5837,misclassified
emotion-te-01694,en-Latn,,,joy,fear|sadness,,,,emotion,baseline,brighter-eng,long(40+),0.5544,misclassified
emotion-te-01695,en-Latn,,,anger|fear,fear|sadness,,,,emotion,baseline,brighter-eng,medium(8-39),0.5447,misclassified
emotion-te-01696,en-Latn,,,anger|fear|sadness|surprise,joy|sadness,,,,emotion,baseline,brighter-eng,short(<8),0.4571,misclassified
emotion-te-01697,en-Latn,,,joy,fear|sadness,,,,emotion,baseline,brighter-eng,medium(8-39),0.8492,misclassified
emotion-te-01698,en-Latn,,,anger|fear,fear|sadness,,,,emotion,baseline,brighter-eng,short(<8),0.4831,misclassified
emotion-te-01699,en-Latn,,,fear|sadness,joy,,,,emotion,baseline,brighter-eng,medium(8-39),0.3403,misclassified
emotion-te-01700,en-Latn,,,none,fear|sadness,,,,emotion,baseline,brighter-eng,medium(8-39),0.7233,misclassified
emotion-te-01702,en-Latn,,,anger,fear|sadness|surprise,,,,emotion,baseline,brighter-eng,medium(8-39),0.9016,misclassified
emotion-te-01704,en-Latn,,,fear|surprise,fear|sadness|surprise,,,,emotion,baseline,brighter-eng,medium(8-39),0.848,misclassified
emotion-te-01705,en-Latn,,,none,fear,,,,emotion,baseline,brighter-eng,short(<8),0.567,misclassified
emotion-te-01706,en-Latn,,,fear|joy|sadness|surprise,joy|surprise,,,,emotion,baseline,brighter-eng,medium(8-39),0.8572,misclassified
emotion-te-01709,en-Latn,,,anger|fear|surprise,fear|joy|surprise,,,,emotion,baseline,brighter-eng,medium(8-39),0.6278,misclassified
emotion-te-01710,en-Latn,,,fear|surprise,fear|joy|surprise,,,,emotion,baseline,brighter-eng,medium(8-39),0.9074,misclassified
emotion-te-01712,en-Latn,,,joy,fear|sadness,,,,emotion,baseline,brighter-eng,medium(8-39),0.7232,misclassified
emotion-te-01714,en-Latn,,,fear|surprise,fear|joy|sadness,,,,emotion,baseline,brighter-eng,medium(8-39),0.7667,misclassified
emotion-te-01718,en-Latn,,,fear|surprise,fear|sadness,,,,emotion,baseline,brighter-eng,short(<8),0.6049,misclassified
emotion-te-01719,en-Latn,,,fear|sadness|surprise,fear|sadness,,,,emotion,baseline,brighter-eng,medium(8-39),0.6178,misclassified
emotion-te-01720,en-Latn,,,none,fear|joy|sadness,,,,emotion,baseline,brighter-eng,medium(8-39),0.8811,misclassified
emotion-te-01722,en-Latn,,,fear|surprise,fear|joy|sadness|surprise,,,,emotion,baseline,brighter-eng,medium(8-39),0.8313,misclassified
emotion-te-01723,en-Latn,,,surprise,fear|joy|sadness|surprise,,,,emotion,baseline,brighter-eng,short(<8),0.6488,misclassified
emotion-te-01724,en-Latn,,,fear|joy|surprise,fear|surprise,,,,emotion,baseline,brighter-eng,medium(8-39),0.7776,misclassified
emotion-te-01727,en-Latn,,,sadness|surprise,fear|sadness|surprise,,,,emotion,baseline,brighter-eng,short(<8),0.9016,misclassified
emotion-te-01728,en-Latn,,,joy,joy|sadness,,,,emotion,baseline,brighter-eng,medium(8-39),0.8404,misclassified
emotion-te-01729,en-Latn,,,sadness,fear|sadness,,,,emotion,baseline,brighter-eng,medium(8-39),0.958,misclassified
emotion-te-01730,en-Latn,,,anger|surprise,fear|joy|sadness|surprise,,,,emotion,baseline,brighter-eng,medium(8-39),0.8431,misclassified
emotion-te-01731,en-Latn,,,none,joy,,,,emotion,baseline,brighter-eng,medium(8-39),0.3974,misclassified
emotion-te-01732,en-Latn,,,none,fear|sadness,,,,emotion,baseline,brighter-eng,short(<8),0.6703,misclassified
emotion-te-01733,en-Latn,,,fear|sadness,fear|joy|sadness,,,,emotion,baseline,brighter-eng,medium(8-39),0.9568,misclassified
emotion-te-01734,en-Latn,,,fear|sadness,fear|joy|sadness,,,,emotion,baseline,brighter-eng,medium(8-39),0.8436,misclassified
emotion-te-01735,en-Latn,,,fear|surprise,surprise,,,,emotion,baseline,brighter-eng,medium(8-39),0.6933,misclassified
emotion-te-01736,en-Latn,,,surprise,fear|joy|surprise,,,,emotion,baseline,brighter-eng,medium(8-39),0.5589,misclassified
emotion-te-01737,en-Latn,,,fear,fear|joy|sadness,,,,emotion,baseline,brighter-eng,medium(8-39),0.8509,misclassified
emotion-te-01738,en-Latn,,,anger|sadness,anger|fear|sadness|surprise,,,,emotion,baseline,brighter-eng,medium(8-39),0.6425,misclassified
emotion-te-01739,en-Latn,,,anger,joy|sadness,,,,emotion,baseline,brighter-eng,medium(8-39),0.6767,misclassified
emotion-te-01740,en-Latn,,,fear,fear|joy,,,,emotion,baseline,brighter-eng,medium(8-39),0.4403,misclassified
emotion-te-01741,en-Latn,,,fear|joy,fear|sadness,,,,emotion,baseline,brighter-eng,long(40+),0.9121,misclassified
emotion-te-01742,en-Latn,,,fear|sadness,fear|joy|sadness|surprise,,,,emotion,baseline,brighter-eng,long(40+),0.7483,misclassified
emotion-te-01743,en-Latn,,,fear|sadness,joy|sadness|surprise,,,,emotion,baseline,brighter-eng,short(<8),0.6356,misclassified
emotion-te-01744,en-Latn,,,fear|surprise,fear|sadness|surprise,,,,emotion,baseline,brighter-eng,short(<8),0.9657,misclassified
emotion-te-01745,en-Latn,,,joy,fear|joy,,,,emotion,baseline,brighter-eng,medium(8-39),0.6621,misclassified
emotion-te-01746,en-Latn,,,fear|surprise,fear|sadness|surprise,,,,emotion,baseline,brighter-eng,medium(8-39),0.9841,misclassified
emotion-te-01749,en-Latn,,,joy,fear|sadness,,,,emotion,baseline,brighter-eng,medium(8-39),0.7174,misclassified
emotion-te-01750,en-Latn,,,fear|joy|surprise,fear|surprise,,,,emotion,baseline,brighter-eng,short(<8),0.858,misclassified
emotion-te-01751,en-Latn,,,anger|fear|sadness|surprise,fear|sadness,,,,emotion,baseline,brighter-eng,long(40+),0.8678,misclassified
emotion-te-01752,en-Latn,,,fear|sadness|surprise,fear|surprise,,,,emotion,baseline,brighter-eng,medium(8-39),0.9315,misclassified
emotion-te-01754,en-Latn,,,fear|surprise,fear|sadness|surprise,,,,emotion,baseline,brighter-eng,medium(8-39),0.9164,misclassified
emotion-te-01756,en-Latn,,,joy|surprise,fear|joy|sadness|surprise,,,,emotion,baseline,brighter-eng,medium(8-39),0.9032,misclassified
emotion-te-01757,en-Latn,,,anger|fear|sadness,fear|joy,,,,emotion,baseline,brighter-eng,medium(8-39),0.8367,misclassified
emotion-te-01758,en-Latn,,,fear|surprise,fear|joy|sadness|surprise,,,,emotion,baseline,brighter-eng,short(<8),0.856,misclassified
emotion-te-01759,en-Latn,,,anger|fear,fear|joy|sadness,,,,emotion,baseline,brighter-eng,medium(8-39),0.6033,misclassified
emotion-te-01760,en-Latn,,,anger,anger|fear|joy|sadness|surprise,,,,emotion,baseline,brighter-eng,short(<8),0.6731,misclassified
emotion-te-01761,en-Latn,,,fear|surprise,fear|sadness|surprise,,,,emotion,baseline,brighter-eng,short(<8),0.5692,misclassified
emotion-te-01762,en-Latn,,,fear,fear|sadness,,,,emotion,baseline,brighter-eng,medium(8-39),0.8179,misclassified
emotion-te-01763,en-Latn,,,joy,fear|sadness,,,,emotion,baseline,brighter-eng,medium(8-39),0.7273,misclassified
emotion-te-01764,en-Latn,,,joy|surprise,fear|joy|surprise,,,,emotion,baseline,brighter-eng,medium(8-39),0.9011,misclassified
emotion-te-01765,en-Latn,,,anger|fear|sadness|surprise,anger|fear|sadness,,,,emotion,baseline,brighter-eng,medium(8-39),0.8804,misclassified
emotion-te-01767,en-Latn,,,fear|sadness,none,,,,emotion,baseline,brighter-eng,medium(8-39),0.2985,misclassified
emotion-te-01768,en-Latn,,,fear,fear|surprise,,,,emotion,baseline,brighter-eng,medium(8-39),0.9667,misclassified
emotion-te-01769,en-Latn,,,none,fear|sadness|surprise,,,,emotion,baseline,brighter-eng,short(<8),0.8002,misclassified
emotion-te-01770,en-Latn,,,fear|sadness,fear|sadness|surprise,,,,emotion,baseline,brighter-eng,medium(8-39),0.9486,misclassified
emotion-te-01771,en-Latn,,,fear|surprise,fear|joy|surprise,,,,emotion,baseline,brighter-eng,medium(8-39),0.8019,misclassified
emotion-te-01772,en-Latn,,,joy,fear|joy,,,,emotion,baseline,brighter-eng,medium(8-39),0.7128,misclassified
emotion-te-01774,en-Latn,,,fear,sadness,,,,emotion,baseline,brighter-eng,short(<8),0.474,misclassified
emotion-te-01775,en-Latn,,,surprise,fear|joy|surprise,,,,emotion,baseline,brighter-eng,short(<8),0.7077,misclassified
emotion-te-01777,en-Latn,,,joy|surprise,fear|joy|sadness,,,,emotion,baseline,brighter-eng,medium(8-39),0.5061,misclassified
emotion-te-01778,en-Latn,,,fear,fear|joy|sadness,,,,emotion,baseline,brighter-eng,medium(8-39),0.7922,misclassified
emotion-te-01779,en-Latn,,,fear,fear|sadness|surprise,,,,emotion,baseline,brighter-eng,medium(8-39),0.5931,misclassified
emotion-te-01780,en-Latn,,,fear|surprise,fear|sadness,,,,emotion,baseline,brighter-eng,medium(8-39),0.6376,misclassified
emotion-te-01781,en-Latn,,,anger|surprise,fear|surprise,,,,emotion,baseline,brighter-eng,medium(8-39),0.8584,misclassified
emotion-te-01782,en-Latn,,,anger|fear,fear|sadness,,,,emotion,baseline,brighter-eng,medium(8-39),0.8659,misclassified
emotion-te-01783,en-Latn,,,joy,fear|surprise,,,,emotion,baseline,brighter-eng,medium(8-39),0.7559,misclassified
emotion-te-01784,en-Latn,,,fear,fear|surprise,,,,emotion,baseline,brighter-eng,medium(8-39),0.6447,misclassified
emotion-te-01785,en-Latn,,,fear|sadness,surprise,,,,emotion,baseline,brighter-eng,short(<8),0.5285,misclassified
emotion-te-01787,en-Latn,,,joy,none,,,,emotion,baseline,brighter-eng,short(<8),0.2898,misclassified
emotion-te-01788,en-Latn,,,fear|sadness,fear|sadness|surprise,,,,emotion,baseline,brighter-eng,medium(8-39),0.8659,misclassified
emotion-te-01789,en-Latn,,,joy,fear|joy,,,,emotion,baseline,brighter-eng,medium(8-39),0.4821,misclassified
emotion-te-01790,en-Latn,,,joy,fear|joy|sadness,,,,emotion,baseline,brighter-eng,medium(8-39),0.5785,misclassified
emotion-te-01792,en-Latn,,,none,joy|sadness,,,,emotion,baseline,brighter-eng,medium(8-39),0.7716,misclassified
emotion-te-01793,en-Latn,,,joy,fear|joy|surprise,,,,emotion,baseline,brighter-eng,medium(8-39),0.8367,misclassified
emotion-te-01795,en-Latn,,,joy,fear|joy,,,,emotion,baseline,brighter-eng,medium(8-39),0.7119,misclassified
emotion-te-01796,en-Latn,,,anger,fear|joy|sadness,,,,emotion,baseline,brighter-eng,medium(8-39),0.706,misclassified
emotion-te-01797,en-Latn,,,joy,fear,,,,emotion,baseline,brighter-eng,short(<8),0.7196,misclassified
emotion-te-01798,en-Latn,,,fear|surprise,fear|joy|sadness|surprise,,,,emotion,baseline,brighter-eng,short(<8),0.8647,misclassified
emotion-te-01799,en-Latn,,,joy,fear|sadness,,,,emotion,baseline,brighter-eng,medium(8-39),0.9253,misclassified
emotion-te-01800,en-Latn,,,fear|joy|surprise,fear|surprise,,,,emotion,baseline,brighter-eng,medium(8-39),0.9494,misclassified
emotion-te-01801,en-Latn,,,fear|sadness,fear|joy|sadness,,,,emotion,baseline,brighter-eng,medium(8-39),0.8551,misclassified
emotion-te-01802,en-Latn,,,joy|sadness,fear|joy|sadness,,,,emotion,baseline,brighter-eng,medium(8-39),0.962,misclassified
emotion-te-01803,en-Latn,,,fear|surprise,joy|surprise,,,,emotion,baseline,brighter-eng,medium(8-39),0.7628,misclassified
emotion-te-01804,en-Latn,,,anger|fear|surprise,fear|joy|sadness,,,,emotion,baseline,brighter-eng,medium(8-39),0.7299,misclassified
emotion-te-01805,en-Latn,,,fear|surprise,fear|joy|surprise,,,,emotion,baseline,brighter-eng,short(<8),0.9385,misclassified
emotion-te-01806,en-Latn,,,fear,fear|sadness,,,,emotion,baseline,brighter-eng,medium(8-39),0.6149,misclassified
emotion-te-01807,en-Latn,,,anger,anger|fear|sadness,,,,emotion,baseline,brighter-eng,medium(8-39),0.7439,misclassified
emotion-te-01808,en-Latn,,,joy|surprise,fear|joy|sadness|surprise,,,,emotion,baseline,brighter-eng,medium(8-39),0.794,misclassified
emotion-te-01810,en-Latn,,,fear,fear|joy|sadness,,,,emotion,baseline,brighter-eng,medium(8-39),0.6243,misclassified
emotion-te-01811,en-Latn,,,fear,fear|joy|sadness,,,,emotion,baseline,brighter-eng,medium(8-39),0.565,misclassified
emotion-te-01812,en-Latn,,,none,fear|joy|sadness,,,,emotion,baseline,brighter-eng,medium(8-39),0.7311,misclassified
emotion-te-01814,en-Latn,,,none,fear|surprise,,,,emotion,baseline,brighter-eng,medium(8-39),0.7663,misclassified
emotion-te-01815,en-Latn,,,surprise,fear|joy,,,,emotion,baseline,brighter-eng,medium(8-39),0.8005,misclassified
emotion-te-01816,en-Latn,,,joy,joy|sadness,,,,emotion,baseline,brighter-eng,medium(8-39),0.5277,misclassified
emotion-te-01817,en-Latn,,,joy,joy|surprise,,,,emotion,baseline,brighter-eng,short(<8),0.3805,misclassified
emotion-te-01818,en-Latn,,,fear|sadness,fear|sadness|surprise,,,,emotion,baseline,brighter-eng,short(<8),0.9531,misclassified
emotion-te-01819,en-Latn,,,surprise,fear|sadness|surprise,,,,emotion,baseline,brighter-eng,medium(8-39),0.6902,misclassified
emotion-te-01820,en-Latn,,,fear,fear|sadness,,,,emotion,baseline,brighter-eng,medium(8-39),0.9753,misclassified
emotion-te-01821,en-Latn,,,fear|surprise,none,,,,emotion,baseline,brighter-eng,medium(8-39),0.3274,misclassified
emotion-te-01822,en-Latn,,,joy|surprise,fear|joy|surprise,,,,emotion,baseline,brighter-eng,short(<8),0.7295,misclassified
emotion-te-01824,en-Latn,,,anger,fear|joy|surprise,,,,emotion,baseline,brighter-eng,medium(8-39),0.7343,misclassified
emotion-te-01825,en-Latn,,,joy,fear,,,,emotion,baseline,brighter-eng,medium(8-39),0.915,misclassified
emotion-te-01826,en-Latn,,,fear,fear|surprise,,,,emotion,baseline,brighter-eng,medium(8-39),0.8962,misclassified
emotion-te-01827,en-Latn,,,fear,joy,,,,emotion,baseline,brighter-eng,medium(8-39),0.7233,misclassified
emotion-te-01828,en-Latn,,,fear|surprise,fear|sadness|surprise,,,,emotion,baseline,brighter-eng,short(<8),0.9833,misclassified
emotion-te-01830,en-Latn,,,fear|surprise,none,,,,emotion,baseline,brighter-eng,medium(8-39),0.3981,misclassified
emotion-te-01831,en-Latn,,,fear|sadness,fear|joy,,,,emotion,baseline,brighter-eng,medium(8-39),0.6601,misclassified
emotion-te-01832,en-Latn,,,joy,fear|joy|sadness,,,,emotion,baseline,brighter-eng,medium(8-39),0.8064,misclassified
emotion-te-01833,en-Latn,,,fear|surprise,fear|sadness|surprise,,,,emotion,baseline,brighter-eng,medium(8-39),0.8945,misclassified
emotion-te-01834,en-Latn,,,fear|sadness,joy|sadness,,,,emotion,baseline,brighter-eng,medium(8-39),0.8225,misclassified
emotion-te-01835,en-Latn,,,surprise,fear|joy|surprise,,,,emotion,baseline,brighter-eng,medium(8-39),0.7886,misclassified
emotion-te-01836,en-Latn,,,none,fear,,,,emotion,baseline,brighter-eng,medium(8-39),0.86,misclassified
emotion-te-01837,en-Latn,,,fear|sadness,fear|joy|sadness,,,,emotion,baseline,brighter-eng,medium(8-39),0.7026,misclassified
emotion-te-01838,en-Latn,,,fear|sadness|surprise,fear|sadness,,,,emotion,baseline,brighter-eng,short(<8),0.962,misclassified
emotion-te-01839,en-Latn,,,fear,fear|surprise,,,,emotion,baseline,brighter-eng,medium(8-39),0.7135,misclassified
emotion-te-01840,en-Latn,,,joy,fear|sadness,,,,emotion,baseline,brighter-eng,medium(8-39),0.8027,misclassified
emotion-te-01842,en-Latn,,,fear,fear|sadness,,,,emotion,baseline,brighter-eng,medium(8-39),0.8435,misclassified
emotion-te-01843,en-Latn,,,fear|surprise,fear,,,,emotion,baseline,brighter-eng,short(<8),0.8133,misclassified
emotion-te-01844,en-Latn,,,fear,fear|sadness,,,,emotion,baseline,brighter-eng,medium(8-39),0.9482,misclassified
emotion-te-01845,en-Latn,,,none,fear|joy|surprise,,,,emotion,baseline,brighter-eng,medium(8-39),0.6102,misclassified
emotion-te-01847,en-Latn,,,none,fear|joy|sadness,,,,emotion,baseline,brighter-eng,medium(8-39),0.6104,misclassified
emotion-te-01848,en-Latn,,,surprise,fear|joy|surprise,,,,emotion,baseline,brighter-eng,medium(8-39),0.7065,misclassified
emotion-te-01849,en-Latn,,,joy|surprise,sadness|surprise,,,,emotion,baseline,brighter-eng,medium(8-39),0.8937,misclassified
emotion-te-01850,en-Latn,,,sadness,fear|sadness,,,,emotion,baseline,brighter-eng,medium(8-39),0.739,misclassified
emotion-te-01851,en-Latn,,,anger|fear|sadness,anger|fear|sadness|surprise,,,,emotion,baseline,brighter-eng,medium(8-39),0.6799,misclassified
emotion-te-01852,en-Latn,,,anger|fear,fear|joy|sadness|surprise,,,,emotion,baseline,brighter-eng,short(<8),0.8863,misclassified
emotion-te-01853,en-Latn,,,surprise,joy|surprise,,,,emotion,baseline,brighter-eng,short(<8),0.6751,misclassified
emotion-te-01854,en-Latn,,,anger|fear,joy|surprise,,,,emotion,baseline,brighter-eng,medium(8-39),0.4759,misclassified
emotion-te-01855,en-Latn,,,joy,fear|joy|surprise,,,,emotion,baseline,brighter-eng,medium(8-39),0.7074,misclassified
emotion-te-01856,en-Latn,,,fear|sadness,fear|sadness|surprise,,,,emotion,baseline,brighter-eng,long(40+),0.6615,misclassified
emotion-te-01857,en-Latn,,,fear,fear|joy|sadness,,,,emotion,baseline,brighter-eng,medium(8-39),0.6055,misclassified
emotion-te-01858,en-Latn,,,fear|surprise,fear|sadness|surprise,,,,emotion,baseline,brighter-eng,medium(8-39),0.5822,misclassified
emotion-te-01860,en-Latn,,,joy,fear|surprise,,,,emotion,baseline,brighter-eng,long(40+),0.7477,misclassified
emotion-te-01864,en-Latn,,,fear,fear|sadness,,,,emotion,baseline,brighter-eng,medium(8-39),0.9035,misclassified
emotion-te-01865,en-Latn,,,fear|surprise,fear|sadness|surprise,,,,emotion,baseline,brighter-eng,medium(8-39),0.7584,misclassified
emotion-te-01866,en-Latn,,,surprise,joy,,,,emotion,baseline,brighter-eng,short(<8),0.7177,misclassified
emotion-te-01868,en-Latn,,,anger|fear,fear|surprise,,,,emotion,baseline,brighter-eng,medium(8-39),0.9399,misclassified
emotion-te-01869,en-Latn,,,surprise,fear|surprise,,,,emotion,baseline,brighter-eng,medium(8-39),0.7543,misclassified
emotion-te-01870,en-Latn,,,joy|surprise,fear|sadness|surprise,,,,emotion,baseline,brighter-eng,medium(8-39),0.776,misclassified
emotion-te-01871,en-Latn,,,joy,joy|sadness,,,,emotion,baseline,brighter-eng,medium(8-39),0.8832,misclassified
emotion-te-01872,en-Latn,,,none,fear|sadness,,,,emotion,baseline,brighter-eng,medium(8-39),0.9746,misclassified
emotion-te-01873,en-Latn,,,joy,fear|joy,,,,emotion,baseline,brighter-eng,medium(8-39),0.7049,misclassified
emotion-te-01874,en-Latn,,,fear,fear|joy,,,,emotion,baseline,brighter-eng,medium(8-39),0.5935,misclassified
emotion-te-01876,en-Latn,,,fear|surprise,fear|joy|surprise,,,,emotion,baseline,brighter-eng,medium(8-39),0.6815,misclassified
emotion-te-01877,en-Latn,,,anger,joy|sadness|surprise,,,,emotion,baseline,brighter-eng,medium(8-39),0.8613,misclassified
emotion-te-01879,en-Latn,,,none,fear|sadness|surprise,,,,emotion,baseline,brighter-eng,short(<8),0.9652,misclassified
emotion-te-01880,en-Latn,,,fear|joy,anger|fear|sadness|surprise,,,,emotion,baseline,brighter-eng,medium(8-39),0.7301,misclassified
emotion-te-01881,en-Latn,,,fear|sadness,joy,,,,emotion,baseline,brighter-eng,medium(8-39),0.6457,misclassified
emotion-te-01882,en-Latn,,,fear|surprise,fear|sadness,,,,emotion,baseline,brighter-eng,short(<8),0.7562,misclassified
emotion-te-01883,en-Latn,,,none,anger|fear|joy|surprise,,,,emotion,baseline,brighter-eng,medium(8-39),0.7981,misclassified
emotion-te-01884,en-Latn,,,anger,anger|fear,,,,emotion,baseline,brighter-eng,medium(8-39),0.8102,misclassified
emotion-te-01885,en-Latn,,,joy,joy|surprise,,,,emotion,baseline,brighter-eng,medium(8-39),0.877,misclassified
emotion-te-01886,en-Latn,,,fear|surprise,anger|fear|sadness|surprise,,,,emotion,baseline,brighter-eng,short(<8),0.5519,misclassified
emotion-te-01887,en-Latn,,,none,fear|sadness,,,,emotion,baseline,brighter-eng,medium(8-39),0.9137,misclassified
emotion-te-01888,en-Latn,,,joy,fear,,,,emotion,baseline,brighter-eng,long(40+),0.6396,misclassified
emotion-te-01889,en-Latn,,,fear|sadness,none,,,,emotion,baseline,brighter-eng,medium(8-39),0.394,misclassified
emotion-te-01890,en-Latn,,,fear|surprise,fear|joy|surprise,,,,emotion,baseline,brighter-eng,short(<8),0.8624,misclassified
emotion-te-01892,en-Latn,,,surprise,fear|sadness|surprise,,,,emotion,baseline,brighter-eng,medium(8-39),0.7623,misclassified
emotion-te-01893,en-Latn,,,anger|surprise,anger|fear|sadness|surprise,,,,emotion,baseline,brighter-eng,medium(8-39),0.6897,misclassified
emotion-te-01894,en-Latn,,,joy,fear|sadness|surprise,,,,emotion,baseline,brighter-eng,short(<8),0.449,misclassified
emotion-te-01896,en-Latn,,,joy,fear|joy|sadness,,,,emotion,baseline,brighter-eng,medium(8-39),0.6188,misclassified
emotion-te-01897,en-Latn,,,anger|fear|sadness|surprise,fear|sadness|surprise,,,,emotion,baseline,brighter-eng,medium(8-39),0.7934,misclassified
emotion-te-01898,en-Latn,,,surprise,fear|surprise,,,,emotion,baseline,brighter-eng,medium(8-39),0.8826,misclassified
emotion-te-01899,en-Latn,,,fear|sadness,joy|sadness,,,,emotion,baseline,brighter-eng,medium(8-39),0.7691,misclassified
emotion-te-01900,en-Latn,,,fear,fear|joy|sadness,,,,emotion,baseline,brighter-eng,medium(8-39),0.6955,misclassified
emotion-te-01901,en-Latn,,,joy,fear,,,,emotion,baseline,brighter-eng,medium(8-39),0.9352,misclassified
emotion-te-01902,en-Latn,,,none,joy,,,,emotion,baseline,brighter-eng,medium(8-39),0.6982,misclassified
emotion-te-01903,en-Latn,,,fear|surprise,fear|sadness|surprise,,,,emotion,baseline,brighter-eng,medium(8-39),0.9452,misclassified
emotion-te-01904,en-Latn,,,fear,fear|sadness,,,,emotion,baseline,brighter-eng,medium(8-39),0.8353,misclassified
emotion-te-01905,en-Latn,,,anger|fear|sadness,fear|sadness|surprise,,,,emotion,baseline,brighter-eng,short(<8),0.6715,misclassified
emotion-te-01906,en-Latn,,,none,fear,,,,emotion,baseline,brighter-eng,medium(8-39),0.4821,misclassified
emotion-te-01907,en-Latn,,,fear|surprise,fear|sadness|surprise,,,,emotion,baseline,brighter-eng,medium(8-39),0.9367,misclassified
emotion-te-01908,en-Latn,,,fear,fear|joy|surprise,,,,emotion,baseline,brighter-eng,medium(8-39),0.7505,misclassified
emotion-te-01909,en-Latn,,,anger|joy,anger|fear|sadness|surprise,,,,emotion,baseline,brighter-eng,short(<8),0.848,misclassified
emotion-te-01910,en-Latn,,,anger|fear|surprise,fear|surprise,,,,emotion,baseline,brighter-eng,short(<8),0.7547,misclassified
emotion-te-01911,en-Latn,,,anger,joy,,,,emotion,baseline,brighter-eng,short(<8),0.5281,misclassified
emotion-te-01912,en-Latn,,,joy|surprise,fear|surprise,,,,emotion,baseline,brighter-eng,short(<8),0.5899,misclassified
emotion-te-01913,en-Latn,,,surprise,joy|sadness,,,,emotion,baseline,brighter-eng,short(<8),0.4324,misclassified
emotion-te-01914,en-Latn,,,none,fear,,,,emotion,baseline,brighter-eng,medium(8-39),0.5982,misclassified
emotion-te-01915,en-Latn,,,fear|surprise,fear|sadness|surprise,,,,emotion,baseline,brighter-eng,medium(8-39),0.8387,misclassified
emotion-te-01917,en-Latn,,,sadness,fear|sadness,,,,emotion,baseline,brighter-eng,medium(8-39),0.8588,misclassified
emotion-te-01918,en-Latn,,,joy|sadness,fear|sadness|surprise,,,,emotion,baseline,brighter-eng,medium(8-39),0.8485,misclassified
emotion-te-01919,en-Latn,,,none,fear|sadness,,,,emotion,baseline,brighter-eng,medium(8-39),0.7039,misclassified
emotion-te-01920,en-Latn,,,fear,fear|sadness|surprise,,,,emotion,baseline,brighter-eng,long(40+),0.9549,misclassified
emotion-te-01921,en-Latn,,,fear|sadness|surprise,sadness|surprise,,,,emotion,baseline,brighter-eng,medium(8-39),0.7098,misclassified
emotion-te-01923,en-Latn,,,fear|sadness|surprise,fear|joy|surprise,,,,emotion,baseline,brighter-eng,medium(8-39),0.9412,misclassified
emotion-te-01924,en-Latn,,,joy,fear|sadness,,,,emotion,baseline,brighter-eng,medium(8-39),0.847,misclassified
emotion-te-01925,en-Latn,,,none,fear|surprise,,,,emotion,baseline,brighter-eng,short(<8),0.884,misclassified
emotion-te-01926,en-Latn,,,joy,anger|fear|sadness,,,,emotion,baseline,brighter-eng,medium(8-39),0.8387,misclassified
emotion-te-01927,en-Latn,,,surprise,fear|joy|surprise,,,,emotion,baseline,brighter-eng,medium(8-39),0.6847,misclassified
emotion-te-01929,en-Latn,,,anger|fear,fear,,,,emotion,baseline,brighter-eng,medium(8-39),0.8016,misclassified
emotion-te-01930,en-Latn,,,fear|sadness|surprise,fear|joy|sadness|surprise,,,,emotion,baseline,brighter-eng,medium(8-39),0.8127,misclassified
emotion-te-01931,en-Latn,,,joy,fear|joy,,,,emotion,baseline,brighter-eng,medium(8-39),0.6941,misclassified
emotion-te-01932,en-Latn,,,none,fear|joy,,,,emotion,baseline,brighter-eng,short(<8),0.535,misclassified
emotion-te-01933,en-Latn,,,fear|sadness,fear|joy|sadness,,,,emotion,baseline,brighter-eng,medium(8-39),0.7975,misclassified
emotion-te-01934,en-Latn,,,fear|joy|sadness,surprise,,,,emotion,baseline,brighter-eng,medium(8-39),0.3656,misclassified
emotion-te-01935,en-Latn,,,anger|fear|sadness,fear|sadness|surprise,,,,emotion,baseline,brighter-eng,medium(8-39),0.7491,misclassified
emotion-te-01936,en-Latn,,,fear|surprise,none,,,,emotion,baseline,brighter-eng,short(<8),0.3038,misclassified
emotion-te-01937,en-Latn,,,anger,fear|surprise,,,,emotion,baseline,brighter-eng,short(<8),0.7768,misclassified
emotion-te-01938,en-Latn,,,anger|fear|surprise,surprise,,,,emotion,baseline,brighter-eng,short(<8),0.607,misclassified
emotion-te-01939,en-Latn,,,joy,fear|joy|sadness,,,,emotion,baseline,brighter-eng,medium(8-39),0.628,misclassified
emotion-te-01940,en-Latn,,,sadness|surprise,fear|joy,,,,emotion,baseline,brighter-eng,short(<8),0.7564,misclassified
emotion-te-01941,en-Latn,,,joy,fear|joy|sadness,,,,emotion,baseline,brighter-eng,medium(8-39),0.7485,misclassified
emotion-te-01942,en-Latn,,,fear|surprise,fear|sadness,,,,emotion,baseline,brighter-eng,medium(8-39),0.6751,misclassified
emotion-te-01943,en-Latn,,,none,fear|sadness|surprise,,,,emotion,baseline,brighter-eng,short(<8),0.6999,misclassified
emotion-te-01944,en-Latn,,,fear|joy,fear,,,,emotion,baseline,brighter-eng,medium(8-39),0.9542,misclassified
emotion-te-01945,en-Latn,,,fear,fear|sadness,,,,emotion,baseline,brighter-eng,medium(8-39),0.4658,misclassified
emotion-te-01946,en-Latn,,,fear|surprise,none,,,,emotion,baseline,brighter-eng,short(<8),0.395,misclassified
emotion-te-01947,en-Latn,,,fear,fear|sadness,,,,emotion,baseline,brighter-eng,medium(8-39),0.8822,misclassified
emotion-te-01948,en-Latn,,,fear,joy,,,,emotion,baseline,brighter-eng,medium(8-39),0.9292,misclassified
emotion-te-01949,en-Latn,,,fear,fear|joy,,,,emotion,baseline,brighter-eng,medium(8-39),0.6844,misclassified
emotion-te-01950,en-Latn,,,fear|sadness,fear|joy|sadness,,,,emotion,baseline,brighter-eng,medium(8-39),0.7809,misclassified
emotion-te-01952,en-Latn,,,joy|surprise,fear|joy|sadness,,,,emotion,baseline,brighter-eng,medium(8-39),0.5974,misclassified
emotion-te-01953,en-Latn,,,fear|surprise,fear|sadness|surprise,,,,emotion,baseline,brighter-eng,short(<8),0.7727,misclassified
emotion-te-01954,en-Latn,,,anger|fear|sadness|surprise,fear|joy|surprise,,,,emotion,baseline,brighter-eng,medium(8-39),0.6178,misclassified
emotion-te-01955,en-Latn,,,none,fear|sadness,,,,emotion,baseline,brighter-eng,medium(8-39),0.681,misclassified
emotion-te-01957,en-Latn,,,surprise,joy|surprise,,,,emotion,baseline,brighter-eng,medium(8-39),0.7543,misclassified
emotion-te-01958,en-Latn,,,joy,fear,,,,emotion,baseline,brighter-eng,short(<8),0.4519,misclassified
emotion-te-01959,en-Latn,,,fear|sadness|surprise,fear|sadness,,,,emotion,baseline,brighter-eng,medium(8-39),0.9218,misclassified
emotion-te-01960,en-Latn,,,anger|fear|sadness,fear|joy,,,,emotion,baseline,brighter-eng,medium(8-39),0.751,misclassified
emotion-te-01961,en-Latn,,,joy|surprise,fear|joy|surprise,,,,emotion,baseline,brighter-eng,medium(8-39),0.724,misclassified
emotion-te-01962,en-Latn,,,fear|sadness,joy,,,,emotion,baseline,brighter-eng,medium(8-39),0.7103,misclassified
emotion-te-01965,en-Latn,,,anger|fear,fear|sadness,,,,emotion,baseline,brighter-eng,medium(8-39),0.8056,misclassified
emotion-te-01966,en-Latn,,,none,fear|joy,,,,emotion,baseline,brighter-eng,medium(8-39),0.7526,misclassified
emotion-te-01967,en-Latn,,,none,fear|joy|surprise,,,,emotion,baseline,brighter-eng,short(<8),0.6357,misclassified
emotion-te-01968,en-Latn,,,anger|fear,fear|sadness|surprise,,,,emotion,baseline,brighter-eng,medium(8-39),0.9751,misclassified
emotion-te-01971,en-Latn,,,fear|sadness|surprise,fear|joy|sadness|surprise,,,,emotion,baseline,brighter-eng,long(40+),0.9226,misclassified
emotion-te-01972,en-Latn,,,fear|sadness,fear|sadness|surprise,,,,emotion,baseline,brighter-eng,medium(8-39),0.8977,misclassified
emotion-te-01973,en-Latn,,,sadness,fear|sadness,,,,emotion,baseline,brighter-eng,medium(8-39),0.9642,misclassified
emotion-te-01975,en-Latn,,,fear|sadness,fear|joy|sadness,,,,emotion,baseline,brighter-eng,short(<8),0.6168,misclassified
emotion-te-01976,en-Latn,,,none,joy,,,,emotion,baseline,brighter-eng,medium(8-39),0.6928,misclassified
emotion-te-01977,en-Latn,,,anger|fear|surprise,fear|sadness|surprise,,,,emotion,baseline,brighter-eng,medium(8-39),0.9248,misclassified
emotion-te-01978,en-Latn,,,fear|sadness,anger|fear|sadness,,,,emotion,baseline,brighter-eng,short(<8),0.8963,misclassified
emotion-te-01979,en-Latn,,,joy,fear|sadness|surprise,,,,emotion,baseline,brighter-eng,short(<8),0.8354,misclassified
emotion-te-01980,en-Latn,,,joy,fear|joy,,,,emotion,baseline,brighter-eng,medium(8-39),0.5078,misclassified
emotion-te-01981,en-Latn,,,fear|sadness,fear|sadness|surprise,,,,emotion,baseline,brighter-eng,short(<8),0.9209,misclassified
emotion-te-01982,en-Latn,,,none,sadness,,,,emotion,baseline,brighter-eng,short(<8),0.5996,misclassified
emotion-te-01983,en-Latn,,,fear|sadness,fear,,,,emotion,baseline,brighter-eng,medium(8-39),0.7576,misclassified
emotion-te-01984,en-Latn,,,fear|surprise,surprise,,,,emotion,baseline,brighter-eng,short(<8),0.4616,misclassified
emotion-te-01985,en-Latn,,,fear|joy|surprise,fear|joy|sadness|surprise,,,,emotion,baseline,brighter-eng,medium(8-39),0.9728,misclassified
emotion-te-01986,en-Latn,,,anger|fear|surprise,fear|sadness,,,,emotion,baseline,brighter-eng,medium(8-39),0.7898,misclassified
emotion-te-01987,en-Latn,,,fear|surprise,anger|joy|sadness|surprise,,,,emotion,baseline,brighter-eng,short(<8),0.6267,misclassified
emotion-te-01988,en-Latn,,,anger|fear|sadness,fear|surprise,,,,emotion,baseline,brighter-eng,short(<8),0.8526,misclassified
emotion-te-01989,en-Latn,,,fear,fear|sadness,,,,emotion,baseline,brighter-eng,medium(8-39),0.8979,misclassified
emotion-te-01990,en-Latn,,,surprise,joy|sadness|surprise,,,,emotion,baseline,brighter-eng,medium(8-39),0.5727,misclassified
emotion-te-01992,en-Latn,,,anger|joy|surprise,anger|fear,,,,emotion,baseline,brighter-eng,short(<8),0.9834,misclassified
emotion-te-01993,en-Latn,,,joy,fear|joy,,,,emotion,baseline,brighter-eng,medium(8-39),0.7805,misclassified
emotion-te-01994,en-Latn,,,joy,fear|joy|surprise,,,,emotion,baseline,brighter-eng,medium(8-39),0.6929,misclassified
emotion-te-01995,en-Latn,,,fear|sadness,fear|surprise,,,,emotion,baseline,brighter-eng,medium(8-39),0.6168,misclassified
emotion-te-01996,en-Latn,,,fear,fear|joy,,,,emotion,baseline,brighter-eng,medium(8-39),0.7213,misclassified
emotion-te-01997,en-Latn,,,none,fear|sadness,,,,emotion,baseline,brighter-eng,short(<8),0.6121,misclassified
emotion-te-01998,en-Latn,,,fear|sadness,sadness,,,,emotion,baseline,brighter-eng,medium(8-39),0.7448,misclassified
emotion-te-01999,en-Latn,,,joy|surprise,fear|sadness|surprise,,,,emotion,baseline,brighter-eng,medium(8-39),0.948,misclassified
emotion-te-02000,en-Latn,,,joy,joy|surprise,,,,emotion,baseline,brighter-eng,short(<8),0.9584,misclassified
emotion-te-02001,en-Latn,,,fear|surprise,fear|sadness|surprise,,,,emotion,baseline,brighter-eng,short(<8),0.9665,misclassified
emotion-te-02002,en-Latn,,,fear,fear|sadness,,,,emotion,baseline,brighter-eng,short(<8),0.7516,misclassified
emotion-te-02003,en-Latn,,,fear|surprise,fear|sadness|surprise,,,,emotion,baseline,brighter-eng,medium(8-39),0.8709,misclassified
emotion-te-02004,en-Latn,,,none,fear|joy,,,,emotion,baseline,brighter-eng,medium(8-39),0.613,misclassified
emotion-te-02005,en-Latn,,,fear|sadness,fear|surprise,,,,emotion,baseline,brighter-eng,short(<8),0.8477,misclassified
emotion-te-02006,en-Latn,,,fear|surprise,fear|joy|surprise,,,,emotion,baseline,brighter-eng,medium(8-39),0.8302,misclassified
emotion-te-02007,en-Latn,,,sadness,fear|sadness|surprise,,,,emotion,baseline,brighter-eng,medium(8-39),0.9448,misclassified
emotion-te-02008,en-Latn,,,anger|joy,fear|joy|sadness,,,,emotion,baseline,brighter-eng,long(40+),0.8504,misclassified
emotion-te-02009,en-Latn,,,none,fear|joy|sadness,,,,emotion,baseline,brighter-eng,medium(8-39),0.5688,misclassified
emotion-te-02010,en-Latn,,,fear,fear|joy|sadness,,,,emotion,baseline,brighter-eng,long(40+),0.874,misclassified
emotion-te-02011,en-Latn,,,anger|fear|sadness,anger|fear|sadness|surprise,,,,emotion,baseline,brighter-eng,medium(8-39),0.8988,misclassified
emotion-te-02012,en-Latn,,,joy|sadness,fear|joy|sadness,,,,emotion,baseline,brighter-eng,medium(8-39),0.6097,misclassified
emotion-te-02014,en-Latn,,,fear|sadness|surprise,fear|joy,,,,emotion,baseline,brighter-eng,medium(8-39),0.7904,misclassified
emotion-te-02016,en-Latn,,,joy,fear|joy|sadness,,,,emotion,baseline,brighter-eng,medium(8-39),0.4972,misclassified
emotion-te-02018,en-Latn,,,fear|sadness,fear|sadness|surprise,,,,emotion,baseline,brighter-eng,short(<8),0.9577,misclassified
emotion-te-02019,en-Latn,,,fear,fear|joy,,,,emotion,baseline,brighter-eng,medium(8-39),0.5786,misclassified
emotion-te-02021,en-Latn,,,joy,fear|joy|sadness,,,,emotion,baseline,brighter-eng,medium(8-39),0.7845,misclassified
emotion-te-02022,en-Latn,,,none,fear|sadness,,,,emotion,baseline,brighter-eng,short(<8),0.5971,misclassified
emotion-te-02023,en-Latn,,,fear|sadness,joy|sadness,,,,emotion,baseline,brighter-eng,medium(8-39),0.7352,misclassified
emotion-te-02024,en-Latn,,,joy,fear|joy|surprise,,,,emotion,baseline,brighter-eng,medium(8-39),0.7949,misclassified
emotion-te-02025,en-Latn,,,anger,fear,,,,emotion,baseline,brighter-eng,medium(8-39),0.8641,misclassified
emotion-te-02026,en-Latn,,,fear|surprise,fear|sadness,,,,emotion,baseline,brighter-eng,medium(8-39),0.7605,misclassified
emotion-te-02027,en-Latn,,,anger|surprise,fear|joy|surprise,,,,emotion,baseline,brighter-eng,medium(8-39),0.8837,misclassified
emotion-te-02028,en-Latn,,,joy,fear|joy|surprise,,,,emotion,baseline,brighter-eng,medium(8-39),0.5502,misclassified
emotion-te-02029,en-Latn,,,joy,joy|surprise,,,,emotion,baseline,brighter-eng,medium(8-39),0.7672,misclassified
emotion-te-02030,en-Latn,,,anger|fear|sadness,fear|surprise,,,,emotion,baseline,brighter-eng,short(<8),0.8766,misclassified
emotion-te-02031,en-Latn,,,fear|sadness|surprise,fear|joy|surprise,,,,emotion,baseline,brighter-eng,short(<8),0.9145,misclassified
emotion-te-02032,en-Latn,,,joy,none,,,,emotion,baseline,brighter-eng,medium(8-39),0.3949,misclassified
emotion-te-02035,en-Latn,,,joy,none,,,,emotion,baseline,brighter-eng,medium(8-39),0.3885,misclassified
emotion-te-02036,en-Latn,,,fear|sadness,joy,,,,emotion,baseline,brighter-eng,medium(8-39),0.457,misclassified
emotion-te-02037,en-Latn,,,joy,fear|sadness|surprise,,,,emotion,baseline,brighter-eng,short(<8),0.5336,misclassified
emotion-te-02038,en-Latn,,,joy,joy|sadness|surprise,,,,emotion,baseline,brighter-eng,medium(8-39),0.5465,misclassified
emotion-te-02039,en-Latn,,,anger|fear|sadness,fear|joy,,,,emotion,baseline,brighter-eng,medium(8-39),0.7782,misclassified
emotion-te-02040,en-Latn,,,joy,joy|surprise,,,,emotion,baseline,brighter-eng,medium(8-39),0.7923,misclassified
emotion-te-02041,en-Latn,,,anger|fear|surprise,fear|surprise,,,,emotion,baseline,brighter-eng,short(<8),0.9138,misclassified
emotion-te-02042,en-Latn,,,anger,joy|sadness,,,,emotion,baseline,brighter-eng,medium(8-39),0.5684,misclassified
emotion-te-02043,en-Latn,,,fear|sadness,fear,,,,emotion,baseline,brighter-eng,medium(8-39),0.8229,misclassified
emotion-te-02044,en-Latn,,,joy,joy|surprise,,,,emotion,baseline,brighter-eng,short(<8),0.5965,misclassified
emotion-te-02045,en-Latn,,,none,fear|joy,,,,emotion,baseline,brighter-eng,medium(8-39),0.4427,misclassified
emotion-te-02047,en-Latn,,,joy|surprise,fear|joy|sadness,,,,emotion,baseline,brighter-eng,medium(8-39),0.8353,misclassified
emotion-te-02048,en-Latn,,,joy,fear|joy|sadness,,,,emotion,baseline,brighter-eng,medium(8-39),0.7134,misclassified
emotion-te-02049,en-Latn,,,sadness,fear|sadness,,,,emotion,baseline,brighter-eng,medium(8-39),0.9602,misclassified
emotion-te-02051,en-Latn,,,fear|surprise,fear|sadness|surprise,,,,emotion,baseline,brighter-eng,medium(8-39),0.9617,misclassified
emotion-te-02052,en-Latn,,,joy,fear|joy,,,,emotion,baseline,brighter-eng,medium(8-39),0.5479,misclassified
emotion-te-02053,en-Latn,,,none,surprise,,,,emotion,baseline,brighter-eng,short(<8),0.4086,misclassified
emotion-te-02054,en-Latn,,,fear|surprise,fear|sadness,,,,emotion,baseline,brighter-eng,medium(8-39),0.9441,misclassified
emotion-te-02056,en-Latn,,,none,fear|sadness,,,,emotion,baseline,brighter-eng,medium(8-39),0.7801,misclassified
emotion-te-02057,en-Latn,,,anger|fear|surprise,anger|fear|sadness|surprise,,,,emotion,baseline,brighter-eng,short(<8),0.8873,misclassified
emotion-te-02058,en-Latn,,,fear,fear|joy,,,,emotion,baseline,brighter-eng,medium(8-39),0.7842,misclassified
emotion-te-02059,en-Latn,,,none,fear|sadness,,,,emotion,baseline,brighter-eng,short(<8),0.5928,misclassified
emotion-te-02060,en-Latn,,,anger,anger|fear|sadness,,,,emotion,baseline,brighter-eng,short(<8),0.81,misclassified
emotion-te-02061,en-Latn,,,joy,joy|sadness,,,,emotion,baseline,brighter-eng,medium(8-39),0.87,misclassified
emotion-te-02062,en-Latn,,,fear,joy,,,,emotion,baseline,brighter-eng,medium(8-39),0.31,misclassified
emotion-te-02063,en-Latn,,,fear|sadness,joy|sadness,,,,emotion,baseline,brighter-eng,medium(8-39),0.6963,misclassified
emotion-te-02064,en-Latn,,,sadness,fear|sadness,,,,emotion,baseline,brighter-eng,short(<8),0.8397,misclassified
emotion-te-02065,en-Latn,,,fear|sadness,fear|joy|sadness,,,,emotion,baseline,brighter-eng,medium(8-39),0.5696,misclassified
emotion-te-02067,en-Latn,,,none,fear|joy,,,,emotion,baseline,brighter-eng,short(<8),0.779,misclassified
emotion-te-02069,en-Latn,,,sadness,fear|surprise,,,,emotion,baseline,brighter-eng,short(<8),0.6458,misclassified
emotion-te-02071,en-Latn,,,fear,fear|sadness|surprise,,,,emotion,baseline,brighter-eng,medium(8-39),0.81,misclassified
emotion-te-02072,en-Latn,,,fear,fear|sadness,,,,emotion,baseline,brighter-eng,short(<8),0.8246,misclassified
emotion-te-02074,en-Latn,,,fear,fear|joy|sadness,,,,emotion,baseline,brighter-eng,medium(8-39),0.7762,misclassified
emotion-te-02075,en-Latn,,,fear|surprise,fear|sadness|surprise,,,,emotion,baseline,brighter-eng,short(<8),0.9661,misclassified
emotion-te-02076,en-Latn,,,fear|sadness,fear|surprise,,,,emotion,baseline,brighter-eng,medium(8-39),0.9125,misclassified
emotion-te-02078,en-Latn,,,fear|sadness,anger|joy|surprise,,,,emotion,baseline,brighter-eng,medium(8-39),0.8054,misclassified
emotion-te-02079,en-Latn,,,anger|fear,fear|sadness|surprise,,,,emotion,baseline,brighter-eng,medium(8-39),0.9213,misclassified
emotion-te-02080,en-Latn,,,joy,fear|joy|sadness|surprise,,,,emotion,baseline,brighter-eng,medium(8-39),0.5901,misclassified
emotion-te-02081,en-Latn,,,fear|sadness,fear|joy,,,,emotion,baseline,brighter-eng,medium(8-39),0.5341,misclassified
emotion-te-02082,en-Latn,,,joy,joy|surprise,,,,emotion,baseline,brighter-eng,medium(8-39),0.601,misclassified
emotion-te-02083,en-Latn,,,fear|sadness,fear|surprise,,,,emotion,baseline,brighter-eng,medium(8-39),0.8878,misclassified
emotion-te-02084,en-Latn,,,sadness,sadness|surprise,,,,emotion,baseline,brighter-eng,short(<8),0.7806,misclassified
emotion-te-02085,en-Latn,,,fear|surprise,anger|fear|surprise,,,,emotion,baseline,brighter-eng,short(<8),0.7822,misclassified
emotion-te-02086,en-Latn,,,fear|sadness,fear|joy|surprise,,,,emotion,baseline,brighter-eng,long(40+),0.6883,misclassified
emotion-te-02087,en-Latn,,,fear|sadness,fear|sadness|surprise,,,,emotion,baseline,brighter-eng,medium(8-39),0.9717,misclassified
emotion-te-02088,en-Latn,,,joy,fear|joy|sadness|surprise,,,,emotion,baseline,brighter-eng,medium(8-39),0.5569,misclassified
emotion-te-02089,en-Latn,,,anger|fear|surprise,fear,,,,emotion,baseline,brighter-eng,medium(8-39),0.7312,misclassified
emotion-te-02090,en-Latn,,,anger|fear|surprise,fear|sadness|surprise,,,,emotion,baseline,brighter-eng,medium(8-39),0.747,misclassified
emotion-te-02092,en-Latn,,,joy,fear|sadness,,,,emotion,baseline,brighter-eng,medium(8-39),0.7186,misclassified
emotion-te-02094,en-Latn,,,anger,none,,,,emotion,baseline,brighter-eng,medium(8-39),0.3014,misclassified
emotion-te-02095,en-Latn,,,none,fear|sadness|surprise,,,,emotion,baseline,brighter-eng,short(<8),0.4502,misclassified
emotion-te-02096,en-Latn,,,fear|sadness|surprise,fear|surprise,,,,emotion,baseline,brighter-eng,medium(8-39),0.7577,misclassified
emotion-te-02097,en-Latn,,,anger|fear,fear|sadness,,,,emotion,baseline,brighter-eng,medium(8-39),0.9272,misclassified
emotion-te-02098,en-Latn,,,fear|sadness,fear|sadness|surprise,,,,emotion,baseline,brighter-eng,medium(8-39),0.9691,misclassified
emotion-te-02100,en-Latn,,,joy,fear,,,,emotion,baseline,brighter-eng,medium(8-39),0.6094,misclassified
emotion-te-02102,en-Latn,,,anger|fear|sadness|surprise,fear|sadness|surprise,,,,emotion,baseline,brighter-eng,medium(8-39),0.9143,misclassified
emotion-te-02103,en-Latn,,,joy,fear|joy|surprise,,,,emotion,baseline,brighter-eng,short(<8),0.9234,misclassified
emotion-te-02104,en-Latn,,,none,anger|fear|sadness|surprise,,,,emotion,baseline,brighter-eng,medium(8-39),0.8671,misclassified
emotion-te-02105,en-Latn,,,fear|sadness,fear|sadness|surprise,,,,emotion,baseline,brighter-eng,medium(8-39),0.9788,misclassified
emotion-te-02106,en-Latn,,,surprise,fear|sadness,,,,emotion,baseline,brighter-eng,medium(8-39),0.7322,misclassified
emotion-te-02108,en-Latn,,,fear|surprise,joy|surprise,,,,emotion,baseline,brighter-eng,medium(8-39),0.8062,misclassified
emotion-te-02109,en-Latn,,,fear|sadness,fear|sadness|surprise,,,,emotion,baseline,brighter-eng,medium(8-39),0.9927,misclassified
emotion-te-02111,en-Latn,,,fear,fear|sadness,,,,emotion,baseline,brighter-eng,medium(8-39),0.8511,misclassified
emotion-te-02113,en-Latn,,,fear|sadness,fear|joy,,,,emotion,baseline,brighter-eng,medium(8-39),0.8239,misclassified
emotion-te-02114,en-Latn,,,fear|joy,joy|sadness|surprise,,,,emotion,baseline,brighter-eng,medium(8-39),0.7889,misclassified
emotion-te-02115,en-Latn,,,fear,fear|sadness,,,,emotion,baseline,brighter-eng,medium(8-39),0.5888,misclassified
emotion-te-02116,en-Latn,,,anger|fear|sadness,fear,,,,emotion,baseline,brighter-eng,medium(8-39),0.9363,misclassified
emotion-te-02117,en-Latn,,,fear|sadness,fear|surprise,,,,emotion,baseline,brighter-eng,medium(8-39),0.6993,misclassified
emotion-te-02118,en-Latn,,,none,fear|joy|surprise,,,,emotion,baseline,brighter-eng,medium(8-39),0.9173,misclassified
emotion-te-02120,en-Latn,,,none,joy,,,,emotion,baseline,brighter-eng,short(<8),0.5256,misclassified
emotion-te-02121,en-Latn,,,joy,joy|surprise,,,,emotion,baseline,brighter-eng,medium(8-39),0.7911,misclassified
emotion-te-02122,en-Latn,,,fear|sadness,fear|sadness|surprise,,,,emotion,baseline,brighter-eng,medium(8-39),0.9421,misclassified
emotion-te-02123,en-Latn,,,none,fear|surprise,,,,emotion,baseline,brighter-eng,short(<8),0.5244,misclassified
emotion-te-02124,en-Latn,,,anger|fear|surprise,fear|joy|sadness|surprise,,,,emotion,baseline,brighter-eng,medium(8-39),0.8365,misclassified
emotion-te-02129,en-Latn,,,fear|sadness|surprise,fear|surprise,,,,emotion,baseline,brighter-eng,medium(8-39),0.8549,misclassified
emotion-te-02130,en-Latn,,,joy,fear|joy|sadness,,,,emotion,baseline,brighter-eng,medium(8-39),0.7179,misclassified
emotion-te-02131,en-Latn,,,none,fear|surprise,,,,emotion,baseline,brighter-eng,short(<8),0.7131,misclassified
emotion-te-02133,en-Latn,,,none,fear|sadness|surprise,,,,emotion,baseline,brighter-eng,medium(8-39),0.7184,misclassified
emotion-te-02134,en-Latn,,,joy|sadness,fear|joy|sadness,,,,emotion,baseline,brighter-eng,medium(8-39),0.7202,misclassified
emotion-te-02135,en-Latn,,,sadness,joy|sadness,,,,emotion,baseline,brighter-eng,medium(8-39),0.8028,misclassified
emotion-te-02136,en-Latn,,,joy,fear|sadness|surprise,,,,emotion,baseline,brighter-eng,medium(8-39),0.6321,misclassified
emotion-te-02137,en-Latn,,,joy|surprise,fear|joy|surprise,,,,emotion,baseline,brighter-eng,medium(8-39),0.7493,misclassified
emotion-te-02138,en-Latn,,,joy,fear|joy|sadness|surprise,,,,emotion,baseline,brighter-eng,long(40+),0.9064,misclassified
emotion-te-02140,en-Latn,,,fear|sadness,fear|sadness|surprise,,,,emotion,baseline,brighter-eng,medium(8-39),0.8683,misclassified
emotion-te-02141,en-Latn,,,fear|sadness,fear|surprise,,,,emotion,baseline,brighter-eng,medium(8-39),0.817,misclassified
emotion-te-02142,en-Latn,,,joy,fear|joy|surprise,,,,emotion,baseline,brighter-eng,medium(8-39),0.5737,misclassified
emotion-te-02143,en-Latn,,,joy,joy|surprise,,,,emotion,baseline,brighter-eng,medium(8-39),0.8458,misclassified
emotion-te-02144,en-Latn,,,joy|surprise,fear|joy|sadness|surprise,,,,emotion,baseline,brighter-eng,short(<8),0.8199,misclassified
emotion-te-02145,en-Latn,,,none,fear|joy|sadness,,,,emotion,baseline,brighter-eng,medium(8-39),0.6124,misclassified
emotion-te-02146,en-Latn,,,fear|sadness,fear|sadness|surprise,,,,emotion,baseline,brighter-eng,medium(8-39),0.8056,misclassified
emotion-te-02147,en-Latn,,,fear,fear|joy|sadness|surprise,,,,emotion,baseline,brighter-eng,medium(8-39),0.7321,misclassified
emotion-te-02148,en-Latn,,,fear|surprise,surprise,,,,emotion,baseline,brighter-eng,medium(8-39),0.8642,misclassified
emotion-te-02151,en-Latn,,,sadness,fear|sadness|surprise,,,,emotion,baseline,brighter-eng,medium(8-39),0.8781,misclassified
emotion-te-02152,en-Latn,,,sadness,fear|sadness,,,,emotion,baseline,brighter-eng,medium(8-39),0.9286,misclassified
emotion-te-02154,en-Latn,,,surprise,fear|joy|sadness|surprise,,,,emotion,baseline,brighter-eng,medium(8-39),0.6234,misclassified
emotion-te-02155,en-Latn,,,surprise,fear|surprise,,,,emotion,baseline,brighter-eng,medium(8-39),0.5596,misclassified
emotion-te-02157,en-Latn,,,anger|fear,anger|fear|surprise,,,,emotion,baseline,brighter-eng,medium(8-39),0.605,misclassified
emotion-te-02158,en-Latn,,,joy,joy|sadness,,,,emotion,baseline,brighter-eng,medium(8-39),0.535,misclassified
emotion-te-02159,en-Latn,,,fear|surprise,fear|joy|sadness|surprise,,,,emotion,baseline,brighter-eng,medium(8-39),0.9025,misclassified
emotion-te-02160,en-Latn,,,fear|surprise,fear|sadness|surprise,,,,emotion,baseline,brighter-eng,medium(8-39),0.7915,misclassified
emotion-te-02161,en-Latn,,,joy,fear|joy,,,,emotion,baseline,brighter-eng,medium(8-39),0.6652,misclassified
emotion-te-02162,en-Latn,,,anger,fear|joy,,,,emotion,baseline,brighter-eng,medium(8-39),0.7181,misclassified
emotion-te-02165,en-Latn,,,fear|sadness,fear,,,,emotion,baseline,brighter-eng,short(<8),0.4037,misclassified
emotion-te-02166,en-Latn,,,surprise,fear|surprise,,,,emotion,baseline,brighter-eng,medium(8-39),0.6317,misclassified
emotion-te-02167,en-Latn,,,fear|sadness|surprise,fear|joy|surprise,,,,emotion,baseline,brighter-eng,short(<8),0.5748,misclassified
emotion-te-02168,en-Latn,,,anger|fear,fear|sadness|surprise,,,,emotion,baseline,brighter-eng,medium(8-39),0.6518,misclassified
emotion-te-02169,en-Latn,,,fear|surprise,sadness|surprise,,,,emotion,baseline,brighter-eng,medium(8-39),0.5495,misclassified
emotion-te-02174,en-Latn,,,joy|surprise,fear|joy|surprise,,,,emotion,baseline,brighter-eng,medium(8-39),0.7505,misclassified
emotion-te-02175,en-Latn,,,surprise,sadness|surprise,,,,emotion,baseline,brighter-eng,medium(8-39),0.5054,misclassified
emotion-te-02176,en-Latn,,,fear|surprise,fear|sadness|surprise,,,,emotion,baseline,brighter-eng,medium(8-39),0.973,misclassified
emotion-te-02178,en-Latn,,,fear|sadness|surprise,joy|sadness|surprise,,,,emotion,baseline,brighter-eng,medium(8-39),0.761,misclassified
emotion-te-02180,en-Latn,,,joy,fear|joy|sadness,,,,emotion,baseline,brighter-eng,medium(8-39),0.5013,misclassified
emotion-te-02181,en-Latn,,,joy|surprise,fear|surprise,,,,emotion,baseline,brighter-eng,medium(8-39),0.8518,misclassified
emotion-te-02182,en-Latn,,,joy,fear|surprise,,,,emotion,baseline,brighter-eng,medium(8-39),0.8058,misclassified
emotion-te-02183,en-Latn,,,fear,joy|sadness|surprise,,,,emotion,baseline,brighter-eng,medium(8-39),0.7108,misclassified
emotion-te-02184,en-Latn,,,joy,fear|surprise,,,,emotion,baseline,brighter-eng,medium(8-39),0.8974,misclassified
emotion-te-02185,en-Latn,,,none,fear|surprise,,,,emotion,baseline,brighter-eng,short(<8),0.7458,misclassified
emotion-te-02186,en-Latn,,,fear,fear|surprise,,,,emotion,baseline,brighter-eng,short(<8),0.8937,misclassified
emotion-te-02187,en-Latn,,,joy,fear|joy|sadness,,,,emotion,baseline,brighter-eng,long(40+),0.7448,misclassified
emotion-te-02191,en-Latn,,,fear|sadness,fear|sadness|surprise,,,,emotion,baseline,brighter-eng,medium(8-39),0.9044,misclassified
emotion-te-02193,en-Latn,,,joy,fear|joy|sadness,,,,emotion,baseline,brighter-eng,medium(8-39),0.6187,misclassified
emotion-te-02194,en-Latn,,,fear|sadness,fear|surprise,,,,emotion,baseline,brighter-eng,short(<8),0.811,misclassified
emotion-te-02195,en-Latn,,,fear,fear|joy|surprise,,,,emotion,baseline,brighter-eng,long(40+),0.8267,misclassified
emotion-te-02196,en-Latn,,,none,fear,,,,emotion,baseline,brighter-eng,medium(8-39),0.5701,misclassified
emotion-te-02199,en-Latn,,,none,fear|sadness|surprise,,,,emotion,baseline,brighter-eng,short(<8),0.8379,misclassified
emotion-te-02202,en-Latn,,,fear|sadness|surprise,fear|joy,,,,emotion,baseline,brighter-eng,medium(8-39),0.591,misclassified
emotion-te-02204,en-Latn,,,fear|joy,fear|sadness|surprise,,,,emotion,baseline,brighter-eng,short(<8),0.7544,misclassified
emotion-te-02205,en-Latn,,,none,fear,,,,emotion,baseline,brighter-eng,medium(8-39),0.788,misclassified
emotion-te-02206,en-Latn,,,fear|sadness,fear|sadness|surprise,,,,emotion,baseline,brighter-eng,short(<8),0.8142,misclassified
emotion-te-02207,en-Latn,,,none,anger|fear|sadness,,,,emotion,baseline,brighter-eng,short(<8),0.8553,misclassified
emotion-te-02208,en-Latn,,,fear,fear|sadness|surprise,,,,emotion,baseline,brighter-eng,medium(8-39),0.9359,misclassified
emotion-te-02209,en-Latn,,,none,surprise,,,,emotion,baseline,brighter-eng,short(<8),0.5134,misclassified
emotion-te-02210,en-Latn,,,joy,fear|sadness,,,,emotion,baseline,brighter-eng,medium(8-39),0.6534,misclassified
emotion-te-02212,en-Latn,,,joy,anger|fear|surprise,,,,emotion,baseline,brighter-eng,short(<8),0.6386,misclassified
emotion-te-02213,en-Latn,,,anger,fear|joy|surprise,,,,emotion,baseline,brighter-eng,medium(8-39),0.7652,misclassified
emotion-te-02214,en-Latn,,,none,fear,,,,emotion,baseline,brighter-eng,medium(8-39),0.8552,misclassified
emotion-te-02215,en-Latn,,,joy|surprise,fear|joy|surprise,,,,emotion,baseline,brighter-eng,medium(8-39),0.8805,misclassified
emotion-te-02216,en-Latn,,,sadness,fear|sadness|surprise,,,,emotion,baseline,brighter-eng,medium(8-39),0.8708,misclassified
emotion-te-02217,en-Latn,,,joy|surprise,joy,,,,emotion,baseline,brighter-eng,medium(8-39),0.6824,misclassified
emotion-te-02218,en-Latn,,,fear,fear|joy|sadness|surprise,,,,emotion,baseline,brighter-eng,medium(8-39),0.8368,misclassified
emotion-te-02219,en-Latn,,,none,joy,,,,emotion,baseline,brighter-eng,medium(8-39),0.4534,misclassified
emotion-te-02221,en-Latn,,,fear,fear|joy|surprise,,,,emotion,baseline,brighter-eng,short(<8),0.7569,misclassified
emotion-te-02222,en-Latn,,,fear|sadness|surprise,anger|fear|sadness,,,,emotion,baseline,brighter-eng,short(<8),0.6573,misclassified
emotion-te-02223,en-Latn,,,joy|surprise,fear|joy|surprise,,,,emotion,baseline,brighter-eng,medium(8-39),0.5897,misclassified
emotion-te-02225,en-Latn,,,fear|surprise,fear|sadness,,,,emotion,baseline,brighter-eng,medium(8-39),0.8566,misclassified
emotion-te-02226,en-Latn,,,fear,fear|joy|sadness,,,,emotion,baseline,brighter-eng,medium(8-39),0.6491,misclassified
emotion-te-02227,en-Latn,,,fear|sadness,fear|joy|sadness,,,,emotion,baseline,brighter-eng,medium(8-39),0.8815,misclassified
emotion-te-02228,en-Latn,,,none,fear|sadness,,,,emotion,baseline,brighter-eng,medium(8-39),0.5981,misclassified
emotion-te-02229,en-Latn,,,sadness,fear|joy|sadness,,,,emotion,baseline,brighter-eng,medium(8-39),0.743,misclassified
emotion-te-02231,en-Latn,,,joy,joy|sadness,,,,emotion,baseline,brighter-eng,medium(8-39),0.765,misclassified
emotion-te-02232,en-Latn,,,fear|surprise,fear,,,,emotion,baseline,brighter-eng,medium(8-39),0.9085,misclassified
emotion-te-02233,en-Latn,,,joy,joy|sadness|surprise,,,,emotion,baseline,brighter-eng,medium(8-39),0.6449,misclassified
emotion-te-02234,en-Latn,,,fear|joy|sadness,fear,,,,emotion,baseline,brighter-eng,medium(8-39),0.8747,misclassified
emotion-te-02235,en-Latn,,,joy,fear|joy|surprise,,,,emotion,baseline,brighter-eng,medium(8-39),0.8902,misclassified
emotion-te-02236,en-Latn,,,none,fear|sadness,,,,emotion,baseline,brighter-eng,short(<8),0.9214,misclassified
emotion-te-02237,en-Latn,,,anger|fear|surprise,fear|joy|surprise,,,,emotion,baseline,brighter-eng,medium(8-39),0.6893,misclassified
emotion-te-02238,en-Latn,,,fear,fear|joy,,,,emotion,baseline,brighter-eng,medium(8-39),0.6674,misclassified
emotion-te-02239,en-Latn,,,anger,fear|sadness|surprise,,,,emotion,baseline,brighter-eng,short(<8),0.875,misclassified
emotion-te-02240,en-Latn,,,anger|fear|sadness,fear|joy|sadness,,,,emotion,baseline,brighter-eng,medium(8-39),0.8888,misclassified
emotion-te-02241,en-Latn,,,anger,fear|joy|surprise,,,,emotion,baseline,brighter-eng,short(<8),0.7371,misclassified
emotion-te-02242,en-Latn,,,fear,fear|joy|sadness,,,,emotion,baseline,brighter-eng,long(40+),0.8935,misclassified
emotion-te-02243,en-Latn,,,none,fear,,,,emotion,baseline,brighter-eng,medium(8-39),0.4221,misclassified
emotion-te-02244,en-Latn,,,joy,fear|sadness,,,,emotion,baseline,brighter-eng,medium(8-39),0.8931,misclassified
emotion-te-02245,en-Latn,,,anger|fear|sadness|surprise,fear|joy|sadness|surprise,,,,emotion,baseline,brighter-eng,medium(8-39),0.6352,misclassified
emotion-te-02246,en-Latn,,,fear|sadness,fear|joy|sadness,,,,emotion,baseline,brighter-eng,medium(8-39),0.7092,misclassified
emotion-te-02248,en-Latn,,,fear|sadness,fear|sadness|surprise,,,,emotion,baseline,brighter-eng,short(<8),0.9032,misclassified
emotion-te-02249,en-Latn,,,fear|surprise,fear|joy|sadness,,,,emotion,baseline,brighter-eng,medium(8-39),0.4293,misclassified
emotion-te-02250,en-Latn,,,none,fear,,,,emotion,baseline,brighter-eng,medium(8-39),0.6976,misclassified
emotion-te-02251,en-Latn,,,sadness,fear|sadness|surprise,,,,emotion,baseline,brighter-eng,short(<8),0.6511,misclassified
emotion-te-02252,en-Latn,,,joy,surprise,,,,emotion,baseline,brighter-eng,short(<8),0.447,misclassified
emotion-te-02253,en-Latn,,,fear|sadness,fear|sadness|surprise,,,,emotion,baseline,brighter-eng,short(<8),0.8315,misclassified
emotion-te-02254,en-Latn,,,anger,fear|sadness|surprise,,,,emotion,baseline,brighter-eng,medium(8-39),0.8203,misclassified
emotion-te-02255,en-Latn,,,joy,fear|joy|sadness,,,,emotion,baseline,brighter-eng,medium(8-39),0.8265,misclassified
emotion-te-02256,en-Latn,,,fear|sadness|surprise,fear,,,,emotion,baseline,brighter-eng,medium(8-39),0.9107,misclassified
emotion-te-02258,en-Latn,,,fear,fear|sadness,,,,emotion,baseline,brighter-eng,medium(8-39),0.9743,misclassified
emotion-te-02259,en-Latn,,,joy,fear|sadness|surprise,,,,emotion,baseline,brighter-eng,medium(8-39),0.7589,misclassified
emotion-te-02260,en-Latn,,,joy,fear|sadness,,,,emotion,baseline,brighter-eng,medium(8-39),0.7144,misclassified
emotion-te-02261,en-Latn,,,joy|surprise,fear|joy|sadness|surprise,,,,emotion,baseline,brighter-eng,short(<8),0.6419,misclassified
emotion-te-02262,en-Latn,,,fear|joy|surprise,fear|joy|sadness,,,,emotion,baseline,brighter-eng,long(40+),0.8075,misclassified
emotion-te-02263,en-Latn,,,anger|surprise,joy|sadness|surprise,,,,emotion,baseline,brighter-eng,medium(8-39),0.7902,misclassified
emotion-te-02264,en-Latn,,,none,joy|surprise,,,,emotion,baseline,brighter-eng,short(<8),0.7555,misclassified
emotion-te-02265,en-Latn,,,fear,fear|joy|surprise,,,,emotion,baseline,brighter-eng,medium(8-39),0.6016,misclassified
emotion-te-02268,en-Latn,,,joy|surprise,fear|surprise,,,,emotion,baseline,brighter-eng,medium(8-39),0.7472,misclassified
emotion-te-02270,en-Latn,,,joy,fear|joy|surprise,,,,emotion,baseline,brighter-eng,medium(8-39),0.7381,misclassified
emotion-te-02272,en-Latn,,,fear,fear|joy,,,,emotion,baseline,brighter-eng,medium(8-39),0.8734,misclassified
emotion-te-02273,en-Latn,,,joy,fear|sadness,,,,emotion,baseline,brighter-eng,medium(8-39),0.6269,misclassified
emotion-te-02274,en-Latn,,,sadness,fear|joy|sadness|surprise,,,,emotion,baseline,brighter-eng,short(<8),0.8449,misclassified
emotion-te-02276,en-Latn,,,anger|fear|sadness|surprise,fear|surprise,,,,emotion,baseline,brighter-eng,medium(8-39),0.6705,misclassified
emotion-te-02277,en-Latn,,,fear|sadness,fear,,,,emotion,baseline,brighter-eng,medium(8-39),0.7399,misclassified
emotion-te-02278,en-Latn,,,fear|surprise,fear|sadness|surprise,,,,emotion,baseline,brighter-eng,medium(8-39),0.8958,misclassified
emotion-te-02279,en-Latn,,,fear,fear|sadness|surprise,,,,emotion,baseline,brighter-eng,medium(8-39),0.8678,misclassified
emotion-te-02280,en-Latn,,,joy,fear|joy|sadness|surprise,,,,emotion,baseline,brighter-eng,long(40+),0.7795,misclassified
emotion-te-02281,en-Latn,,,anger|fear|sadness|surprise,fear|sadness,,,,emotion,baseline,brighter-eng,medium(8-39),0.7551,misclassified
emotion-te-02282,en-Latn,,,joy,joy|sadness,,,,emotion,baseline,brighter-eng,medium(8-39),0.6808,misclassified
emotion-te-02283,en-Latn,,,fear,none,,,,emotion,baseline,brighter-eng,medium(8-39),0.3767,misclassified
emotion-te-02285,en-Latn,,,fear|sadness,fear|sadness|surprise,,,,emotion,baseline,brighter-eng,medium(8-39),0.9003,misclassified
emotion-te-02286,en-Latn,,,fear|sadness,fear|joy,,,,emotion,baseline,brighter-eng,medium(8-39),0.8938,misclassified
emotion-te-02288,en-Latn,,,joy,fear|joy|sadness,,,,emotion,baseline,brighter-eng,medium(8-39),0.7732,misclassified
emotion-te-02291,en-Latn,,,none,fear|sadness,,,,emotion,baseline,brighter-eng,short(<8),0.6162,misclassified
emotion-te-02292,en-Latn,,,fear,fear|sadness|surprise,,,,emotion,baseline,brighter-eng,medium(8-39),0.9617,misclassified
emotion-te-02293,en-Latn,,,joy,joy|sadness,,,,emotion,baseline,brighter-eng,medium(8-39),0.4178,misclassified
emotion-te-02294,en-Latn,,,surprise,fear|surprise,,,,emotion,baseline,brighter-eng,short(<8),0.6176,misclassified
emotion-te-02295,en-Latn,,,none,fear|joy|sadness|surprise,,,,emotion,baseline,brighter-eng,medium(8-39),0.7134,misclassified
emotion-te-02296,en-Latn,,,fear|joy|sadness,fear|surprise,,,,emotion,baseline,brighter-eng,medium(8-39),0.6682,misclassified
emotion-te-02297,en-Latn,,,anger|fear|sadness,fear|sadness|surprise,,,,emotion,baseline,brighter-eng,short(<8),0.5956,misclassified
emotion-te-02299,en-Latn,,,anger,joy|sadness|surprise,,,,emotion,baseline,brighter-eng,short(<8),0.433,misclassified
emotion-te-02300,en-Latn,,,fear,fear|joy|surprise,,,,emotion,baseline,brighter-eng,medium(8-39),0.661,misclassified
emotion-te-02302,en-Latn,,,surprise,fear,,,,emotion,baseline,brighter-eng,short(<8),0.4473,misclassified
emotion-te-02303,en-Latn,,,surprise,joy|surprise,,,,emotion,baseline,brighter-eng,short(<8),0.7617,misclassified
emotion-te-02304,en-Latn,,,sadness,fear|joy|sadness,,,,emotion,baseline,brighter-eng,medium(8-39),0.8156,misclassified
emotion-te-02305,en-Latn,,,anger|fear|sadness,fear|surprise,,,,emotion,baseline,brighter-eng,long(40+),0.7879,misclassified
emotion-te-02307,en-Latn,,,anger|fear,fear|joy|surprise,,,,emotion,baseline,brighter-eng,medium(8-39),0.8733,misclassified
emotion-te-02308,en-Latn,,,surprise,fear|surprise,,,,emotion,baseline,brighter-eng,medium(8-39),0.9814,misclassified
emotion-te-02309,en-Latn,,,fear|surprise,anger|fear|joy|sadness|surprise,,,,emotion,baseline,brighter-eng,short(<8),0.6988,misclassified
emotion-te-02310,en-Latn,,,surprise,joy|surprise,,,,emotion,baseline,brighter-eng,short(<8),0.7398,misclassified
emotion-te-02311,en-Latn,,,fear,fear|joy|sadness,,,,emotion,baseline,brighter-eng,medium(8-39),0.4765,misclassified
emotion-te-02313,en-Latn,,,fear,fear|sadness,,,,emotion,baseline,brighter-eng,medium(8-39),0.9298,misclassified
emotion-te-02314,en-Latn,,,fear|joy|sadness,fear|surprise,,,,emotion,baseline,brighter-eng,medium(8-39),0.9523,misclassified
emotion-te-02315,en-Latn,,,fear|sadness|surprise,surprise,,,,emotion,baseline,brighter-eng,medium(8-39),0.4485,misclassified
emotion-te-02316,en-Latn,,,anger|fear|surprise,surprise,,,,emotion,baseline,brighter-eng,short(<8),0.6727,misclassified
emotion-te-02317,en-Latn,,,joy,fear|sadness|surprise,,,,emotion,baseline,brighter-eng,medium(8-39),0.7961,misclassified
emotion-te-02318,en-Latn,,,fear|sadness,fear|sadness|surprise,,,,emotion,baseline,brighter-eng,medium(8-39),0.7981,misclassified
emotion-te-02319,en-Latn,,,fear,fear|joy|sadness,,,,emotion,baseline,brighter-eng,medium(8-39),0.7101,misclassified
emotion-te-02321,en-Latn,,,fear,fear|sadness,,,,emotion,baseline,brighter-eng,medium(8-39),0.7504,misclassified
emotion-te-02322,en-Latn,,,joy,fear,,,,emotion,baseline,brighter-eng,medium(8-39),0.7078,misclassified
emotion-te-02323,en-Latn,,,fear,fear|surprise,,,,emotion,baseline,brighter-eng,short(<8),0.6679,misclassified
emotion-te-02324,en-Latn,,,joy,fear|joy,,,,emotion,baseline,brighter-eng,medium(8-39),0.6708,misclassified
emotion-te-02326,en-Latn,,,joy,fear|joy|sadness|surprise,,,,emotion,baseline,brighter-eng,medium(8-39),0.6414,misclassified
emotion-te-02327,en-Latn,,,anger|joy,fear|joy|surprise,,,,emotion,baseline,brighter-eng,medium(8-39),0.6552,misclassified
emotion-te-02329,en-Latn,,,joy,fear|joy,,,,emotion,baseline,brighter-eng,medium(8-39),0.673,misclassified
emotion-te-02330,en-Latn,,,fear,joy|surprise,,,,emotion,baseline,brighter-eng,medium(8-39),0.7128,misclassified
emotion-te-02333,en-Latn,,,surprise,sadness,,,,emotion,baseline,brighter-eng,short(<8),0.3834,misclassified
emotion-te-02335,en-Latn,,,anger|sadness,sadness|surprise,,,,emotion,baseline,brighter-eng,medium(8-39),0.4341,misclassified
emotion-te-02336,en-Latn,,,fear|sadness,fear|sadness|surprise,,,,emotion,baseline,brighter-eng,medium(8-39),0.9817,misclassified
emotion-te-02337,en-Latn,,,fear,fear|surprise,,,,emotion,baseline,brighter-eng,short(<8),0.9661,misclassified
emotion-te-02339,en-Latn,,,fear|sadness|surprise,fear|joy|sadness|surprise,,,,emotion,baseline,brighter-eng,short(<8),0.6389,misclassified
emotion-te-02340,en-Latn,,,sadness,fear|sadness,,,,emotion,baseline,brighter-eng,medium(8-39),0.6974,misclassified
emotion-te-02343,en-Latn,,,surprise,fear|surprise,,,,emotion,baseline,brighter-eng,medium(8-39),0.8141,misclassified
emotion-te-02344,en-Latn,,,joy,joy|surprise,,,,emotion,baseline,brighter-eng,medium(8-39),0.943,misclassified
emotion-te-02345,en-Latn,,,fear|sadness,fear|sadness|surprise,,,,emotion,baseline,brighter-eng,medium(8-39),0.9249,misclassified
emotion-te-02346,en-Latn,,,joy,joy|surprise,,,,emotion,baseline,brighter-eng,medium(8-39),0.955,misclassified
emotion-te-02347,en-Latn,,,fear|surprise,fear|joy|surprise,,,,emotion,baseline,brighter-eng,medium(8-39),0.7041,misclassified
emotion-te-02348,en-Latn,,,anger|surprise,fear|sadness|surprise,,,,emotion,baseline,brighter-eng,medium(8-39),0.7948,misclassified
emotion-te-02349,en-Latn,,,fear|surprise,fear|sadness,,,,emotion,baseline,brighter-eng,short(<8),0.9496,misclassified
emotion-te-02350,en-Latn,,,fear|sadness,fear|joy|sadness,,,,emotion,baseline,brighter-eng,medium(8-39),0.6619,misclassified
emotion-te-02351,en-Latn,,,none,joy|surprise,,,,emotion,baseline,brighter-eng,medium(8-39),0.8709,misclassified
emotion-te-02352,en-Latn,,,fear,fear|sadness,,,,emotion,baseline,brighter-eng,medium(8-39),0.9464,misclassified
emotion-te-02353,en-Latn,,,fear,fear|sadness|surprise,,,,emotion,baseline,brighter-eng,medium(8-39),0.8317,misclassified
emotion-te-02354,en-Latn,,,joy,fear,,,,emotion,baseline,brighter-eng,short(<8),0.4646,misclassified
emotion-te-02355,en-Latn,,,anger|sadness|surprise,anger|surprise,,,,emotion,baseline,brighter-eng,medium(8-39),0.7283,misclassified
emotion-te-02356,en-Latn,,,none,fear|surprise,,,,emotion,baseline,brighter-eng,short(<8),0.5287,misclassified
emotion-te-02357,en-Latn,,,fear|joy,none,,,,emotion,baseline,brighter-eng,medium(8-39),0.2667,misclassified
emotion-te-02358,en-Latn,,,joy,fear|joy|sadness,,,,emotion,baseline,brighter-eng,medium(8-39),0.6362,misclassified
emotion-te-02359,en-Latn,,,fear|surprise,fear|sadness|surprise,,,,emotion,baseline,brighter-eng,medium(8-39),0.9814,misclassified
emotion-te-02360,en-Latn,,,joy|sadness|surprise,fear|sadness,,,,emotion,baseline,brighter-eng,medium(8-39),0.8854,misclassified
emotion-te-02361,en-Latn,,,none,joy,,,,emotion,baseline,brighter-eng,short(<8),0.4491,misclassified
emotion-te-02362,en-Latn,,,surprise,fear|surprise,,,,emotion,baseline,brighter-eng,medium(8-39),0.8454,misclassified
emotion-te-02363,en-Latn,,,fear|surprise,fear|sadness|surprise,,,,emotion,baseline,brighter-eng,short(<8),0.9121,misclassified
emotion-te-02364,en-Latn,,,surprise,fear|joy|sadness|surprise,,,,emotion,baseline,brighter-eng,medium(8-39),0.885,misclassified
emotion-te-02365,en-Latn,,,anger|fear|sadness,anger|fear|joy|sadness|surprise,,,,emotion,baseline,brighter-eng,medium(8-39),0.8601,misclassified
emotion-te-02366,en-Latn,,,fear|sadness,fear,,,,emotion,baseline,brighter-eng,medium(8-39),0.8354,misclassified
emotion-te-02367,en-Latn,,,anger|surprise,joy|surprise,,,,emotion,baseline,brighter-eng,medium(8-39),0.7251,misclassified
emotion-te-02368,en-Latn,,,joy,fear|sadness|surprise,,,,emotion,baseline,brighter-eng,medium(8-39),0.5021,misclassified
emotion-te-02369,en-Latn,,,fear|sadness,fear|surprise,,,,emotion,baseline,brighter-eng,medium(8-39),0.8946,misclassified
emotion-te-02370,en-Latn,,,surprise,joy,,,,emotion,baseline,brighter-eng,short(<8),0.3112,misclassified
emotion-te-02371,en-Latn,,,fear|surprise,joy|sadness,,,,emotion,baseline,brighter-eng,medium(8-39),0.5874,misclassified
emotion-te-02372,en-Latn,,,anger|fear,fear|sadness,,,,emotion,baseline,brighter-eng,medium(8-39),0.7809,misclassified
emotion-te-02374,en-Latn,,,anger|fear,fear|sadness|surprise,,,,emotion,baseline,brighter-eng,medium(8-39),0.9794,misclassified
emotion-te-02376,en-Latn,,,joy,joy|sadness,,,,emotion,baseline,brighter-eng,short(<8),0.8203,misclassified
emotion-te-02379,en-Latn,,,fear|sadness|surprise,fear|surprise,,,,emotion,baseline,brighter-eng,medium(8-39),0.9672,misclassified
emotion-te-02380,en-Latn,,,joy,fear,,,,emotion,baseline,brighter-eng,medium(8-39),0.4396,misclassified
emotion-te-02381,en-Latn,,,fear|sadness,fear|sadness|surprise,,,,emotion,baseline,brighter-eng,medium(8-39),0.6466,misclassified
emotion-te-02382,en-Latn,,,none,fear|surprise,,,,emotion,baseline,brighter-eng,medium(8-39),0.8444,misclassified
emotion-te-02383,en-Latn,,,fear,joy|sadness,,,,emotion,baseline,brighter-eng,medium(8-39),0.5233,misclassified
emotion-te-02384,en-Latn,,,fear|joy|surprise,fear|sadness|surprise,,,,emotion,baseline,brighter-eng,medium(8-39),0.8767,misclassified
emotion-te-02385,en-Latn,,,surprise,fear|joy|sadness|surprise,,,,emotion,baseline,brighter-eng,short(<8),0.8065,misclassified
emotion-te-02387,en-Latn,,,anger|fear|surprise,fear|sadness|surprise,,,,emotion,baseline,brighter-eng,short(<8),0.705,misclassified
emotion-te-02388,en-Latn,,,fear|joy,fear|sadness,,,,emotion,baseline,brighter-eng,short(<8),0.5024,misclassified
emotion-te-02389,en-Latn,,,fear|surprise,fear,,,,emotion,baseline,brighter-eng,short(<8),0.6973,misclassified
emotion-te-02390,en-Latn,,,fear|sadness,fear|joy|sadness|surprise,,,,emotion,baseline,brighter-eng,short(<8),0.5943,misclassified
emotion-te-02391,en-Latn,,,none,joy|sadness,,,,emotion,baseline,brighter-eng,medium(8-39),0.7364,misclassified
emotion-te-02392,en-Latn,,,none,fear|sadness,,,,emotion,baseline,brighter-eng,short(<8),0.4815,misclassified
emotion-te-02393,en-Latn,,,fear|surprise,fear|sadness|surprise,,,,emotion,baseline,brighter-eng,medium(8-39),0.9428,misclassified
emotion-te-02395,en-Latn,,,none,sadness|surprise,,,,emotion,baseline,brighter-eng,short(<8),0.735,misclassified
emotion-te-02396,en-Latn,,,fear,fear|joy|surprise,,,,emotion,baseline,brighter-eng,medium(8-39),0.6471,misclassified
emotion-te-02397,en-Latn,,,fear|sadness|surprise,fear|joy|sadness|surprise,,,,emotion,baseline,brighter-eng,medium(8-39),0.7235,misclassified
emotion-te-02398,en-Latn,,,joy,fear|sadness|surprise,,,,emotion,baseline,brighter-eng,medium(8-39),0.9006,misclassified
emotion-te-02399,en-Latn,,,fear,fear|sadness,,,,emotion,baseline,brighter-eng,medium(8-39),0.9468,misclassified
emotion-te-02400,en-Latn,,,sadness,fear|joy|sadness,,,,emotion,baseline,brighter-eng,medium(8-39),0.4803,misclassified
emotion-te-02401,en-Latn,,,joy|surprise,fear|joy|surprise,,,,emotion,baseline,brighter-eng,medium(8-39),0.7675,misclassified
emotion-te-02402,en-Latn,,,surprise,joy|surprise,,,,emotion,baseline,brighter-eng,medium(8-39),0.8023,misclassified
emotion-te-02405,en-Latn,,,fear|surprise,fear|sadness|surprise,,,,emotion,baseline,brighter-eng,medium(8-39),0.9299,misclassified
emotion-te-02406,en-Latn,,,joy,fear|joy|sadness,,,,emotion,baseline,brighter-eng,medium(8-39),0.7257,misclassified
emotion-te-02407,en-Latn,,,sadness,joy|sadness,,,,emotion,baseline,brighter-eng,short(<8),0.6397,misclassified
emotion-te-02408,en-Latn,,,fear|surprise,joy|sadness|surprise,,,,emotion,baseline,brighter-eng,short(<8),0.4373,misclassified
emotion-te-02410,en-Latn,,,fear|sadness|surprise,fear|surprise,,,,emotion,baseline,brighter-eng,short(<8),0.8914,misclassified
emotion-te-02411,en-Latn,,,surprise,fear|joy|sadness|surprise,,,,emotion,baseline,brighter-eng,short(<8),0.6623,misclassified
emotion-te-02412,en-Latn,,,fear|joy|sadness,fear|joy|surprise,,,,emotion,baseline,brighter-eng,medium(8-39),0.6661,misclassified
emotion-te-02413,en-Latn,,,joy,joy|sadness|surprise,,,,emotion,baseline,brighter-eng,short(<8),0.5776,misclassified
emotion-te-02414,en-Latn,,,fear,fear|sadness,,,,emotion,baseline,brighter-eng,medium(8-39),0.9755,misclassified
emotion-te-02415,en-Latn,,,joy|sadness,fear|joy|sadness,,,,emotion,baseline,brighter-eng,medium(8-39),0.9309,misclassified
emotion-te-02416,en-Latn,,,fear|sadness,fear|joy|sadness,,,,emotion,baseline,brighter-eng,long(40+),0.7389,misclassified
emotion-te-02417,en-Latn,,,joy,fear|surprise,,,,emotion,baseline,brighter-eng,medium(8-39),0.8335,misclassified
emotion-te-02418,en-Latn,,,none,anger|fear|sadness|surprise,,,,emotion,baseline,brighter-eng,medium(8-39),0.9564,misclassified
emotion-te-02420,en-Latn,,,fear|surprise,fear|joy|surprise,,,,emotion,baseline,brighter-eng,medium(8-39),0.6859,misclassified
emotion-te-02421,en-Latn,,,surprise,fear|sadness|surprise,,,,emotion,baseline,brighter-eng,medium(8-39),0.534,misclassified
emotion-te-02422,en-Latn,,,anger|fear,fear|sadness,,,,emotion,baseline,brighter-eng,medium(8-39),0.847,misclassified
emotion-te-02423,en-Latn,,,fear|sadness,fear,,,,emotion,baseline,brighter-eng,medium(8-39),0.4812,misclassified
emotion-te-02424,en-Latn,,,fear|sadness,fear|sadness|surprise,,,,emotion,baseline,brighter-eng,medium(8-39),0.9087,misclassified
emotion-te-02425,en-Latn,,,surprise,fear|surprise,,,,emotion,baseline,brighter-eng,short(<8),0.6532,misclassified
emotion-te-02426,en-Latn,,,joy|surprise,fear|joy|surprise,,,,emotion,baseline,brighter-eng,medium(8-39),0.9171,misclassified
emotion-te-02427,en-Latn,,,fear|surprise,fear,,,,emotion,baseline,brighter-eng,short(<8),0.4423,misclassified
emotion-te-02428,en-Latn,,,none,fear|joy|sadness|surprise,,,,emotion,baseline,brighter-eng,medium(8-39),0.7575,misclassified
emotion-te-02430,en-Latn,,,joy,fear|joy|surprise,,,,emotion,baseline,brighter-eng,medium(8-39),0.5734,misclassified
emotion-te-02431,en-Latn,,,joy,joy|sadness|surprise,,,,emotion,baseline,brighter-eng,short(<8),0.6711,misclassified
emotion-te-02432,en-Latn,,,joy,fear|joy|surprise,,,,emotion,baseline,brighter-eng,short(<8),0.7398,misclassified
emotion-te-02433,en-Latn,,,sadness,fear|sadness|surprise,,,,emotion,baseline,brighter-eng,short(<8),0.8884,misclassified
emotion-te-02434,en-Latn,,,none,joy|sadness,,,,emotion,baseline,brighter-eng,medium(8-39),0.3416,misclassified
emotion-te-02435,en-Latn,,,joy,fear|joy,,,,emotion,baseline,brighter-eng,short(<8),0.5092,misclassified
emotion-te-02436,en-Latn,,,joy,fear|sadness,,,,emotion,baseline,brighter-eng,medium(8-39),0.8041,misclassified
emotion-te-02437,en-Latn,,,fear|sadness,fear|sadness|surprise,,,,emotion,baseline,brighter-eng,medium(8-39),0.9158,misclassified
emotion-te-02438,en-Latn,,,sadness|surprise,fear|sadness|surprise,,,,emotion,baseline,brighter-eng,short(<8),0.8625,misclassified
emotion-te-02440,en-Latn,,,none,anger|fear|sadness|surprise,,,,emotion,baseline,brighter-eng,short(<8),0.8991,misclassified
emotion-te-02441,en-Latn,,,fear|sadness,joy,,,,emotion,baseline,brighter-eng,medium(8-39),0.8242,misclassified
emotion-te-02442,en-Latn,,,joy,fear|sadness,,,,emotion,baseline,brighter-eng,long(40+),0.9222,misclassified
emotion-te-02443,en-Latn,,,joy,joy|surprise,,,,emotion,baseline,brighter-eng,short(<8),0.8891,misclassified
emotion-te-02445,en-Latn,,,joy,fear|joy,,,,emotion,baseline,brighter-eng,medium(8-39),0.8243,misclassified
emotion-te-02446,en-Latn,,,fear|sadness,fear,,,,emotion,baseline,brighter-eng,medium(8-39),0.9532,misclassified
emotion-te-02448,en-Latn,,,anger|surprise,fear|sadness|surprise,,,,emotion,baseline,brighter-eng,medium(8-39),0.7113,misclassified
emotion-te-02449,en-Latn,,,none,fear,,,,emotion,baseline,brighter-eng,medium(8-39),0.6824,misclassified
emotion-te-02450,en-Latn,,,fear,fear|joy,,,,emotion,baseline,brighter-eng,medium(8-39),0.6114,misclassified
emotion-te-02451,en-Latn,,,joy,fear|joy|surprise,,,,emotion,baseline,brighter-eng,medium(8-39),0.7482,misclassified
emotion-te-02453,en-Latn,,,fear|sadness|surprise,fear|sadness,,,,emotion,baseline,brighter-eng,short(<8),0.7112,misclassified
emotion-te-02454,en-Latn,,,fear|sadness|surprise,fear|sadness,,,,emotion,baseline,brighter-eng,medium(8-39),0.9881,misclassified
emotion-te-02455,en-Latn,,,joy|surprise,joy,,,,emotion,baseline,brighter-eng,medium(8-39),0.8438,misclassified
emotion-te-02456,en-Latn,,,none,fear|joy,,,,emotion,baseline,brighter-eng,medium(8-39),0.5585,misclassified
emotion-te-02457,en-Latn,,,joy,fear|joy|sadness,,,,emotion,baseline,brighter-eng,medium(8-39),0.7988,misclassified
emotion-te-02458,en-Latn,,,anger|sadness|surprise,fear|sadness,,,,emotion,baseline,brighter-eng,medium(8-39),0.7229,misclassified
emotion-te-02459,en-Latn,,,joy,fear|sadness,,,,emotion,baseline,brighter-eng,medium(8-39),0.5897,misclassified
emotion-te-02460,en-Latn,,,fear|sadness,fear|joy,,,,emotion,baseline,brighter-eng,long(40+),0.7707,misclassified
emotion-te-02461,en-Latn,,,fear|surprise,joy|surprise,,,,emotion,baseline,brighter-eng,short(<8),0.7533,misclassified
emotion-te-02462,en-Latn,,,fear,fear|joy|sadness,,,,emotion,baseline,brighter-eng,medium(8-39),0.8579,misclassified
emotion-te-02463,en-Latn,,,fear|joy,fear|sadness,,,,emotion,baseline,brighter-eng,short(<8),0.8084,misclassified
emotion-te-02464,en-Latn,,,joy,fear|sadness,,,,emotion,baseline,brighter-eng,medium(8-39),0.5896,misclassified
emotion-te-02467,en-Latn,,,fear|sadness,fear|sadness|surprise,,,,emotion,baseline,brighter-eng,medium(8-39),0.8823,misclassified
emotion-te-02468,en-Latn,,,fear|sadness,fear|joy|sadness,,,,emotion,baseline,brighter-eng,medium(8-39),0.8016,misclassified
emotion-te-02469,en-Latn,,,fear|surprise,fear|joy|surprise,,,,emotion,baseline,brighter-eng,medium(8-39),0.8049,misclassified
emotion-te-02470,en-Latn,,,anger|fear|sadness,fear|surprise,,,,emotion,baseline,brighter-eng,short(<8),0.8029,misclassified
emotion-te-02471,en-Latn,,,joy|surprise,fear,,,,emotion,baseline,brighter-eng,medium(8-39),0.9023,misclassified
emotion-te-02472,en-Latn,,,none,fear,,,,emotion,baseline,brighter-eng,medium(8-39),0.6877,misclassified
emotion-te-02473,en-Latn,,,fear|surprise,fear|sadness|surprise,,,,emotion,baseline,brighter-eng,medium(8-39),0.7393,misclassified
emotion-te-02475,en-Latn,,,anger|fear|sadness,fear|sadness|surprise,,,,emotion,baseline,brighter-eng,medium(8-39),0.9084,misclassified
emotion-te-02476,en-Latn,,,anger|fear|sadness|surprise,fear|sadness|surprise,,,,emotion,baseline,brighter-eng,short(<8),0.9107,misclassified
emotion-te-02477,en-Latn,,,joy,fear|sadness,,,,emotion,baseline,brighter-eng,medium(8-39),0.8534,misclassified
emotion-te-02478,en-Latn,,,none,anger|fear,,,,emotion,baseline,brighter-eng,short(<8),0.8526,misclassified
emotion-te-02479,en-Latn,,,joy,fear|joy|sadness|surprise,,,,emotion,baseline,brighter-eng,medium(8-39),0.8785,misclassified
emotion-te-02480,en-Latn,,,fear,fear|surprise,,,,emotion,baseline,brighter-eng,short(<8),0.7588,misclassified
emotion-te-02482,en-Latn,,,fear|surprise,fear|sadness|surprise,,,,emotion,baseline,brighter-eng,medium(8-39),0.9449,misclassified
emotion-te-02484,en-Latn,,,none,fear,,,,emotion,baseline,brighter-eng,medium(8-39),0.6905,misclassified
emotion-te-02485,en-Latn,,,fear|sadness,fear|joy,,,,emotion,baseline,brighter-eng,short(<8),0.5912,misclassified
emotion-te-02486,en-Latn,,,sadness,fear|sadness,,,,emotion,baseline,brighter-eng,medium(8-39),0.94,misclassified
emotion-te-02487,en-Latn,,,none,fear,,,,emotion,baseline,brighter-eng,medium(8-39),0.4878,misclassified
emotion-te-02488,en-Latn,,,none,sadness,,,,emotion,baseline,brighter-eng,medium(8-39),0.5517,misclassified
emotion-te-02489,en-Latn,,,sadness,fear|joy|sadness,,,,emotion,baseline,brighter-eng,medium(8-39),0.6727,misclassified
emotion-te-02490,en-Latn,,,anger|fear,anger|sadness,,,,emotion,baseline,brighter-eng,medium(8-39),0.7561,misclassified
emotion-te-02491,en-Latn,,,fear|sadness,fear|joy|sadness|surprise,,,,emotion,baseline,brighter-eng,short(<8),0.6651,misclassified
emotion-te-02492,en-Latn,,,fear|sadness,fear|sadness|surprise,,,,emotion,baseline,brighter-eng,medium(8-39),0.6335,misclassified
emotion-te-02493,en-Latn,,,fear|sadness,fear,,,,emotion,baseline,brighter-eng,short(<8),0.8811,misclassified
emotion-te-02494,en-Latn,,,surprise,fear|sadness|surprise,,,,emotion,baseline,brighter-eng,medium(8-39),0.9746,misclassified
emotion-te-02495,en-Latn,,,anger|fear,fear,,,,emotion,baseline,brighter-eng,short(<8),0.4742,misclassified
emotion-te-02496,en-Latn,,,fear|joy|surprise,fear,,,,emotion,baseline,brighter-eng,medium(8-39),0.5681,misclassified
emotion-te-02498,en-Latn,,,fear,fear|sadness|surprise,,,,emotion,baseline,brighter-eng,medium(8-39),0.8234,misclassified
emotion-te-02499,en-Latn,,,fear|sadness,fear|joy,,,,emotion,baseline,brighter-eng,medium(8-39),0.9307,misclassified
emotion-te-02500,en-Latn,,,fear|sadness|surprise,fear|sadness,,,,emotion,baseline,brighter-eng,medium(8-39),0.5254,misclassified
emotion-te-02501,en-Latn,,,fear,none,,,,emotion,baseline,brighter-eng,medium(8-39),0.2795,misclassified
emotion-te-02502,en-Latn,,,fear|sadness|surprise,fear,,,,emotion,baseline,brighter-eng,short(<8),0.8998,misclassified
emotion-te-02504,en-Latn,,,sadness,fear|surprise,,,,emotion,baseline,brighter-eng,medium(8-39),0.7385,misclassified
emotion-te-02505,en-Latn,,,sadness|surprise,fear|sadness,,,,emotion,baseline,brighter-eng,short(<8),0.8996,misclassified
emotion-te-02506,en-Latn,,,none,fear,,,,emotion,baseline,brighter-eng,medium(8-39),0.7444,misclassified
emotion-te-02507,en-Latn,,,sadness,anger|fear|sadness,,,,emotion,baseline,brighter-eng,medium(8-39),0.9714,misclassified
emotion-te-02508,en-Latn,,,joy,fear|joy,,,,emotion,baseline,brighter-eng,short(<8),0.5433,misclassified
emotion-te-02509,en-Latn,,,joy,fear|surprise,,,,emotion,baseline,brighter-eng,medium(8-39),0.6129,misclassified
emotion-te-02510,en-Latn,,,fear|sadness,fear|sadness|surprise,,,,emotion,baseline,brighter-eng,medium(8-39),0.9961,misclassified
emotion-te-02511,en-Latn,,,none,fear|sadness|surprise,,,,emotion,baseline,brighter-eng,medium(8-39),0.8261,misclassified
emotion-te-02514,en-Latn,,,fear|surprise,fear|sadness|surprise,,,,emotion,baseline,brighter-eng,long(40+),0.7824,misclassified
emotion-te-02516,en-Latn,,,surprise,fear|joy|sadness|surprise,,,,emotion,baseline,brighter-eng,medium(8-39),0.7351,misclassified
emotion-te-02517,en-Latn,,,joy,fear|joy|sadness|surprise,,,,emotion,baseline,brighter-eng,long(40+),0.6639,misclassified
emotion-te-02518,en-Latn,,,fear|surprise,fear|sadness|surprise,,,,emotion,baseline,brighter-eng,medium(8-39),0.848,misclassified
emotion-te-02519,en-Latn,,,fear|sadness,fear|joy,,,,emotion,baseline,brighter-eng,medium(8-39),0.7766,misclassified
emotion-te-02521,en-Latn,,,fear|sadness,fear|sadness|surprise,,,,emotion,baseline,brighter-eng,medium(8-39),0.9043,misclassified
emotion-te-02522,en-Latn,,,none,joy,,,,emotion,baseline,brighter-eng,medium(8-39),0.535,misclassified
emotion-te-02524,en-Latn,,,fear|surprise,fear|joy|sadness|surprise,,,,emotion,baseline,brighter-eng,short(<8),0.7929,misclassified
emotion-te-02525,en-Latn,,,joy,fear|joy|surprise,,,,emotion,baseline,brighter-eng,medium(8-39),0.6189,misclassified
emotion-te-02527,en-Latn,,,joy|sadness,sadness|surprise,,,,emotion,baseline,brighter-eng,short(<8),0.9201,misclassified
emotion-te-02528,en-Latn,,,none,joy,,,,emotion,baseline,brighter-eng,medium(8-39),0.4495,misclassified
emotion-te-02529,en-Latn,,,surprise,fear|sadness,,,,emotion,baseline,brighter-eng,medium(8-39),0.7767,misclassified
emotion-te-02530,en-Latn,,,joy,anger|fear|sadness,,,,emotion,baseline,brighter-eng,short(<8),0.6851,misclassified
emotion-te-02531,en-Latn,,,anger|fear|surprise,fear|sadness|surprise,,,,emotion,baseline,brighter-eng,short(<8),0.8927,misclassified
emotion-te-02533,en-Latn,,,sadness,fear|sadness|surprise,,,,emotion,baseline,brighter-eng,medium(8-39),0.76,misclassified
emotion-te-02535,en-Latn,,,joy,fear|joy|surprise,,,,emotion,baseline,brighter-eng,medium(8-39),0.6895,misclassified
emotion-te-02536,en-Latn,,,fear,fear|surprise,,,,emotion,baseline,brighter-eng,medium(8-39),0.7351,misclassified
emotion-te-02537,en-Latn,,,none,fear|sadness|surprise,,,,emotion,baseline,brighter-eng,medium(8-39),0.8714,misclassified
emotion-te-02540,en-Latn,,,fear,fear|surprise,,,,emotion,baseline,brighter-eng,medium(8-39),0.8395,misclassified
emotion-te-02541,en-Latn,,,fear,fear|sadness,,,,emotion,baseline,brighter-eng,short(<8),0.7382,misclassified
emotion-te-02542,en-Latn,,,none,fear|sadness,,,,emotion,baseline,brighter-eng,medium(8-39),0.7119,misclassified
emotion-te-02544,en-Latn,,,fear,fear|joy|sadness|surprise,,,,emotion,baseline,brighter-eng,medium(8-39),0.7544,misclassified
emotion-te-02545,en-Latn,,,none,sadness,,,,emotion,baseline,brighter-eng,medium(8-39),0.4767,misclassified
emotion-te-02546,en-Latn,,,anger,fear|sadness|surprise,,,,emotion,baseline,brighter-eng,short(<8),0.8455,misclassified
emotion-te-02547,en-Latn,,,anger|fear|surprise,fear|surprise,,,,emotion,baseline,brighter-eng,medium(8-39),0.7396,misclassified
emotion-te-02548,en-Latn,,,fear|surprise,fear|joy|surprise,,,,emotion,baseline,brighter-eng,medium(8-39),0.8374,misclassified
emotion-te-02549,en-Latn,,,fear|surprise,fear|sadness|surprise,,,,emotion,baseline,brighter-eng,medium(8-39),0.5532,misclassified
emotion-te-02550,en-Latn,,,fear,fear|joy,,,,emotion,baseline,brighter-eng,medium(8-39),0.8785,misclassified
emotion-te-02551,en-Latn,,,surprise,anger|fear|surprise,,,,emotion,baseline,brighter-eng,short(<8),0.6586,misclassified
emotion-te-02552,en-Latn,,,fear|sadness,fear,,,,emotion,baseline,brighter-eng,medium(8-39),0.9383,misclassified
emotion-te-02553,en-Latn,,,joy,fear|joy|sadness,,,,emotion,baseline,brighter-eng,medium(8-39),0.5254,misclassified
emotion-te-02554,en-Latn,,,fear|surprise,fear|sadness,,,,emotion,baseline,brighter-eng,medium(8-39),0.5502,misclassified
emotion-te-02555,en-Latn,,,fear,fear|joy|sadness,,,,emotion,baseline,brighter-eng,medium(8-39),0.7988,misclassified
emotion-te-02556,en-Latn,,,fear|surprise,fear|sadness|surprise,,,,emotion,baseline,brighter-eng,short(<8),0.9103,misclassified
emotion-te-02558,en-Latn,,,joy|surprise,surprise,,,,emotion,baseline,brighter-eng,medium(8-39),0.5673,misclassified
emotion-te-02559,en-Latn,,,fear,fear|joy|surprise,,,,emotion,baseline,brighter-eng,short(<8),0.5391,misclassified
emotion-te-02560,en-Latn,,,fear|joy,fear|joy|sadness,,,,emotion,baseline,brighter-eng,long(40+),0.8103,misclassified
emotion-te-02561,en-Latn,,,sadness|surprise,fear|sadness,,,,emotion,baseline,brighter-eng,short(<8),0.6829,misclassified
emotion-te-02562,en-Latn,,,fear,fear|joy|sadness,,,,emotion,baseline,brighter-eng,medium(8-39),0.807,misclassified
emotion-te-02563,en-Latn,,,anger,anger|fear|surprise,,,,emotion,baseline,brighter-eng,short(<8),0.7284,misclassified
emotion-te-02564,en-Latn,,,joy|surprise,fear|joy|sadness,,,,emotion,baseline,brighter-eng,medium(8-39),0.8006,misclassified
emotion-te-02565,en-Latn,,,joy,sadness|surprise,,,,emotion,baseline,brighter-eng,medium(8-39),0.5002,misclassified
emotion-te-02566,en-Latn,,,none,sadness|surprise,,,,emotion,baseline,brighter-eng,medium(8-39),0.7118,misclassified
emotion-te-02567,en-Latn,,,sadness,fear|sadness,,,,emotion,baseline,brighter-eng,short(<8),0.8263,misclassified
emotion-te-02568,en-Latn,,,fear,fear|joy,,,,emotion,baseline,brighter-eng,medium(8-39),0.4414,misclassified
emotion-te-02569,en-Latn,,,anger|fear|sadness,fear,,,,emotion,baseline,brighter-eng,medium(8-39),0.8525,misclassified
emotion-te-02570,en-Latn,,,anger,fear|joy|sadness|surprise,,,,emotion,baseline,brighter-eng,medium(8-39),0.6894,misclassified
emotion-te-02573,en-Latn,,,fear|sadness,fear|sadness|surprise,,,,emotion,baseline,brighter-eng,medium(8-39),0.7027,misclassified
emotion-te-02574,en-Latn,,,anger|fear,fear,,,,emotion,baseline,brighter-eng,medium(8-39),0.6001,misclassified
emotion-te-02575,en-Latn,,,anger|sadness,fear|sadness|surprise,,,,emotion,baseline,brighter-eng,medium(8-39),0.8317,misclassified
emotion-te-02579,en-Latn,,,surprise,fear|sadness|surprise,,,,emotion,baseline,brighter-eng,short(<8),0.8443,misclassified
emotion-te-02580,en-Latn,,,sadness,fear|joy|sadness|surprise,,,,emotion,baseline,brighter-eng,medium(8-39),0.8307,misclassified
emotion-te-02583,en-Latn,,,none,fear,,,,emotion,baseline,brighter-eng,medium(8-39),0.7274,misclassified
emotion-te-02585,en-Latn,,,none,fear|sadness,,,,emotion,baseline,brighter-eng,short(<8),0.914,misclassified
emotion-te-02586,en-Latn,,,fear|joy|sadness,joy|surprise,,,,emotion,baseline,brighter-eng,short(<8),0.3859,misclassified
emotion-te-02587,en-Latn,,,fear|sadness,joy|sadness,,,,emotion,baseline,brighter-eng,medium(8-39),0.7861,misclassified
emotion-te-02588,en-Latn,,,joy,joy|sadness|surprise,,,,emotion,baseline,brighter-eng,medium(8-39),0.7656,misclassified
emotion-te-02590,en-Latn,,,fear,fear|sadness,,,,emotion,baseline,brighter-eng,medium(8-39),0.8705,misclassified
emotion-te-02591,en-Latn,,,surprise,fear|sadness|surprise,,,,emotion,baseline,brighter-eng,medium(8-39),0.8773,misclassified
emotion-te-02593,en-Latn,,,joy,fear|joy|sadness|surprise,,,,emotion,baseline,brighter-eng,medium(8-39),0.6386,misclassified
emotion-te-02594,en-Latn,,,fear|surprise,fear|joy|surprise,,,,emotion,baseline,brighter-eng,medium(8-39),0.6748,misclassified
emotion-te-02595,en-Latn,,,fear|surprise,fear,,,,emotion,baseline,brighter-eng,medium(8-39),0.5835,misclassified
emotion-te-02596,en-Latn,,,fear|joy,fear|sadness,,,,emotion,baseline,brighter-eng,medium(8-39),0.7967,misclassified
emotion-te-02597,en-Latn,,,fear|surprise,fear|joy|surprise,,,,emotion,baseline,brighter-eng,medium(8-39),0.7235,misclassified
emotion-te-02598,en-Latn,,,fear|sadness|surprise,fear|surprise,,,,emotion,baseline,brighter-eng,medium(8-39),0.7637,misclassified
emotion-te-02599,en-Latn,,,fear,fear|sadness|surprise,,,,emotion,baseline,brighter-eng,medium(8-39),0.9765,misclassified
emotion-te-02600,en-Latn,,,fear,joy|sadness,,,,emotion,baseline,brighter-eng,medium(8-39),0.6969,misclassified
emotion-te-02602,en-Latn,,,surprise,fear|surprise,,,,emotion,baseline,brighter-eng,medium(8-39),0.5935,misclassified
emotion-te-02603,en-Latn,,,joy|surprise,fear|joy|sadness|surprise,,,,emotion,baseline,brighter-eng,medium(8-39),0.7368,misclassified
emotion-te-02604,en-Latn,,,sadness,fear|joy|sadness,,,,emotion,baseline,brighter-eng,medium(8-39),0.7799,misclassified
emotion-te-02606,en-Latn,,,fear|sadness,fear|surprise,,,,emotion,baseline,brighter-eng,medium(8-39),0.945,misclassified
emotion-te-02607,en-Latn,,,fear|sadness,fear,,,,emotion,baseline,brighter-eng,medium(8-39),0.8626,misclassified
emotion-te-02608,en-Latn,,,fear|sadness,fear|joy|sadness,,,,emotion,baseline,brighter-eng,medium(8-39),0.6469,misclassified
emotion-te-02609,en-Latn,,,joy,fear,,,,emotion,baseline,brighter-eng,medium(8-39),0.603,misclassified
emotion-te-02610,en-Latn,,,fear|joy,fear|joy|sadness,,,,emotion,baseline,brighter-eng,medium(8-39),0.8155,misclassified
emotion-te-02611,en-Latn,,,fear,fear|sadness,,,,emotion,baseline,brighter-eng,short(<8),0.7669,misclassified
emotion-te-02612,en-Latn,,,fear|joy,fear|joy|sadness,,,,emotion,baseline,brighter-eng,medium(8-39),0.8075,misclassified
emotion-te-02613,en-Latn,,,anger,fear,,,,emotion,baseline,brighter-eng,medium(8-39),0.4885,misclassified
emotion-te-02614,en-Latn,,,none,fear,,,,emotion,baseline,brighter-eng,medium(8-39),0.6173,misclassified
emotion-te-02615,en-Latn,,,fear,fear|sadness|surprise,,,,emotion,baseline,brighter-eng,medium(8-39),0.8236,misclassified
emotion-te-02616,en-Latn,,,fear,none,,,,emotion,baseline,brighter-eng,medium(8-39),0.283,misclassified
emotion-te-02617,en-Latn,,,fear,none,,,,emotion,baseline,brighter-eng,medium(8-39),0.3846,misclassified
emotion-te-02618,en-Latn,,,none,fear|sadness|surprise,,,,emotion,baseline,brighter-eng,medium(8-39),0.5626,misclassified
emotion-te-02619,en-Latn,,,sadness,fear|joy|sadness,,,,emotion,baseline,brighter-eng,medium(8-39),0.5866,misclassified
emotion-te-02620,en-Latn,,,sadness,fear,,,,emotion,baseline,brighter-eng,medium(8-39),0.8266,misclassified
emotion-te-02621,en-Latn,,,joy,joy|sadness,,,,emotion,baseline,brighter-eng,medium(8-39),0.9529,misclassified
emotion-te-02622,en-Latn,,,fear|sadness|surprise,fear|sadness,,,,emotion,baseline,brighter-eng,medium(8-39),0.6109,misclassified
emotion-te-02623,en-Latn,,,fear,fear|sadness,,,,emotion,baseline,brighter-eng,medium(8-39),0.905,misclassified
emotion-te-02624,en-Latn,,,none,fear|sadness,,,,emotion,baseline,brighter-eng,medium(8-39),0.4722,misclassified
emotion-te-02626,en-Latn,,,fear|surprise,fear,,,,emotion,baseline,brighter-eng,medium(8-39),0.7745,misclassified
emotion-te-02627,en-Latn,,,joy|surprise,surprise,,,,emotion,baseline,brighter-eng,medium(8-39),0.4499,misclassified
emotion-te-02628,en-Latn,,,sadness,joy,,,,emotion,baseline,brighter-eng,short(<8),0.3335,misclassified
emotion-te-02632,en-Latn,,,fear,fear|joy,,,,emotion,baseline,brighter-eng,short(<8),0.8688,misclassified
emotion-te-02633,en-Latn,,,sadness,joy|sadness,,,,emotion,baseline,brighter-eng,medium(8-39),0.6166,misclassified
emotion-te-02636,en-Latn,,,fear,fear|sadness,,,,emotion,baseline,brighter-eng,medium(8-39),0.8862,misclassified
emotion-te-02637,en-Latn,,,anger|fear|surprise,fear|surprise,,,,emotion,baseline,brighter-eng,medium(8-39),0.8078,misclassified
emotion-te-02638,en-Latn,,,fear|sadness,fear|joy,,,,emotion,baseline,brighter-eng,medium(8-39),0.7825,misclassified
emotion-te-02639,en-Latn,,,fear,fear|sadness,,,,emotion,baseline,brighter-eng,medium(8-39),0.836,misclassified
emotion-te-02640,en-Latn,,,anger,fear|joy|sadness,,,,emotion,baseline,brighter-eng,medium(8-39),0.6619,misclassified
emotion-te-02641,en-Latn,,,joy|sadness,fear|sadness,,,,emotion,baseline,brighter-eng,medium(8-39),0.9519,misclassified
emotion-te-02642,en-Latn,,,sadness,fear|joy|sadness,,,,emotion,baseline,brighter-eng,long(40+),0.788,misclassified
emotion-te-02643,en-Latn,,,fear|sadness,fear|joy|sadness|surprise,,,,emotion,baseline,brighter-eng,medium(8-39),0.9263,misclassified
emotion-te-02644,en-Latn,,,joy,fear|joy|sadness,,,,emotion,baseline,brighter-eng,medium(8-39),0.787,misclassified
emotion-te-02645,en-Latn,,,fear,fear|joy|sadness|surprise,,,,emotion,baseline,brighter-eng,medium(8-39),0.774,misclassified
emotion-te-02646,en-Latn,,,fear,fear|sadness,,,,emotion,baseline,brighter-eng,medium(8-39),0.7541,misclassified
emotion-te-02647,en-Latn,,,none,fear|sadness,,,,emotion,baseline,brighter-eng,medium(8-39),0.5049,misclassified
emotion-te-02648,en-Latn,,,none,sadness,,,,emotion,baseline,brighter-eng,short(<8),0.474,misclassified
emotion-te-02649,en-Latn,,,joy,joy|sadness,,,,emotion,baseline,brighter-eng,medium(8-39),0.9274,misclassified
emotion-te-02650,en-Latn,,,fear,fear|sadness,,,,emotion,baseline,brighter-eng,medium(8-39),0.6813,misclassified
emotion-te-02652,en-Latn,,,joy,fear|sadness,,,,emotion,baseline,brighter-eng,medium(8-39),0.6136,misclassified
emotion-te-02654,en-Latn,,,fear,fear|sadness|surprise,,,,emotion,baseline,brighter-eng,medium(8-39),0.9769,misclassified
emotion-te-02655,en-Latn,,,joy,fear|surprise,,,,emotion,baseline,brighter-eng,medium(8-39),0.8341,misclassified
emotion-te-02656,en-Latn,,,fear,fear|sadness,,,,emotion,baseline,brighter-eng,medium(8-39),0.7223,misclassified
emotion-te-02657,en-Latn,,,fear|sadness,fear|sadness|surprise,,,,emotion,baseline,brighter-eng,medium(8-39),0.6486,misclassified
emotion-te-02658,en-Latn,,,anger|fear|sadness,fear|joy|sadness|surprise,,,,emotion,baseline,brighter-eng,medium(8-39),0.7296,misclassified
emotion-te-02659,en-Latn,,,none,fear|sadness|surprise,,,,emotion,baseline,brighter-eng,medium(8-39),0.7955,misclassified
emotion-te-02660,en-Latn,,,sadness,fear|sadness|surprise,,,,emotion,baseline,brighter-eng,long(40+),0.7229,misclassified
emotion-te-02661,en-Latn,,,surprise,fear|surprise,,,,emotion,baseline,brighter-eng,medium(8-39),0.6533,misclassified
emotion-te-02662,en-Latn,,,sadness,fear|sadness,,,,emotion,baseline,brighter-eng,medium(8-39),0.9217,misclassified
emotion-te-02663,en-Latn,,,none,fear|sadness|surprise,,,,emotion,baseline,brighter-eng,medium(8-39),0.6264,misclassified
emotion-te-02664,en-Latn,,,none,fear,,,,emotion,baseline,brighter-eng,short(<8),0.4977,misclassified
emotion-te-02665,en-Latn,,,fear,joy,,,,emotion,baseline,brighter-eng,short(<8),0.4624,misclassified
emotion-te-02667,en-Latn,,,fear|sadness,fear|joy|sadness|surprise,,,,emotion,baseline,brighter-eng,medium(8-39),0.4761,misclassified
emotion-te-02668,en-Latn,,,joy,fear|joy|sadness,,,,emotion,baseline,brighter-eng,medium(8-39),0.6686,misclassified
emotion-te-02669,en-Latn,,,sadness,fear|sadness,,,,emotion,baseline,brighter-eng,medium(8-39),0.7654,misclassified
emotion-te-02670,en-Latn,,,anger|fear,fear|joy|surprise,,,,emotion,baseline,brighter-eng,medium(8-39),0.7774,misclassified
emotion-te-02671,en-Latn,,,fear|sadness,joy,,,,emotion,baseline,brighter-eng,medium(8-39),0.8776,misclassified
emotion-te-02672,en-Latn,,,fear|joy,fear|sadness,,,,emotion,baseline,brighter-eng,medium(8-39),0.708,misclassified
emotion-te-02673,en-Latn,,,none,fear,,,,emotion,baseline,brighter-eng,medium(8-39),0.4239,misclassified
emotion-te-02674,en-Latn,,,fear|joy,fear|sadness,,,,emotion,baseline,brighter-eng,medium(8-39),0.9288,misclassified
emotion-te-02675,en-Latn,,,joy,fear|sadness|surprise,,,,emotion,baseline,brighter-eng,medium(8-39),0.8514,misclassified
emotion-te-02677,en-Latn,,,fear,fear|joy|sadness,,,,emotion,baseline,brighter-eng,medium(8-39),0.6964,misclassified
emotion-te-02678,en-Latn,,,fear|sadness,fear|joy|sadness,,,,emotion,baseline,brighter-eng,short(<8),0.644,misclassified
emotion-te-02679,en-Latn,,,surprise,fear|joy|sadness|surprise,,,,emotion,baseline,brighter-eng,medium(8-39),0.6747,misclassified
emotion-te-02683,en-Latn,,,joy,joy|surprise,,,,emotion,baseline,brighter-eng,medium(8-39),0.8314,misclassified
emotion-te-02684,en-Latn,,,joy,fear|sadness,,,,emotion,baseline,brighter-eng,medium(8-39),0.4684,misclassified
emotion-te-02686,en-Latn,,,surprise,fear|surprise,,,,emotion,baseline,brighter-eng,medium(8-39),0.8637,misclassified
emotion-te-02688,en-Latn,,,fear|sadness,joy,,,,emotion,baseline,brighter-eng,medium(8-39),0.638,misclassified
emotion-te-02689,en-Latn,,,anger|fear,joy,,,,emotion,baseline,brighter-eng,medium(8-39),0.7588,misclassified
emotion-te-02690,en-Latn,,,joy,fear|joy,,,,emotion,baseline,brighter-eng,medium(8-39),0.7811,misclassified
emotion-te-02692,en-Latn,,,fear|sadness|surprise,fear|sadness,,,,emotion,baseline,brighter-eng,medium(8-39),0.894,misclassified
emotion-te-02693,en-Latn,,,none,joy,,,,emotion,baseline,brighter-eng,medium(8-39),0.8029,misclassified
emotion-te-02694,en-Latn,,,none,joy,,,,emotion,baseline,brighter-eng,medium(8-39),0.6782,misclassified
emotion-te-02695,en-Latn,,,fear,joy,,,,emotion,baseline,brighter-eng,long(40+),0.5087,misclassified
emotion-te-02696,en-Latn,,,fear|joy,fear|sadness,,,,emotion,baseline,brighter-eng,medium(8-39),0.5537,misclassified
emotion-te-02697,en-Latn,,,anger|fear|sadness,fear|sadness,,,,emotion,baseline,brighter-eng,medium(8-39),0.9344,misclassified
emotion-te-02699,en-Latn,,,fear|sadness|surprise,joy|sadness|surprise,,,,emotion,baseline,brighter-eng,medium(8-39),0.4713,misclassified
emotion-te-02700,en-Latn,,,joy,fear|sadness,,,,emotion,baseline,brighter-eng,medium(8-39),0.9035,misclassified
emotion-te-02703,en-Latn,,,sadness,fear|joy|sadness,,,,emotion,baseline,brighter-eng,medium(8-39),0.6712,misclassified
emotion-te-02704,en-Latn,,,fear|sadness,fear|sadness|surprise,,,,emotion,baseline,brighter-eng,medium(8-39),0.8813,misclassified
emotion-te-02705,en-Latn,,,joy,fear|joy|sadness,,,,emotion,baseline,brighter-eng,medium(8-39),0.8374,misclassified
emotion-te-02706,en-Latn,,,joy,fear|joy|sadness,,,,emotion,baseline,brighter-eng,medium(8-39),0.7491,misclassified
emotion-te-02708,en-Latn,,,fear,fear|sadness,,,,emotion,baseline,brighter-eng,medium(8-39),0.4677,misclassified
emotion-te-02710,en-Latn,,,joy,fear|joy|sadness,,,,emotion,baseline,brighter-eng,long(40+),0.557,misclassified
emotion-te-02711,en-Latn,,,fear,fear|sadness,,,,emotion,baseline,brighter-eng,short(<8),0.8124,misclassified
emotion-te-02712,en-Latn,,,joy,fear|joy|sadness|surprise,,,,emotion,baseline,brighter-eng,medium(8-39),0.5548,misclassified
emotion-te-02713,en-Latn,,,fear|sadness,fear|joy|sadness,,,,emotion,baseline,brighter-eng,long(40+),0.7607,misclassified
emotion-te-02714,en-Latn,,,none,fear,,,,emotion,baseline,brighter-eng,short(<8),0.4028,misclassified
emotion-te-02715,en-Latn,,,fear,fear|joy|surprise,,,,emotion,baseline,brighter-eng,medium(8-39),0.8589,misclassified
emotion-te-02716,en-Latn,,,sadness,fear|joy|sadness,,,,emotion,baseline,brighter-eng,medium(8-39),0.7845,misclassified
emotion-te-02718,en-Latn,,,fear,fear|sadness|surprise,,,,emotion,baseline,brighter-eng,medium(8-39),0.9828,misclassified
emotion-te-02719,en-Latn,,,fear,fear|joy|surprise,,,,emotion,baseline,brighter-eng,medium(8-39),0.5683,misclassified
emotion-te-02720,en-Latn,,,fear,joy,,,,emotion,baseline,brighter-eng,short(<8),0.596,misclassified
emotion-te-02721,en-Latn,,,fear,fear|sadness,,,,emotion,baseline,brighter-eng,medium(8-39),0.6546,misclassified
emotion-te-02723,en-Latn,,,joy,fear|surprise,,,,emotion,baseline,brighter-eng,short(<8),0.5789,misclassified
emotion-te-02727,en-Latn,,,fear|sadness,joy|sadness,,,,emotion,baseline,brighter-eng,short(<8),0.5604,misclassified
emotion-te-02729,en-Latn,,,fear,fear|joy|sadness|surprise,,,,emotion,baseline,brighter-eng,medium(8-39),0.8969,misclassified
emotion-te-02730,en-Latn,,,none,fear|joy|surprise,,,,emotion,baseline,brighter-eng,medium(8-39),0.8721,misclassified
emotion-te-02731,en-Latn,,,fear,fear|joy|sadness,,,,emotion,baseline,brighter-eng,medium(8-39),0.7827,misclassified
emotion-te-02732,en-Latn,,,fear,fear|joy|sadness,,,,emotion,baseline,brighter-eng,medium(8-39),0.9418,misclassified
emotion-te-02735,en-Latn,,,fear|surprise,fear|joy|sadness|surprise,,,,emotion,baseline,brighter-eng,medium(8-39),0.8043,misclassified
emotion-te-02737,en-Latn,,,sadness,fear|sadness,,,,emotion,baseline,brighter-eng,medium(8-39),0.9221,misclassified
emotion-te-02738,en-Latn,,,fear|sadness,fear|joy|surprise,,,,emotion,baseline,brighter-eng,medium(8-39),0.8981,misclassified
emotion-te-02739,en-Latn,,,fear,fear|joy,,,,emotion,baseline,brighter-eng,medium(8-39),0.6138,misclassified
emotion-te-02740,en-Latn,,,sadness,joy,,,,emotion,baseline,brighter-eng,medium(8-39),0.319,misclassified
emotion-te-02741,en-Latn,,,none,fear|joy|sadness,,,,emotion,baseline,brighter-eng,medium(8-39),0.7953,misclassified
emotion-te-02745,en-Latn,,,sadness,sadness|surprise,,,,emotion,baseline,brighter-eng,medium(8-39),0.708,misclassified
emotion-te-02747,en-Latn,,,joy,fear|joy|sadness,,,,emotion,baseline,brighter-eng,long(40+),0.8152,misclassified
emotion-te-02748,en-Latn,,,joy,fear|joy|sadness,,,,emotion,baseline,brighter-eng,medium(8-39),0.753,misclassified
emotion-te-02750,en-Latn,,,fear|sadness,fear|joy,,,,emotion,baseline,brighter-eng,medium(8-39),0.5799,misclassified
emotion-te-02751,en-Latn,,,joy,fear|joy,,,,emotion,baseline,brighter-eng,medium(8-39),0.6834,misclassified
emotion-te-02752,en-Latn,,,joy,sadness,,,,emotion,baseline,brighter-eng,medium(8-39),0.6377,misclassified
emotion-te-02753,en-Latn,,,fear|sadness,fear,,,,emotion,baseline,brighter-eng,medium(8-39),0.9271,misclassified
emotion-te-02755,en-Latn,,,none,fear|sadness|surprise,,,,emotion,baseline,brighter-eng,medium(8-39),0.9628,misclassified
emotion-te-02756,en-Latn,,,fear,fear|sadness,,,,emotion,baseline,brighter-eng,medium(8-39),0.8481,misclassified
emotion-te-02757,en-Latn,,,fear|sadness,fear|joy|sadness,,,,emotion,baseline,brighter-eng,short(<8),0.6759,misclassified
emotion-te-02758,en-Latn,,,fear,fear|sadness|surprise,,,,emotion,baseline,brighter-eng,medium(8-39),0.9659,misclassified
emotion-te-02759,en-Latn,,,sadness,fear|joy|sadness,,,,emotion,baseline,brighter-eng,medium(8-39),0.8542,misclassified
emotion-te-02760,hi-Deva,,,fear|sadness|surprise,none,,,,emotion,baseline,brighter-hin,medium(8-39),0.2277,misclassified
emotion-te-02761,hi-Deva,,,sadness,anger,,,,emotion,baseline,brighter-hin,medium(8-39),0.6667,misclassified
emotion-te-02763,hi-Deva,,,surprise,anger,,,,emotion,baseline,brighter-hin,medium(8-39),0.6879,misclassified
emotion-te-02764,hi-Deva,,,anger,none,,,,emotion,baseline,brighter-hin,medium(8-39),0.2882,misclassified
emotion-te-02765,hi-Deva,,,anger,sadness,,,,emotion,baseline,brighter-hin,medium(8-39),0.3441,misclassified
emotion-te-02768,hi-Deva,,,anger|disgust,disgust|sadness,,,,emotion,baseline,brighter-hin,medium(8-39),0.8749,misclassified
emotion-te-02772,hi-Deva,,,surprise,none,,,,emotion,baseline,brighter-hin,medium(8-39),0.181,misclassified
emotion-te-02775,hi-Deva,,,disgust,anger|disgust,,,,emotion,baseline,brighter-hin,medium(8-39),0.928,misclassified
emotion-te-02776,hi-Deva,,,fear,anger,,,,emotion,baseline,brighter-hin,medium(8-39),0.6419,misclassified
emotion-te-02777,hi-Deva,,,fear,sadness|surprise,,,,emotion,baseline,brighter-hin,medium(8-39),0.5027,misclassified
emotion-te-02779,hi-Deva,,,none,fear,,,,emotion,baseline,brighter-hin,medium(8-39),0.9082,misclassified
emotion-te-02780,hi-Deva,,,anger,anger|sadness,,,,emotion,baseline,brighter-hin,medium(8-39),0.6975,misclassified
emotion-te-02781,hi-Deva,,,sadness,anger|sadness,,,,emotion,baseline,brighter-hin,medium(8-39),0.7434,misclassified
emotion-te-02784,hi-Deva,,,surprise,joy,,,,emotion,baseline,brighter-hin,medium(8-39),0.5469,misclassified
emotion-te-02785,hi-Deva,,,surprise,anger|surprise,,,,emotion,baseline,brighter-hin,medium(8-39),0.6857,misclassified
emotion-te-02787,hi-Deva,,,disgust,anger|disgust,,,,emotion,baseline,brighter-hin,medium(8-39),0.9591,misclassified
emotion-te-02789,hi-Deva,,,joy,sadness|surprise,,,,emotion,baseline,brighter-hin,medium(8-39),0.4118,misclassified
emotion-te-02793,hi-Deva,,,anger,anger|surprise,,,,emotion,baseline,brighter-hin,medium(8-39),0.6496,misclassified
emotion-te-02794,hi-Deva,,,sadness,none,,,,emotion,baseline,brighter-hin,medium(8-39),0.2699,misclassified
emotion-te-02795,hi-Deva,,,sadness,anger,,,,emotion,baseline,brighter-hin,medium(8-39),0.7246,misclassified
emotion-te-02798,hi-Deva,,,fear,joy,,,,emotion,baseline,brighter-hin,medium(8-39),0.4151,misclassified
emotion-te-02802,hi-Deva,,,anger,anger|joy,,,,emotion,baseline,brighter-hin,medium(8-39),0.8255,misclassified
emotion-te-02803,hi-Deva,,,disgust,anger|disgust,,,,emotion,baseline,brighter-hin,medium(8-39),0.9868,misclassified
emotion-te-02808,hi-Deva,,,sadness,anger|sadness,,,,emotion,baseline,brighter-hin,medium(8-39),0.7014,misclassified
emotion-te-02809,hi-Deva,,,sadness,sadness|surprise,,,,emotion,baseline,brighter-hin,medium(8-39),0.6888,misclassified
emotion-te-02810,hi-Deva,,,fear,surprise,,,,emotion,baseline,brighter-hin,medium(8-39),0.7819,misclassified
emotion-te-02812,hi-Deva,,,joy,joy|surprise,,,,emotion,baseline,brighter-hin,medium(8-39),0.9713,misclassified
emotion-te-02814,hi-Deva,,,surprise,joy|surprise,,,,emotion,baseline,brighter-hin,medium(8-39),0.9484,misclassified
emotion-te-02816,hi-Deva,,,anger,none,,,,emotion,baseline,brighter-hin,medium(8-39),0.3353,misclassified
emotion-te-02817,hi-Deva,,,joy|surprise,joy,,,,emotion,baseline,brighter-hin,medium(8-39),0.9419,misclassified
emotion-te-02819,hi-Deva,,,surprise,sadness,,,,emotion,baseline,brighter-hin,medium(8-39),0.4168,misclassified
emotion-te-02820,hi-Deva,,,fear,fear|sadness,,,,emotion,baseline,brighter-hin,medium(8-39),0.9481,misclassified
emotion-te-02821,hi-Deva,,,sadness,anger|sadness,,,,emotion,baseline,brighter-hin,medium(8-39),0.5957,misclassified
emotion-te-02831,hi-Deva,,,none,sadness,,,,emotion,baseline,brighter-hin,medium(8-39),0.3133,misclassified
emotion-te-02837,hi-Deva,,,anger|disgust,disgust,,,,emotion,baseline,brighter-hin,medium(8-39),0.7131,misclassified
emotion-te-02838,hi-Deva,,,fear,none,,,,emotion,baseline,brighter-hin,medium(8-39),0.2247,misclassified
emotion-te-02841,hi-Deva,,,joy,sadness,,,,emotion,baseline,brighter-hin,medium(8-39),0.3792,misclassified
emotion-te-02845,hi-Deva,,,surprise,joy|surprise,,,,emotion,baseline,brighter-hin,medium(8-39),0.9918,misclassified
emotion-te-02846,hi-Deva,,,anger,sadness,,,,emotion,baseline,brighter-hin,medium(8-39),0.4435,misclassified
emotion-te-02848,hi-Deva,,,surprise,joy|surprise,,,,emotion,baseline,brighter-hin,medium(8-39),0.5001,misclassified
emotion-te-02850,hi-Deva,,,joy,none,,,,emotion,baseline,brighter-hin,medium(8-39),0.266,misclassified
emotion-te-02851,hi-Deva,,,anger,joy,,,,emotion,baseline,brighter-hin,medium(8-39),0.5288,misclassified
emotion-te-02859,hi-Deva,,,fear,none,,,,emotion,baseline,brighter-hin,medium(8-39),0.3219,misclassified
emotion-te-02860,hi-Deva,,,none,joy,,,,emotion,baseline,brighter-hin,medium(8-39),0.4457,misclassified
emotion-te-02861,hi-Deva,,,joy,joy|sadness,,,,emotion,baseline,brighter-hin,medium(8-39),0.6066,misclassified
emotion-te-02864,hi-Deva,,,sadness,none,,,,emotion,baseline,brighter-hin,medium(8-39),0.3675,misclassified
emotion-te-02865,hi-Deva,,,none,sadness,,,,emotion,baseline,brighter-hin,medium(8-39),0.464,misclassified
emotion-te-02867,hi-Deva,,,fear,anger|fear,,,,emotion,baseline,brighter-hin,medium(8-39),0.9096,misclassified
emotion-te-02870,hi-Deva,,,anger,none,,,,emotion,baseline,brighter-hin,medium(8-39),0.5358,misclassified
emotion-te-02871,hi-Deva,,,joy,none,,,,emotion,baseline,brighter-hin,medium(8-39),0.2516,misclassified
emotion-te-02873,hi-Deva,,,none,joy,,,,emotion,baseline,brighter-hin,medium(8-39),0.3631,misclassified
emotion-te-02877,hi-Deva,,,fear,sadness,,,,emotion,baseline,brighter-hin,medium(8-39),0.4539,misclassified
emotion-te-02880,hi-Deva,,,sadness,joy|surprise,,,,emotion,baseline,brighter-hin,medium(8-39),0.6946,misclassified
emotion-te-02882,hi-Deva,,,anger|disgust,disgust|joy,,,,emotion,baseline,brighter-hin,medium(8-39),0.8607,misclassified
emotion-te-02884,hi-Deva,,,anger|sadness,anger|disgust|sadness,,,,emotion,baseline,brighter-hin,medium(8-39),0.7397,misclassified
emotion-te-02885,hi-Deva,,,sadness,anger|sadness,,,,emotion,baseline,brighter-hin,medium(8-39),0.6727,misclassified
emotion-te-02887,hi-Deva,,,fear,sadness,,,,emotion,baseline,brighter-hin,medium(8-39),0.8359,misclassified
emotion-te-02891,hi-Deva,,,sadness,none,,,,emotion,baseline,brighter-hin,medium(8-39),0.3445,misclassified
emotion-te-02894,hi-Deva,,,anger,sadness,,,,emotion,baseline,brighter-hin,medium(8-39),0.4729,misclassified
emotion-te-02897,hi-Deva,,,sadness,joy|sadness,,,,emotion,baseline,brighter-hin,medium(8-39),0.5508,misclassified
emotion-te-02899,hi-Deva,,,surprise,joy|sadness|surprise,,,,emotion,baseline,brighter-hin,medium(8-39),0.6175,misclassified
emotion-te-02900,hi-Deva,,,fear,sadness,,,,emotion,baseline,brighter-hin,medium(8-39),0.6488,misclassified
emotion-te-02901,hi-Deva,,,fear,fear|sadness,,,,emotion,baseline,brighter-hin,medium(8-39),0.5048,misclassified
emotion-te-02902,hi-Deva,,,joy,anger|joy,,,,emotion,baseline,brighter-hin,medium(8-39),0.795,misclassified
emotion-te-02904,hi-Deva,,,anger,anger|surprise,,,,emotion,baseline,brighter-hin,medium(8-39),0.8296,misclassified
emotion-te-02906,hi-Deva,,,sadness,sadness|surprise,,,,emotion,baseline,brighter-hin,medium(8-39),0.8638,misclassified
emotion-te-02908,hi-Deva,,,none,sadness,,,,emotion,baseline,brighter-hin,medium(8-39),0.6909,misclassified
emotion-te-02909,hi-Deva,,,none,fear|sadness,,,,emotion,baseline,brighter-hin,medium(8-39),0.9422,misclassified
emotion-te-02910,hi-Deva,,,sadness,joy|sadness,,,,emotion,baseline,brighter-hin,medium(8-39),0.7265,misclassified
emotion-te-02913,hi-Deva,,,disgust,disgust|sadness,,,,emotion,baseline,brighter-hin,medium(8-39),0.794,misclassified
emotion-te-02914,hi-Deva,,,surprise,joy,,,,emotion,baseline,brighter-hin,medium(8-39),0.4236,misclassified
emotion-te-02920,hi-Deva,,,sadness,joy|sadness,,,,emotion,baseline,brighter-hin,medium(8-39),0.7264,misclassified
emotion-te-02921,hi-Deva,,,surprise,joy|sadness|surprise,,,,emotion,baseline,brighter-hin,medium(8-39),0.8156,misclassified
emotion-te-02922,hi-Deva,,,disgust|surprise,anger|disgust,,,,emotion,baseline,brighter-hin,medium(8-39),0.6407,misclassified
emotion-te-02923,hi-Deva,,,sadness,joy|sadness,,,,emotion,baseline,brighter-hin,medium(8-39),0.7338,misclassified
emotion-te-02929,hi-Deva,,,sadness,joy|surprise,,,,emotion,baseline,brighter-hin,medium(8-39),0.5003,misclassified
emotion-te-02932,hi-Deva,,,anger,anger|surprise,,,,emotion,baseline,brighter-hin,medium(8-39),0.7135,misclassified
emotion-te-02933,hi-Deva,,,fear,none,,,,emotion,baseline,brighter-hin,medium(8-39),0.1512,misclassified
emotion-te-02935,hi-Deva,,,sadness,none,,,,emotion,baseline,brighter-hin,medium(8-39),0.2307,misclassified
emotion-te-02939,hi-Deva,,,anger|disgust,none,,,,emotion,baseline,brighter-hin,medium(8-39),0.1713,misclassified
emotion-te-02942,hi-Deva,,,joy,joy|sadness,,,,emotion,baseline,brighter-hin,medium(8-39),0.53,misclassified
emotion-te-02943,hi-Deva,,,anger,none,,,,emotion,baseline,brighter-hin,medium(8-39),0.403,misclassified
emotion-te-02944,hi-Deva,,,surprise,sadness|surprise,,,,emotion,baseline,brighter-hin,short(<8),0.7811,misclassified
emotion-te-02945,hi-Deva,,,none,joy,,,,emotion,baseline,brighter-hin,medium(8-39),0.3827,misclassified
emotion-te-02946,hi-Deva,,,anger|disgust,disgust,,,,emotion,baseline,brighter-hin,medium(8-39),0.5778,misclassified
emotion-te-02947,hi-Deva,,,disgust,anger,,,,emotion,baseline,brighter-hin,medium(8-39),0.5982,misclassified
emotion-te-02948,hi-Deva,,,anger,joy|surprise,,,,emotion,baseline,brighter-hin,medium(8-39),0.7737,misclassified
emotion-te-02949,hi-Deva,,,none,joy,,,,emotion,baseline,brighter-hin,medium(8-39),0.5211,misclassified
emotion-te-02950,hi-Deva,,,disgust,none,,,,emotion,baseline,brighter-hin,medium(8-39),0.4918,misclassified
emotion-te-02951,hi-Deva,,,joy,joy|sadness,,,,emotion,baseline,brighter-hin,medium(8-39),0.882,misclassified
emotion-te-02954,hi-Deva,,,sadness,none,,,,emotion,baseline,brighter-hin,medium(8-39),0.2118,misclassified
emotion-te-02957,hi-Deva,,,surprise,joy|surprise,,,,emotion,baseline,brighter-hin,medium(8-39),0.975,misclassified
emotion-te-02958,hi-Deva,,,surprise,joy|surprise,,,,emotion,baseline,brighter-hin,medium(8-39),0.9935,misclassified
emotion-te-02959,hi-Deva,,,anger,anger|sadness,,,,emotion,baseline,brighter-hin,medium(8-39),0.6132,misclassified
emotion-te-02961,hi-Deva,,,sadness,joy|sadness,,,,emotion,baseline,brighter-hin,medium(8-39),0.8515,misclassified
emotion-te-02963,hi-Deva,,,anger|disgust,disgust,,,,emotion,baseline,brighter-hin,medium(8-39),0.9005,misclassified
emotion-te-02964,hi-Deva,,,fear,anger|fear,,,,emotion,baseline,brighter-hin,medium(8-39),0.9596,misclassified
emotion-te-02965,hi-Deva,,,joy,anger|joy|sadness,,,,emotion,baseline,brighter-hin,medium(8-39),0.9206,misclassified
emotion-te-02968,hi-Deva,,,sadness,none,,,,emotion,baseline,brighter-hin,medium(8-39),0.4486,misclassified
emotion-te-02970,hi-Deva,,,fear,none,,,,emotion,baseline,brighter-hin,medium(8-39),0.2707,misclassified
emotion-te-02973,hi-Deva,,,fear,anger,,,,emotion,baseline,brighter-hin,medium(8-39),0.8668,misclassified
emotion-te-02974,hi-Deva,,,surprise,sadness|surprise,,,,emotion,baseline,brighter-hin,medium(8-39),0.3904,misclassified
emotion-te-02975,hi-Deva,,,joy,none,,,,emotion,baseline,brighter-hin,medium(8-39),0.2441,misclassified
emotion-te-02976,hi-Deva,,,anger|disgust,anger|sadness,,,,emotion,baseline,brighter-hin,medium(8-39),0.9652,misclassified
emotion-te-02978,hi-Deva,,,surprise,anger,,,,emotion,baseline,brighter-hin,medium(8-39),0.7258,misclassified
emotion-te-02982,hi-Deva,,,sadness,joy,,,,emotion,baseline,brighter-hin,medium(8-39),0.5963,misclassified
emotion-te-02987,hi-Deva,,,anger,anger|sadness,,,,emotion,baseline,brighter-hin,medium(8-39),0.8848,misclassified
emotion-te-02989,hi-Deva,,,joy,joy|surprise,,,,emotion,baseline,brighter-hin,medium(8-39),0.9677,misclassified
emotion-te-02992,hi-Deva,,,disgust,anger|disgust,,,,emotion,baseline,brighter-hin,medium(8-39),0.997,misclassified
emotion-te-02994,hi-Deva,,,sadness,joy,,,,emotion,baseline,brighter-hin,medium(8-39),0.89,misclassified
emotion-te-02995,hi-Deva,,,anger|disgust,none,,,,emotion,baseline,brighter-hin,medium(8-39),0.4562,misclassified
emotion-te-02996,hi-Deva,,,sadness,none,,,,emotion,baseline,brighter-hin,medium(8-39),0.4017,misclassified
emotion-te-02997,hi-Deva,,,joy,sadness,,,,emotion,baseline,brighter-hin,medium(8-39),0.487,misclassified
emotion-te-03000,hi-Deva,,,anger,anger|sadness,,,,emotion,baseline,brighter-hin,medium(8-39),0.9308,misclassified
emotion-te-03001,hi-Deva,,,surprise,joy|surprise,,,,emotion,baseline,brighter-hin,medium(8-39),0.8888,misclassified
emotion-te-03004,hi-Deva,,,none,joy,,,,emotion,baseline,brighter-hin,medium(8-39),0.3762,misclassified
emotion-te-03009,hi-Deva,,,none,sadness,,,,emotion,baseline,brighter-hin,medium(8-39),0.5229,misclassified
emotion-te-03010,hi-Deva,,,joy,sadness,,,,emotion,baseline,brighter-hin,medium(8-39),0.4239,misclassified
emotion-te-03012,hi-Deva,,,fear,anger,,,,emotion,baseline,brighter-hin,medium(8-39),0.8263,misclassified
emotion-te-03017,hi-Deva,,,none,anger|fear|sadness,,,,emotion,baseline,brighter-hin,medium(8-39),0.694,misclassified
emotion-te-03018,hi-Deva,,,joy,surprise,,,,emotion,baseline,brighter-hin,medium(8-39),0.7186,misclassified
emotion-te-03019,hi-Deva,,,joy,fear,,,,emotion,baseline,brighter-hin,medium(8-39),0.7636,misclassified
emotion-te-03020,hi-Deva,,,joy,fear,,,,emotion,baseline,brighter-hin,medium(8-39),0.9615,misclassified
emotion-te-03021,hi-Deva,,,sadness,none,,,,emotion,baseline,brighter-hin,medium(8-39),0.1353,misclassified
emotion-te-03022,hi-Deva,,,sadness,joy,,,,emotion,baseline,brighter-hin,medium(8-39),0.5494,misclassified
emotion-te-03023,hi-Deva,,,sadness,none,,,,emotion,baseline,brighter-hin,medium(8-39),0.2975,misclassified
emotion-te-03026,hi-Deva,,,surprise,anger,,,,emotion,baseline,brighter-hin,medium(8-39),0.5866,misclassified
emotion-te-03034,hi-Deva,,,disgust,anger|disgust,,,,emotion,baseline,brighter-hin,short(<8),0.9877,misclassified
emotion-te-03035,hi-Deva,,,fear,sadness,,,,emotion,baseline,brighter-hin,medium(8-39),0.7048,misclassified
emotion-te-03036,hi-Deva,,,anger,anger|disgust,,,,emotion,baseline,brighter-hin,medium(8-39),0.9514,misclassified
emotion-te-03037,hi-Deva,,,disgust,none,,,,emotion,baseline,brighter-hin,medium(8-39),0.248,misclassified
emotion-te-03038,hi-Deva,,,none,anger,,,,emotion,baseline,brighter-hin,medium(8-39),0.5868,misclassified
emotion-te-03044,hi-Deva,,,disgust,anger|disgust,,,,emotion,baseline,brighter-hin,medium(8-39),0.9898,misclassified
emotion-te-03045,hi-Deva,,,joy|surprise,anger|disgust,,,,emotion,baseline,brighter-hin,medium(8-39),0.8517,misclassified
emotion-te-03047,hi-Deva,,,sadness,none,,,,emotion,baseline,brighter-hin,medium(8-39),0.2927,misclassified
emotion-te-03051,hi-Deva,,,joy,joy|sadness,,,,emotion,baseline,brighter-hin,medium(8-39),0.7938,misclassified
emotion-te-03055,hi-Deva,,,surprise,disgust|joy|surprise,,,,emotion,baseline,brighter-hin,medium(8-39),0.6843,misclassified
emotion-te-03058,hi-Deva,,,sadness,sadness|surprise,,,,emotion,baseline,brighter-hin,medium(8-39),0.7977,misclassified
emotion-te-03059,hi-Deva,,,surprise,joy,,,,emotion,baseline,brighter-hin,medium(8-39),0.3225,misclassified
emotion-te-03060,hi-Deva,,,anger,anger|disgust|sadness,,,,emotion,baseline,brighter-hin,medium(8-39),0.9718,misclassified
emotion-te-03067,hi-Deva,,,anger,none,,,,emotion,baseline,brighter-hin,medium(8-39),0.4106,misclassified
emotion-te-03069,hi-Deva,,,fear,none,,,,emotion,baseline,brighter-hin,medium(8-39),0.2313,misclassified
emotion-te-03071,hi-Deva,,,disgust,anger|disgust,,,,emotion,baseline,brighter-hin,medium(8-39),0.8928,misclassified
emotion-te-03079,hi-Deva,,,anger,anger|sadness,,,,emotion,baseline,brighter-hin,medium(8-39),0.6775,misclassified
emotion-te-03080,hi-Deva,,,surprise,joy|surprise,,,,emotion,baseline,brighter-hin,medium(8-39),0.9259,misclassified
emotion-te-03082,hi-Deva,,,joy,joy|surprise,,,,emotion,baseline,brighter-hin,medium(8-39),0.9739,misclassified
emotion-te-03085,hi-Deva,,,surprise,joy|surprise,,,,emotion,baseline,brighter-hin,medium(8-39),0.9146,misclassified
emotion-te-03087,hi-Deva,,,joy,anger,,,,emotion,baseline,brighter-hin,medium(8-39),0.6923,misclassified
emotion-te-03091,hi-Deva,,,disgust,anger|disgust,,,,emotion,baseline,brighter-hin,medium(8-39),0.9168,misclassified
emotion-te-03092,hi-Deva,,,sadness,joy|sadness,,,,emotion,baseline,brighter-hin,medium(8-39),0.7717,misclassified
emotion-te-03093,hi-Deva,,,anger,anger|sadness,,,,emotion,baseline,brighter-hin,medium(8-39),0.897,misclassified
emotion-te-03098,hi-Deva,,,joy,sadness,,,,emotion,baseline,brighter-hin,medium(8-39),0.4193,misclassified
emotion-te-03099,hi-Deva,,,sadness,none,,,,emotion,baseline,brighter-hin,medium(8-39),0.5356,misclassified
emotion-te-03102,hi-Deva,,,sadness,none,,,,emotion,baseline,brighter-hin,medium(8-39),0.2572,misclassified
emotion-te-03106,hi-Deva,,,sadness,anger,,,,emotion,baseline,brighter-hin,medium(8-39),0.6127,misclassified
emotion-te-03107,hi-Deva,,,joy,anger,,,,emotion,baseline,brighter-hin,medium(8-39),0.5571,misclassified
emotion-te-03109,hi-Deva,,,anger,anger|disgust,,,,emotion,baseline,brighter-hin,medium(8-39),0.8113,misclassified
emotion-te-03112,hi-Deva,,,surprise,joy|surprise,,,,emotion,baseline,brighter-hin,medium(8-39),0.8411,misclassified
emotion-te-03115,hi-Deva,,,anger,none,,,,emotion,baseline,brighter-hin,medium(8-39),0.2873,misclassified
emotion-te-03117,hi-Deva,,,disgust,disgust|sadness,,,,emotion,baseline,brighter-hin,medium(8-39),0.7911,misclassified
emotion-te-03118,hi-Deva,,,none,surprise,,,,emotion,baseline,brighter-hin,medium(8-39),0.5191,misclassified
emotion-te-03120,hi-Deva,,,joy,joy|sadness,,,,emotion,baseline,brighter-hin,medium(8-39),0.6892,misclassified
emotion-te-03121,hi-Deva,,,surprise,sadness,,,,emotion,baseline,brighter-hin,medium(8-39),0.3061,misclassified
emotion-te-03124,hi-Deva,,,sadness,joy|sadness,,,,emotion,baseline,brighter-hin,medium(8-39),0.9177,misclassified
emotion-te-03129,hi-Deva,,,surprise,none,,,,emotion,baseline,brighter-hin,medium(8-39),0.1446,misclassified
emotion-te-03131,hi-Deva,,,anger,anger|fear|sadness,,,,emotion,baseline,brighter-hin,medium(8-39),0.8586,misclassified
emotion-te-03132,hi-Deva,,,fear,none,,,,emotion,baseline,brighter-hin,medium(8-39),0.2459,misclassified
emotion-te-03134,hi-Deva,,,none,sadness,,,,emotion,baseline,brighter-hin,medium(8-39),0.6577,misclassified
emotion-te-03137,hi-Deva,,,joy,fear|joy,,,,emotion,baseline,brighter-hin,medium(8-39),0.8687,misclassified
emotion-te-03143,hi-Deva,,,sadness,anger|sadness,,,,emotion,baseline,brighter-hin,medium(8-39),0.965,misclassified
emotion-te-03148,hi-Deva,,,surprise,joy|surprise,,,,emotion,baseline,brighter-hin,medium(8-39),0.932,misclassified
emotion-te-03149,hi-Deva,,,anger,anger|surprise,,,,emotion,baseline,brighter-hin,medium(8-39),0.9034,misclassified
emotion-te-03152,hi-Deva,,,surprise,none,,,,emotion,baseline,brighter-hin,medium(8-39),0.1618,misclassified
emotion-te-03154,hi-Deva,,,joy|surprise,none,,,,emotion,baseline,brighter-hin,medium(8-39),0.2708,misclassified
emotion-te-03158,hi-Deva,,,disgust,anger|disgust,,,,emotion,baseline,brighter-hin,medium(8-39),0.9726,misclassified
emotion-te-03161,hi-Deva,,,disgust,none,,,,emotion,baseline,brighter-hin,medium(8-39),0.3112,misclassified
emotion-te-03163,hi-Deva,,,anger,none,,,,emotion,baseline,brighter-hin,medium(8-39),0.1685,misclassified
emotion-te-03166,hi-Deva,,,anger,anger|disgust,,,,emotion,baseline,brighter-hin,medium(8-39),0.6296,misclassified
emotion-te-03167,hi-Deva,,,disgust,anger|disgust,,,,emotion,baseline,brighter-hin,medium(8-39),0.9817,misclassified
emotion-te-03168,hi-Deva,,,sadness,sadness|surprise,,,,emotion,baseline,brighter-hin,medium(8-39),0.8576,misclassified
emotion-te-03171,hi-Deva,,,disgust,none,,,,emotion,baseline,brighter-hin,medium(8-39),0.2179,misclassified
emotion-te-03172,hi-Deva,,,joy|surprise,surprise,,,,emotion,baseline,brighter-hin,medium(8-39),0.7049,misclassified
emotion-te-03177,hi-Deva,,,surprise,joy|surprise,,,,emotion,baseline,brighter-hin,short(<8),0.4747,misclassified
emotion-te-03179,hi-Deva,,,surprise,anger|surprise,,,,emotion,baseline,brighter-hin,medium(8-39),0.5873,misclassified
emotion-te-03180,hi-Deva,,,joy,none,,,,emotion,baseline,brighter-hin,medium(8-39),0.3962,misclassified
emotion-te-03182,hi-Deva,,,anger,anger|sadness,,,,emotion,baseline,brighter-hin,medium(8-39),0.9376,misclassified
emotion-te-03187,hi-Deva,,,joy,none,,,,emotion,baseline,brighter-hin,medium(8-39),0.186,misclassified
emotion-te-03192,hi-Deva,,,surprise,joy|surprise,,,,emotion,baseline,brighter-hin,medium(8-39),0.957,misclassified
emotion-te-03193,hi-Deva,,,anger,anger|sadness,,,,emotion,baseline,brighter-hin,medium(8-39),0.9952,misclassified
emotion-te-03194,hi-Deva,,,sadness,joy,,,,emotion,baseline,brighter-hin,medium(8-39),0.6039,misclassified
emotion-te-03197,hi-Deva,,,disgust,anger|sadness,,,,emotion,baseline,brighter-hin,medium(8-39),0.927,misclassified
emotion-te-03199,hi-Deva,,,surprise,joy|surprise,,,,emotion,baseline,brighter-hin,medium(8-39),0.9839,misclassified
emotion-te-03200,hi-Deva,,,none,joy|sadness,,,,emotion,baseline,brighter-hin,medium(8-39),0.4289,misclassified
emotion-te-03202,hi-Deva,,,fear,fear|sadness,,,,emotion,baseline,brighter-hin,medium(8-39),0.9051,misclassified
emotion-te-03204,hi-Deva,,,fear,fear|surprise,,,,emotion,baseline,brighter-hin,medium(8-39),0.8632,misclassified
emotion-te-03206,hi-Deva,,,sadness,joy|sadness,,,,emotion,baseline,brighter-hin,medium(8-39),0.85,misclassified
emotion-te-03207,hi-Deva,,,none,joy,,,,emotion,baseline,brighter-hin,medium(8-39),0.3864,misclassified
emotion-te-03208,hi-Deva,,,none,sadness,,,,emotion,baseline,brighter-hin,medium(8-39),0.5135,misclassified
emotion-te-03210,hi-Deva,,,fear,none,,,,emotion,baseline,brighter-hin,medium(8-39),0.18,misclassified
emotion-te-03215,hi-Deva,,,fear,surprise,,,,emotion,baseline,brighter-hin,medium(8-39),0.4996,misclassified
emotion-te-03220,hi-Deva,,,sadness,joy,,,,emotion,baseline,brighter-hin,medium(8-39),0.6175,misclassified
emotion-te-03223,hi-Deva,,,surprise,joy|surprise,,,,emotion,baseline,brighter-hin,medium(8-39),0.7438,misclassified
emotion-te-03224,hi-Deva,,,none,sadness,,,,emotion,baseline,brighter-hin,medium(8-39),0.3505,misclassified
emotion-te-03225,hi-Deva,,,surprise,joy|surprise,,,,emotion,baseline,brighter-hin,medium(8-39),0.8392,misclassified
emotion-te-03226,hi-Deva,,,disgust,anger|disgust,,,,emotion,baseline,brighter-hin,medium(8-39),0.9129,misclassified
emotion-te-03230,hi-Deva,,,disgust,none,,,,emotion,baseline,brighter-hin,medium(8-39),0.1,misclassified
emotion-te-03234,hi-Deva,,,anger|disgust,anger|sadness,,,,emotion,baseline,brighter-hin,medium(8-39),0.8778,misclassified
emotion-te-03237,hi-Deva,,,disgust,sadness,,,,emotion,baseline,brighter-hin,medium(8-39),0.6333,misclassified
emotion-te-03239,hi-Deva,,,sadness,anger,,,,emotion,baseline,brighter-hin,medium(8-39),0.6005,misclassified
emotion-te-03244,hi-Deva,,,none,sadness,,,,emotion,baseline,brighter-hin,medium(8-39),0.4386,misclassified
emotion-te-03248,hi-Deva,,,anger,joy,,,,emotion,baseline,brighter-hin,medium(8-39),0.4465,misclassified
emotion-te-03251,hi-Deva,,,sadness,joy|sadness,,,,emotion,baseline,brighter-hin,medium(8-39),0.879,misclassified
emotion-te-03252,hi-Deva,,,disgust,sadness,,,,emotion,baseline,brighter-hin,medium(8-39),0.8951,misclassified
emotion-te-03254,hi-Deva,,,surprise,none,,,,emotion,baseline,brighter-hin,medium(8-39),0.2378,misclassified
emotion-te-03255,hi-Deva,,,none,sadness,,,,emotion,baseline,brighter-hin,medium(8-39),0.6265,misclassified
emotion-te-03256,hi-Deva,,,sadness,joy,,,,emotion,baseline,brighter-hin,medium(8-39),0.4213,misclassified
emotion-te-03261,hi-Deva,,,disgust,disgust|joy,,,,emotion,baseline,brighter-hin,medium(8-39),0.8441,misclassified
emotion-te-03262,hi-Deva,,,anger,sadness,,,,emotion,baseline,brighter-hin,medium(8-39),0.3508,misclassified
emotion-te-03263,hi-Deva,,,anger,joy,,,,emotion,baseline,brighter-hin,medium(8-39),0.5907,misclassified
emotion-te-03264,hi-Deva,,,disgust,sadness,,,,emotion,baseline,brighter-hin,medium(8-39),0.4346,misclassified
emotion-te-03265,hi-Deva,,,none,joy,,,,emotion,baseline,brighter-hin,medium(8-39),0.5541,misclassified
emotion-te-03266,hi-Deva,,,joy,joy|sadness,,,,emotion,baseline,brighter-hin,medium(8-39),0.5789,misclassified
emotion-te-03267,hi-Deva,,,sadness,joy,,,,emotion,baseline,brighter-hin,medium(8-39),0.6129,misclassified
emotion-te-03270,hi-Deva,,,joy,joy|sadness,,,,emotion,baseline,brighter-hin,medium(8-39),0.7272,misclassified
emotion-te-03271,hi-Deva,,,none,joy|sadness,,,,emotion,baseline,brighter-hin,medium(8-39),0.5237,misclassified
emotion-te-03272,hi-Deva,,,disgust,none,,,,emotion,baseline,brighter-hin,medium(8-39),0.493,misclassified
emotion-te-03274,hi-Deva,,,fear|sadness,none,,,,emotion,baseline,brighter-hin,medium(8-39),0.375,misclassified
emotion-te-03275,hi-Deva,,,fear|surprise,sadness,,,,emotion,baseline,brighter-hin,medium(8-39),0.6206,misclassified
emotion-te-03278,hi-Deva,,,fear,sadness,,,,emotion,baseline,brighter-hin,medium(8-39),0.8748,misclassified
emotion-te-03284,hi-Deva,,,fear,none,,,,emotion,baseline,brighter-hin,medium(8-39),0.384,misclassified
emotion-te-03285,hi-Deva,,,fear,none,,,,emotion,baseline,brighter-hin,medium(8-39),0.2263,misclassified
emotion-te-03288,hi-Deva,,,anger,anger|disgust,,,,emotion,baseline,brighter-hin,medium(8-39),0.9752,misclassified
emotion-te-03292,hi-Deva,,,joy,joy|sadness,,,,emotion,baseline,brighter-hin,medium(8-39),0.7203,misclassified
emotion-te-03299,hi-Deva,,,disgust,disgust|joy,,,,emotion,baseline,brighter-hin,medium(8-39),0.9006,misclassified
emotion-te-03302,hi-Deva,,,joy,joy|sadness,,,,emotion,baseline,brighter-hin,medium(8-39),0.9933,misclassified
emotion-te-03304,hi-Deva,,,sadness,anger|disgust,,,,emotion,baseline,brighter-hin,medium(8-39),0.9726,misclassified
emotion-te-03305,hi-Deva,,,anger,sadness,,,,emotion,baseline,brighter-hin,medium(8-39),0.6927,misclassified
emotion-te-03306,hi-Deva,,,surprise,none,,,,emotion,baseline,brighter-hin,medium(8-39),0.1931,misclassified
emotion-te-03307,hi-Deva,,,surprise,none,,,,emotion,baseline,brighter-hin,short(<8),0.337,misclassified
emotion-te-03311,hi-Deva,,,fear,none,,,,emotion,baseline,brighter-hin,medium(8-39),0.2123,misclassified
emotion-te-03315,hi-Deva,,,surprise,joy|surprise,,,,emotion,baseline,brighter-hin,medium(8-39),0.9604,misclassified
emotion-te-03318,hi-Deva,,,sadness,anger,,,,emotion,baseline,brighter-hin,medium(8-39),0.8243,misclassified
emotion-te-03319,hi-Deva,,,sadness,none,,,,emotion,baseline,brighter-hin,medium(8-39),0.2042,misclassified
emotion-te-03326,hi-Deva,,,joy,joy|sadness,,,,emotion,baseline,brighter-hin,medium(8-39),0.8449,misclassified
emotion-te-03328,hi-Deva,,,anger,none,,,,emotion,baseline,brighter-hin,medium(8-39),0.2291,misclassified
emotion-te-03329,hi-Deva,,,anger,none,,,,emotion,baseline,brighter-hin,medium(8-39),0.323,misclassified
emotion-te-03330,hi-Deva,,,anger,anger|disgust,,,,emotion,baseline,brighter-hin,medium(8-39),0.977,misclassified
emotion-te-03334,hi-Deva,,,joy,joy|surprise,,,,emotion,baseline,brighter-hin,medium(8-39),0.7634,misclassified
emotion-te-03336,hi-Deva,,,fear|sadness,sadness,,,,emotion,baseline,brighter-hin,medium(8-39),0.9511,misclassified
emotion-te-03338,hi-Deva,,,anger,fear,,,,emotion,baseline,brighter-hin,medium(8-39),0.8723,misclassified
emotion-te-03339,hi-Deva,,,sadness,joy,,,,emotion,baseline,brighter-hin,medium(8-39),0.4727,misclassified
emotion-te-03342,hi-Deva,,,disgust,none,,,,emotion,baseline,brighter-hin,medium(8-39),0.4749,misclassified
emotion-te-03343,hi-Deva,,,joy,none,,,,emotion,baseline,brighter-hin,medium(8-39),0.2403,misclassified
emotion-te-03346,hi-Deva,,,disgust,disgust|sadness,,,,emotion,baseline,brighter-hin,medium(8-39),0.9488,misclassified
emotion-te-03350,hi-Deva,,,anger,anger|disgust,,,,emotion,baseline,brighter-hin,medium(8-39),0.9262,misclassified
emotion-te-03352,hi-Deva,,,surprise,joy|surprise,,,,emotion,baseline,brighter-hin,medium(8-39),0.7081,misclassified
emotion-te-03353,hi-Deva,,,joy,anger|sadness,,,,emotion,baseline,brighter-hin,medium(8-39),0.5829,misclassified
emotion-te-03355,hi-Deva,,,joy,none,,,,emotion,baseline,brighter-hin,medium(8-39),0.2959,misclassified
emotion-te-03358,hi-Deva,,,fear,anger|surprise,,,,emotion,baseline,brighter-hin,short(<8),0.8148,misclassified
emotion-te-03361,hi-Deva,,,joy,disgust,,,,emotion,baseline,brighter-hin,medium(8-39),0.7619,misclassified
emotion-te-03363,hi-Deva,,,sadness,joy|sadness,,,,emotion,baseline,brighter-hin,medium(8-39),0.9479,misclassified
emotion-te-03364,hi-Deva,,,fear,fear|joy,,,,emotion,baseline,brighter-hin,medium(8-39),0.941,misclassified
emotion-te-03366,hi-Deva,,,sadness,joy|sadness,,,,emotion,baseline,brighter-hin,medium(8-39),0.8121,misclassified
emotion-te-03367,hi-Deva,,,sadness,none,,,,emotion,baseline,brighter-hin,medium(8-39),0.2454,misclassified
emotion-te-03369,hi-Deva,,,joy|surprise,none,,,,emotion,baseline,brighter-hin,medium(8-39),0.2391,misclassified
emotion-te-03372,hi-Deva,,,anger|fear,sadness,,,,emotion,baseline,brighter-hin,medium(8-39),0.4252,misclassified
emotion-te-03375,hi-Deva,,,disgust,disgust|sadness,,,,emotion,baseline,brighter-hin,medium(8-39),0.8009,misclassified
emotion-te-03377,hi-Deva,,,surprise,joy|surprise,,,,emotion,baseline,brighter-hin,medium(8-39),0.9593,misclassified
emotion-te-03383,hi-Deva,,,sadness,anger|sadness,,,,emotion,baseline,brighter-hin,medium(8-39),0.9327,misclassified
emotion-te-03384,hi-Deva,,,none,sadness,,,,emotion,baseline,brighter-hin,medium(8-39),0.3738,misclassified
emotion-te-03386,hi-Deva,,,joy,none,,,,emotion,baseline,brighter-hin,medium(8-39),0.2204,misclassified
emotion-te-03387,hi-Deva,,,disgust|sadness,disgust,,,,emotion,baseline,brighter-hin,medium(8-39),0.7753,misclassified
emotion-te-03389,hi-Deva,,,sadness,joy,,,,emotion,baseline,brighter-hin,medium(8-39),0.3966,misclassified
emotion-te-03392,hi-Deva,,,anger,anger|joy|surprise,,,,emotion,baseline,brighter-hin,medium(8-39),0.9639,misclassified
emotion-te-03398,hi-Deva,,,anger,anger|surprise,,,,emotion,baseline,brighter-hin,medium(8-39),0.9549,misclassified
emotion-te-03401,hi-Deva,,,joy,none,,,,emotion,baseline,brighter-hin,medium(8-39),0.3076,misclassified
emotion-te-03402,hi-Deva,,,joy|surprise,joy,,,,emotion,baseline,brighter-hin,medium(8-39),0.9544,misclassified
emotion-te-03406,hi-Deva,,,fear,none,,,,emotion,baseline,brighter-hin,medium(8-39),0.162,misclassified
emotion-te-03408,hi-Deva,,,fear,none,,,,emotion,baseline,brighter-hin,medium(8-39),0.1773,misclassified
emotion-te-03410,hi-Deva,,,joy,anger,,,,emotion,baseline,brighter-hin,medium(8-39),0.6517,misclassified
emotion-te-03411,hi-Deva,,,fear,surprise,,,,emotion,baseline,brighter-hin,medium(8-39),0.6394,misclassified
emotion-te-03414,hi-Deva,,,anger|sadness,sadness,,,,emotion,baseline,brighter-hin,medium(8-39),0.7693,misclassified
emotion-te-03415,hi-Deva,,,anger|disgust,none,,,,emotion,baseline,brighter-hin,medium(8-39),0.4942,misclassified
emotion-te-03416,hi-Deva,,,surprise,joy|surprise,,,,emotion,baseline,brighter-hin,medium(8-39),0.6797,misclassified
emotion-te-03419,hi-Deva,,,joy,joy|surprise,,,,emotion,baseline,brighter-hin,medium(8-39),0.8914,misclassified
emotion-te-03422,hi-Deva,,,fear|sadness,sadness,,,,emotion,baseline,brighter-hin,medium(8-39),0.4274,misclassified
emotion-te-03424,hi-Deva,,,surprise,none,,,,emotion,baseline,brighter-hin,medium(8-39),0.3566,misclassified
emotion-te-03425,hi-Deva,,,joy|surprise,sadness|surprise,,,,emotion,baseline,brighter-hin,medium(8-39),0.9544,misclassified
emotion-te-03432,hi-Deva,,,surprise,joy|surprise,,,,emotion,baseline,brighter-hin,medium(8-39),0.9889,misclassified
emotion-te-03433,hi-Deva,,,anger,anger|sadness,,,,emotion,baseline,brighter-hin,medium(8-39),0.9171,misclassified
emotion-te-03434,hi-Deva,,,surprise,joy|surprise,,,,emotion,baseline,brighter-hin,medium(8-39),0.974,misclassified
emotion-te-03440,hi-Deva,,,sadness,none,,,,emotion,baseline,brighter-hin,medium(8-39),0.1956,misclassified
emotion-te-03441,hi-Deva,,,anger|disgust,anger|sadness,,,,emotion,baseline,brighter-hin,medium(8-39),0.7255,misclassified
emotion-te-03442,hi-Deva,,,none,anger,,,,emotion,baseline,brighter-hin,medium(8-39),0.6276,misclassified
emotion-te-03443,hi-Deva,,,fear,surprise,,,,emotion,baseline,brighter-hin,medium(8-39),0.9175,misclassified
emotion-te-03445,hi-Deva,,,sadness,joy,,,,emotion,baseline,brighter-hin,medium(8-39),0.4101,misclassified
emotion-te-03447,hi-Deva,,,none,fear,,,,emotion,baseline,brighter-hin,medium(8-39),0.9025,misclassified
emotion-te-03448,hi-Deva,,,joy,sadness,,,,emotion,baseline,brighter-hin,medium(8-39),0.5063,misclassified
emotion-te-03449,hi-Deva,,,joy,surprise,,,,emotion,baseline,brighter-hin,medium(8-39),0.5119,misclassified
emotion-te-03450,hi-Deva,,,none,disgust,,,,emotion,baseline,brighter-hin,medium(8-39),0.7193,misclassified
emotion-te-03451,hi-Deva,,,fear,fear|sadness,,,,emotion,baseline,brighter-hin,medium(8-39),0.9079,misclassified
emotion-te-03455,hi-Deva,,,none,joy,,,,emotion,baseline,brighter-hin,medium(8-39),0.3082,misclassified
emotion-te-03458,hi-Deva,,,sadness,anger|sadness,,,,emotion,baseline,brighter-hin,medium(8-39),0.6354,misclassified
emotion-te-03464,hi-Deva,,,surprise,joy|surprise,,,,emotion,baseline,brighter-hin,medium(8-39),0.7917,misclassified
emotion-te-03465,hi-Deva,,,surprise,joy|surprise,,,,emotion,baseline,brighter-hin,medium(8-39),0.7497,misclassified
emotion-te-03466,hi-Deva,,,anger|disgust,disgust,,,,emotion,baseline,brighter-hin,medium(8-39),0.8845,misclassified
emotion-te-03467,hi-Deva,,,surprise,joy|surprise,,,,emotion,baseline,brighter-hin,medium(8-39),0.9931,misclassified
emotion-te-03471,hi-Deva,,,sadness,fear,,,,emotion,baseline,brighter-hin,medium(8-39),0.4751,misclassified
emotion-te-03473,hi-Deva,,,joy,none,,,,emotion,baseline,brighter-hin,medium(8-39),0.1764,misclassified
emotion-te-03476,hi-Deva,,,fear|sadness,none,,,,emotion,baseline,brighter-hin,medium(8-39),0.3465,misclassified
emotion-te-03481,hi-Deva,,,disgust,sadness,,,,emotion,baseline,brighter-hin,medium(8-39),0.5908,misclassified
emotion-te-03482,hi-Deva,,,surprise,joy|surprise,,,,emotion,baseline,brighter-hin,medium(8-39),0.9648,misclassified
emotion-te-03484,hi-Deva,,,surprise,fear,,,,emotion,baseline,brighter-hin,medium(8-39),0.6557,misclassified
emotion-te-03485,hi-Deva,,,disgust,anger|disgust|sadness,,,,emotion,baseline,brighter-hin,medium(8-39),0.958,misclassified
emotion-te-03486,hi-Deva,,,sadness,none,,,,emotion,baseline,brighter-hin,medium(8-39),0.4142,misclassified
emotion-te-03489,hi-Deva,,,sadness,joy|sadness,,,,emotion,baseline,brighter-hin,medium(8-39),0.9308,misclassified
emotion-te-03490,hi-Deva,,,sadness,fear,,,,emotion,baseline,brighter-hin,medium(8-39),0.4534,misclassified
emotion-te-03495,hi-Deva,,,fear,anger|fear|joy,,,,emotion,baseline,brighter-hin,medium(8-39),0.6819,misclassified
emotion-te-03497,hi-Deva,,,sadness,anger|sadness,,,,emotion,baseline,brighter-hin,medium(8-39),0.876,misclassified
emotion-te-03498,hi-Deva,,,fear,fear|sadness,,,,emotion,baseline,brighter-hin,medium(8-39),0.58,misclassified
emotion-te-03500,hi-Deva,,,sadness,anger,,,,emotion,baseline,brighter-hin,medium(8-39),0.5545,misclassified
emotion-te-03501,hi-Deva,,,anger,none,,,,emotion,baseline,brighter-hin,medium(8-39),0.3926,misclassified
emotion-te-03502,hi-Deva,,,sadness,none,,,,emotion,baseline,brighter-hin,medium(8-39),0.1622,misclassified
emotion-te-03504,hi-Deva,,,surprise,anger|surprise,,,,emotion,baseline,brighter-hin,medium(8-39),0.9428,misclassified
emotion-te-03506,hi-Deva,,,sadness,sadness|surprise,,,,emotion,baseline,brighter-hin,medium(8-39),0.3916,misclassified
emotion-te-03507,hi-Deva,,,disgust,none,,,,emotion,baseline,brighter-hin,medium(8-39),0.1388,misclassified
emotion-te-03508,hi-Deva,,,joy,none,,,,emotion,baseline,brighter-hin,medium(8-39),0.4261,misclassified
emotion-te-03512,hi-Deva,,,joy,none,,,,emotion,baseline,brighter-hin,medium(8-39),0.1571,misclassified
emotion-te-03513,hi-Deva,,,joy|surprise,surprise,,,,emotion,baseline,brighter-hin,medium(8-39),0.6332,misclassified
emotion-te-03518,hi-Deva,,,none,sadness,,,,emotion,baseline,brighter-hin,medium(8-39),0.6027,misclassified
emotion-te-03519,hi-Deva,,,none,anger,,,,emotion,baseline,brighter-hin,medium(8-39),0.604,misclassified
emotion-te-03522,hi-Deva,,,sadness,none,,,,emotion,baseline,brighter-hin,medium(8-39),0.1132,misclassified
emotion-te-03527,hi-Deva,,,joy,none,,,,emotion,baseline,brighter-hin,medium(8-39),0.2424,misclassified
emotion-te-03532,hi-Deva,,,none,anger,,,,emotion,baseline,brighter-hin,medium(8-39),0.7046,misclassified
emotion-te-03533,hi-Deva,,,joy|surprise,joy,,,,emotion,baseline,brighter-hin,medium(8-39),0.7236,misclassified
emotion-te-03535,hi-Deva,,,anger,sadness,,,,emotion,baseline,brighter-hin,medium(8-39),0.6544,misclassified
emotion-te-03537,hi-Deva,,,joy,sadness,,,,emotion,baseline,brighter-hin,medium(8-39),0.7389,misclassified
emotion-te-03538,hi-Deva,,,surprise,joy|surprise,,,,emotion,baseline,brighter-hin,medium(8-39),0.9324,misclassified
emotion-te-03539,hi-Deva,,,sadness,none,,,,emotion,baseline,brighter-hin,medium(8-39),0.2174,misclassified
emotion-te-03540,hi-Deva,,,anger,surprise,,,,emotion,baseline,brighter-hin,medium(8-39),0.3887,misclassified
emotion-te-03542,hi-Deva,,,anger,none,,,,emotion,baseline,brighter-hin,medium(8-39),0.1441,misclassified
emotion-te-03543,hi-Deva,,,anger,none,,,,emotion,baseline,brighter-hin,medium(8-39),0.4747,misclassified
emotion-te-03544,hi-Deva,,,sadness,none,,,,emotion,baseline,brighter-hin,medium(8-39),0.4677,misclassified
emotion-te-03546,hi-Deva,,,joy|surprise,joy,,,,emotion,baseline,brighter-hin,medium(8-39),0.5663,misclassified
emotion-te-03549,hi-Deva,,,surprise,anger,,,,emotion,baseline,brighter-hin,medium(8-39),0.7397,misclassified
emotion-te-03551,hi-Deva,,,none,anger,,,,emotion,baseline,brighter-hin,medium(8-39),0.5666,misclassified
emotion-te-03552,hi-Deva,,,joy,joy|sadness,,,,emotion,baseline,brighter-hin,medium(8-39),0.4638,misclassified
emotion-te-03554,hi-Deva,,,joy,disgust|joy,,,,emotion,baseline,brighter-hin,medium(8-39),0.6147,misclassified
emotion-te-03558,hi-Deva,,,disgust,disgust|sadness,,,,emotion,baseline,brighter-hin,medium(8-39),0.7681,misclassified
emotion-te-03562,hi-Deva,,,disgust,anger|disgust|sadness,,,,emotion,baseline,brighter-hin,medium(8-39),0.9803,misclassified
emotion-te-03564,hi-Deva,,,fear|surprise,surprise,,,,emotion,baseline,brighter-hin,medium(8-39),0.8968,misclassified
emotion-te-03567,hi-Deva,,,joy,joy|surprise,,,,emotion,baseline,brighter-hin,medium(8-39),0.9866,misclassified
emotion-te-03570,hi-Deva,,,surprise,fear|surprise,,,,emotion,baseline,brighter-hin,medium(8-39),0.7057,misclassified
emotion-te-03573,hi-Deva,,,disgust,anger|disgust,,,,emotion,baseline,brighter-hin,medium(8-39),0.9626,misclassified
emotion-te-03576,hi-Deva,,,fear,none,,,,emotion,baseline,brighter-hin,medium(8-39),0.2631,misclassified
emotion-te-03578,hi-Deva,,,fear,none,,,,emotion,baseline,brighter-hin,medium(8-39),0.2215,misclassified
emotion-te-03582,hi-Deva,,,anger,anger|sadness,,,,emotion,baseline,brighter-hin,medium(8-39),0.6384,misclassified
emotion-te-03584,hi-Deva,,,none,sadness,,,,emotion,baseline,brighter-hin,medium(8-39),0.628,misclassified
emotion-te-03585,hi-Deva,,,surprise,anger|joy|surprise,,,,emotion,baseline,brighter-hin,medium(8-39),0.6818,misclassified
emotion-te-03586,hi-Deva,,,joy,none,,,,emotion,baseline,brighter-hin,medium(8-39),0.2318,misclassified
emotion-te-03588,hi-Deva,,,surprise,none,,,,emotion,baseline,brighter-hin,medium(8-39),0.2789,misclassified
emotion-te-03591,hi-Deva,,,fear,anger,,,,emotion,baseline,brighter-hin,medium(8-39),0.5587,misclassified
emotion-te-03593,hi-Deva,,,joy,none,,,,emotion,baseline,brighter-hin,medium(8-39),0.1648,misclassified
emotion-te-03594,hi-Deva,,,joy,none,,,,emotion,baseline,brighter-hin,medium(8-39),0.3601,misclassified
emotion-te-03595,hi-Deva,,,none,anger,,,,emotion,baseline,brighter-hin,medium(8-39),0.6324,misclassified
emotion-te-03597,hi-Deva,,,disgust,anger|disgust,,,,emotion,baseline,brighter-hin,medium(8-39),0.9963,misclassified
emotion-te-03601,hi-Deva,,,disgust,anger|disgust,,,,emotion,baseline,brighter-hin,medium(8-39),0.5824,misclassified
emotion-te-03602,hi-Deva,,,anger|disgust,anger,,,,emotion,baseline,brighter-hin,medium(8-39),0.5758,misclassified
emotion-te-03604,hi-Deva,,,none,joy,,,,emotion,baseline,brighter-hin,medium(8-39),0.3177,misclassified
emotion-te-03605,hi-Deva,,,anger,anger|joy|sadness,,,,emotion,baseline,brighter-hin,medium(8-39),0.9007,misclassified
emotion-te-03606,hi-Deva,,,sadness,joy|sadness,,,,emotion,baseline,brighter-hin,medium(8-39),0.3386,misclassified
emotion-te-03610,hi-Deva,,,sadness,none,,,,emotion,baseline,brighter-hin,medium(8-39),0.3579,misclassified
emotion-te-03611,hi-Deva,,,disgust,none,,,,emotion,baseline,brighter-hin,medium(8-39),0.374,misclassified
emotion-te-03612,hi-Deva,,,disgust,anger|disgust|sadness,,,,emotion,baseline,brighter-hin,medium(8-39),0.73,misclassified
emotion-te-03625,hi-Deva,,,fear,none,,,,emotion,baseline,brighter-hin,medium(8-39),0.3176,misclassified
emotion-te-03628,hi-Deva,,,sadness,anger|disgust,,,,emotion,baseline,brighter-hin,medium(8-39),0.8908,misclassified
emotion-te-03632,hi-Deva,,,sadness,anger|sadness,,,,emotion,baseline,brighter-hin,medium(8-39),0.8676,misclassified
emotion-te-03635,hi-Deva,,,disgust,sadness,,,,emotion,baseline,brighter-hin,medium(8-39),0.456,misclassified
emotion-te-03636,hi-Deva,,,anger,disgust,,,,emotion,baseline,brighter-hin,medium(8-39),0.9585,misclassified
emotion-te-03637,hi-Deva,,,fear,none,,,,emotion,baseline,brighter-hin,medium(8-39),0.2993,misclassified
emotion-te-03638,hi-Deva,,,sadness,joy,,,,emotion,baseline,brighter-hin,medium(8-39),0.7387,misclassified
emotion-te-03640,hi-Deva,,,anger,none,,,,emotion,baseline,brighter-hin,medium(8-39),0.5419,misclassified
emotion-te-03641,hi-Deva,,,surprise,none,,,,emotion,baseline,brighter-hin,medium(8-39),0.2954,misclassified
emotion-te-03644,hi-Deva,,,sadness,joy|sadness,,,,emotion,baseline,brighter-hin,medium(8-39),0.3849,misclassified
emotion-te-03649,hi-Deva,,,none,fear,,,,emotion,baseline,brighter-hin,medium(8-39),0.4976,misclassified
emotion-te-03653,hi-Deva,,,disgust,disgust|surprise,,,,emotion,baseline,brighter-hin,medium(8-39),0.5529,misclassified
emotion-te-03654,hi-Deva,,,none,sadness,,,,emotion,baseline,brighter-hin,medium(8-39),0.4144,misclassified
emotion-te-03657,hi-Deva,,,anger,anger|joy,,,,emotion,baseline,brighter-hin,medium(8-39),0.8889,misclassified
emotion-te-03658,hi-Deva,,,disgust|surprise,sadness|surprise,,,,emotion,baseline,brighter-hin,medium(8-39),0.8333,misclassified
emotion-te-03660,hi-Deva,,,disgust,anger|disgust|sadness,,,,emotion,baseline,brighter-hin,medium(8-39),0.8253,misclassified
emotion-te-03661,hi-Deva,,,sadness,anger|sadness,,,,emotion,baseline,brighter-hin,medium(8-39),0.5651,misclassified
emotion-te-03664,hi-Deva,,,anger|sadness,sadness,,,,emotion,baseline,brighter-hin,medium(8-39),0.6574,misclassified
emotion-te-03665,hi-Deva,,,joy,joy|sadness,,,,emotion,baseline,brighter-hin,medium(8-39),0.5248,misclassified
emotion-te-03668,hi-Deva,,,sadness,none,,,,emotion,baseline,brighter-hin,medium(8-39),0.1546,misclassified
emotion-te-03669,hi-Deva,,,surprise,anger|surprise,,,,emotion,baseline,brighter-hin,medium(8-39),0.7273,misclassified
emotion-te-03674,hi-Deva,,,anger,anger|sadness,,,,emotion,baseline,brighter-hin,medium(8-39),0.9006,misclassified
emotion-te-03675,hi-Deva,,,anger,anger|disgust,,,,emotion,baseline,brighter-hin,medium(8-39),0.9335,misclassified
emotion-te-03677,hi-Deva,,,anger,anger|sadness,,,,emotion,baseline,brighter-hin,medium(8-39),0.6871,misclassified
emotion-te-03678,hi-Deva,,,joy,joy|surprise,,,,emotion,baseline,brighter-hin,medium(8-39),0.6351,misclassified
emotion-te-03688,hi-Deva,,,joy,none,,,,emotion,baseline,brighter-hin,medium(8-39),0.3058,misclassified
emotion-te-03692,hi-Deva,,,anger|sadness,anger,,,,emotion,baseline,brighter-hin,medium(8-39),0.6814,misclassified
emotion-te-03693,hi-Deva,,,anger,anger|joy|surprise,,,,emotion,baseline,brighter-hin,medium(8-39),0.597,misclassified
emotion-te-03697,hi-Deva,,,disgust,disgust|sadness,,,,emotion,baseline,brighter-hin,medium(8-39),0.7443,misclassified
emotion-te-03698,hi-Deva,,,sadness,joy|sadness,,,,emotion,baseline,brighter-hin,medium(8-39),0.7504,misclassified
emotion-te-03704,hi-Deva,,,joy,surprise,,,,emotion,baseline,brighter-hin,medium(8-39),0.4503,misclassified
emotion-te-03705,hi-Deva,,,disgust,disgust|sadness,,,,emotion,baseline,brighter-hin,medium(8-39),0.7143,misclassified
emotion-te-03706,hi-Deva,,,sadness,joy,,,,emotion,baseline,brighter-hin,medium(8-39),0.7639,misclassified
emotion-te-03707,hi-Deva,,,fear,fear|sadness,,,,emotion,baseline,brighter-hin,medium(8-39),0.9939,misclassified
emotion-te-03710,hi-Deva,,,anger|disgust,disgust,,,,emotion,baseline,brighter-hin,medium(8-39),0.7366,misclassified
emotion-te-03712,hi-Deva,,,anger,anger|sadness,,,,emotion,baseline,brighter-hin,medium(8-39),0.6793,misclassified
emotion-te-03713,hi-Deva,,,joy,none,,,,emotion,baseline,brighter-hin,medium(8-39),0.1159,misclassified
emotion-te-03716,hi-Deva,,,surprise,sadness|surprise,,,,emotion,baseline,brighter-hin,medium(8-39),0.6195,misclassified
emotion-te-03717,hi-Deva,,,anger|disgust,anger,,,,emotion,baseline,brighter-hin,medium(8-39),0.9866,misclassified
emotion-te-03718,hi-Deva,,,fear,joy,,,,emotion,baseline,brighter-hin,medium(8-39),0.3415,misclassified
emotion-te-03719,hi-Deva,,,sadness,surprise,,,,emotion,baseline,brighter-hin,medium(8-39),0.6463,misclassified
emotion-te-03722,hi-Deva,,,fear,none,,,,emotion,baseline,brighter-hin,medium(8-39),0.3544,misclassified
emotion-te-03728,hi-Deva,,,sadness|surprise,fear|surprise,,,,emotion,baseline,brighter-hin,medium(8-39),0.4469,misclassified
emotion-te-03731,hi-Deva,,,joy,joy|surprise,,,,emotion,baseline,brighter-hin,medium(8-39),0.8283,misclassified
emotion-te-03733,hi-Deva,,,surprise,none,,,,emotion,baseline,brighter-hin,medium(8-39),0.3344,misclassified
emotion-te-03735,hi-Deva,,,sadness,none,,,,emotion,baseline,brighter-hin,medium(8-39),0.5094,misclassified
emotion-te-03736,hi-Deva,,,fear,sadness,,,,emotion,baseline,brighter-hin,medium(8-39),0.4935,misclassified
emotion-te-03737,hi-Deva,,,joy,none,,,,emotion,baseline,brighter-hin,medium(8-39),0.2886,misclassified
emotion-te-03738,hi-Deva,,,joy,sadness,,,,emotion,baseline,brighter-hin,medium(8-39),0.3072,misclassified
emotion-te-03740,hi-Deva,,,fear,fear|sadness,,,,emotion,baseline,brighter-hin,medium(8-39),0.4691,misclassified
emotion-te-03746,hi-Deva,,,disgust,sadness,,,,emotion,baseline,brighter-hin,medium(8-39),0.5265,misclassified
emotion-te-03749,hi-Deva,,,joy,joy|surprise,,,,emotion,baseline,brighter-hin,medium(8-39),0.8821,misclassified
emotion-te-03752,hi-Deva,,,joy|surprise,sadness|surprise,,,,emotion,baseline,brighter-hin,medium(8-39),0.7438,misclassified
emotion-te-03754,hi-Deva,,,sadness,disgust|sadness,,,,emotion,baseline,brighter-hin,medium(8-39),0.6531,misclassified
emotion-te-03758,hi-Deva,,,surprise,sadness|surprise,,,,emotion,baseline,brighter-hin,medium(8-39),0.518,misclassified
emotion-te-03760,hi-Deva,,,none,fear,,,,emotion,baseline,brighter-hin,medium(8-39),0.4538,misclassified
emotion-te-03761,hi-Deva,,,surprise,none,,,,emotion,baseline,brighter-hin,medium(8-39),0.3371,misclassified
emotion-te-03762,hi-Deva,,,surprise,sadness|surprise,,,,emotion,baseline,brighter-hin,medium(8-39),0.6531,misclassified
emotion-te-03767,hi-Deva,,,fear,none,,,,emotion,baseline,brighter-hin,medium(8-39),0.3676,misclassified
emotion-te-03768,hi-Deva,,,disgust,sadness,,,,emotion,baseline,brighter-hin,medium(8-39),0.5278,misclassified
risk-te-00005,en-Latn,,,,,non_stress,stress,0.7787,risk,baseline,dreaddit,long(40+),0.7787,false_positive
risk-te-00013,en-Latn,,,,,stress,non_stress,0.4812,risk,baseline,dreaddit,long(40+),0.5188,false_negative
risk-te-00020,en-Latn,,,,,non_stress,stress,0.5161,risk,baseline,dreaddit,long(40+),0.5161,false_positive
risk-te-00022,en-Latn,,,,,non_stress,stress,0.5438,risk,baseline,dreaddit,long(40+),0.5438,false_positive
risk-te-00023,en-Latn,,,,,non_stress,stress,0.6506,risk,baseline,dreaddit,long(40+),0.6506,false_positive
risk-te-00027,en-Latn,,,,,non_stress,stress,0.6965,risk,baseline,dreaddit,long(40+),0.6965,false_positive
risk-te-00034,en-Latn,,,,,stress,non_stress,0.3777,risk,baseline,dreaddit,long(40+),0.6223,false_negative
risk-te-00041,en-Latn,,,,,non_stress,stress,0.5605,risk,baseline,dreaddit,long(40+),0.5605,false_positive
risk-te-00048,en-Latn,,,,,non_stress,stress,0.7885,risk,baseline,dreaddit,long(40+),0.7885,false_positive
risk-te-00049,en-Latn,,,,,non_stress,stress,0.6264,risk,baseline,dreaddit,long(40+),0.6264,false_positive
risk-te-00050,en-Latn,,,,,stress,non_stress,0.4122,risk,baseline,dreaddit,long(40+),0.5878,false_negative
risk-te-00051,en-Latn,,,,,non_stress,stress,0.9053,risk,baseline,dreaddit,long(40+),0.9053,false_positive
risk-te-00054,en-Latn,,,,,stress,non_stress,0.311,risk,baseline,dreaddit,long(40+),0.689,false_negative
risk-te-00057,en-Latn,,,,,non_stress,stress,0.8185,risk,baseline,dreaddit,long(40+),0.8185,false_positive
risk-te-00061,en-Latn,,,,,non_stress,stress,0.9314,risk,baseline,dreaddit,long(40+),0.9314,false_positive
risk-te-00062,en-Latn,,,,,non_stress,stress,0.5128,risk,baseline,dreaddit,long(40+),0.5128,false_positive
risk-te-00066,en-Latn,,,,,non_stress,stress,0.5577,risk,baseline,dreaddit,long(40+),0.5577,false_positive
risk-te-00067,en-Latn,,,,,stress,non_stress,0.3257,risk,baseline,dreaddit,long(40+),0.6743,false_negative
risk-te-00080,en-Latn,,,,,non_stress,stress,0.6314,risk,baseline,dreaddit,long(40+),0.6314,false_positive
risk-te-00082,en-Latn,,,,,non_stress,stress,0.6365,risk,baseline,dreaddit,long(40+),0.6365,false_positive
risk-te-00084,en-Latn,,,,,non_stress,stress,0.5308,risk,baseline,dreaddit,long(40+),0.5308,false_positive
risk-te-00087,en-Latn,,,,,non_stress,stress,0.5153,risk,baseline,dreaddit,long(40+),0.5153,false_positive
risk-te-00090,en-Latn,,,,,non_stress,stress,0.7834,risk,baseline,dreaddit,long(40+),0.7834,false_positive
risk-te-00091,en-Latn,,,,,stress,non_stress,0.2216,risk,baseline,dreaddit,long(40+),0.7784,false_negative
risk-te-00096,en-Latn,,,,,non_stress,stress,0.558,risk,baseline,dreaddit,long(40+),0.558,false_positive
risk-te-00102,en-Latn,,,,,non_stress,stress,0.6918,risk,baseline,dreaddit,long(40+),0.6918,false_positive
risk-te-00105,en-Latn,,,,,non_stress,stress,0.5086,risk,baseline,dreaddit,long(40+),0.5086,false_positive
risk-te-00106,en-Latn,,,,,stress,non_stress,0.3852,risk,baseline,dreaddit,long(40+),0.6148,false_negative
risk-te-00128,en-Latn,,,,,non_stress,stress,0.8329,risk,baseline,dreaddit,long(40+),0.8329,false_positive
risk-te-00130,en-Latn,,,,,non_stress,stress,0.5327,risk,baseline,dreaddit,long(40+),0.5327,false_positive
risk-te-00140,en-Latn,,,,,stress,non_stress,0.4659,risk,baseline,dreaddit,long(40+),0.5341,false_negative
risk-te-00147,en-Latn,,,,,non_stress,stress,0.5309,risk,baseline,dreaddit,long(40+),0.5309,false_positive
risk-te-00149,en-Latn,,,,,non_stress,stress,0.6152,risk,baseline,dreaddit,long(40+),0.6152,false_positive
risk-te-00151,en-Latn,,,,,non_stress,stress,0.836,risk,baseline,dreaddit,long(40+),0.836,false_positive
risk-te-00160,en-Latn,,,,,stress,non_stress,0.4983,risk,baseline,dreaddit,long(40+),0.5017,false_negative
risk-te-00166,en-Latn,,,,,non_stress,stress,0.5042,risk,baseline,dreaddit,long(40+),0.5042,false_positive
risk-te-00168,en-Latn,,,,,non_stress,stress,0.7267,risk,baseline,dreaddit,long(40+),0.7267,false_positive
risk-te-00169,en-Latn,,,,,stress,non_stress,0.2937,risk,baseline,dreaddit,long(40+),0.7063,false_negative
risk-te-00171,en-Latn,,,,,non_stress,stress,0.8759,risk,baseline,dreaddit,long(40+),0.8759,false_positive
risk-te-00172,en-Latn,,,,,non_stress,stress,0.6556,risk,baseline,dreaddit,long(40+),0.6556,false_positive
risk-te-00173,en-Latn,,,,,non_stress,stress,0.5424,risk,baseline,dreaddit,long(40+),0.5424,false_positive
risk-te-00174,en-Latn,,,,,stress,non_stress,0.2228,risk,baseline,dreaddit,long(40+),0.7772,false_negative
risk-te-00175,en-Latn,,,,,stress,non_stress,0.0767,risk,baseline,dreaddit,long(40+),0.9233,false_negative
risk-te-00176,en-Latn,,,,,stress,non_stress,0.0234,risk,baseline,dreaddit,long(40+),0.9766,false_negative
risk-te-00179,en-Latn,,,,,non_stress,stress,0.7315,risk,baseline,dreaddit,long(40+),0.7315,false_positive
risk-te-00184,en-Latn,,,,,stress,non_stress,0.2795,risk,baseline,dreaddit,long(40+),0.7205,false_negative
risk-te-00195,en-Latn,,,,,non_stress,stress,0.7082,risk,baseline,dreaddit,long(40+),0.7082,false_positive
risk-te-00196,en-Latn,,,,,stress,non_stress,0.2681,risk,baseline,dreaddit,long(40+),0.7319,false_negative
risk-te-00198,en-Latn,,,,,non_stress,stress,0.8815,risk,baseline,dreaddit,long(40+),0.8815,false_positive
risk-te-00199,en-Latn,,,,,non_stress,stress,0.5364,risk,baseline,dreaddit,long(40+),0.5364,false_positive
risk-te-00200,en-Latn,,,,,non_stress,stress,0.5212,risk,baseline,dreaddit,long(40+),0.5212,false_positive
risk-te-00201,en-Latn,,,,,stress,non_stress,0.3654,risk,baseline,dreaddit,long(40+),0.6346,false_negative
risk-te-00205,en-Latn,,,,,non_stress,stress,0.5004,risk,baseline,dreaddit,medium(8-39),0.5004,false_positive
risk-te-00208,en-Latn,,,,,stress,non_stress,0.2845,risk,baseline,dreaddit,long(40+),0.7155,false_negative
risk-te-00212,en-Latn,,,,,stress,non_stress,0.4381,risk,baseline,dreaddit,long(40+),0.5619,false_negative
risk-te-00217,en-Latn,,,,,non_stress,stress,0.845,risk,baseline,dreaddit,long(40+),0.845,false_positive
risk-te-00218,en-Latn,,,,,non_stress,stress,0.7155,risk,baseline,dreaddit,long(40+),0.7155,false_positive
risk-te-00226,en-Latn,,,,,stress,non_stress,0.3632,risk,baseline,dreaddit,long(40+),0.6368,false_negative
risk-te-00227,en-Latn,,,,,non_stress,stress,0.5596,risk,baseline,dreaddit,long(40+),0.5596,false_positive
risk-te-00238,en-Latn,,,,,non_stress,stress,0.5263,risk,baseline,dreaddit,long(40+),0.5263,false_positive
risk-te-00240,en-Latn,,,,,stress,non_stress,0.2594,risk,baseline,dreaddit,long(40+),0.7406,false_negative
risk-te-00242,en-Latn,,,,,non_stress,stress,0.9095,risk,baseline,dreaddit,long(40+),0.9095,false_positive
risk-te-00243,en-Latn,,,,,non_stress,stress,0.7463,risk,baseline,dreaddit,long(40+),0.7463,false_positive
risk-te-00247,en-Latn,,,,,non_stress,stress,0.5117,risk,baseline,dreaddit,long(40+),0.5117,false_positive
risk-te-00248,en-Latn,,,,,non_stress,stress,0.5742,risk,baseline,dreaddit,long(40+),0.5742,false_positive
risk-te-00250,en-Latn,,,,,stress,non_stress,0.3846,risk,baseline,dreaddit,long(40+),0.6154,false_negative
risk-te-00255,en-Latn,,,,,non_stress,stress,0.7024,risk,baseline,dreaddit,long(40+),0.7024,false_positive
risk-te-00257,en-Latn,,,,,non_stress,stress,0.6807,risk,baseline,dreaddit,long(40+),0.6807,false_positive
risk-te-00263,en-Latn,,,,,stress,non_stress,0.4361,risk,baseline,dreaddit,long(40+),0.5639,false_negative
risk-te-00270,en-Latn,,,,,non_stress,stress,0.8514,risk,baseline,dreaddit,long(40+),0.8514,false_positive
risk-te-00272,en-Latn,,,,,stress,non_stress,0.2687,risk,baseline,dreaddit,medium(8-39),0.7313,false_negative
risk-te-00273,en-Latn,,,,,stress,non_stress,0.4739,risk,baseline,dreaddit,long(40+),0.5261,false_negative
risk-te-00277,en-Latn,,,,,non_stress,stress,0.8371,risk,baseline,dreaddit,long(40+),0.8371,false_positive
risk-te-00281,en-Latn,,,,,stress,non_stress,0.4977,risk,baseline,dreaddit,long(40+),0.5023,false_negative
risk-te-00286,en-Latn,,,,,stress,non_stress,0.2292,risk,baseline,dreaddit,medium(8-39),0.7708,false_negative
risk-te-00289,en-Latn,,,,,non_stress,stress,0.5831,risk,baseline,dreaddit,long(40+),0.5831,false_positive
risk-te-00291,en-Latn,,,,,non_stress,stress,0.6058,risk,baseline,dreaddit,long(40+),0.6058,false_positive
risk-te-00292,en-Latn,,,,,stress,non_stress,0.1653,risk,baseline,dreaddit,long(40+),0.8347,false_negative
risk-te-00293,en-Latn,,,,,non_stress,stress,0.7573,risk,baseline,dreaddit,long(40+),0.7573,false_positive
risk-te-00294,en-Latn,,,,,non_stress,stress,0.5737,risk,baseline,dreaddit,long(40+),0.5737,false_positive
risk-te-00318,en-Latn,,,,,non_stress,stress,0.8174,risk,baseline,dreaddit,long(40+),0.8174,false_positive
risk-te-00320,en-Latn,,,,,stress,non_stress,0.4884,risk,baseline,dreaddit,long(40+),0.5116,false_negative
risk-te-00321,en-Latn,,,,,stress,non_stress,0.4982,risk,baseline,dreaddit,long(40+),0.5018,false_negative
risk-te-00325,en-Latn,,,,,stress,non_stress,0.123,risk,baseline,dreaddit,long(40+),0.877,false_negative
risk-te-00333,en-Latn,,,,,stress,non_stress,0.231,risk,baseline,dreaddit,long(40+),0.769,false_negative
risk-te-00336,en-Latn,,,,,stress,non_stress,0.3723,risk,baseline,dreaddit,long(40+),0.6277,false_negative
risk-te-00345,en-Latn,,,,,stress,non_stress,0.4672,risk,baseline,dreaddit,long(40+),0.5328,false_negative
risk-te-00349,en-Latn,,,,,stress,non_stress,0.4859,risk,baseline,dreaddit,long(40+),0.5141,false_negative
risk-te-00350,en-Latn,,,,,non_stress,stress,0.6583,risk,baseline,dreaddit,long(40+),0.6583,false_positive
risk-te-00357,en-Latn,,,,,non_stress,stress,0.7188,risk,baseline,dreaddit,long(40+),0.7188,false_positive
risk-te-00362,en-Latn,,,,,non_stress,stress,0.62,risk,baseline,dreaddit,long(40+),0.62,false_positive
risk-te-00370,en-Latn,,,,,non_stress,stress,0.6455,risk,baseline,dreaddit,long(40+),0.6455,false_positive
risk-te-00374,en-Latn,,,,,stress,non_stress,0.4864,risk,baseline,dreaddit,long(40+),0.5136,false_negative
risk-te-00380,en-Latn,,,,,stress,non_stress,0.3926,risk,baseline,dreaddit,long(40+),0.6074,false_negative
risk-te-00390,en-Latn,,,,,stress,non_stress,0.3645,risk,baseline,dreaddit,long(40+),0.6355,false_negative
risk-te-00393,en-Latn,,,,,non_stress,stress,0.6217,risk,baseline,dreaddit,long(40+),0.6217,false_positive
risk-te-00402,en-Latn,,,,,non_stress,stress,0.8936,risk,baseline,dreaddit,long(40+),0.8936,false_positive
risk-te-00407,en-Latn,,,,,non_stress,stress,0.556,risk,baseline,dreaddit,long(40+),0.556,false_positive
risk-te-00408,en-Latn,,,,,non_stress,stress,0.5894,risk,baseline,dreaddit,long(40+),0.5894,false_positive
risk-te-00413,en-Latn,,,,,non_stress,stress,0.7381,risk,baseline,dreaddit,long(40+),0.7381,false_positive
risk-te-00421,en-Latn,,,,,stress,non_stress,0.3376,risk,baseline,dreaddit,long(40+),0.6624,false_negative
risk-te-00423,en-Latn,,,,,stress,non_stress,0.2408,risk,baseline,dreaddit,long(40+),0.7592,false_negative
risk-te-00424,en-Latn,,,,,stress,non_stress,0.2357,risk,baseline,dreaddit,long(40+),0.7643,false_negative
risk-te-00425,en-Latn,,,,,non_stress,stress,0.6373,risk,baseline,dreaddit,long(40+),0.6373,false_positive
risk-te-00426,en-Latn,,,,,non_stress,stress,0.7097,risk,baseline,dreaddit,long(40+),0.7097,false_positive
risk-te-00427,en-Latn,,,,,non_stress,stress,0.6749,risk,baseline,dreaddit,medium(8-39),0.6749,false_positive
risk-te-00434,en-Latn,,,,,non_stress,stress,0.6657,risk,baseline,dreaddit,long(40+),0.6657,false_positive
risk-te-00448,en-Latn,,,,,non_stress,stress,0.6811,risk,baseline,dreaddit,long(40+),0.6811,false_positive
risk-te-00451,en-Latn,,,,,stress,non_stress,0.492,risk,baseline,dreaddit,long(40+),0.508,false_negative
risk-te-00452,en-Latn,,,,,stress,non_stress,0.3311,risk,baseline,dreaddit,long(40+),0.6689,false_negative
risk-te-00457,en-Latn,,,,,non_stress,stress,0.6126,risk,baseline,dreaddit,long(40+),0.6126,false_positive
risk-te-00465,en-Latn,,,,,non_stress,stress,0.7306,risk,baseline,dreaddit,long(40+),0.7306,false_positive
risk-te-00469,en-Latn,,,,,stress,non_stress,0.4924,risk,baseline,dreaddit,long(40+),0.5076,false_negative
risk-te-00476,en-Latn,,,,,stress,non_stress,0.4017,risk,baseline,dreaddit,long(40+),0.5983,false_negative
risk-te-00478,en-Latn,,,,,stress,non_stress,0.4374,risk,baseline,dreaddit,long(40+),0.5626,false_negative
risk-te-00481,en-Latn,,,,,non_stress,stress,0.7794,risk,baseline,dreaddit,long(40+),0.7794,false_positive
risk-te-00484,en-Latn,,,,,stress,non_stress,0.3837,risk,baseline,dreaddit,long(40+),0.6163,false_negative
risk-te-00490,en-Latn,,,,,non_stress,stress,0.5118,risk,baseline,dreaddit,long(40+),0.5118,false_positive
risk-te-00494,en-Latn,,,,,stress,non_stress,0.4128,risk,baseline,dreaddit,long(40+),0.5872,false_negative
risk-te-00495,en-Latn,,,,,non_stress,stress,0.6706,risk,baseline,dreaddit,long(40+),0.6706,false_positive
risk-te-00502,en-Latn,,,,,non_stress,stress,0.7625,risk,baseline,dreaddit,long(40+),0.7625,false_positive
risk-te-00505,en-Latn,,,,,non_stress,stress,0.601,risk,baseline,dreaddit,long(40+),0.601,false_positive
risk-te-00508,en-Latn,,,,,stress,non_stress,0.2227,risk,baseline,dreaddit,long(40+),0.7773,false_negative
risk-te-00511,en-Latn,,,,,stress,non_stress,0.3126,risk,baseline,dreaddit,long(40+),0.6874,false_negative
risk-te-00515,en-Latn,,,,,stress,non_stress,0.4777,risk,baseline,dreaddit,long(40+),0.5223,false_negative
risk-te-00516,en-Latn,,,,,non_stress,stress,0.6206,risk,baseline,dreaddit,long(40+),0.6206,false_positive
risk-te-00517,en-Latn,,,,,stress,non_stress,0.1281,risk,baseline,dreaddit,long(40+),0.8719,false_negative
risk-te-00520,en-Latn,,,,,stress,non_stress,0.3955,risk,baseline,dreaddit,long(40+),0.6045,false_negative
risk-te-00527,en-Latn,,,,,non_stress,stress,0.7956,risk,baseline,dreaddit,long(40+),0.7956,false_positive
risk-te-00528,en-Latn,,,,,stress,non_stress,0.4456,risk,baseline,dreaddit,long(40+),0.5544,false_negative
risk-te-00529,en-Latn,,,,,non_stress,stress,0.7257,risk,baseline,dreaddit,long(40+),0.7257,false_positive
risk-te-00533,en-Latn,,,,,stress,non_stress,0.3806,risk,baseline,dreaddit,long(40+),0.6194,false_negative
risk-te-00534,en-Latn,,,,,stress,non_stress,0.4069,risk,baseline,dreaddit,long(40+),0.5931,false_negative
risk-te-00536,en-Latn,,,,,non_stress,stress,0.669,risk,baseline,dreaddit,long(40+),0.669,false_positive
risk-te-00541,en-Latn,,,,,non_stress,stress,0.5487,risk,baseline,dreaddit,long(40+),0.5487,false_positive
risk-te-00543,en-Latn,,,,,non_stress,stress,0.7709,risk,baseline,dreaddit,long(40+),0.7709,false_positive
risk-te-00546,en-Latn,,,,,non_stress,stress,0.6368,risk,baseline,dreaddit,long(40+),0.6368,false_positive
risk-te-00550,en-Latn,,,,,non_stress,stress,0.8072,risk,baseline,dreaddit,long(40+),0.8072,false_positive
risk-te-00553,en-Latn,,,,,stress,non_stress,0.386,risk,baseline,dreaddit,long(40+),0.614,false_negative
risk-te-00554,en-Latn,,,,,non_stress,stress,0.7032,risk,baseline,dreaddit,long(40+),0.7032,false_positive
risk-te-00559,en-Latn,,,,,stress,non_stress,0.2721,risk,baseline,dreaddit,long(40+),0.7279,false_negative
risk-te-00562,en-Latn,,,,,non_stress,stress,0.5785,risk,baseline,dreaddit,long(40+),0.5785,false_positive
risk-te-00564,en-Latn,,,,,stress,non_stress,0.185,risk,baseline,dreaddit,long(40+),0.815,false_negative
risk-te-00565,en-Latn,,,,,non_stress,stress,0.525,risk,baseline,dreaddit,long(40+),0.525,false_positive
risk-te-00566,en-Latn,,,,,stress,non_stress,0.3239,risk,baseline,dreaddit,long(40+),0.6761,false_negative
risk-te-00567,en-Latn,,,,,stress,non_stress,0.1261,risk,baseline,dreaddit,long(40+),0.8739,false_negative
risk-te-00575,en-Latn,,,,,non_stress,stress,0.56,risk,baseline,dreaddit,long(40+),0.56,false_positive
risk-te-00578,en-Latn,,,,,non_stress,stress,0.6032,risk,baseline,dreaddit,long(40+),0.6032,false_positive
risk-te-00579,en-Latn,,,,,non_stress,stress,0.5782,risk,baseline,dreaddit,long(40+),0.5782,false_positive
risk-te-00581,en-Latn,,,,,stress,non_stress,0.485,risk,baseline,dreaddit,long(40+),0.515,false_negative
risk-te-00587,en-Latn,,,,,non_stress,stress,0.5438,risk,baseline,dreaddit,long(40+),0.5438,false_positive
risk-te-00590,en-Latn,,,,,non_stress,stress,0.6795,risk,baseline,dreaddit,long(40+),0.6795,false_positive
risk-te-00595,en-Latn,,,,,stress,non_stress,0.2529,risk,baseline,dreaddit,long(40+),0.7471,false_negative
risk-te-00598,en-Latn,,,,,non_stress,stress,0.6648,risk,baseline,dreaddit,long(40+),0.6648,false_positive
risk-te-00599,en-Latn,,,,,non_stress,stress,0.7868,risk,baseline,dreaddit,long(40+),0.7868,false_positive
risk-te-00605,en-Latn,,,,,non_stress,stress,0.8252,risk,baseline,dreaddit,long(40+),0.8252,false_positive
risk-te-00608,en-Latn,,,,,stress,non_stress,0.2593,risk,baseline,dreaddit,long(40+),0.7407,false_negative
risk-te-00614,en-Latn,,,,,stress,non_stress,0.4973,risk,baseline,dreaddit,long(40+),0.5027,false_negative
risk-te-00616,en-Latn,,,,,stress,non_stress,0.2926,risk,baseline,dreaddit,long(40+),0.7074,false_negative
risk-te-00623,en-Latn,,,,,non_stress,stress,0.5371,risk,baseline,dreaddit,long(40+),0.5371,false_positive
risk-te-00627,en-Latn,,,,,stress,non_stress,0.3403,risk,baseline,dreaddit,long(40+),0.6597,false_negative
risk-te-00632,en-Latn,,,,,non_stress,stress,0.8525,risk,baseline,dreaddit,long(40+),0.8525,false_positive
risk-te-00634,en-Latn,,,,,non_stress,stress,0.9134,risk,baseline,dreaddit,long(40+),0.9134,false_positive
risk-te-00638,en-Latn,,,,,non_stress,stress,0.5085,risk,baseline,dreaddit,long(40+),0.5085,false_positive
risk-te-00650,en-Latn,,,,,non_stress,stress,0.5647,risk,baseline,dreaddit,long(40+),0.5647,false_positive
risk-te-00655,en-Latn,,,,,non_stress,stress,0.8888,risk,baseline,dreaddit,long(40+),0.8888,false_positive
risk-te-00657,en-Latn,,,,,non_stress,stress,0.5099,risk,baseline,dreaddit,long(40+),0.5099,false_positive
risk-te-00658,en-Latn,,,,,stress,non_stress,0.4847,risk,baseline,dreaddit,long(40+),0.5153,false_negative
risk-te-00660,en-Latn,,,,,non_stress,stress,0.5377,risk,baseline,dreaddit,long(40+),0.5377,false_positive
risk-te-00662,en-Latn,,,,,stress,non_stress,0.3541,risk,baseline,dreaddit,long(40+),0.6459,false_negative
risk-te-00663,en-Latn,,,,,non_stress,stress,0.5674,risk,baseline,dreaddit,long(40+),0.5674,false_positive
risk-te-00664,en-Latn,,,,,stress,non_stress,0.3385,risk,baseline,dreaddit,long(40+),0.6615,false_negative
risk-te-00670,en-Latn,,,,,stress,non_stress,0.4025,risk,baseline,dreaddit,medium(8-39),0.5975,false_negative
risk-te-00672,en-Latn,,,,,non_stress,stress,0.7156,risk,baseline,dreaddit,long(40+),0.7156,false_positive
risk-te-00681,en-Latn,,,,,stress,non_stress,0.3116,risk,baseline,dreaddit,long(40+),0.6884,false_negative
risk-te-00683,en-Latn,,,,,stress,non_stress,0.3476,risk,baseline,dreaddit,long(40+),0.6524,false_negative
risk-te-00684,en-Latn,,,,,stress,non_stress,0.3208,risk,baseline,dreaddit,long(40+),0.6792,false_negative
risk-te-00685,en-Latn,,,,,non_stress,stress,0.7511,risk,baseline,dreaddit,long(40+),0.7511,false_positive
risk-te-00689,en-Latn,,,,,stress,non_stress,0.3413,risk,baseline,dreaddit,long(40+),0.6587,false_negative
risk-te-00694,en-Latn,,,,,non_stress,stress,0.5951,risk,baseline,dreaddit,long(40+),0.5951,false_positive
risk-te-00700,en-Latn,,,,,stress,non_stress,0.2664,risk,baseline,dreaddit,long(40+),0.7336,false_negative
risk-te-00702,en-Latn,,,,,non_stress,stress,0.5713,risk,baseline,dreaddit,long(40+),0.5713,false_positive
risk-te-00703,en-Latn,,,,,non_stress,stress,0.5493,risk,baseline,dreaddit,long(40+),0.5493,false_positive
risk-te-00706,en-Latn,,,,,non_stress,stress,0.6416,risk,baseline,dreaddit,long(40+),0.6416,false_positive
risk-te-00712,en-Latn,,,,,stress,non_stress,0.358,risk,baseline,dreaddit,long(40+),0.642,false_negative
